$MeshFormat
2.2 0 8
$EndMeshFormat
$PhysicalNames
1
3 1 "HEMI_VOL"
$EndPhysicalNames
$Nodes
3804
1 0.05 -1.306192567301911e-17 -1.049732674916759e-15
2 3.061515884555943e-18 -7.498303609110688e-34 0.05
3 0 -0.05 0
4 -0.05 0 0
5 0 0.05 0
6 0.04977285290422716 -1.219043038287663e-17 0.004760579142726911
7 0.04909347544903315 -1.202403639322178e-17 0.009477904216396148
8 0.0479680403790532 -1.174839340571938e-17 0.01410911415339469
9 0.04640677326659239 -1.13660058805327e-17 0.01861213031823833
10 0.04442385960326358 -1.088034814629396e-17 0.02294603882916454
11 0.04203731591225853 -1.029583283275806e-17 0.0270714622969092
12 0.03926882605231108 -9.617770778161169e-18 0.03095091760309111
13 0.03614354420067581 -8.852322775561506e-18 0.03454915646747102
14 0.03268986630519559 -8.006443596589311e-18 0.03783348570973125
15 0.02893917208201809 -7.087818801199701e-18 0.0407740642959142
16 0.02492553990314043 -6.104794907567795e-18 0.0433441744705901
17 0.02068543716427997 -5.066303556594158e-18 0.04552046451127916
18 0.01625738894635307 -3.981780360053131e-18 0.04728316089948933
19 0.01177665973863958 -2.884354468548442e-18 0.04859331523368524
20 0.008222347827827129 -2.013827878658945e-18 0.04931929638790711
21 0.005629259761541084 -1.37872545425997e-18 0.04968210376521001
22 0.003747140073278756 -9.177543084799226e-19 0.04985939170578828
23 0.00238299756490091 -5.836467918241814e-19 0.04994318094200325
24 0.001191837425959952 -2.919063369107729e-19 0.04998579321717403
25 0.004900857016478005 -0.04975923633360985 0
26 0.009754516100806417 -0.04903926402016152 0
27 0.0145142338627231 -0.04784701678661045 0
28 0.0191341716182545 -0.04619397662556433 0
29 0.02356983684129988 -0.04409606321741776 0
30 0.0277785116509801 -0.04157348061512728 0
31 0.03171966420818228 -0.03865052266813684 0
32 0.03535533905932737 -0.03535533905932738 0
33 0.03865052266813684 -0.0317196642081823 0
34 0.04157348061512726 -0.02777851165098011 0
35 0.04409606321741774 -0.0235698368412999 0
36 0.04619397662556433 -0.01913417161825452 0
37 0.04784701678661044 -0.01451423386272313 0
38 0.04903926402016152 -0.009754516100806437 0
39 0.04975923633360985 -0.004900857016478025 0
40 -0.04975923633360985 -0.00490085701647803 0
41 -0.04903926402016152 -0.009754516100806418 0
42 -0.04784701678661045 -0.01451423386272311 0
43 -0.04619397662556435 -0.01913417161825448 0
44 -0.04409606321741776 -0.02356983684129988 0
45 -0.04157348061512728 -0.0277785116509801 0
46 -0.03865052266813686 -0.03171966420818226 0
47 -0.03535533905932738 -0.03535533905932738 0
48 -0.0317196642081823 -0.03865052266813684 0
49 -0.02777851165098011 -0.04157348061512726 0
50 -0.02356983684129989 -0.04409606321741775 0
51 -0.01913417161825452 -0.04619397662556433 0
52 -0.01451423386272312 -0.04784701678661044 0
53 -0.009754516100806434 -0.04903926402016152 0
54 -0.004900857016478023 -0.04975923633360985 0
55 -0.004900857016478011 0.04975923633360985 0
56 -0.009754516100806389 0.04903926402016153 0
57 -0.01451423386272308 0.04784701678661046 0
58 -0.01913417161825445 0.04619397662556435 0
59 -0.02356983684129983 0.04409606321741778 0
60 -0.02777851165098004 0.04157348061512731 0
61 -0.0317196642081822 0.03865052266813691 0
62 -0.0353553390593273 0.03535533905932746 0
63 -0.03865052266813678 0.03171966420818236 0
64 -0.04157348061512722 0.02777851165098018 0
65 -0.04409606321741773 0.02356983684129993 0
66 -0.04619397662556432 0.01913417161825454 0
67 -0.04784701678661044 0.01451423386272316 0
68 -0.04903926402016152 0.00975451610080643 0
69 -0.04975923633360985 0.004900857016478042 0
70 0.04975923633360985 0.004900857016478018 0
71 0.04903926402016153 0.009754516100806392 0
72 0.04784701678661046 0.01451423386272309 0
73 0.04619397662556435 0.01913417161825445 0
74 0.04409606321741778 0.02356983684129983 0
75 0.04157348061512731 0.02777851165098005 0
76 0.0386505226681369 0.03171966420818222 0
77 0.03535533905932744 0.03535533905932731 0
78 0.03171966420818235 0.03865052266813679 0
79 0.02777851165098018 0.04157348061512722 0
80 0.02356983684129994 0.04409606321741772 0
81 0.01913417161825454 0.04619397662556432 0
82 0.01451423386272317 0.04784701678661044 0
83 0.009754516100806437 0.04903926402016152 0
84 0.004900857016478039 0.04975923633360985 0
85 0.001951546740886835 -0.001139701460621641 0.04994889934621974
86 0.001787163524829825 0.001032210369356564 0.04995738772482916
87 0.01903002675921193 -0.00415214943366934 0.04605016543536145
88 0.0192046543976377 0.004169143079167189 0.04597607525064235
89 0.01023999171157288 -0.002703313524236787 0.04886547519196552
90 0.009991443774769865 0.002704315765615776 0.04891684502843018
91 0.02264705001084363 -0.003960824927898093 0.04440070936028939
92 0.02246320342985491 0.00391522740830658 0.04449803912545136
93 -0.04973103719159091 0.002454198600511972 0.004560794785763431
94 -0.04000078607873468 -0.02970994577020747 0.004154062519346248
95 -0.03959329524654914 0.03017550378102897 0.00467011167754003
96 -0.0218524181473003 -0.04479305023506373 0.004006803183910939
97 -0.02173021892159414 0.04478880432499321 0.00466482505106696
98 0.00204597285398054 0.0497535290160178 0.004516674167244049
99 0.002654568585768012 -0.04975663774319206 0.004150935571194595
100 0.02042180165684798 0.007551532966904117 0.04501026957193349
101 0.02042180165686755 -0.007551532966914907 0.0450102695719228
102 0.02109579405175691 0.04509811631144977 0.004596452815466111
103 0.02115501002225882 -0.04518879857173114 0.003230794732204263
104 0.03359059446787178 -0.0367343796799995 0.004717765659782387
105 0.03322301671254551 0.03709890586954108 0.004461204299385137
106 0.03762034163104336 0.004125906429602503 0.03267547691614846
107 0.03753245216689503 -0.003947826502816368 0.03279831855817303
108 0.04282742646228222 -0.02547641233109656 0.004094381193020462
109 0.04282861980005474 0.02548749958505929 0.004012068160433246
110 -0.04695234411594574 -0.01672602925485417 0.003964508466831527
111 -0.04714146346165841 0.0160014153148313 0.00465157291842314
112 0.04492221277080943 0.004305776534591362 0.02152800706540876
113 0.04548675758819132 -0.003199053400206962 0.02051148316079908
114 0.03074436555623229 0.004125906429609589 0.03921429436670848
115 0.03073505491315685 -0.00415507033099508 0.03921851335823068
116 0.004687172122891996 -0.001410351023365211 0.04975983648969595
117 0.004687172122892044 0.001410351023365203 0.04975983648969595
118 0.01210508930639944 0.0483262254336686 0.004247675625366906
119 -0.03345656063869845 -0.03691362623762069 0.004247675625366879
120 -0.006210694917674998 0.0494416317025349 0.004117319908685998
121 -0.03343601238097459 0.03693006123046631 0.004266573985450462
122 0.01205317374581282 -0.04835433359162604 0.004071784076175324
123 -0.006869499485449205 -0.0492930474303459 0.004796399884192711
124 -0.0492852449108243 -0.007423371496920589 0.003982234259655638
125 0.04720457468161014 0.01605796494638085 0.003724230243834867
126 0.04691312650101172 -0.01677275668365799 0.004222936789827493
127 0.01707407223801226 -0.007681905424298826 0.04636231644626126
128 0.01855985524824823 -0.01054277968841164 0.04521483793629794
129 0.01548263324192464 -0.01059952267782996 0.04634585404217101
130 0.02164649265612193 -0.01058422849157161 0.04381099705469693
131 0.01977475660306136 -0.01339264657176614 0.04392716720997886
132 0.0228581867068123 -0.0135521785154316 0.04235376911164323
133 0.02080720477212626 -0.0162806707446029 0.04244997043198779
134 0.0237854442007982 -0.01633302588093348 0.04083484920681688
135 0.02174068162812837 -0.019147851889304 0.04075171812782424
136 0.02482616808087268 -0.01926322788169553 0.03889202270386727
137 0.02254985555462948 -0.02195991395896972 0.03884927532631713
138 0.01948656189141735 -0.02187549581879347 0.04051834878587614
139 0.02023761332362681 -0.02461579559575939 0.03852923064572086
140 0.01712947437896889 -0.02445481778019997 0.04010664527029734
141 0.01785395393116198 -0.02716812796862836 0.03798853974166656
142 0.01466495377286746 -0.0268966024822682 0.03951597026204096
143 0.01535879119666828 -0.02955149325442126 0.03729365602097815
144 0.01216077977613285 -0.02926511399316695 0.03867387410388753
145 0.01146973585278935 -0.02675400640762689 0.04065302326528616
146 0.008980537235052552 -0.02877103609438948 0.03989457899295558
147 0.008304148209342126 -0.02633687115151795 0.04168225450315304
148 0.005917215774485643 -0.02812106434278669 0.04091689501547044
149 0.005295287171451623 -0.02568002312409494 0.04257342300212433
150 0.00300149489850764 -0.02744267790297575 0.04168801335981075
151 0.002357346703758826 -0.02494894812674971 0.04326653330100564
152 0.0001965089871493811 -0.02670596366622664 0.04226999986841912
153 -0.0005120002263696585 -0.02440844228787896 0.0436344565778867
154 -0.002527479156460981 -0.02592044396170688 0.04268187477069943
155 -0.003097362173588364 -0.02363589405409202 0.04395168779272716
156 -0.005199131507891794 -0.02507862077564501 0.04294219150852729
157 -0.005623596948187638 -0.02239282554128751 0.04435015807910719
158 -0.007825385900213273 -0.02417719362617246 0.0430607320406343
159 -0.00847044111442587 -0.0218170277300256 0.0441844874175806
160 -0.01041085743407339 -0.02321620091710727 0.04304209639950065
161 -0.01097874470221427 -0.0207578253451386 0.04414272138987722
162 -0.01298114918389192 -0.02222841604525133 0.04286475575557098
163 -0.01353101814379182 -0.01973658607111765 0.04390192157810113
164 -0.0154767157919321 -0.02111228055858502 0.04259979903604421
165 -0.01603021208810701 -0.01862107214397303 0.04354638874372087
166 -0.0179649780243941 -0.01993535500934793 0.04218816404199528
167 -0.01847569168035857 -0.01738483268344489 0.04308615101747841
168 -0.0205960887339301 -0.01873690764911379 0.04152986179380638
169 -0.02093779066589866 -0.01613626526581574 0.04244089849781971
170 -0.01904688886485021 -0.01482620741821039 0.04378812165601818
171 -0.02133158706588842 -0.01349638738591421 0.04316029333519129
172 -0.0232325543537589 -0.01478682619690877 0.04173245965938326
173 -0.02357458933060047 -0.01209729038099198 0.04240158373612356
174 -0.02166971091535552 -0.01092764872010253 0.04371510176466439
175 -0.02379604082420474 -0.00941763396067697 0.04295412217326162
176 -0.02580701793707973 -0.01070156633790439 0.04146654438352293
177 -0.02599124668365456 -0.007932696551403365 0.04197055421665014
178 -0.02426723074926642 -0.006652010504219478 0.04320708585421623
179 -0.007498782599777841 -0.02665442205123833 0.04163304030017181
180 -0.01772836084310948 -0.0225894034234208 0.04093194442963158
181 -0.02794767062394875 -0.009221322458663762 0.04042146606456297
182 -0.02813402741864251 -0.006366998699182609 0.04084039457169432
183 0.003496122330035675 -0.02986593590935937 0.03994750306228745
184 -0.03018703847797895 -0.007685085271154773 0.03911115150828595
185 -0.03023292434427446 -0.004746821716212348 0.03954033344811184
186 0.01278836343601918 -0.03183571276771649 0.03637231300315861
187 -0.03220464389350493 -0.006088080358647855 0.03775971648780194
188 -0.03204065283237914 -0.009111977343247594 0.03728764453503462
189 -0.03225638149077779 -0.003051184113768819 0.0380817033314595
190 -0.008933513072981694 -0.019239744343131 0.04527719715028553
191 -0.001205074243425166 -0.02208828057469986 0.04484033516066947
192 -0.03019471456188334 -0.00170801694457192 0.03981660320322975
193 -0.03214590961743031 -1.422018387202134e-05 0.03829673997423766
194 -0.03014503778704895 0.001310938553444962 0.03986926305973667
195 -0.03197545706293947 0.003012284878341455 0.03832096404616969
196 -0.02995660813085245 0.004353668449415093 0.03979506502478809
197 -0.03168581554914176 0.006023085533436616 0.03820643314472935
198 -0.02943082263279344 0.007306253792227807 0.0397548152389193
199 -0.03119461867419731 0.008976862300565344 0.03803040505974278
200 -0.028887947819362 0.01025982098479587 0.03949965245601234
201 -0.03065804518183982 0.01192897528974323 0.03765347014771632
202 -0.02830339401203382 0.01323108195388302 0.03903660279441847
203 -0.02995028048348279 0.01482838031022241 0.03719005023304107
204 -0.02751415047528523 0.0160963915797355 0.0385211331834252
205 -0.02918334232542914 0.01772440591774586 0.03652640093931774
206 -0.02666513917361594 0.01897582811333449 0.03780063888699339
207 -0.02500619253909659 0.01735555356314215 0.03966705301902997
208 -0.02412094785271957 0.02010789606496012 0.03890825607152221
209 -0.0224023474806484 0.0184461623915122 0.04071699792939366
210 -0.02155781310299461 0.02116169517908319 0.03984273272961986
211 -0.01982089190684198 0.01948761097727976 0.04156158397385129
212 -0.01890178293649325 0.02207102134137915 0.04068897416708953
213 -0.01721884973582592 0.02042342140317608 0.04226576714036239
214 -0.0162689394899974 0.02291522005928441 0.04135473730427233
215 -0.01464465278266915 0.02137874667397186 0.04276076864984069
216 -0.01364018906983337 0.02370677204616395 0.04185611306954359
217 -0.0119588668360667 0.02210836483198265 0.0432227452674304
218 -0.01098539326914327 0.02443561683483828 0.04221636844428036
219 -0.009257340145509028 0.02278268650183728 0.04353447885514824
220 -0.008285823661462344 0.02510728199167195 0.04243783120332395
221 -0.00650567729285023 0.02335744163972131 0.0437276352322911
222 -0.005519214585637469 0.02572498683980512 0.04251780006596697
223 -0.01300793825510956 0.01978571861701301 0.04403769840897277
224 -0.01802608892068455 0.02460053473019335 0.03962163309622819
225 -0.007339214871548058 0.02761588258972148 0.04103046372952621
226 -0.004301731876120881 0.02823184518001806 0.04104214931746944
227 -0.006266300325016348 0.02999120606780049 0.03951279588735056
228 -0.003105959675492235 0.03065903390379425 0.03937482259744431
229 -0.02835615714321073 0.02065368827754197 0.03562798777090372
230 -0.03346549406227662 0.007733179724712811 0.03633536347022029
231 -0.005129068044778188 0.03252411344796136 0.03762811057462459
232 -0.001908162584170182 0.03298047744330732 0.03753194670096224
233 8.666029657553934e-05 0.0309337596979982 0.03928224791097755
234 0.001305638793942912 0.03355636311373167 0.0370441061697963
235 -0.03411327547318945 -0.004374151505352563 0.03629257823713429
236 0.003405603283249382 0.03128743159626771 0.03885226493251057
237 0.004688320166890437 0.03359701420593866 0.03673227859061678
238 0.02559923615852579 -0.02200332265132641 0.03688540226704396
239 0.006783782406864646 0.03126818355333336 0.03842240223530235
240 0.008124203083912616 0.03361992588530068 0.03610675709224291
241 0.01020256183409356 0.03122225091204502 0.03769719856974524
242 0.01154881292031827 0.03345778205501424 0.03531574351603909
243 0.01368104875770031 0.03096958870149125 0.03679284550765124
244 0.01507847702916238 0.03316219686788361 0.03424774780006348
245 0.01721538999720467 0.03060470313434212 0.03559469754475988
246 -0.03086985881161507 0.01930180779893453 0.03427086273562342
247 -0.003940339362351682 0.03482613895006539 0.03565969393503315
248 -0.02986430218964207 0.02224172724606622 0.03336808391018783
249 0.01605947954105004 -0.03215302661629209 0.03476026461755732
250 0.01337254377620563 -0.03432527218041886 0.03380755481683979
251 0.006058984667207969 0.03600866751829305 0.03415647183711406
252 -0.02748284467197198 0.00562088942824374 0.04138959834030428
253 -0.03244836654232709 0.02082114227675565 0.03183682683663507
254 0.01849241061509059 0.03275161128691735 0.03294484341674055
255 0.02070986363939853 0.02999599688799809 0.03422486988627901
256 0.01665545965515551 -0.03451559614879907 0.03211338173049505
257 -0.03136578257143833 0.02392427743934898 0.0307215987976914
258 0.005401956045659999 0.02896489986400885 0.04039620584595413
259 0.01386124124916834 -0.03677434747667271 0.03091137911348005
260 -0.00724847029816241 0.03418979658071942 0.03575636290376419
261 -0.00601292767101338 0.03650053580367622 0.0336386026295343
262 -0.00940628672773349 0.03579368558306657 0.03362043786711049
263 -0.008114520089877605 0.03816076782987794 0.03127155836131494
264 -0.0116868075577027 0.0373183346022145 0.03115702860714391
265 0.01591240902351151 0.03567921837376575 0.03120558628363849
266 0.02195583032204591 0.03211366150413558 0.03141105314482993
267 -0.03402837112713816 0.02236210211316641 0.02901734563177805
268 0.02411825402256248 0.02914707471992417 0.03269186226225582
269 0.01723168517939596 -0.0368548476017388 0.02906525819824751
270 -0.03277336526416087 0.02545934856886766 0.02788777688720975
271 -0.0299640615066509 0.02697654143771992 0.02957061430008889
272 0.02546673167379274 0.03120820337566367 0.02962251879766906
273 -0.01022112520478831 0.03959954314407718 0.02876464465847634
274 -0.01379357288836831 0.03866380185790966 0.02854553858075851
275 -0.006488715566451814 0.0403195539435672 0.02884839926390129
276 0.02753504852905655 0.02808945974372604 0.03086751291905609
277 -0.02063067248692755 0.0169682738028719 0.04226645285433711
278 0.01430846524680586 -0.03899263963206134 0.02783598169285841
279 0.0108497859598448 -0.03879652501870533 0.02961607318836389
280 0.02877276976541991 0.03019268043217956 0.02757770418918913
281 0.03088128905263015 0.02681577319269734 0.0287621329968019
282 -0.03541218944598046 0.02376669595855959 0.02609829499901051
283 -0.03659295383529998 0.02051454700694449 0.0272049460706591
284 -0.03133859497222286 0.02853521997857845 0.02652609443436983
285 0.02967689771009643 0.0247026708174318 0.03176570157874806
286 0.01574665005917563 0.02853855946552637 0.0379156120291692
287 0.01125011991940574 -0.04092229473103663 0.02643483678302484
288 0.007724026360780869 -0.0406396281676605 0.02808487206971499
289 -0.01234719529727688 0.04095446581291018 0.02588973731558655
290 -0.01599474162071403 0.03984358309286196 0.02562532198449034
291 0.02598924225193331 0.03369716436496156 0.02624996001770458
292 0.01769618216645561 -0.0389281487285856 0.02591224369476211
293 0.02063238145330944 -0.0366236992528966 0.02707414797548604
294 0.02108666702612822 -0.0386676931500595 0.02366774134094841
295 0.0240584719828396 -0.03610612917107015 0.02485029903508043
296 0.007457002245306527 -0.02383252121163465 0.04331747973059465
297 -0.03798861289425685 0.0218956551882939 0.02403009725834752
298 -0.03906506629025622 0.01844280663078004 0.02517505668946038
299 0.03209544697642211 0.02888576126153062 0.02520902774256743
300 0.03411902604540309 0.02529939068597831 0.0263786446321895
301 0.008086266681919516 -0.04267694626839707 0.02476470367989951
302 0.004547498626677526 -0.0421901065235007 0.02644456783114501
303 -0.003693663077546401 0.02390152230967222 0.04376155943690549
304 -0.004742696168183725 0.02171040909497391 0.04479023297533927
305 -0.002083768648386443 0.0220503132653604 0.04482679548126849
306 -0.003045042296714856 0.01990587180560907 0.04576553271917498
307 -0.0005577551375526758 0.0202593594546221 0.04570828440988513
308 -0.001453631684958015 0.01823735686970659 0.04653263123155032
309 0.0009326521932627104 0.01851204958367517 0.0464374221947984
310 8.151867303076927e-05 0.01652052157416524 0.04719179718577677
311 -0.002133573289884246 0.01610589046336006 0.04728687087764362
312 0.002367986659307282 0.01684372068692595 0.04701788715587044
313 -0.0007377494251083827 0.01459393091042273 0.0478170775598798
314 -0.002827681203706883 0.01424159025378793 0.04784538980981778
315 -0.001493604036368248 0.01268631145315482 0.04834073487956195
316 -0.003476583597769553 0.01246129221353472 0.04829730388807039
317 0.0004851886192925803 0.01306452941634285 0.04826057048080992
318 -0.002231757815983624 0.01098562297766104 0.04872715202885843
319 -0.004086233778737411 0.0105865884459714 0.04869524451710999
320 -0.002912629019223563 0.00929125211438306 0.04904272857767347
321 -0.004671902857806122 0.008894354874207427 0.04898023861782307
322 -0.005854686060241502 0.0102102884640905 0.04859498596168204
323 -0.006445275060786262 0.008507479282780714 0.04884753039452316
324 -0.001107384627390095 0.009521495740555379 0.04907254648120073
325 -0.005290359732308771 0.007251944856777685 0.04918761418992612
326 -0.00703240756992327 0.00687970330396556 0.04902259607793014
327 -0.008113567073850032 0.008141005750721202 0.04866101164900768
328 -0.008697633154490491 0.00642654803862986 0.04881649985217182
329 -0.009925338973719451 0.007677445550645251 0.04839983962859426
330 -0.01047347154401864 0.005906333220287804 0.04853268611675596
331 -0.00928540401170002 0.0046419518599226 0.0489104646805739
332 -0.01096488677346667 0.004126556062773806 0.04860805275986522
333 -0.009774667671330881 0.002852117092847279 0.04895223488262541
334 -0.01144240163317542 0.002357380820900105 0.04861598708789483
335 -0.01028106113806278 0.001074495117128194 0.04891978374971299
336 -0.01197384153985839 0.000590107024490455 0.04854151720412135
337 -0.0132073515026607 0.001891879986519767 0.04818699675640487
338 -0.01067256164817731 -0.0007229974637509125 0.0488423351461953
339 -0.00862123121862929 0.001520784352111003 0.04922765063690635
340 -0.01173740940867363 0.007237474896462466 0.04806092152150493
341 -0.01246745064478309 -0.00119472502348576 0.04840594288450701
342 -0.01108621115085322 -0.002520568286754249 0.0486902727229013
343 -0.01291185362215911 -0.003020314786108379 0.04820956061439216
344 -0.01151306163483033 -0.004368377997335326 0.04845994929284383
345 -0.009798133967672108 -0.003879547319385048 0.0488768419944272
346 -0.01015853760164296 -0.005651548202978361 0.04862986856557828
347 -0.00842107472908863 -0.005138081417387931 0.04901719718379865
348 -0.008822846202609582 -0.006903474526744425 0.04872883565553038
349 -0.007110613227279418 -0.006397974223206632 0.0490765229551893
350 -0.007499327477786619 -0.008135975614957151 0.0487602911001743
351 -0.005795676788856993 -0.007632653498573591 0.04907293277489962
352 -0.006176065406214024 -0.009361598675114068 0.04872593443274607
353 -0.004463050128005591 -0.008853765650844397 0.04900706089284316
354 -0.009221727446699119 -0.008668207712176114 0.04837170575819471
355 -0.004839917891014473 -0.01059188823359587 0.04862496373731554
356 -0.003123205553662262 -0.01010400285434553 0.048868749865215
357 -0.005430317502503436 -0.005926799392034197 0.04934961702778035
358 -0.002807600354075917 -0.008409261428512069 0.04920774026998936
359 -0.00142422931562434 -0.009512306572842015 0.04906615528570363
360 -0.001774513504328517 -0.01130815594544382 0.04867213485082075
361 -3.396386595830378e-05 -0.01065921302594355 0.04885058877970014
362 -0.0003495301156671402 -0.0125170853419288 0.04840661528387533
363 0.001481904863343018 -0.01191659524990797 0.04853657090922134
364 0.001800408935458987 -0.01003298326263339 0.04894995173150672
365 0.003288588171454369 -0.01114532502633714 0.04863092552991227
366 0.002933979683438975 -0.01315630699733474 0.04814876269863067
367 0.003668966694368065 -0.009372260211908203 0.04897651908737391
368 0.00515741306025565 -0.01037056508117589 0.04864002950680643
369 0.01681527969548869 0.007618755706801109 0.04646720273744237
370 0.003258955176548959 0.01882109559325122 0.04620763542778342
371 0.004800633405694476 0.01701805770022906 0.04676900288669628
372 0.01846593985832109 0.0106952348135785 0.04521748574867124
373 0.0217779443749976 0.01066703584548315 0.04372568450088218
374 0.005709847541280588 0.01911775738271195 0.04584658104713038
375 -0.01119818415195008 0.009115836491693518 0.04786963752479982
376 -0.01309368171082693 0.00862189967353497 0.04747860934436743
377 -0.01338820211255017 -0.004921756999320365 0.04792214886911008
378 -0.01473209304307284 -0.003485901460325284 0.04765305788277545
379 -0.01445252541199847 0.04206175328913805 0.02284586219557542
380 -0.01816803082453369 0.04078672423143441 0.02250257279574305
381 -0.01500721975842472 0.03623222860705674 0.03101626936445334
382 0.02778161554077003 -0.01907150678572644 0.03693859048294663
383 0.02857630482586747 -0.02190008639271553 0.03469554753121356
384 0.004898246428208061 -0.04413335869491546 0.02298377323753602
385 0.001280397746204445 -0.04355921276931846 0.02451439504717093
386 0.0009076332823634816 -0.04149437406880362 0.02788177043272081
387 -0.002298567771773095 -0.04266603846899288 0.02596778287726902
388 -0.00262485212124125 -0.04048330893972728 0.02922690282312194
389 -0.005779855206401691 -0.04151340289171229 0.02726225695248663
390 -0.006083376239389899 -0.03925708290282465 0.03036237763237225
391 -0.009154762063007775 -0.04015852288784317 0.02834578224421211
392 -0.008876231574031331 -0.04231116415374383 0.02511927349664224
393 -0.01228161710459951 -0.04078648332883858 0.02618443543333294
394 -0.01250784491331381 -0.0385416623167784 0.02929324293218342
395 -0.01556226302815622 -0.03905344110382538 0.02706741043011917
396 -0.01579410063797589 -0.03676461642483351 0.02998181722598468
397 -0.01871130188620064 -0.03712638741067215 0.02777622255736278
398 -0.01883827174238157 -0.03476713269264187 0.03060009807324841
399 -0.02172278309761283 -0.03502213394220681 0.02831202621905032
400 -0.0215826701920958 -0.03736060667943743 0.02526605263834451
401 -0.02459190851683111 -0.03505693513275129 0.02581180610879211
402 -0.02466680937783304 -0.03269844889959637 0.02867681911715685
403 -0.0274478837510243 -0.03258048718429712 0.02617490272043256
404 -0.02745599733924502 -0.03010365276458061 0.02898168905251951
405 -0.0301321373142604 -0.02993692455081028 0.02637868172054184
406 -0.03012046258867575 -0.02744704835605484 0.02897269870040711
407 -0.03263965429459719 -0.02713993024939426 0.02642114974006994
408 -0.03256020799449185 -0.02457542909328223 0.02891160909109846
409 -0.03493861523084733 -0.02417209493457022 0.02636290940364754
410 -0.03289314243824169 -0.0293562231561778 0.02358502369178871
411 -0.02440099736495219 -0.03733805927101328 0.02259337640703345
412 -0.01196131295338892 -0.04282267407742202 0.02287237585582178
413 -0.03479705729247622 -0.02158406835915523 0.02869307925008122
414 -0.03710334562382706 -0.02111687747990288 0.02602727855573081
415 -0.03206761695836679 -0.02189055287601173 0.03150351785743938
416 -0.03685011853460487 -0.01843292188665276 0.02832483282750542
417 -0.03903142561497416 -0.01793237318726194 0.02559253419135176
418 -0.03857174673273946 -0.01508484997391382 0.02801191987797186
419 -0.04099222265337513 -0.01485545516919315 0.02447351902878317
420 -0.03901002094134533 -0.02073622382275904 0.02341425394344734
421 -0.04023400620228668 -0.01171213195363359 0.02727729293780877
422 -0.04226741470531745 -0.0112102279482766 0.02424451367786933
423 -0.04160592005057277 -0.008223299385189665 0.02648253696243784
424 -0.04357201406699027 -0.007699634516680443 0.02328508575151796
425 -0.04269282274686748 -0.004696542626343629 0.02559815175483365
426 -0.04458446418244007 -0.004118447216321932 0.0222545264180366
427 -0.04360426143087528 -0.001096624072314991 0.02444311356419027
428 -0.03418081065111264 0.001725131167463708 0.03645128400602412
429 -0.001769411787891924 0.007984579291573575 0.04932662238042905
430 -5.87931039580532e-05 0.008191151547844387 0.04932445214790707
431 -0.04036212549849992 0.0198652955996317 0.02182358485635656
432 -0.04139705359907678 0.01637590355939373 0.02276211185124526
433 -0.02719391958666448 -0.02775193796040365 0.03146936092385628
434 0.01984231262812838 0.01372731935323174 0.04379318820252764
435 -0.0139540874683566 -0.01706650270699117 0.04487781109053467
436 -0.006596239321206947 -0.01112762336413013 0.04829767722244444
437 -0.04536629701292518 -0.000465534621487928 0.02101624069264653
438 0.02437817174498253 -0.03807824452364469 0.02134834973410495
439 0.02729890271588257 -0.03536733539277571 0.02244819586790203
440 0.03519703710331009 0.02733388157591539 0.02267217451287031
441 0.03716360362404909 0.02357733080998406 0.02372711608162993
442 -0.01593630556751818 -0.03430264719518054 0.03270110946530198
443 -0.01214532045788551 -0.02483489275366369 0.0416619645826897
444 0.02310987440893131 0.01368675063478196 0.04217352916065619
445 0.002136188726649987 -0.008183956759357154 0.04927940289294409
446 0.003844046829590572 -0.007380126364372529 0.04930270823005373
447 -0.004841055004396264 0.01393369038066708 0.04777464242482737
448 0.007324674757499572 0.01724829059155092 0.04635564271333389
449 0.008345983681308379 0.01943124565635413 0.04530751867663637
450 0.006289090441522999 0.01500849974299498 0.04727782013674979
451 -0.01243730609799449 0.01054578001989624 0.04726626641482006
452 -0.01441780310789506 0.01004873970309923 0.0468097189045323
453 -0.01509328455012299 0.00802437690725097 0.0469872550458036
454 -0.01647838094545821 0.009516475472511094 0.04623742700451069
455 -0.0171660736612935 0.007398447495331616 0.04637444220380302
456 -0.01857435697340575 0.008938262201287215 0.04555327355795117
457 -0.01921364194267829 0.006720110696822685 0.04566920270292665
458 -0.03915892221214971 0.02326918674401644 0.0206185295172788
459 0.03083691059920287 -0.01875847627302372 0.03460064323984709
460 0.0316171566132798 -0.02172944052497932 0.03206535236299025
461 0.00169282862364644 -0.04527184601430945 0.02115642431290354
462 -0.01047794182462448 0.01104420304897842 0.04762602559664958
463 0.008147880475192094 -0.04456815203162119 0.02114927583271549
464 0.03591970525260291 0.02142931512251239 0.02739633603141472
465 -0.02702447080392243 0.02375110339802665 0.0347212192347013
466 -0.005211516652177155 -0.01245443471801017 0.04814277879432079
467 -0.0283698778732753 0.02998896098861795 0.02821014442144166
468 -0.02967141384256522 0.03151662517651984 0.0250261770565539
469 -0.01062582273660796 0.03332256903147893 0.03573091496606975
470 -0.0006728906361952333 0.006741646116194581 0.04953884764339719
471 0.0009402120516118527 0.006921135461846892 0.04950973525698527
472 -0.04416448640656696 -0.01067755020700458 0.02086835072594523
473 0.03294539947612829 0.03085741524794219 0.02150396655443807
474 0.03381896886694902 -0.01833696438674898 0.03193795675767992
475 0.03448979170648156 -0.02135406051735647 0.02923111984622883
476 0.001560008208127194 0.008497182941311797 0.04924798733402672
477 0.002576697139624409 0.007123048485494621 0.04942289765001587
478 0.003275520816255275 0.008767528120759281 0.04911620317200805
479 0.02273514165894327 0.02641156016387167 0.03585446727338128
480 -0.03998040549393665 0.01454169866923916 0.02626987202773262
481 -0.03337969352447737 0.01770916826426364 0.03274418146174923
482 0.02613029287467066 -0.02485855564721343 0.03463033360246952
483 0.01731987698248781 -0.01624192884454851 0.04400251820884928
484 0.0366900583582235 -0.01775906830021035 0.02895608935575759
485 0.03729217393598086 -0.02084742302160861 0.02597457827350915
486 -0.00186496434835534 -0.0280861951813649 0.04132417631621517
487 0.02128653629044175 -0.04056213467052488 0.02003987534207511
488 -0.01063753506548181 0.04304259348057484 0.02311229097680759
489 -0.01275004364721382 0.04408839442056344 0.0198406114928692
490 -0.008709922622500428 0.04498344826744451 0.02001565961641532
491 0.02562941201347065 -0.01370202251873578 0.0406864574365946
492 -0.02771295794352255 -0.01204112980630603 0.03983720817286571
493 0.0004309081311729069 0.02237420210564085 0.04471251948077212
494 -0.0152404597994967 -0.005459040792695034 0.047306735870525
495 -0.01379608395010966 -0.006891786984615932 0.04756228905130834
496 -0.0167104892222412 -0.003979201341936643 0.04695663431969641
497 -0.01618190293975454 -0.001945689792607648 0.04726902059995855
498 -0.01811430852588159 -0.002402149181291953 0.04654139561659053
499 0.03882936423103142 0.01958029520911825 0.02467574746461956
500 0.03995207981865612 0.02166114130439547 0.02084769233164053
501 0.0005880522121813527 -0.03913286470651568 0.0311170868568587
502 0.008808970563177261 0.01507910980653248 0.04685106706425812
503 -0.01569915589906069 -0.00749377086644636 0.04687621894157194
504 -0.01412670216544917 -0.008998293142010887 0.04711121953907724
505 -0.00550560771231402 0.01954360927343558 0.04569174564716685
506 -0.04259042643298144 0.01768045213085405 0.01932504045805274
507 -0.04350697155654985 0.01402288264448889 0.02026085359298702
508 0.02461801509901678 -0.03987499896488594 0.01743381169265422
509 -0.01576624604376856 0.01163498118879317 0.04600057280538778
510 -0.01175045685311579 0.01251221664069143 0.04696137986132295
511 0.00659269031649819 0.02185518609637659 0.04448468584899188
512 0.03598746982926122 0.02921771480606235 0.01874105538115765
513 -0.00814805006638057 -0.003462682727522852 0.0492099492830898
514 -0.02601740185923469 0.01137234659963759 0.04115537064968317
515 -0.04628260322217388 -0.003577698102689973 0.01857742488249729
516 0.002441447067012367 -0.006409267715914003 0.04952737246780531
517 0.009438501529846944 0.02179979831667279 0.04399640306006239
518 0.01117624511422819 0.01951515685717879 0.04465702853959719
519 0.03939876595074174 -0.01705109786011821 0.0256319586322104
520 0.0398761241585245 -0.02015737556214025 0.02244047531895815
521 0.03754066375313393 -0.0238996468776464 0.0227926620669448
522 -0.04164028050604446 -0.001635366655815567 0.02762992246241348
523 -0.04232773325182643 0.001891543298881981 0.02654778826400954
524 -0.02824880780967231 -0.000473882693508236 0.04125263982492502
525 -0.005871894165747396 0.005628227435792178 0.04933400363681482
526 -0.007111311006526983 -0.01304741969017893 0.04774090588998893
527 -0.005597129736157828 -0.0144497732096308 0.04753815512729595
528 0.02684229872413632 -0.03322291623904383 0.02599478478036908
529 0.007803602437098622 0.01291108211786979 0.04766977813614546
530 0.02117523640530677 0.01673605517891319 0.04208935518902308
531 -0.01883077899341107 -0.03233391665312305 0.03316503575107677
532 0.004345043358052677 0.007291499312823854 0.04927427965975487
533 0.02438377812114761 0.01670529292568206 0.04032821038436742
534 0.003626046234153663 0.005648702004706702 0.04954739099458016
535 0.04000164639217847 -0.02309784963543549 0.01914047094859289
536 0.04206832833266771 -0.01917980164480553 0.01903656902282505
537 0.03749516647551489 -0.02680702647322103 0.01937771458757332
538 -0.04691353759561787 0.0002240044045314103 0.01729363502249598
539 0.04833834022327623 0.004919710947381817 0.01179836042223695
540 0.04848490499056606 -0.004282538340503518 0.01144001107595181
541 0.01007816246891036 -0.033825899266409 0.03541523937613577
542 -0.01769665984210256 0.00516034868037427 0.04647794134780363
543 -0.01976071295647117 0.004471427633836613 0.04571127386506873
544 0.0003668147496624799 0.005452060538054636 0.0497005078729465
545 -0.001176075745139871 0.00530309650219808 0.04970406435423635
546 -0.0196431481876642 0.03854329630585923 0.02507111962310823
547 -0.0218376681229164 0.03923966882230715 0.02198555529589864
548 -0.02023713029608351 0.0415439725026941 0.01909337335503436
549 -0.02383567803756547 0.03984633600822067 0.01855074012565258
550 0.03358671172701341 0.03265048558669197 0.01748938496116203
551 -0.01595430059831067 -0.03172466699936391 0.0351995141471898
552 -0.01312692220494133 -0.03363715189287014 0.03458649918626343
553 -0.01874849334044116 -0.02974439753450577 0.03554946993659287
554 0.0415054305349506 0.01750536590739329 0.02169934101664527
555 -0.01866680818268122 -0.004522112598646293 0.04616384700083118
556 -0.02012424690583917 -0.002885927931898626 0.04568025948311491
557 0.03743237221047241 0.01734412414844168 0.0282488737513568
558 0.04247460596515837 0.0195479314597881 0.01771401207372175
559 -0.01092402502134819 0.04590381449062715 0.01653800146762142
560 -0.006812802152112793 0.04664982463367468 0.01665471670379194
561 -0.00457563767344219 0.04554743329858062 0.02011205757233023
562 -0.002567673377140949 0.04709235608439636 0.0166047298035451
563 -0.0003289481140205817 0.04581011580912294 0.02003309967760923
564 0.001694204700374063 0.04715591945950093 0.01653629131221061
565 0.003935994073817895 0.04571174909727894 0.01987319665072251
566 0.001916128258119585 0.04423492749660406 0.02322928414455809
567 0.006085645671279644 0.04395003419156431 0.02305123448590039
568 0.008111620426473436 0.0452875856104176 0.01957641958162719
569 0.01023166614547823 0.0433564073467451 0.02270539473056088
570 0.01224432276526801 0.04453191558584653 0.01915685397644872
571 0.01433700773762107 0.04245905550872648 0.02217383174911989
572 0.01630866702091983 0.04345674728822099 0.01858866577052962
573 -0.02069603139376036 0.008302921321310034 0.0447519360707514
574 -0.04458765584911184 0.01529688345356971 0.01667172164142229
575 -0.04345401256198637 0.01912145653100776 0.01568817046043009
576 -0.01270223172176543 0.02604049460794746 0.04074979693029201
577 -0.008473017267656426 -0.04425017581063763 0.02168247954247061
578 -0.01164697699671371 -0.044664704674924 0.01922009581505368
579 -0.007925445426648168 -0.0459914003713174 0.01794375676034447
580 -0.01115170003544808 -0.04626823491793661 0.01532612227205627
581 -0.01495428880058163 -0.04472968864455299 0.01660193362925374
582 -0.002262674530848852 0.03708796887584216 0.03345688073673354
583 -0.03611613061466633 -0.01503335080999318 0.03113877763895107
584 0.02133898966722625 -0.04227487264390183 0.01604626632347514
585 0.0365470064572809 0.03083171249511045 0.01461922787394458
586 -0.03265077783296387 0.02992149898766207 0.0232084166895067
587 -0.03082916924347878 0.03292757497606407 0.02157167425010451
588 -0.03383817180737421 0.03112997383035056 0.01964441035145403
589 -0.03181501610315178 0.03420266214549444 0.01783206809423279
590 -0.03483481021225647 0.03220026438933651 0.0158012332029149
591 0.01835789371288455 0.04122009635687406 0.02153813814507772
592 0.02031711547346805 0.04207040575400024 0.01781279816681109
593 0.03309673819723335 -0.01522984622403726 0.03424409006961601
594 0.01932738516539027 -0.03208953589228822 0.03311667055859026
595 0.01232030134683446 0.02197419550983586 0.04318963887807699
596 0.01035475632999683 0.01294996389573809 0.0471707266898176
597 0.009329951919431978 0.01067300606341906 0.04794829443005567
598 0.004059473191486967 0.04238278438332185 0.02621488633056509
599 -0.04025078868496609 0.001304107071119111 0.02963398918446964
600 -0.04089952077078485 0.004739775327417408 0.02836835791098499
601 0.02636145996727399 0.01349435995919052 0.04028617228883388
602 0.02762904731828774 0.01659275182078563 0.03822716745061858
603 -0.04534653792120867 0.01130245142613365 0.0177748724417441
604 0.01006253372851552 0.04630017952947051 0.01596993395419303
605 -0.0001821585127528918 0.004058605942693868 0.04983467202739637
606 -0.001623713197383097 0.003816512432331885 0.04982768094449611
607 0.001262672183287111 0.004297280759863454 0.04979898630522975
608 0.02467962742796854 -0.04138829231180687 0.01333886237762017
609 0.02793154647703327 -0.03875239831912151 0.01476754332708994
610 0.02968174855074286 0.01317263485738021 0.03801940943629459
611 0.03075119982015129 0.0167665768023896 0.03568256733967861
612 -0.01607845307295537 -0.009556884971443677 0.04636970235426756
613 -0.0144642507203601 -0.01111046623386593 0.04655473113620878
614 0.0438889472707422 0.01523200237866707 0.01848638447621092
615 -0.03941593485425344 -0.008562458616298767 0.02954773057291236
616 -0.01317689635075927 -0.03107831511509934 0.03688506109752206
617 -0.01032251572741338 -0.03278820464362326 0.03630949332206642
618 -0.02001374432013641 0.01061309055649611 0.04457367325145888
619 0.004018726111096403 -0.005657824033979833 0.04951604656719388
620 0.005453506960852044 -0.006654137035717823 0.0492542558784297
621 -0.02220277845232667 0.04204092386821135 0.01547893243425257
622 -0.02646729540180342 0.03976462768579944 0.01477351207815623
623 -0.009732945794122354 0.0129830284393634 0.04729387633416569
624 -0.0110758356283239 0.01455556926933738 0.04653451695655465
625 -0.008952097544466952 0.01497365859028496 0.04685775814073839
626 -0.04630216429857437 0.01268047153689965 0.01397552227538218
627 -0.0007429742629498187 0.002865322458506874 0.04991230225558996
628 -0.00207225594284304 0.002501726043168272 0.0498943596222287
629 -0.04768191509339639 -0.003013132606775454 0.0147429985050574
630 0.03980955210566006 -0.02589377393675096 0.01564327435223118
631 0.03715236729653571 -0.02950694735466156 0.0157810538961292
632 0.031995058283802 -0.02468911318836534 0.02944085486850201
633 0.002725449146704024 -0.004749903052085079 0.04969919866501394
634 0.001219137154823792 -0.0053806730641223 0.0496946884684345
635 -0.0428011453771214 0.005361988483535307 0.02528460072670626
636 0.01816521560654493 0.0442201664874312 0.01464929410557392
637 0.02220448692861511 0.04254150705722252 0.01404211300115645
638 0.024286720674062 0.04026141657342285 0.01700510318702599
639 0.02611562698031852 0.04056385649926254 0.01313573649751303
640 0.01654498139246717 0.01369890885027782 0.04515089685747887
641 0.0119346696426697 0.01071871855219106 0.04735686574425353
642 -0.0144253829742001 -0.04620072108102233 0.01254598332699503
643 -0.01826235477003656 -0.04447438787655807 0.01373008453210639
644 0.01402579914066848 -0.008104893539175316 0.04730314639835555
645 0.01256054430927305 -0.01070575027447523 0.04719766559603729
646 0.01133620069558076 -0.008491957897733538 0.04795182170525574
647 0.005434842784274851 0.005827497301990558 0.04936094366101107
648 -0.007227586631124638 -0.04744732891906141 0.01401830838353856
649 0.03501555071996535 -0.02723142273110498 0.02307294571175067
650 0.01034545570535773 0.02419166762626691 0.04251746422011444
651 -0.03879400794704027 0.004200745614184443 0.03126305621160361
652 -0.03923890754884839 0.007519682463477836 0.03006264309772834
653 -0.01818457294202606 0.002900846977145829 0.04648555037569543
654 -0.020366297777249 0.002327274738825973 0.0456047991678337
655 -0.02187924046987335 0.003801307715166311 0.04479786709337927
656 -0.02242424879853397 0.001229500812531371 0.04467260226999803
657 -0.002891490237437664 0.003465202231353817 0.04979590000896282
658 -0.003444205023316039 0.002219168358356355 0.04983184467340773
659 -0.002518152903387843 0.00118160234513017 0.04992256726023955
660 -0.003869883759279486 0.000904100934013849 0.04984181578946317
661 -0.002956221607608986 -0.000124258240133841 0.04991237635793817
662 -0.004304327686343489 -0.0004063629420497483 0.04981272560629368
663 -0.003383303888017944 -0.00144618580012101 0.04986443423355821
664 -0.004757394155890713 -0.001740243699217228 0.04974272562609363
665 -0.002036770339504147 -0.001153323186738356 0.04994518407425333
666 -0.002458343367948953 -0.002449993197223769 0.04987939535739
667 -0.001196342836794199 -0.00234507257630571 0.04993064588435353
668 -0.001673014686826477 -0.003723540862560893 0.04983308404366021
669 -0.002901652692431504 -0.003765651896242173 0.04977348970535252
670 -0.002036661851336996 -0.00507329011644155 0.04970023879115396
671 -0.004817698366905842 0.001936518215674597 0.04972966599169829
672 -0.0213463007923564 -0.03940651872449671 0.02216893602539676
673 -0.02416390522825542 -0.03925380274247484 0.01937123264985388
674 -0.02726310237485938 -0.03697330856419765 0.01974076246538024
675 -0.02690220079641284 -0.03888174990772254 0.01626287540451573
676 -0.0300478800053785 -0.0363341851018563 0.0166418718949047
677 0.01227789877753875 0.04120331936085257 0.02552527522390513
678 0.0334553765456821 0.01301897002096926 0.03480293378121632
679 0.03871561941103087 -0.01385488790982033 0.0284454371495065
680 0.04126739063534427 -0.01305467711723134 0.02503153761786792
681 -0.005718495983552668 -0.0006641247669694721 0.04966747166888999
682 -0.03949765382851927 -0.002099284484694962 0.03058640787498225
683 -0.02671061293918197 0.03283267921266479 0.02661875902688655
684 -0.02525053325807449 0.03131126343812757 0.02969874327460759
685 0.04274530833296986 0.01320061399734456 0.02232895890122173
686 0.01786384506579819 -0.04282477585877942 0.01862583185016071
687 0.01784856703864231 -0.04439851421745052 0.01449829610505787
688 -0.03264387376417835 0.03521647686206247 0.01393475019841428
689 0.02250918496828142 0.01972287334457109 0.04005427391799408
690 0.005672574339189293 -0.00482247826844823 0.04944254851559248
691 -0.007503345519289835 -0.01492934799101431 0.04712551723409888
692 -0.009138243634421939 -0.01353487784434462 0.04725779919776858
693 -0.0059092043344813 -0.01639011265335268 0.0468662513045769
694 -0.00397101511629279 -0.01584946343808337 0.04725489972130967
695 -0.00422568460304563 -0.01782749709304944 0.04652229505337088
696 -0.002007904124066891 -0.01730667824658742 0.04686626941732885
697 0.01414404387288315 0.01949546519679873 0.04381635379264649
698 0.01532632173516099 0.02206166794331687 0.04217092208654154
699 0.007197636380797813 -0.03823982002855274 0.03139920691217713
700 0.01637625986693065 -0.02175161738694702 0.04193668148319107
701 0.007524972302315842 -0.006051919265056899 0.04905862885424554
702 0.005242714918106311 0.01272342911491332 0.04806899511998605
703 0.04468191472111201 0.01723342560755948 0.01437134435896611
704 0.04304504790319842 0.02153001607483217 0.01354925307272771
705 -0.04694782122442283 0.008589816097813381 0.0149035949248958
706 -0.0477852730008048 0.009943195421731584 0.01084898838803934
707 -0.0481968169736692 0.001129379112700479 0.01325863252475265
708 -0.02942328041418711 -0.03831152140034636 0.0129034064362445
709 -0.03265127829080574 -0.03543618301866909 0.01334806948752315
710 -0.02544068391950739 -0.04113830829431685 0.01266535401753381
711 -0.001128131884646494 -0.007936934473472981 0.04935313961253773
712 -0.0005127268543038093 0.04825735218405737 0.01307536123236101
713 0.03382692839074054 0.03437853433614703 0.01318541969548455
714 0.03680061002600693 0.03226704600618412 0.0102251084956863
715 0.01007132271789237 -0.01097158277619966 0.04773041828956734
716 0.01123540028288312 -0.01305799362685887 0.0469388387470792
717 0.008687031741684276 -0.01322503766715869 0.04743030527227507
718 0.009852931131002583 -0.015262843881708 0.04658288682306335
719 0.007282053068105636 -0.01538103370783434 0.04701484345599544
720 0.008560679839253826 -0.01752126674204771 0.04604041672752111
721 0.005931612542228861 -0.0173873841685659 0.04650263266121153
722 0.01121099470050085 -0.01748762457983191 0.04548072761489422
723 0.005082770342642282 0.009014196924382708 0.0489173762527428
724 0.00142034208563724 -0.003738122635815206 0.04983983414418003
725 -0.02214047001399823 0.009916476055046891 0.04372028236652786
726 0.01079375184813534 0.008287706745468316 0.04811246031894435
727 0.002797335424085873 -0.003153638854348096 0.04982197784614237
728 0.00426636537322842 -0.00418682952010654 0.04964139991047475
729 -0.03562311240801118 0.03308287202729926 0.01168406781868116
730 -0.03761191052033999 0.03011653401544303 0.01335434633018781
731 0.03076177416299175 0.03390279224814487 0.02010755897975238
732 -0.009030808469205377 0.04741730710137623 0.01304007230218849
733 -0.01309932003216154 0.04648372558198861 0.01294878645717004
734 0.04593467183806486 0.01277133138655277 0.01506316758667126
735 0.02790377156986441 -0.04013310868108535 0.01052203021137167
736 0.03085902052752637 -0.03750667587278082 0.01187308372142076
737 0.03093127585939098 -0.03593630809606297 0.01586940245047357
738 0.03930098742294545 -0.02850462042286469 0.01195487357230888
739 -0.004171379077694846 0.005935781758231378 0.04947086103464157
740 -0.01248802451169576 -0.01052331686105373 0.04725789929775919
741 -0.01285940676774014 -0.01266789135503056 0.04662789064711099
742 -0.009544812959557595 -0.01549186314062619 0.04657143676116477
743 -0.010292379127948 0.01649339479782489 0.04606554959977861
744 -0.01243105117272851 0.01607561256764035 0.04568417283169445
745 -0.02304205147639039 0.0228426680011575 0.03804308586784557
746 0.003798968957378181 0.04818745158489535 0.01278817205914294
747 -0.01012245151563195 -0.03534230497243229 0.03388889869189125
748 -0.007373591894648216 -0.0343022858266753 0.03562279227736435
749 -0.007492693778468708 -0.03181848332530699 0.03783442425647915
750 -0.004590811858744382 -0.03324182752433458 0.03706622922985294
751 -0.004172683063849302 -0.03566738635707074 0.0347911808725158
752 -0.001591655624196972 -0.03449853628025359 0.03615684757959395
753 -0.01482214623364017 -0.01314073910457022 0.04590887666687354
754 -0.02148785131490902 -0.03014411336509535 0.03360959201330244
755 -0.02134978508977695 -0.02757911686819945 0.03582707062251302
756 -0.01864845203336372 -0.02718930328204493 0.03758958664040233
757 -0.02115628559158338 -0.02507417486481721 0.03773191400944206
758 -0.02374262146800241 -0.02538250713936289 0.03594462765348033
759 -0.02344036828388521 -0.02278832911443247 0.0378317484513753
760 -0.02599650488869586 -0.02307756798738156 0.03593894251866343
761 -0.02566371454252025 -0.02045408462750693 0.03772272760459959
762 -0.04576257814500876 0.007164567536438758 0.01882698631055366
763 -0.02292897730400755 0.007598281038802707 0.04377816950316308
764 -0.02391343631423022 0.003068372217510534 0.0438033406897244
765 0.02090693377499573 -0.02727817212937825 0.03631530593851516
766 0.04188584787297724 -0.02457419116323284 0.01190314566132405
767 -0.03315934597569652 -0.0333642508270723 0.01694947023397085
768 -0.03559142934623817 -0.03226962110600317 0.01385358115314345
769 -0.03600315718572385 -0.03008452555093724 0.0172827658386922
770 -0.03830047882396996 -0.02888220497300148 0.01410289182232347
771 -0.03851971583347674 -0.02659921564056825 0.01757023674896705
772 -0.0406906401620719 -0.02529231586592126 0.01430281655266716
773 1.697638935138014e-05 0.0425030400866692 0.02633422288948729
774 0.002121260610604739 0.04049882546542263 0.02924628847124251
775 0.006041147316949053 0.04027098575722185 0.02901296684650769
776 -0.02816344428649818 -0.02069886638958231 0.03575440303106085
777 -0.027781484492888 -0.01803428455709478 0.03745602354608878
778 -0.03022239618535965 -0.01823460893546998 0.03541335631912961
779 -0.04686695074645204 -0.006852630635895337 0.01601656583346217
780 -0.03218482103222976 0.01354975971620818 0.03578465183226411
781 -0.009537233812241303 0.0294810539279807 0.0392416695682808
782 -0.02419555562580808 0.04220138723932945 0.01155932537108411
783 -0.02739966979546848 0.04045161660762175 0.01062660853373612
784 -0.02189222726350208 0.01235674125664621 0.04322084370948204
785 -0.01941951028795295 0.01301356487898325 0.04419875280272717
786 -0.01773300642524557 -0.008029134041780911 0.04605511361033989
787 0.01289895427263472 0.01722619372691918 0.04513175410235158
788 0.03926953763726489 0.02878884432837777 0.01136247578619499
789 0.04038594637468241 -0.009829283341499927 0.02779137500041675
790 0.006904014285718465 -0.007724161229456138 0.04891494577369949
791 0.002121019725949963 0.01007960498426829 0.04892752639039956
792 -0.0487696419434797 -0.002252242110990711 0.01079117371643446
793 0.0143456562226529 -0.0448307840506767 0.01686425061907739
794 0.01419753535318532 -0.0462041457873092 0.0127908913669115
795 0.01099506915068658 -0.04638549118377668 0.01508292617536121
796 -0.02547166560263449 0.03713233065658013 0.02173440294643419
797 -0.02843104002690229 -0.04017309870338701 0.008820323324947036
798 0.04920134555428677 0.007854168050902435 0.004188035324092789
799 0.04929282922001383 -0.007350838895716362 0.004022704937697324
800 -0.004117317055237915 -0.04697102556217789 0.01663641962394188
801 -0.00317972407157416 -0.04827746219651942 0.01261649708486037
802 -0.0001892752284838703 -0.04762395665767783 0.0152290159614962
803 -0.02348967429817717 0.03435525392744744 0.02771194199160648
804 -0.02204613852634917 0.03250698180285922 0.03093968180420741
805 -0.02374904262035129 0.02964956422116159 0.03250978800472178
806 -0.02057321302481803 0.03065212636549823 0.03372224866625869
807 -0.02219592631142367 0.02794871421186645 0.0350172847188537
808 -0.01904030802639235 0.02870240380879979 0.03624415381625972
809 -0.01740814416208157 0.03130720928461723 0.03488287780045338
810 -0.01595143305075254 0.02957386756992313 0.03702618182562183
811 0.009702310366205193 -0.01964757012043713 0.04494260964741961
812 -0.02984967895843644 -0.01559064469785081 0.03695846944860749
813 -0.03217020475726385 -0.0156862199669641 0.03491447305951696
814 -0.01624576637270107 0.003626601683745205 0.04714788261620104
815 0.01557155365147905 0.004825421066272756 0.04726776944612767
816 -0.02037850143481992 0.04397180838959101 0.01229620861160612
817 -0.0244326094781928 0.0006001274667726644 0.04361980560605181
818 0.01038389721449872 -0.04764154451009299 0.0110660704557469
819 0.0365245622243596 -0.03191301310237146 0.01214561439560598
820 0.03847106697801655 -0.03088987112938789 0.008111280243141273
821 0.02987437555140222 -0.03253961826695341 0.023424238054945
822 -0.01815332895551868 -0.01050320657463316 0.04538875741285842
823 -0.02065093730139614 -0.005004969093199105 0.04526023721711948
824 -0.02218841152824943 -0.003300426588044629 0.04468536201252012
825 0.03757774562508406 -0.010879715842745 0.03113751462332214
826 0.008323021607870938 0.008640161247295273 0.04853941619895784
827 0.01246998829851926 -0.01957794539927199 0.04428547669132532
828 0.01460807368186053 -0.04306517844420348 0.02078447951896428
829 -0.01678027475658938 0.001462545576979854 0.04707741857333117
830 -0.03725791708086145 0.006911212483746302 0.03262028137217952
831 -0.03745792948823704 0.01018164439162514 0.03151567286187542
832 0.03459945871008251 0.01920531748324105 0.03056195735448258
833 -0.002175758259327092 -0.01305150656038364 0.04821746833359496
834 -0.0006212977063378704 -0.01432891450991745 0.04789881207428402
835 -0.008113028835233928 0.01695674355299936 0.04633192863670233
836 -0.009498704553492016 0.01854731264401455 0.04545076243024586
837 0.02854187346231831 0.01992268962449287 0.03589495643383808
838 0.0007677109233682037 -0.0487420203981189 0.011118725981312
839 0.02949854963458671 -0.03035728548788835 0.02661335730911581
840 0.02624551099333743 -0.03093288109148647 0.02922892437430024
841 -0.001640672511101882 -0.03234196931862113 0.03809599997774943
842 0.001200607586145581 -0.03346240615649172 0.03713254523517174
843 0.001386390438673888 -0.0355911831201217 0.03509053441686971
844 0.004154717899801787 -0.03444340298705144 0.03600542056197431
845 -0.02009476308286751 0.03501168393748087 0.02950224541463531
846 -0.04088976845930662 -0.02278851978492509 0.01757015086322174
847 -0.04285147472973642 -0.02152105509065701 0.0141631670636079
848 -0.04238607841204782 -0.02407536870784608 0.01112640905364349
849 -0.04285750344594605 -0.01887261734599524 0.01752309084871623
850 -0.04465683862574448 -0.01757858575904439 0.01402711968531451
851 0.004631860784620053 0.004071534093056921 0.04961822725371166
852 0.006576605243231133 0.004315668801866794 0.04937735580473401
853 0.01232107014142747 -0.005876293537609273 0.04810052395587678
854 0.01758093937871588 -0.0457153619919147 0.01005068398220334
855 -0.008547697832338257 0.01146387497253155 0.0479115480065214
856 0.02824255324589785 0.01021780380654577 0.03997442521817623
857 0.02372721928761224 0.007549695855648001 0.04335921075578721
858 -0.02860007548136372 -0.02322265287092967 0.03380449786783706
859 0.01092950256144271 -0.02190803902518359 0.04359568556440477
860 -0.01140150385755228 0.04778977096247881 0.009281352333579317
861 -0.01523494311122543 0.04672774953588338 0.009187705464884914
862 0.04649078055449305 0.0147467654846163 0.01100637229861413
863 0.003784276359948519 -0.04788598203198186 0.01387847171933009
864 -0.02569375746933017 0.04223011490496326 0.007513203193102164
865 -0.02537523492910258 -0.01795244140067475 0.0391638519562133
866 -0.02582727105987825 0.002265069135186969 0.04275302949981907
867 -0.03545688891990591 0.02806549101959729 0.02133394576608738
868 -0.01836477890581683 -0.04296053114770704 0.01780807848273808
869 -0.003428352226384399 -0.005051115635176057 0.04962592701251963
870 -0.004412618518855122 -0.004102211278658494 0.04963567930866167
871 -0.0352838899630339 -0.03383684319134447 0.01049357669819403
872 0.005446626389125133 -0.04886306907753715 0.009095863966722385
873 -0.006196086227291813 -0.002067259643431481 0.04957151352370234
874 -0.006859604379062226 -0.0008753787357701593 0.04951948646575116
875 0.02039988377902158 0.0445035469119832 0.01016263027248964
876 0.01607026887484365 0.04595102182291462 0.01141271447641867
877 0.02784453220678821 0.03827103752760044 0.01612481667325657
878 0.03037979653707878 0.03786305603257697 0.01197735155364628
879 0.02737418816710685 0.04093537417750959 0.00865730692184986
880 -0.01758188845982999 -0.04581957987064599 0.009562598949218296
881 -0.01354380526239343 -0.04742506654706634 0.008211479892241939
882 -0.01954253975781913 -0.008364174552771664 0.04525626723300128
883 -0.006698088241996881 0.0005364953291067693 0.04954642052322519
884 -0.02462131951513074 0.009237551607317228 0.04252597166010429
885 0.04282539580374397 -0.008794768783968808 0.02426185310913402
886 0.04393813360792709 -0.01218868528007352 0.02051527153598671
887 0.02589339010646084 0.03789315161276744 0.01984039842458958
888 -0.002627207266271383 0.005035518806703197 0.04967636593318184
889 -0.002803558118241187 -0.04922899076693962 0.008285320147478778
890 0.01720915278460842 0.01946922670744445 0.04271761079285845
891 0.01834019697312056 0.02214130398810728 0.04090721003311475
892 -0.004704364439239544 0.004385812858394741 0.04958461052376995
893 -0.006269414499348106 0.004024258902209914 0.04944188287396981
894 0.03902971684085134 0.03027523231019715 0.007751871508646178
895 -0.0469312142253796 0.01431194499348696 0.00962441488273086
896 -0.04828743267440646 0.0111842640868006 0.00657541500981999
897 -0.0454667703902955 0.01890500175101015 0.008681802754638658
898 -0.04426531592866944 -0.01459488793353922 0.01809892405483032
899 -0.04607430430679764 -0.01355800897050608 0.0139046350329768
900 0.006319391774242372 -0.01380232134695306 0.04763991197555975
901 0.005070435222552775 -0.01568125370853845 0.04720581498907042
902 0.003416671991071402 -0.01736281618729915 0.04676386389672577
903 0.004603973772292276 -0.01930321262901339 0.04589323923742084
904 0.002018289474377307 -0.01930067510114927 0.04608047795148716
905 0.0009217765730813003 -0.01716995434231754 0.04695043126353633
906 0.003075324386124896 -0.02123628434287032 0.04516151688361306
907 -0.04619558629525199 -0.01606406684727793 0.01038814531878107
908 -0.04749200376687999 -0.01175732863621439 0.01030896704557302
909 0.02465976800812096 -0.04256098305715956 0.008969869731151702
910 0.01394158272187687 -0.0171751356687126 0.04484023846915158
911 -0.00179805241868649 0.04046749539240301 0.0293112405770465
912 -0.03966011274201073 0.01089804437996385 0.02843075950415917
913 -0.03777303268682134 0.01356944776735348 0.02981724482458755
914 -0.04168298386464017 0.01109780370267721 0.02528571947002876
915 -0.03573991372140821 0.01278974615353015 0.03254352409488804
916 0.04758478560873829 0.01020305622444044 0.0114710863588119
917 0.04679329228926218 0.00821905884183627 0.01558315977220633
918 7.038018734448921e-05 -0.004430512160318214 0.04980326905562026
919 -0.0001559159009476081 -0.005683356462438157 0.04967569978926008
920 0.02765221806361656 -0.04121300195274476 0.006069868714004809
921 -0.002452205915358972 -0.006451810240616719 0.04952131693289014
922 -0.002253503617461521 -0.01988774862041417 0.04581920095611994
923 -0.004772194989126739 -0.02007907537213877 0.04554181471116104
924 -0.01955455595008623 -0.0007990847101713432 0.04601065969121632
925 -0.02070473322510814 -0.02276100415170963 0.03941130183187255
926 -0.03631631229146556 0.003605352012307108 0.03417787147287116
927 0.007477101664352149 -0.002719092050353487 0.04936293639080486
928 -0.006635134637757485 0.01504816149993536 0.04721787610440239
929 0.03590369334882614 0.0151018303101189 0.03135059050796064
930 0.03872195217687178 0.01312589870778998 0.02878056988186461
931 0.03673383761041462 0.01095785022268384 0.03210219140353063
932 0.03935443011890789 0.008272964726877618 0.02971172974843159
933 0.03439438654845574 0.008564617437651098 0.03526575537404651
934 -0.02456187384756367 -0.0427771240872126 0.008175084582044613
935 0.04795046444065486 0.01227033829723249 0.007084614174178005
936 0.00964708016551628 0.006141097291755762 0.04867464194355509
937 0.01558201908601962 -0.004774021717106026 0.04726953985229305
938 -0.02057832922826228 0.02593266852279725 0.03747037589162894
939 0.02673533568210732 -0.004492185164670325 0.04201240410178113
940 0.02897694580007883 -0.008045515213453473 0.03994504095691207
941 0.03214970025704367 -0.008111811213414153 0.0374245279491963
942 0.02976210966863181 -0.01167078063276764 0.03844489182575689
943 -0.03163077753766734 -0.01258834761615625 0.03662004118863622
944 -0.03406681742845395 -0.01303271197208299 0.03419942059376315
945 0.006521072404707692 0.001562301255847474 0.04954830803850458
946 -0.003932646418551714 -0.0070321271587731 0.04934656502502984
947 -0.04897420035443151 0.006442585661335167 0.007747308541703935
948 -0.03605013994668095 -0.02748082472309437 0.02109956592831436
949 -0.003620395065851488 0.007494679633781443 0.04930235812569354
950 -0.02541977743233812 0.02685171153845266 0.03365739893019248
951 0.004452794278991406 -0.03668590392716493 0.03367962405009602
952 0.02692372982561766 0.004073282232185838 0.04193472480098213
953 -0.03313530466280044 0.03624072084464131 0.00941603619174103
954 -0.03618770954743861 0.0337284603966214 0.007269156552431832
955 0.0002521804387898053 -0.00287712712972901 0.04991651574885481
956 0.0001289954294985876 -0.001953965411527421 0.04996163907789378
957 -0.013867940573742 0.03209031965666553 0.0357476098302556
958 -0.01274759540257809 0.02995275543760973 0.03795169631448522
959 0.003866699968352607 0.01481084061535647 0.04759923982188423
960 0.002739363245648398 0.01253560048738885 0.04832550682019763
961 0.004153366540974041 0.0106809757047026 0.04866894599610588
962 0.01648200998827078 0.02447902718181407 0.04036236582484419
963 0.01969060571294487 0.02471134885979442 0.03875086172186214
964 -0.04227793360183794 -0.01647788372816241 0.02100132562958211
965 0.01327588199377738 0.01320143200172164 0.04636241096396107
966 -0.003887117846352857 0.01784199661832837 0.04654625088576012
967 -0.01307746972735586 -0.01479728735061268 0.04593495480125662
968 -0.006786649061718456 0.04873258628154318 0.008892492835253014
969 -0.002457757248909518 0.04950085333902009 0.006604918471431434
970 0.001904169456832463 0.005719406378628644 0.04963529519762896
971 0.02926531300823824 -0.0279211438232717 0.02939304649283601
972 0.04170251039451996 -0.005402533382792416 0.02705019888730523
973 -0.006779434875555323 -0.004613413838129245 0.04932297310104351
974 0.004149690933769014 0.03841295265175862 0.03173681038995485
975 0.007922486345997484 0.03802924707654699 0.03148032046991304
976 0.002196924152235808 0.03627922792121635 0.03433644049271502
977 -0.007661137418421322 0.02089863706314076 0.04477224522356663
978 -0.01817118751879947 0.01789354471739043 0.04300731335021261
979 -0.01565349765200691 0.01886448196974496 0.04357865683189171
980 -0.0163599960315857 0.01675264102303243 0.04417804373894244
981 -0.009276940555316141 -0.002152719136282128 0.04908466333034603
982 -0.0215365089211891 -0.04251083408933545 0.01513300262725603
983 0.001479654295067356 0.01497256660707335 0.0476826265254321
984 -0.04062499051763906 -0.005060176152129935 0.02870548314784393
985 -0.03838968824940995 -0.005495897126435069 0.03155989465902506
986 -0.0371740760864203 -0.008747972826621654 0.03227322479309627
987 -0.03741936055928725 -0.002517514022070626 0.0330674096125284
988 -0.0379694491209789 -0.01180862384331847 0.03031298956514197
989 -0.03820340794901655 0.0008163794136937771 0.03224644392384866
990 0.002883118613888103 0.004218834686339171 0.04973820524453605
991 0.001948244349433454 0.002930902409109696 0.04987598775987475
992 0.004546753111452116 -0.02325399085188419 0.04402929644684306
993 0.006204282637781258 -0.02163966728678391 0.04464562326441216
994 -0.01055981310558177 0.0204421752305215 0.0443915286853228
995 -0.01160994940198132 -0.01852997137211651 0.04496497788092391
996 0.01774329185013847 0.04613033511558542 0.007560937537408697
997 0.02359635228658681 -0.007639417535270164 0.04341487600453439
998 -0.02954845220766457 0.03970465245301081 0.007101376325543231
999 0.03427938969284727 -0.004215656832354053 0.03615455268369038
1000 -0.0232017731740069 0.01571288669707357 0.0414099373728923
1001 -0.02578597541731114 0.01451356080243417 0.04030434250315805
1002 -0.02394545138745952 0.01316182912497909 0.04187339981343365
1003 0.006665233213622052 0.01073962256337045 0.04837597723461898
1004 0.004310466983449922 -0.04019293194302746 0.02942699604458041
1005 -0.03525235621250344 0.009599480558486813 0.03413387400331237
1006 0.01414300654532091 -0.02449848473653758 0.04122862611672435
1007 -0.009092359528483546 -0.0003456593431298832 0.04916512501584128
1008 -0.01344422436972992 0.04787809583417929 0.005190449921683479
1009 -0.01669179725252107 -0.01623321306819078 0.04424778749229673
1010 -0.008008808111043203 0.003148447296079247 0.04925389601101927
1011 -0.0004332054043497049 0.01131463749985387 0.04870104014622833
1012 0.008196421154032787 0.0419843344152729 0.02588695316124043
1013 -0.02704915065725245 0.00845031875419993 0.04119387772076909
1014 -0.03238582663703974 -0.0186340928888767 0.03322542422971183
1015 -0.03748363074035568 0.01703283539646264 0.02837005366363751
1016 -0.01602653341550802 -0.02916261293376938 0.03731879196271969
1017 -0.01331378066561257 -0.02857457102957454 0.03881027099704099
1018 -0.01049364430840688 -0.03016041066363821 0.03847379702770886
1019 -0.01065897254016187 -0.02747679249339707 0.04039074372505257
1020 -0.007145704766240888 -0.02918419942187467 0.03996525250136639
1021 -0.004385013429641548 -0.0311731034710862 0.03884596860940421
1022 -0.02271859871974018 -0.02021346735435286 0.03968980989783059
1023 -0.01569706197852082 0.005788805868112697 0.04711785194449955
1024 -0.0141344146714855 0.004155752704694448 0.04778020553902966
1025 0.01508704775649276 0.01082497648864254 0.04642414106920712
1026 -0.0281926737741133 -0.003317672541608991 0.04116025017383979
1027 -0.02597182441769308 -0.001930465705945167 0.04268181859497896
1028 -0.026331908053791 -0.004958061552655234 0.04221431325850011
1029 -0.01286692493387224 0.03486386213035674 0.03345076023204217
1030 -0.04504693446680776 0.02123685721408549 0.004446300800853781
1031 -0.04344150727770495 0.02328761882275986 0.00839775297367984
1032 -0.04285215172205602 0.02539542158055132 0.004331934387310217
1033 -0.004145798248280802 0.0422868757933697 0.02635588155461084
1034 -0.003426596899053753 -0.03811954148883768 0.03217388677751225
1035 -0.02520638195784195 0.00676630033366533 0.04264804202293489
1036 0.01853604853581651 -0.01906735157953678 0.04234207137611706
1037 -0.01754509106708727 0.03734000038462162 0.02824702020964463
1038 -0.01368717340867187 0.0064855658545374 0.04765079977951477
1039 0.02571087764151777 -0.0282493273984758 0.0322633890413984
1040 0.003364684759907902 0.002595657655307117 0.0498190872839205
1041 0.001030277282168874 0.0491079041301222 0.00934624420120587
1042 0.00573922858223471 0.04888360321047237 0.008800829076965165
1043 -0.02449772333366878 -0.03030492152870545 0.03132847399102014
1044 -0.029563296500414 0.03692579048440662 0.01620177450560016
1045 -0.03290509542554387 0.01067782034875595 0.03610039954952778
1046 -0.001635185749920873 0.0001321870024932938 0.04997307969456783
1047 -0.001381084855835966 0.001616298629510142 0.04995478138638207
1048 0.0001043907440998061 0.001881923041517247 0.04996446205292671
1049 -0.02302084358803825 -0.01731315725453001 0.04086924695140581
1050 -0.02724911070092188 -0.01530229764320026 0.03902980467345197
1051 -0.02553082611185736 -0.01340876878058572 0.04084583011562983
1052 0.002529619348273716 -0.01536435042436171 0.0475135534557273
1053 0.007294034319986551 0.04928340761634299 0.004235893891523301
1054 -0.04715212504941206 0.004389653845178849 0.01604394098855126
1055 -0.007529189454985948 0.005339058188095619 0.04914067321287996
1056 -0.006396029985377282 0.002308285850249849 0.04953546827132748
1057 0.03692749155091161 0.03334797345078282 0.004926767143192018
1058 0.03556899840410351 -0.03408407946417674 0.008551133235341783
1059 0.01681163745965207 -0.01322303451889136 0.04519424967888538
1060 -0.007759906613301803 0.01323355211601862 0.04758841190610855
1061 -0.01596606567513638 -0.02672534451426717 0.03912595950837451
1062 0.002112092307123726 0.02885298694212217 0.0407804390683072
1063 0.004014370919581871 0.02658341068113453 0.04215693421820613
1064 0.0008823137393712324 0.02635388085241493 0.04248169589931686
1065 0.007499456302308093 0.02635196303214367 0.04182501882273701
1066 0.002517543346665025 0.02422883567856025 0.04366492296064415
1067 0.005612177993808064 0.02442452272877308 0.0432659929695074
1068 -0.00101907728641884 0.02857074478014251 0.04102040984915028
1069 0.008708571405499441 0.02893811160362955 0.03983398650513401
1070 0.0121554085031534 0.02890456823141681 0.03894575688668583
1071 -0.002340561322824713 0.04412720623875004 0.02339468833425479
1072 -0.006545395443077058 0.04380734814069741 0.02319642315904503
1073 0.009639970473676708 -0.03135120452576058 0.03773821596274221
1074 0.0004179605518026476 -0.008930473559063703 0.04919422680546978
1075 -0.01082008131946457 -0.01202123836473887 0.04731189774695477
1076 -0.01224439745788528 -0.008340246086190706 0.04775473825826201
1077 -0.0269671620314908 0.02843832440386003 0.03104889494117529
1078 -0.004363119577145361 0.01584418506513714 0.04722208156336627
1079 0.02383086597168647 0.04327025360006768 0.007731428097405151
1080 0.02350740057476762 -0.03385626887840119 0.02830468469795801
1081 -0.04109220959775398 0.02721623472444364 0.008408738181097313
1082 -0.04154681017253443 0.02492822822361403 0.01234690253135588
1083 -0.04908494188895644 0.00205646514947902 0.009297280830799269
1084 0.0004680062344852883 0.03866375945579173 0.03170007373665176
1085 0.001347070847986519 -0.002248621422129695 0.04993124374407716
1086 0.005771683740570536 -0.003160940277744424 0.04956506958896928
1087 -0.04383498051432908 0.01026010339792193 0.02175372983128045
1088 0.01384484848629103 -0.01293420951136464 0.04627122642320786
1089 0.009982696602264047 -0.006532065289815489 0.04855592540150722
1090 0.002832238880553282 -0.0009479400940910178 0.04991071861335496
1091 0.003461159174164413 0.001062550800318011 0.04986874134132364
1092 0.01625666563693437 0.04009552585322049 0.02506131738202612
1093 0.0202434562182824 0.03867640120236222 0.02437905802881642
1094 0.01423005671477965 0.03865977751578742 0.02833596810281894
1095 0.022278345751238 0.03968431049062206 0.02070823052489517
1096 -0.01954253329235152 -0.01222627342581772 0.04436899402324191
1097 0.006510743744294206 -0.03064527463423134 0.03896764502107705
1098 -0.002312064097713703 0.02625323174523429 0.04249025985492541
1099 0.01714551042387089 -0.04671334886278289 0.004888201134249272
1100 0.02277990260629851 -0.03171630630404538 0.03122742307132508
1101 0.007299738592103225 -0.04928381633184167 0.004221287037889606
1102 -0.04975783647281286 -0.002831552613582164 0.004017464292477324
1103 -0.0483630408644324 -0.0120817818371755 0.003879023844234253
1104 -0.03693477937299468 -0.03348107587147246 0.003852224183106514
1105 -0.03894093842046968 -0.02355228121069982 0.02070974081695146
1106 -0.03033918005048164 -0.03430121338987762 0.02007388636628537
1107 0.0101832525956711 0.03973752419442077 0.02858724431403947
1108 0.01183481806538066 0.03732316312841236 0.03109531436485664
1109 0.01813865361210256 0.03738069296111583 0.02781497867852761
1110 0.0219842443496646 0.03599108805784486 0.02685767266139599
1111 0.04044971597421681 0.003990356007274828 0.02911868019915043
1112 0.04227746517520323 0.006782799708321841 0.02581878321060596
1113 -0.01898641521252815 0.03318740933588614 0.03221974393054385
1114 -0.02193502613326901 -0.008357588658800423 0.04414754059223567
1115 -0.01841725950068912 0.01534872259832385 0.04387734343694909
1116 -0.01512233571442178 -0.04308176174058706 0.02037834065540207
1117 0.03487876260139261 -0.02978200873611403 0.01991240505407933
1118 0.02964124759566078 0.04004608021334882 0.004208075631303057
1119 -0.04519549837179635 -0.02102914537854824 0.003891268632828739
1120 -0.04286646512939803 -0.02542397843088704 0.004010921098188527
1121 -0.02983090294847356 -0.03989143350356354 0.004334831289626087
1122 -0.01709160034483799 -0.04674240550499828 0.004798408617306408
1123 0.01044033421812403 -0.03635795499294942 0.03269707219529806
1124 0.04832875681601735 -0.01211654003599654 0.004185776173465259
1125 0.04716897241953507 -0.01431747002364474 0.00837246039149628
1126 0.04556880536540314 -0.01880464997273412 0.008358774848801506
1127 0.04562927312923808 -0.01624240121777835 0.01241587034315776
1128 0.0469403483913489 -0.01187480516180631 0.01247368010123426
1129 0.04521736759164047 -0.01372084302672171 0.01634405502678344
1130 0.04636734804794578 -0.009119169449951987 0.01633737382640555
1131 0.04509186367816728 -0.02120359661536058 0.004138999951999044
1132 0.04843394395827826 -0.008882255658771047 0.008675171874873237
1133 0.04530296553172516 0.0205866773570777 0.004881601113047489
1134 0.04346976294268034 0.02322263023079682 0.008431438481709793
1135 -0.009691287775110354 -0.03781577456171453 0.03124173707650682
1136 -0.002339104631367866 0.006596007445709897 0.04950779004661442
1137 0.0008291905190038287 -0.007076343864702051 0.04948977470742505
1138 0.0005760762816889569 0.009885963681877 0.04900954864307858
1139 -0.02169988297460851 -0.03265019035212254 0.03103353265193089
1140 0.02549365340938694 0.01992037786073075 0.03812154484970096
1141 0.02584979487674787 0.02302350322450799 0.0360791685616663
1142 0.02292736039472937 0.02292954599362347 0.03806011121708003
1143 0.01931739042035856 0.02775143272071624 0.03683336000550316
1144 -0.001908148566297349 -0.04455738596525877 0.02260527206188634
1145 0.04703961432187049 -0.004516309427967852 0.01633638985824365
1146 -0.0112547232745636 -0.01407630077303725 0.04663892109129442
1147 -0.00872503878132453 -0.01156427868546936 0.04785541930386968
1148 0.04508197863790762 0.01911090071476495 0.01011872896966994
1149 -0.01202583964925885 -0.006175634395983518 0.04813772658256162
1150 0.03390558191553933 0.0356831154614459 0.008782185715058259
1151 0.03289797890269852 0.02318164040941224 0.02967043194910226
1152 -0.02293595220109966 0.03687364506762453 0.02478459997772248
1153 0.03493140046918788 -0.02436152911264762 0.02619757928807247
1154 0.04083089809375178 0.02356650410014875 0.01665705992530884
1155 0.0122167822942358 0.005942173021046235 0.04811902752719757
1156 0.03807699698664985 0.02558573916632727 0.01988748983133178
1157 0.01460402375943854 -0.04106527451095299 0.02450236150606364
1158 0.04497401175680531 0.01099267397119018 0.01888119131468817
1159 -0.02139681542715526 -0.04378888507850519 0.01116735569227187
1160 0.03546523815365529 -0.008316446330358595 0.03424987011856801
1161 0.007387223520707864 -0.01100380880171741 0.04821146254274337
1162 -0.0129450414943344 -0.03617297971113091 0.03199908497954389
1163 0.04013531265918584 0.01542118384791461 0.02552143739051966
1164 0.0005737930583477622 0.001044629188145672 0.04998579309549331
1165 -0.0006399011313636715 0.001031281495958911 0.04998526767976913
1166 -0.0341211932686476 -0.001344885450316786 0.03652308110016355
1167 -0.0482245571904342 0.005451067865722012 0.01202821445227152
1168 -0.005123443755456438 0.01189317675026583 0.04829391960559436
1169 -0.005383261050398572 0.0007548236054743897 0.04970362906054125
1170 -0.02744698466875282 -0.03489256112846941 0.02300374340165689
1171 0.0005140132174471302 0.002943744159233709 0.04991062172260798
1172 -0.01712677372210204 -0.01333864709526391 0.04504169308029976
1173 -0.04417331234157582 0.002532186322429835 0.02328747537201241
1174 -0.0457999437443025 0.003356209396182415 0.01977627395410226
1175 -0.009280576583692853 0.009664580916042647 0.04817122350523678
1176 -0.01755005123120297 -0.0003978030724786272 0.04681706371076338
1177 0.01330592297236008 0.02444836914791619 0.04153588400240015
1178 0.04217553815046552 -0.02183020430773672 0.01564180813081087
1179 0.02982815298910905 0.03210667232624261 0.02407161983318928
1180 -0.02419353023760246 -0.02790997088059465 0.03370024658791942
1181 -0.003851548435262731 -0.002709152092149829 0.0497777668200616
1182 -0.04117675802847278 0.008083866229563655 0.02718686640727694
1183 0.01409528212863408 0.008408619794734545 0.04722942022576402
1184 0.005965616441604843 0.04691807042194247 0.01622054525450061
1185 -0.02135712324403929 0.006059841952135559 0.04480124554355665
1186 0.02123551584198542 -0.0436675408685215 0.01192471137683386
1187 -0.02871415980835892 0.03578279224203621 0.01987684094274789
1188 -0.02855215871306447 0.02546334032989352 0.03219305099036118
1189 -0.01852783438827244 0.04357999061868007 0.01604692402164684
1190 -0.0165239547259684 0.04294385202612348 0.01956487907891477
1191 0.01847847935267666 -0.02978415521397463 0.03565739613323679
1192 0.01596899141181776 0.01693829587065982 0.04425025927932263
1193 0.02409528117437548 0.03699120454790921 0.02347484209153552
1194 -0.0009284177460967816 0.03505131117524762 0.03564468579444479
1195 -0.004555491223353467 -0.02732835929750657 0.04162220894931377
1196 0.04175116505133598 -0.01632129959757286 0.02214622758625879
1197 -0.004761161141497243 0.0480245264249745 0.01307578702188221
1198 0.03137241139467235 0.02059269239218899 0.03304107781722797
1199 0.02966972385587155 -0.0156235970845187 0.03708922620461292
1200 0.01420302914749571 0.04536153521357195 0.01551145016119572
1201 0.02320600119465312 -0.02475160095993536 0.03672655386057729
1202 -0.03716531632349186 0.02864451168764628 0.01726937210066092
1203 -0.008244807716138268 0.03197169659599748 0.03754775309519053
1204 -0.01530283041522554 -0.04118596091537522 0.02386503728805034
1205 -0.01845689627772206 -0.03928824258200386 0.02481485391073317
1206 0.007627424447571632 0.006385715924029041 0.04900045947166403
1207 0.0306772587540556 -0.03872326026069568 0.007708106779173872
1208 -0.03041099020208718 -0.03216755758011998 0.02324693343772943
1209 -0.01188203366125043 -0.04839471537723135 0.004094972482163893
1210 -0.03839495980959125 0.03061760615269651 0.009401555972190664
1211 0.0338460487393458 -0.03272556512834751 0.01683693474965424
1212 0.009741094779340397 0.03573434227163928 0.03358821005819217
1213 0.02769504840226273 -0.03721381848355196 0.01865786718436946
1214 -0.01722652630497648 -0.005984132696288012 0.0465557402189802
1215 -0.0178290767733411 0.01105360781800392 0.04538658144888279
1216 0.0007594787237164053 -0.02902092740458279 0.04070883153132939
1217 -0.03505545158539613 0.01910744809820946 0.03010017842668347
1218 -0.0381405099110751 -0.03129640967032463 0.008113953750816744
1219 -0.04148174476324009 -0.02680615687286658 0.007790687075263138
1220 0.02009500103626148 -0.03444156371397433 0.03016570274813596
1221 -0.02151710569218426 -0.001181360033562894 0.04511782963643611
1222 -0.006695453858845453 -0.04857072810534106 0.009800778996646319
1223 -0.03604875062727759 -0.005789286030715462 0.03416096815763448
1224 -0.03472891407359389 -0.00928888340200985 0.03475081542083291
1225 -0.01050210252995959 -0.04757481688871153 0.01124022421732703
1226 -0.04524281655092609 0.01700115618838066 0.01280813174501009
1227 -0.02672549353809437 -0.02549686146456081 0.03369952596999356
1228 -0.0413870069786372 0.02125451565887309 0.01831287026811892
1229 -0.03996576384922789 0.02487319035740439 0.01685414255879172
1230 -0.0278933364868334 0.0343061294687317 0.02334633291347715
1231 0.03591221541375277 -0.01462882570659915 0.0315643824986671
1232 -0.04814202612831812 -0.007000164541302797 0.01154742467630869
1233 -0.03408337439250646 0.02691202365857882 0.02478036667647047
1234 -0.0148284806429997 -0.02368903459234119 0.04146017127199363
1235 -0.0185405884274881 -0.02489292384832 0.0391993485028034
1236 -0.02560267973025582 0.02197369465537325 0.03690067118390083
1237 -0.03374515508082428 0.004757970815697742 0.03658724125003262
1238 0.01355959566433663 -0.0473926539565523 0.008371004502100723
1239 -0.01364327209122385 0.01200321044139412 0.04658094101394303
1240 -0.01490295523402929 0.01364536375827152 0.04573517216756671
1241 -0.01719582180800477 0.01334789352138815 0.0450126365689573
1242 -0.005437001052547716 -0.04357258320681124 0.02391378289271913
1243 -0.0445129155977638 -0.02004046695702693 0.01081573063323362
1244 -0.02040106809345919 0.02339716197757328 0.0391965461749022
1245 -0.04535544095511745 -0.007382336047751874 0.01970748817695745
1246 -0.0143237804935847 -0.00157533862502736 0.04787846719129696
1247 0.005086453900401433 -0.04574321480819749 0.01953679312810047
1248 -0.008451279633126352 0.04184298228910992 0.02603345358794983
1249 0.01005190281530252 0.01740347881352705 0.04578294633352935
1250 0.004226718725459674 0.02099130965049055 0.0451829588226919
1251 -0.03217992948487574 -0.03727112136429914 0.008678458998930057
1252 -0.004684540203953163 0.03860585698097571 0.03142678618379543
1253 -0.01062186824741408 -0.007541134787719019 0.04827325554639992
1254 0.03714597479648792 -0.0331989063188071 0.004243721910511466
1255 0.03469092570322728 0.004427108189565183 0.03573430266468131
1256 -0.0008031940556211103 -0.0008337986917192155 0.04998659479351142
1257 -0.031451420657357 0.01640417691191541 0.0352379215970034
1258 0.001048946475941715 -0.0312699732352032 0.03900113440863337
1259 -0.02984846099646327 -0.01045212039107907 0.03872754259532871
1260 0.01287320969843569 -0.003058815178171021 0.04821746697791052
1261 0.03144709562648925 0.009654004534356529 0.03765475233100152
1262 -0.006046038193773643 0.01724517078911848 0.04654083697800852
1263 -0.003552358022809392 -0.01182972669925171 0.04845036964460429
1264 0.01793426179973536 -0.04101807645387525 0.02226835552353604
1265 -0.006325782160657923 -0.01842617040535834 0.04604846060671951
1266 -0.007946869475796717 -0.0169496397856811 0.04636331498793315
1267 0.02587615182609777 0.04259061767186419 0.004057592020130465
1268 0.04015341546491699 -0.02951073931392322 0.004101157354629455
1269 -0.02372863251412393 0.02516366219994216 0.03610736910516831
1270 0.02673467777462978 -0.01643514810112302 0.03892483668791519
1271 0.0126386227540327 -0.01530445072560576 0.04589160056991642
1272 -0.01041810191449854 -0.009895484668237708 0.04789094419281995
1273 -0.01164144536158434 0.01826055267650002 0.0450669387227712
1274 -0.03562499221054414 0.01577300568782854 0.03133803155225929
1275 0.001802047545773715 0.02036292143704528 0.04563007840439783
1276 -0.04581907259846114 -0.01052280782089614 0.01702595377009567
1277 0.001096526664187063 -0.01375518380476377 0.04805822039747094
1278 -0.01536278593880091 0.02531818190699413 0.04028615733875516
1279 -0.01434139689285226 0.02777732589475525 0.03902235899197085
1280 0.03043946276278577 -0.03440887121208158 0.01973496107478709
1281 0.02445760073703675 -0.01075864766824767 0.04226200736522354
1282 0.04932124742160251 -0.004004188790342604 0.007168055866716094
1283 0.04929854871198693 0.00397211763450361 0.007339984767662558
1284 0.008022438155260353 0.04773908020304947 0.01251481951175619
1285 0.01005851467169425 0.04822903900868727 0.008531475774907508
1286 0.02658762472869682 0.02586509783120219 0.03352752489326239
1287 0.04120155640824721 -0.02714679611429134 0.008092169688477861
1288 -0.03610229456321665 -3.77784870472894e-05 0.03459223756938331
1289 -0.006856858436390171 -0.02036800638876527 0.04514562889284546
1290 0.03890583678698427 0.02730714667609977 0.01551307849250161
1291 -0.02613015121091011 -0.04241855942622104 0.004228594790131441
1292 0.01545263107645644 -0.01940825173054416 0.04341124229481071
1293 0.04129417309720126 0.01108044076189097 0.02592325405385297
1294 -0.01394641161844158 0.017617062365793 0.04466695329400425
1295 -0.007954232470428008 -0.009905259224866179 0.04835923929813818
1296 -0.02360291666472517 0.00536984359362853 0.04375005262508842
1297 -0.006878519572452864 -0.03690693626954623 0.03302368882615985
1298 0.02907420189084856 -0.02501146871281261 0.03207985687683432
1299 0.008682454427524191 -0.004231729573303068 0.04905820471574962
1300 -0.009998650569962138 0.02662814325685303 0.04112139313632636
1301 -0.001835946712899912 -0.04979532737462333 0.004129730175384465
1302 0.0469120508897225 0.004128122074885892 0.01679934788778798
1303 -0.04360475962532636 0.02123425289497375 0.01215448238345868
1304 -0.01729026195817856 0.0271117889670147 0.03828834993082914
1305 -0.02223982145112728 0.04385369197838643 0.009068850075218158
1306 0.006987239178989328 -0.03298135806799136 0.03692436199376419
1307 -0.02991854664229393 -0.02492697845283076 0.031361223063283
1308 0.02766947881064589 0.03531872866310954 0.02206778982972384
1309 -0.01222997007780111 0.005403210356400849 0.0481791775535923
1310 -0.02352648755945086 -0.001533946523503251 0.04409253214749678
1311 -0.01565068828579208 -6.468593312928304e-05 0.04748738539771405
1312 -0.01376601860757169 0.0001175183830910276 0.04806748299136981
1313 0.04370763913616305 -0.02288168497197516 0.008128393075278507
1314 0.03231658007394694 -0.02740050674660039 0.02654902789846895
1315 0.02484076650884747 0.01053152447636423 0.04209540724897032
1316 0.006023904058513151 0.00738970605304346 0.04908263261422967
1317 -0.0008273658679073283 0.02439289623430016 0.0436383097635929
1318 0.03269926894891619 -0.01160015328154516 0.03600269787184153
1319 0.01995333157624076 0.03470753262972612 0.02995416060858809
1320 -0.04433548534500527 0.006201582870704929 0.02226892698628748
1321 0.01162641488907117 0.0152850378185072 0.04616485780021411
1322 -0.009778424344594144 -0.02545552777844985 0.0419094085243113
1323 0.007257988439850626 -0.035604993836882 0.03434539296153984
1324 0.00519738680563292 -0.008448773343509273 0.04900617715536115
1325 -0.03346822195758897 -0.03114303988051563 0.02024818969681419
1326 -0.005039561828383787 -0.04533696553755534 0.02047345531229198
1327 -0.0002147133215360997 -0.01891195363035683 0.04628489935251873
1328 0.01343197740479235 -0.02199228559639693 0.04284765287905115
1329 -0.0208723992633797 0.0146048359098162 0.04302373434556105
1330 -0.007514467177711868 0.009928060839948474 0.04842485303016802
1331 -0.01477504025928541 0.0448527305424906 0.01642956932543352
1332 -0.01255896122476068 0.003606212016756999 0.04826248779171206
1333 -0.0367449429512104 0.02507844343925268 0.02282281407225011
1334 -0.04917155378633136 -0.005062131984739301 0.007518850843513347
1335 -0.03533677999742551 0.006339865328656946 0.03480112192197318
1336 -0.01495392829389325 0.002157987771067957 0.04766259662839427
1337 -0.01449539036650509 0.01572963277988748 0.04519360918019849
1338 0.01257099173931163 0.003238025566696728 0.04828545699400159
1339 0.04507797250852916 -0.007335309772502663 0.02035115783098632
1340 -0.02420737647907894 -0.003935021932296079 0.04357199245378257
1341 -0.0172381945980613 0.04669586995578543 0.004726560702217405
1342 0.01060198125074321 -0.02404243324973752 0.04253891626488392
1343 0.04408292527232752 -0.02024586952032914 0.01211612424829805
1344 -0.02769990229930757 0.002563866692645534 0.04154686510666188
1345 -0.04702110197950272 -0.00996312007630212 0.01377505742196347
1346 0.01133834792178057 -0.04306891742285993 0.02272686116531554
1347 0.008915020121526455 -0.008849124288133364 0.04839644011253252
1348 0.01110187592418325 0.02677799092502548 0.04073926303927568
1349 0.03106402726249627 0.0356819415465549 0.01618101534833732
1350 -0.03039071257376023 -0.02062120445667072 0.03392890384340872
1351 0.02361261066180626 -0.02703322936115375 0.03480875073945069
1352 -0.01913238876965772 -0.006502037609331634 0.04573483581356243
1353 0.04156351585081674 0.0251223696035976 0.01188867930508438
1354 0.003782364954221004 -0.03216508804530511 0.03809331734557718
1355 -0.003878903521752608 -0.01367243356286742 0.0479376539678144
1356 -0.04927335792434563 0.007693246961414534 0.003598631691353206
1357 -0.01287737881388654 0.01392115214508298 0.04626418309920881
1358 -0.005234119088450302 -0.002960654242836076 0.04963706804216278
1359 0.01211828293444031 0.04698605843300678 0.01206057758363693
1360 -0.009859678119146809 -0.01739778391434573 0.04582689016567185
1361 -0.0116583590927555 -0.01640278941638424 0.04577151038174421
1362 0.03101240856010102 0.03845351652799763 0.007717355889965547
1363 -0.02957067733410482 -0.01297264024860239 0.03817441089241066
1364 0.04386342209437415 0.008973476004163537 0.02225931109835771
1365 -0.01628629273586696 -0.01154364222294285 0.04584213120209769
1366 0.001248527166033324 0.01150040086692281 0.0486434164077294
1367 -0.004174716754799451 0.003052575596229501 0.04973181599586426
1368 0.005990075829326377 0.002867713760359803 0.0495569895105379
1369 -0.007340968708734198 0.01880134322949129 0.04574516008480294
1370 -0.03452304564418185 -0.01868618530376163 0.0309674958342327
1371 0.001364347199434029 -0.02287607201877042 0.04443899060185127
1372 0.02188500625083171 -0.02952678879635124 0.0339000773565006
1373 -0.006850917870727421 0.0117330333687513 0.0481186123272099
1374 -0.0260617004218342 0.04252313422364698 0.003545536196440604
1375 -0.01827605145763537 -0.04127792250381056 0.02149695459564619
1376 -0.03481075807520503 -0.02642711248921782 0.02428618635586442
1377 -0.009928902507316857 -0.04840582826638185 0.007634964626358521
1378 0.003545702611157371 -0.002036704601903879 0.04983251777060653
1379 -0.001227470736531377 -0.04623024614944675 0.01900677922617411
1380 -0.0160272333724271 0.03384830203823574 0.03312733372238288
1381 0.01439853284340084 0.02667531978513486 0.03976316846427483
1382 0.03903992645930578 -0.00701445236968578 0.03044144543226235
1383 -0.0009331974029962278 -0.03689388453137797 0.03373381725794444
1384 0.02492074454631668 -0.04318374964618203 0.003757693142487875
1385 0.002587715055182818 0.001874442884832828 0.04989779749312268
1386 -0.01892366295791071 0.001045913335483548 0.04626879126960262
1387 0.001313756048709694 0.001962966763681268 0.04994417690311015
1388 -0.003312727008139468 -0.02160840579676359 0.04496779557296463
1389 -0.03696831858357425 0.03350613089162058 0.003268426804587658
1390 0.02113346315644605 -0.04470087461871169 0.007430245173435052
1391 -0.02578129370016877 0.004332997417622253 0.04262100454616852
1392 0.03044435358172124 -0.03948302834678597 0.003772506800263344
1393 0.01127582717701758 -0.04483007264645613 0.0190557158875624
1394 -0.04287582618407458 0.008234854377354174 0.02436905214440635
1395 -0.002254465610053767 -0.01507263304158202 0.04762072151917582
1396 -0.03395301909562418 -0.01622442185308529 0.03292355736893127
1397 0.01659399555461101 0.04700665960843417 0.00387469534161773
1398 -0.03383519512515802 0.0148165058387862 0.03369941728831075
1399 -0.03020592559985853 0.03786431105262727 0.01240548294770099
1400 0.04018002156078029 0.02952811818129239 0.003695416626966741
1401 -0.03780461342648331 0.02613312899972281 0.01969443506064605
1402 0.04767772224171897 -0.007897487573644344 0.01282437101247582
1403 0.04402157043238614 -0.01763398694379863 0.01584751845344896
1404 -0.0361720723030366 -0.01161715568999276 0.03250573609347066
1405 0.04865929156975728 0.007874574845410114 0.008382387185842896
1406 0.00962799404543882 -0.04851637343820608 0.007311856061597958
1407 -0.01684687106661284 0.04529614401282465 0.01282350470169418
1408 0.004455602648156713 -0.002637610965344737 0.04973118351132649
1409 -0.04210917505312545 0.02234844984394956 0.01507859960068272
1410 0.03357717712494566 -0.03489931962054595 0.01243425375094953
1411 -0.006472500493269483 -0.003307073541655485 0.04946887912571609
1412 0.04142176478789171 0.02682426662482882 0.008043389950553729
1413 0.002479048649561017 -0.002026607209638723 0.0498973664737023
1414 0.01427192242329073 0.01527163231128401 0.04542124477480244
1415 0.007258437000399765 -0.01945773497783752 0.04548309182370375
1416 -0.03703044037140511 -0.02355738187723517 0.02395404443909052
1417 0.04319779155379567 0.003076003406268523 0.02498977806863127
1418 -0.0138579858391292 -0.02613462868687333 0.04031051242395404
1419 0.0323494539218351 -0.02969126049361435 0.02391530642202612
1420 0.04384087360398087 -0.004126033124190665 0.02368446014368608
1421 -0.0474002341322753 -0.01418605546207508 0.007209274209822603
1422 0.01494035277075445 -0.0148522056700323 0.0453453177937973
1423 -0.0005790155637768386 -0.01592420635156286 0.04739287280857481
1424 0.04841287582245915 0.0121316363876827 0.00300280754564853
1425 0.0005019325947076878 -0.02077882014169534 0.04547514372917855
1426 -0.02240744610690398 -0.005685026086031829 0.04433493923946814
1427 -0.02688685314975486 0.03800208646277903 0.01824660385329236
1428 0.03334143502516042 0.01697760693467595 0.03316789974108474
1429 -0.03312639405432742 -0.01092163841092422 0.0358240119386208
1430 -0.006216812964690235 0.01342248512932412 0.04776178524212776
1431 -0.002706258767225181 0.04887250217770996 0.01020562072460821
1432 0.007930029802789581 0.003097636929329115 0.04926986170856303
1433 -0.04855500488838168 -0.009428651915296181 0.007315191272237079
1434 0.01857650963912465 0.01629658272989575 0.04346647766906324
1435 -0.007708951940511866 -0.002232355151597019 0.04935168335990189
1436 0.007864135907518452 0.02383799334097063 0.04324240326235256
1437 -0.0458743909612422 -0.01844313745274226 0.007442508638513977
1438 -0.01174161582188871 0.0280860593034154 0.039664943346691
1439 0.001969185060491418 -0.03741071267463698 0.03311436074233193
1440 -0.01498870166292234 -0.01511755534486351 0.04524155548668611
1441 -0.005448983238373642 -0.004593261547437445 0.04948949918947206
1442 -0.0429200945744669 -0.0136051279995876 0.02174318223797187
1443 -0.04099201904680178 -0.01991780423635759 0.02056539444962767
1444 0.00238891828438199 -0.04675055660877967 0.01756924944896149
1445 0.03511026926008858 -0.01216751228235353 0.03345475507820758
1446 -0.005476970961652859 0.003107394920537984 0.04960188389459644
1447 0.02672291130775105 0.007755938002263324 0.04154192384739926
1448 0.004680886084285973 -0.01237491760694912 0.04821774278921773
1449 -0.02493594667223636 -0.01576781333496571 0.04036799011832348
1450 0.02327388298868079 0.03353616250844054 0.02887303542817524
1451 0.04001286891916856 -0.003427619090466749 0.02978626777943325
1452 0.002569855889380413 0.02232306346502609 0.04466628122246394
1453 -0.0213574101149221 -0.04114097479955506 0.01874249785181791
1454 -0.04841869849661568 0.01212825260283662 0.002921493572749019
1455 -0.01990428078872796 -0.02094487976883092 0.04080602428260676
1456 -0.02981908986172512 0.04002379742179823 0.00298622165239292
1457 -0.02651308725746145 0.0005533254303974296 0.04238808836272652
1458 0.006293788036155667 -0.001468940037593346 0.04958054504865693
1459 -0.01055299133304322 0.0313526247080776 0.03749196310996741
1460 -0.04389789426895926 -0.02272597446344849 0.007516978344917682
1461 0.01291109775799499 0.03507523017443657 0.0332119223004901
1462 0.01416764779873823 0.04728630611295227 0.007955061913214828
1463 0.04975368862667159 -0.003509328462092211 0.003500725894062411
1464 0.04973852606214338 0.003616377354212462 0.003605667760266244
1465 0.04353850810420697 -0.01586403119652757 0.0187811295255505
1466 -0.0393950992864653 0.02729684484325221 0.01424459244109697
1467 0.00858700623344748 -0.007122736871510542 0.04873940852540128
1468 0.008117194006407478 -0.0461362901616908 0.01748009987324487
1469 0.01998767898799184 0.01951363894143632 0.04146939333938043
1470 -0.001073327458141549 -0.006533291925699911 0.04955970202474167
1471 -0.001639265696049186 -0.03030554401838558 0.03973520869112745
1472 0.0005737930583269876 -0.001044629188128933 0.04998579309549389
1473 -0.02094821522004231 0.03645516777002131 0.02705906543017308
1474 0.008752083571848987 -0.02184805951325964 0.044114207786794
1475 -0.03391140675612513 -0.006907897363250027 0.03608735853230927
1476 -0.02074973251697997 0.0005082760039665422 0.04548835297059651
1477 0.007495785389600356 -0.0474843181959827 0.01374964460834244
1478 -0.002417307497688947 0.04985918845215084 0.002866696941520886
1479 0.02721378776976571 -0.01104422805916929 0.04046522929379257
1480 0.0009520756218950908 -0.04942273989371702 0.007515739046041009
1481 -0.04221861641185691 0.01334212626196737 0.02322877730484771
1482 0.03238467338115688 -0.03192895577283577 0.02077918942721509
1483 -0.01986541785237474 -0.01036410814563989 0.0446984388530073
1484 0.004358869910649137 0.02278736361745782 0.04429149255181854
1485 -0.01901569609343082 0.04539730936258221 0.008802704398097534
1486 0.004548125145258388 -0.01387511500048669 0.04782045317002274
1487 -0.02067556874751132 -0.00687175421316877 0.04500333155446084
1488 -0.007864017724962665 0.0004230708303036321 0.04937588719500663
1489 -0.01767113837675356 0.03529044149425552 0.03069715960166601
1490 -0.03991659065523109 -0.02797191817136707 0.01114619146960356
1491 0.04565564506621024 0.007345631387555431 0.01901588212801061
1492 0.02873702045694275 0.02248527181474434 0.03418473645758174
1493 -0.02053033130587708 -0.04495181193777432 0.007605267909935418
1494 0.01074807273803639 -0.00461677987543743 0.04861238809192195
1495 -0.003635601828617799 0.004474457880131343 0.04966650406483913
1496 -0.04056233682377347 -0.01802539644660021 0.02301699186118037
1497 0.04657960754407472 0.01661560918557175 0.007366253622590072
1498 -0.01643538353648515 -0.02465704480108503 0.0402729227854885
1499 0.02084118203883884 0.02203440449232408 0.03975085093293765
1500 -0.03754790478706424 -0.03093359064717499 0.01154416804168091
1501 0.03675531401667975 0.007454712423056199 0.03306772072920657
1502 0.02621739298145151 -0.008426921166033812 0.04173290434318691
1503 0.02917072504264327 0.0068871241727415 0.04002044878703567
1504 0.003763627485294823 -0.0384276500825779 0.03176713423151172
1505 -0.02385920136569818 0.01117798997640896 0.04249460024848295
1506 -0.04942739235689613 -0.001296277876579222 0.007433205799931671
1507 -0.0254044539166619 0.03512332891432654 0.02491917910309717
1508 -0.02407023439118592 -0.04063065266335141 0.01642479468679794
1509 0.02794654678636486 -0.01399982117593599 0.03902557532899847
1510 -0.0340387136286573 0.01223381793124225 0.03452100336507435
1511 -0.009559481519306186 0.04876838721177904 0.005500974626739272
1512 -0.003938945774318229 -0.02928784800581859 0.04033245176498756
1513 0.0174700710890938 0.02634798849427999 0.03873732203505166
1514 -0.03970329227334724 0.0281846881496598 0.01136978172893359
1515 -0.03553817567375087 -0.002701834208621389 0.03506762269802082
1516 -0.004217361662984154 -0.005850956569329793 0.04947706708999037
1517 0.03221332438798494 0.006701281586441209 0.03764830085108328
1518 -0.002022963115026997 0.0387317743004208 0.03155562199951861
1519 -0.0008602855974893863 -0.005011881572754038 0.04974073734668035
1520 0.01074804139143787 0.004598690751900393 0.04861410957341834
1521 -0.02257215156042764 0.01404586197241051 0.04234633083733556
1522 0.006476071657350725 -0.009428628530790781 0.04867403270653889
1523 0.006592278383997111 0.009050363829304912 0.04873020398341355
1524 0.03295145650590028 -0.03649694976368847 0.009064997081442551
1525 -0.0005916500089753694 -0.003485478981490542 0.04987485725830669
1526 0.005276064345674584 -0.04690122330936563 0.016505708015875
1527 0.007094789132392362 -0.004055334431069008 0.04932766191316059
1528 0.02400868095568145 0.04245350872605862 0.01101284866030419
1529 -0.00746802168074928 0.001505012651712411 0.04941622799338335
1530 0.008726732379982028 0.004837023217479754 0.0489943603730239
1531 -0.03524736095527944 -0.03477903148651331 0.00693127077442211
1532 -0.01630636436851167 0.01496367053952645 0.04483515412113403
1533 0.0007536956472539523 -0.01547187510861495 0.0475400149715451
1534 0.02873228782348634 0.0363699114731245 0.01875327107108053
1535 -0.007989565061141022 -0.00111989725492161 0.04934483438286336
1536 0.03377815317671171 -0.03066065272816423 0
1537 -0.0338790585320561 0.03086849758272189 0
1538 -0.03065056455227756 -0.03485326758071614 0
1539 0.03068461473978384 0.03408450510522774 0
1540 0.001730624077413423 -0.04618106245335171 0
1541 -0.002295277032556491 0.04550053595085786 0
1542 0.04581138348797342 0.001763644693906594 0
1543 -0.04592192932046452 -0.00225743895352 0
1544 -0.0152923330052041 -0.04271854383083054 0
1545 -0.01948913675251733 0.04098875604643795 0
1546 0.0413495200431675 0.02035653259223698 0
1547 -0.04262522995668065 0.01597784106138364 0
1548 0.02036584727848241 -0.04161341584177915 0
1549 0.0425678056501736 -0.01545570249331592 0
1550 0.01531610887685726 0.04320508342596646 0
1551 -0.04092723534759466 -0.01954937792467757 0
1552 0.04507473925716847 -0.006255044549813606 0
1553 0.0111018585899178 -0.04432110390672213 0
1554 0.03915751959158037 -0.0243482020117249 0
1555 0.006486177616063474 0.04520022626394059 0
1556 -0.04432110390672212 -0.01110185858991781 0
1557 0.04525723374006678 0.0114677215775692 0
1558 -0.04538896857642929 0.006642944042652671 0
1559 0.03716223296459413 0.02706243626761742 0
1560 -0.006704172245174521 -0.0451958581085482 0
1561 -0.02358554845843589 -0.03922270522376359 0
1562 0.0232850286571377 0.03926276805595608 0
1563 -0.02716669920862327 0.03701195767460565 0
1564 0.02706895188102623 -0.03678447584058157 0
1565 -0.01115405439556567 0.04440880127677423 0
1566 -0.03915664151010306 0.02352160678058206 0
1567 -0.03665343674276698 -0.02736866278628309 0
1568 0.01578904770379863 -0.04291988414684535 0
1569 0.01248002794632868 -0.03949966583773179 0
1570 0.007844576164548166 -0.0406880152743672 0
1571 0.009190000570141438 -0.03605615633866846 0
1572 0.004462940594694535 -0.03715530425365215 0
1573 0.005854300101335023 -0.03249181547306552 0
1574 0.01062928057801554 -0.03140943188464919 0
1575 0.007292300785559723 -0.02781476836033154 0
1576 0.002507565315107305 -0.02890433368877952 0
1577 0.003954968352026259 -0.0242183191677712 0
1578 0.00873910515092817 -0.02312994673190332 0
1579 0.005403602147177763 -0.01953130313733107 0
1580 0.0006190632756682135 -0.02062007447138139 0
1581 0.002068322454771308 -0.01593240592495634 0
1582 0.006852765500854861 -0.01484373907276429 0
1583 0.003517658739859375 -0.0112446571351863 0
1584 -0.001266814105214856 -0.01233335543409687 0
1585 0.0001825731804508124 -0.007645552602283431 0
1586 0.004967037565446718 -0.006556863295824902 0
1587 0.001631966728493438 -0.002957743135754753 0
1588 -0.003152500129272984 -0.004046435064379905 0
1589 -0.001703102301839052 0.0006413789419313018 0
1590 0.003081363840104254 0.001730070110947515 0
1591 -0.0002537039491649698 0.005329193505433316 0
1592 -0.005038170298984214 0.004240502115876975 0
1593 0.004530762280318311 0.006417884767315224 0
1594 -0.003588771586120254 0.008928317061528461 0
1595 -0.008373237910553832 0.007839625698907005 0
1596 -0.00692383913342727 0.01252744071273922 0
1597 -0.01170830544291948 0.01143874936597035 0
1598 -0.01315770423823825 0.006750934332836675 0
1599 -0.01025890665259224 0.01612656439380812 0
1600 -0.005474440350166782 0.01721525573307932 0
1601 -0.0164927717523036 0.0103500580193162 0
1602 -0.01794217054646918 0.005662242987406016 0
1603 -0.008809507860827653 0.02081437942317088 0
1604 -0.00402504155816262 0.02190307076269625 0
1605 -0.02127723805656533 0.009261366678096773 0
1606 -0.02272663685060414 0.004573551646321082 0
1607 -0.01939156934173963 0.0009744279543236062 0
1608 -0.02417603564498899 -0.0001142633858217182 0
1609 -0.02084096813618216 -0.003713387077880409 0
1610 0.007865829776881703 0.002818761062266022 0
1611 0.009315228476489613 0.00750657599385135 0
1612 0.01265029600109259 0.00390745231855226 0
1613 0.01409969478219782 0.008595267336605497 0
1614 0.01743476229146529 0.004996143645035547 0
1615 0.0188841610831325 0.009683958674294953 0
1616 0.0155490935743377 0.01328308236636642 0
1617 0.02221922859206936 0.006084834982374235 0
1618 0.0207698297978373 0.001397019950393569 0
1619 -0.01359397416421221 0.01972568808288218 0
1620 -0.02562543443929351 -0.004802078417879309 0
1621 -0.0222903669304733 -0.008401202109923803 0
1622 0.02033355987689808 0.01437177370578074 0
1623 0.01699849236815526 0.01797089739790733 0
1624 0.02555429610050704 0.002485711289923878 0
1625 0.02410489730619175 -0.002202103742145065 0
1626 -0.007360109067366227 0.02550219445433395 0
1627 -0.002575642764418386 0.02659088579415937 0
1628 0.02700369489468878 0.007173526321851129 0
1629 -0.02606170435960942 0.008172675338169226 0
1630 -0.0246123055653888 0.01286049037013781 0
1631 -0.02707483323355941 -0.009489893449895932 0
1632 -0.02373976572473277 -0.01308901714193358 0
1633 -0.01895529942165396 -0.0120003258019692 0
1634 -0.02040469821590602 -0.01668814083397113 0
1635 -0.02896050194812817 -0.001202954725850164 0
1636 0.02178295867116244 0.01905958873779572 0
1637 0.01844789116233554 0.02265871242983308 0
1638 0.02888936360919193 -0.001113412402264216 0
1639 0.02743996481491784 -0.005801227434289409 0
1640 0.02265549851183454 -0.006889918774258492 0
1641 0.02599056602063607 -0.01048904246632283 0
1642 0.01221402606509041 0.01688220605795777 0
1643 0.02120609971756139 -0.01157773380628278 0
1644 0.02454116722638684 -0.01517685749832172 0
1645 -0.01562023191282673 -0.01559944949400625 0
1646 -0.01706963070707718 -0.02028726452600647 0
1647 -0.02185409701015637 -0.02137595586597124 0
1648 -0.01851902950132712 -0.02497507955800615 0
1649 -0.01373456319824787 -0.02388638821804132 0
1650 -0.005821361330579394 0.03016238419606899 0
1651 -0.01069517657648625 0.02910131814606037 0
1652 -0.001111352479829915 0.03127409661102554 0
1653 0.002211305453611104 0.02767880976482263 0
1654 -0.01518396199249784 -0.028574203250041 0
1655 0.003661117900352728 0.03236649690193874 0
1656 -0.02852423202781361 -0.01417770848190011 0
1657 -0.0293967718684671 0.01177179903017397 0
1658 -0.02794737307422189 0.01645961406216868 0
1659 0.02932563352946545 -0.01408816615835752 0
1660 0.02787623473521557 -0.0187759811903572 0
1661 0.02309176843213628 -0.01986467253032207 0
1662 0.03222443111797992 -0.004712536094342842 0
1663 0.03367382991222707 -2.472106234625848e-05 0
1664 -0.0103994956681064 -0.02748551192140333 0
1665 0.01787103220873289 -0.007978610114247137 0
1666 -0.01605650183310665 -0.0026246957379195 0
1667 -0.0006899740494023809 0.01830394707058815 0
1668 0.006993523142059421 0.02876819634107836 0
1669 -0.03185929953664319 -0.01057858478986556 0
1670 0.02323235746539798 0.02374740376978014 0
1671 0.02656742497422968 0.0201482800777478 0
1672 0.01989728995657152 0.02734652746181794 0
1673 -0.01184889448011652 -0.0321733269439637 0
1674 0.00844321011384408 0.03345592227311012 0
1675 -0.004354589130850191 0.0348448276438356 0
1676 0.0264268359409655 -0.02346379622235703 0
1677 0.02164236617020231 -0.02455249656386781 0
1678 -0.02330349580440639 -0.02606377089797098 0
1679 -0.03273183937730178 0.01537092272220314 0
1680 -0.03418123817155182 0.01068310769020331 0
1681 -0.007064427359898984 -0.03108463586053676 0
1682 0.01830730025810166 -0.0209533839560725 0
1683 -0.008950096864623953 -0.0227976969025233 0
1684 0.01642163341447754 -0.01266642514625253 0
1685 -0.02316290677114342 0.01754830540213269 0
1686 -0.0264979742799735 0.02114742909416674 0
1687 -0.02171350797689451 0.02223612043413134 0
1688 -0.02504857548572401 0.02583524412616597 0
1689 -0.02026410918264484 0.02692393546613081 0
1690 0.005544343583262237 0.02408031352492467 0
1691 0.005980160985478294 0.01110569970479096 0
1692 -0.01417083311857678 -0.01091163446200655 0
1693 -0.0108357656097478 -0.01451075815404174 0
1694 -0.0266385633132357 -0.02246464720593615 0
1695 0.01120089720947093 -0.0007803627106596628 0
1696 -0.00851382683746553 -0.03577245067749629 0
1697 0.02793257999704236 0.02475803203412587 0
1698 0.03128264495415234 0.02117280547560353 0
1699 0.02989095142919791 0.01653846206202637 0
1700 -0.03328320070711606 -0.01524277287711781 0
1701 -0.01663336078674782 -0.03326201828204067 0
1702 0.032570394161074 -0.01765936838206172 0
1703 0.03409504868634115 -0.01299482124033759 0
1704 0.0249774365687682 -0.02815161275461437 0
1705 0.0201929547302865 -0.02924032948619587 0
1706 0.03700646882259244 -0.003623093869882868 0
1707 0.005137771645523634 0.03692503159668144 0
1708 -0.003714019545108915 -0.03475556991710179 0
1709 0.01308656591408604 -0.009067301491773344 0
1710 -0.009386366815497635 -0.009822943122042169 0
1711 0.01032847165647851 0.02516910944024561 0
1712 -0.03647210413104444 -0.01162457181895549 0
1713 -0.03516575676069362 -0.006972343712685743 0
1714 0.03823351259549013 0.001133469843033669 0
1715 0.03508576476983326 0.00467467723054759 0
1716 -0.0297503312840382 0.02451919361416165 0
1717 0.01006920060612725 0.03761496475769303 0
1718 0.01324056491700848 0.03449675572594829 0
1719 -0.02800849544537157 -0.0270788257904199 0
1720 -0.02450955988584054 -0.03061005858831031 0
1721 -0.02355215378272286 0.03031640781987076 0
1722 -0.0188899472863936 0.03150032943601649 0
1723 0.03447383150034984 0.01744035690655087 0
1724 0.03320011526861184 0.01291533516987407 0
1725 0.03771409323742191 0.01393725808151755 0
1726 0.03962507312233064 0.005875918871103607 0
1727 -0.03106604484519879 -0.02334127917886562 0
1728 -0.005220692003131411 -0.039696661248373 0
1729 -0.009983507017397454 -0.04055857017773317 0
1730 0.03754783459656814 -0.01647744699234826 0
1731 0.0388945661356238 -0.01191078347842777 0
1732 -0.03784032857314867 0.01419710036475785 0
1733 -0.03861619718422162 0.009458205553849651 0
1734 -0.03557238575073442 0.005972590858804513 0
1735 -0.0366159555822942 0.01911905495812163 0
1736 0.0298527693538041 -0.02705568088429172 0
1737 -0.02227987124591118 0.03536351379590712 0
1738 -0.01702821009617037 0.03610185113911996 0
1739 0.04207976052526496 -0.001985792951678861 0
1740 -0.04043633739744732 -0.00814560709549933 0
1741 -0.03841416127945153 -0.003373375493176296 0
1742 0.02363108993705849 -0.03289657282609407 0
1743 0.01880154004747542 -0.03380887568388807 0
1744 -0.0145515917793861 0.04049211335123434 0
1745 -0.012241933620117 0.03692447801174996 0
1746 -0.04111096480516738 0.005266794745059505 0
1747 -0.001609486446439996 -0.04303256006513332 0
1748 -0.0003096850664878747 -0.03839517400815312 0
1749 0.03642445211119436 0.02188817150747983 0
1750 0.01393906448659905 -0.03482254551264265 0
1751 0.01207497508660998 -0.02672776389051699 0
1752 0.001077871793798181 -0.0336105138431648 0
1753 -0.0008298366632961199 -0.02530741655050528 0
1754 0.01018795390919335 -0.01844274309085012 0
1755 0.01352324194392296 -0.02204155179884967 0
1756 -0.002716176056728234 -0.01702113168268182 0
1757 -0.004165462278060819 -0.02170883701520713 0
1758 -0.002272979286310796 -0.03000988174969374 0
1759 0.01163720884521133 -0.01375507363481002 0
1760 -0.006051286866754088 -0.01342205367016949 0
1761 0.00830212249371217 -0.01015596873209124 0
1762 -0.006487568836208144 -0.0004473126434383357 0
1763 0.02463578523210587 0.02839262052135885 0
1764 0.02136363334323249 0.03178991531587992 0
1765 -0.01692904167368649 0.02332481177423279 0
1766 0.01178013598843657 0.02984891184268039 0
1767 -0.007500658679985464 -0.01810984176844419 0
1768 0.006416432252868629 -0.001869052621869066 0
1769 0.0310984241686081 -0.0223343158638903 0
1770 -0.01837844046791469 0.01863699674225611 0
1771 -0.004601893792922751 -0.008734244663835752 0
1772 0.03033251841401403 0.003576333173231319 0
1773 -0.01504337295704293 0.01503787305238823 0
1774 0.01932043100310714 -0.003290795082115591 0
1775 -0.015575256412001 0.02791707745670126 0
1776 0.02366862738583014 0.01077265001385492 0
1777 -0.0122851578287515 -0.01919856651051055 0
1778 -0.01216051095909664 0.0243975782228969 0
1779 0.008879053029843639 0.02048130054013085 0
1780 0.001195694724182336 0.01001700840915752 0
1781 -0.01342209210361402 -0.03718229487167573 0
1782 -0.01837560484864272 -0.03823177047909084 0
1783 -0.0214576894918009 -0.03448104590814735 0
1784 0.0197567006297775 -0.01626555219157406 0
1785 -0.009822636642161424 0.003151810733366955 0
1786 0.01076462727425069 0.01219439102957631 0
1787 -0.01127203544932634 -0.00153600431233563 0
1788 -0.02518916451898491 -0.01777683217393559 0
1789 -0.007936966557925876 -0.005135126539339868 0
1790 -0.01982783926172647 0.01394918171072128 0
1791 -0.02751110315383807 0.003484860306192133 0
1792 -0.01750590062740145 -0.007312510769966793 0
1793 -0.01993451624377011 -0.02966102941408608 0
1794 0.004094583421449402 0.01939261022223435 0
1795 0.007429590705823899 0.01579350515543519 0
1796 0.002645113823880538 0.01470481710002704 0
1797 -0.00213936942850898 0.01361613101451993 0
1798 0.01366343391709542 0.02157001828931689 0
1799 -0.02990988375624888 -0.01882624246193691 0
1800 -0.03040513236159027 -0.005889583527001509 0
1801 -0.01272143406697246 -0.006223819157268419 0
1802 -0.03128244058305334 0.02005873775420138 0
1803 -0.01460710302782805 0.002063119305780986 0
1804 -0.03372019292781507 -0.00228910181105732 0
1805 0.0007599290143898846 0.02299160618990423 0
1806 0.02511610267102081 0.01545868265848603 0
1807 0.01598536350047858 0.0003083286164979882 0
1808 -0.03228173170054877 0.002392809375409775 0
1809 0.01656767818345463 0.03089556877567103 0
1810 0.01886592156635827 0.0360316637516765 0
1811 -0.03083415583412494 0.007079640433158826 0
1812 0.0003489314780768735 0.03593840386558252 0
1813 0.002237702706504682 0.04145314013398482 0
1814 0.03177463575611165 0.008258687041809223 0
1815 0.03628772918900787 0.009403343415112869 0
1816 -0.03506099779508855 -0.02001201712312232 0
1817 0.03077252379935583 -0.009399575530007212 0
1818 -0.037080035760053 0.001307477626202508 0
1819 -0.02895876313654107 0.02937726138852981 0
1820 0.01453596470544838 -0.004379486424081064 0
1821 0.02844235456757686 0.01185289054465029 0
1822 0.01511415014406202 0.02624814137326081 0
1823 0.02843811399500161 -0.03168426702903033 0
1824 -0.003021562085922871 0.03972632738330004 0
1825 -0.007581693235094639 0.03813378200340208 0
1826 0.03555373865017125 -0.008309878892065095 0
1827 0.009751503356838803 -0.005468172546049879 0
1828 -0.005613716353382849 -0.02639899666664492 0
1829 0.01497233983344738 -0.01735412163640149 0
1830 0.01541594957628163 -0.03027502989490918 0
1831 0.01685946462756749 -0.02563175926506867 0
1832 0.04032939333913442 -0.00721846313939227 0
1833 -0.006969342077570315 0.04251292779364672 0
1834 0.02188751261991893 -0.03725529761232859 0
1835 0.03441038353678978 -0.02593218377183102 0
1836 0.02610018466629725 0.03269963964374364 0
1837 -0.03444240233267603 0.02360372149520829 0
1838 -0.03812020043159428 -0.01598851672974762 0
1839 -0.04179162912137357 -4.957629227336086e-05 0
1840 0.0293344618164372 0.02942246921205756 0
1841 -0.02614708954765145 -0.03467529169026626 0
1842 -0.03868896121672252 -0.02350410928457509 0
1843 0.0439587975314787 -0.01085145727074653 0
1844 -0.04320970998605994 0.01083023367589041 0
1845 0.01916318021169754 0.04124073641010255 0
1846 0.006413842890873711 -0.04522686081697826 0
1847 -0.0434378434236043 -0.01554230889853009 0
1848 -0.04566212135950744 0.002417263426399474 0
1849 -0.02405681113986633 0.03980675426989917 0
1850 0.01081168161410975 0.04456679782385446 0
1851 -0.04563535149021975 -0.006769364929961316 0
1852 -0.03364799625995735 -0.03128017897028031 0
1853 0.002263721936562268 0.04607911859166586 0
1854 0.04108449578033997 -0.01993387340421367 0
1855 -0.036758176281058 0.02742127718578362 0
1856 0.04242314030915444 0.01539779374925873 0
1857 -0.04130677298823995 0.01977978087033951 0
1858 0.04453076758312392 0.006727107211614625 0
1859 -0.03062193848208754 0.03402430886562553 0
1860 0.03394287119205723 0.03054371128751655 0
1861 0.03257710587099366 0.02571483538189445 0
1862 -0.01124054086351421 -0.04498926979725194 0
1863 -0.008709684125720728 0.03362338143784534 0
1864 0.02710656907471247 0.03694790423834009 0
1865 0.03564497976996114 -0.02111718903464252 0
1866 0.04620633677650866 -0.002269971765216872 0
1867 0.01480801371027751 0.03865486338403426 0
1868 0.003088802035766988 -0.04177982947860596 0
1869 -0.01385670135281482 0.03252807260458222 0
1870 0.007496416166430354 0.04109733240349996 0
1871 0.01718610621900708 -0.03818054890127769 0
1872 0.04012114979030022 0.02413109777192282 0
1873 0.03132028305264101 -0.034556607140436 0
1874 -0.0405575178580825 -0.01248057262653006 0
1875 -0.03212056056306378 -0.02739866237287374 0
1876 -0.01998796410003214 -0.04217127421286532 0
1877 0.04078834527767579 0.01055104580192347 0
1878 -0.04243988172179133 -0.004119072552886058 0
1879 -0.01579659797595189 0.04412660094974924 0
1880 0.03751401191766919 -0.02808784287417651 0
1881 -0.02660246331608317 0.03300487507133393 0
1882 0.02334426746154764 0.03534637820111923 0
1883 -0.03284695202824882 0.02703566139702697 0
1884 -0.002310749579956424 -0.047036388264256 0
1885 0.04189648939798732 0.002568908125613389 0
1886 -0.02918071104236038 -0.03098271416547778 0
1887 -0.01049972302154675 0.04049442048736146 0
1888 0.01170028419476042 0.04102780835900964 0
1889 -0.006949426518738339 0.04657698475370557 0
1890 0.03837730522536188 0.01771215245276843 0
1891 0.02423131219590367 -0.04042708358857326 0
1892 -0.02812095078695248 -0.03794346666730676 0
1893 -0.03491463603080248 -0.02415643043395198 0
1894 -0.0394701287071734 0.01729350992757767 0
1895 0.01791812479496002 0.00912812352180481 0.02533812448382378
1896 0.01791812479496002 -0.007918126881122589 0.02533812448382378
1897 -0.01617437601089478 0.00912812352180481 0.02533812448382378
1898 0.0008718743920326233 0.00912812352180481 0.02533812448382378
1899 -0.01617437601089478 -0.007918126881122589 0.02533812448382378
1900 -0.02043593861162663 -0.003656564280390739 0.02959968708455563
1901 0.0008718743920326233 -0.007918126881122589 0.02533812448382378
1902 -0.01191281341016293 0.00486656092107296 0.03812281042337418
1903 -0.02043593861162663 0.00486656092107296 0.02959968708455563
1904 -0.01191281341016293 -0.003656564280390739 0.03812281042337418
1905 0.005133436992764473 0.01338968612253666 0.03812281042337418
1906 0.005133436992764473 0.01338968612253666 0.02959968708455563
1907 -0.003389688208699226 0.01338968612253666 0.03812281042337418
1908 -0.003389688208699226 0.00486656092107296 0.03812281042337418
1909 -0.003389688208699226 0.01338968612253666 0.02959968708455563
1910 -0.01191281341016293 0.02191281132400036 0.02959968708455563
1911 -0.01191281341016293 0.01338968612253666 0.02959968708455563
1912 -0.009782032109797001 0.002735779620707035 0.04451515898108482
1913 -0.009651680320766869 0.003165298363090015 0.03957369202204202
1914 0.005133436992764473 0.00486656092107296 0.03812281042337418
1915 0.01365656219422817 0.00486656092107296 0.03812281042337418
1916 0.005133436992764473 -0.003656564280390739 0.03812281042337418
1917 0.005133436992764473 -0.003656564280390739 0.02959968708455563
1918 0.005133436992764473 0.00486656092107296 0.02959968708455563
1919 -0.01209914682334271 0.005250357244280314 0.02913826222719819
1920 -0.003389688208699226 -0.003656564280390739 0.03812281042337418
1921 -0.003389688208699226 -0.01217968948185444 0.03812281042337418
1922 -0.003389688208699226 -0.003656564280390739 0.02959968708455563
1923 -0.003116798033076172 0.006213042216085881 0.02942811802354248
1924 -0.003389688208699226 0.00486656092107296 0.02107656188309193
1925 -0.003389688208699226 0.00486656092107296 0.01255343668162823
1926 -0.01208272109715005 -0.01217622999017784 0.0386528180012478
1927 -0.01191281341016293 -0.003656564280390739 0.02959968708455563
1928 -0.01191281341016293 0.00486656092107296 0.02107656188309193
1929 -0.01191281341016293 -0.02070281468331814 0.02959968708455563
1930 -0.01191281341016293 -0.01217968948185444 0.02959968708455563
1931 -0.01191281341016293 -0.003656564280390739 0.02107656188309193
1932 -0.01191281341016293 -0.003656564280390739 0.01255343668162823
1933 0.01365656219422817 -0.003656564280390739 0.03812281042337418
1934 0.005133436992764473 -0.01217968948185444 0.03812281042337418
1935 -0.005520469509065151 0.002735779620707035 0.04451515898108482
1936 -0.001258906908333302 0.002735779620707035 0.04451515898108482
1937 0.005133436992764473 -0.01217968948185444 0.02959968708455563
1938 -0.003389688208699226 -0.01217968948185444 0.02959968708455563
1939 -0.001258906908333302 -0.005787345580756664 0.04451515898108482
1940 -0.001258906908333302 -0.005787345580756664 0.04025359079241753
1941 0.01365656219422817 -0.003656564280390739 0.02959968708455563
1942 0.005133436992764473 -0.003656564280390739 0.02107656188309193
1943 -0.003389688208699226 -0.003656564280390739 0.02107656188309193
1944 -0.003389688208699226 -0.02070281468331814 0.02959968708455563
1945 -0.003389688208699226 -0.01217968948185444 0.02107656188309193
1946 -0.004455078858882189 -0.0004603923298418522 0.0477113276720047
1947 -0.005520469509065151 -0.001525782980024815 0.04451515898108482
1948 -0.004652176400832955 -9.283257378266741e-05 0.04564979878328741
1949 -0.001258906908333302 -0.001525782980024815 0.04451515898108482
1950 0.003002655692398548 -0.001525782980024815 0.04451515898108482
1951 -0.001258906908333302 -0.001525782980024815 0.04025359079241753
1952 -0.005520469509065151 0.006997342221438885 0.04451515898108482
1953 -0.005520469509065151 0.002735779620707035 0.04025359079241753
1954 0.01365656219422817 0.00486656092107296 0.02959968708455563
1955 0.003002655692398548 0.002735779620707035 0.04451515898108482
1956 0.003002655692398548 0.002735779620707035 0.04025359079241753
1957 0.005133436992764473 0.00486656092107296 0.02107656188309193
1958 -0.001258906908333302 0.006997342221438885 0.04451515898108482
1959 -0.002324297558516264 0.001670388970524073 0.0477113276720047
1960 -0.00222934833638492 0.001942507349743836 0.04600878464442165
1961 -0.001258906908333302 0.002735779620707035 0.04025359079241753
1962 -0.002324297558516264 -0.002591173630207777 0.0477113276720047
1963 -0.002324297558516264 -0.0004603923298418522 0.0477113276720047
1964 -0.0001935162581503391 -0.0004603923298418522 0.0477113276720047
1965 -0.002324297558516264 -0.0004603923298418522 0.04558055102825165
1966 0.007264218293130398 0.002735779620707035 0.04451515898108482
1967 0.007264218293130398 -0.001525782980024815 0.04451515898108482
1968 0.003002655692398548 0.006997342221438885 0.04451515898108482
1969 0.001937265042215586 0.001670388970524073 0.0477113276720047
1970 0.001993413567866139 0.001621438370734558 0.04534587428518019
1971 0.003002655692398548 -0.005787345580756664 0.04451515898108482
1972 0.003002655692398548 -0.001525782980024815 0.04025359079241753
1973 -0.0001935162581503391 0.003801170270889997 0.0477113276720047
1974 -0.0001935162581503391 0.001670388970524073 0.0477113276720047
1975 -0.0001575949709246475 0.001410500483599038 0.0458597987134466
1976 -0.03961296752095222 0.01552046742290258 0.006161092780530453
1977 -0.02895906381309032 0.01338968612253666 0.01255343668162823
1978 -0.02043593861162663 0.01338968612253666 0.01255343668162823
1979 -0.02895906381309032 0.00486656092107296 0.01255343668162823
1980 -0.02895906381309032 0.01338968612253666 0.02107656188309193
1981 -0.03748218715190887 0.00486656092107296 0.01255343668162823
1982 -0.03748218715190887 -0.003656564280390739 0.01255343668162823
1983 0.02217968739569187 0.01338968612253666 0.02959968708455563
1984 0.01365656219422817 0.02191281132400036 0.02959968708455563
1985 0.005133436992764473 0.02191281132400036 0.02959968708455563
1986 0.01365656219422817 0.01338968612253666 0.02959968708455563
1987 0.02288298748310829 0.004158798449069819 0.02876968224112452
1988 0.02217968739569187 0.01338968612253666 0.02107656188309193
1989 0.02217968739569187 0.02191281132400036 0.02107656188309193
1990 0.01365656219422817 0.01338968612253666 0.02107656188309193
1991 0.02217968739569187 -0.003656564280390739 0.02959968708455563
1992 0.02193817733422816 0.003660924006307323 0.02069223635227721
1993 0.01152578089386225 0.02404359355568886 0.03599203005433083
1994 0.007264218293130398 0.02404359355568886 0.03599203005433083
1995 -0.003389688208699226 0.02191281132400036 0.02959968708455563
1996 0.005133436992764473 0.02191281132400036 0.02107656188309193
1997 0.005133436992764473 0.03043593652546406 0.02107656188309193
1998 -0.003389688208699226 0.02191281132400036 0.02107656188309193
1999 0.005133436992764473 0.01338968612253666 0.02107656188309193
2000 0.005133436992764473 0.02191281132400036 0.01255343668162823
2001 0.01365656219422817 0.03043593652546406 0.02107656188309193
2002 0.01152578089386225 0.01978202909231186 0.03599203005433083
2003 0.01365656219422817 0.02191281132400036 0.02107656188309193
2004 0.01578734442591667 0.01978202909231186 0.03599203005433083
2005 0.01578734442591667 0.02404359355568886 0.03173046931624413
2006 0.02004890516400337 0.01978202909231186 0.03173046931624413
2007 0.02004890516400337 0.02404359355568886 0.02746890485286713
2008 0.02004890516400337 0.02404359355568886 0.02320734411478043
2009 0.02217968739569187 0.02191281132400036 0.01255343668162823
2010 0.01365656219422817 0.00486656092107296 0.02107656188309193
2011 0.01365656219422817 0.02191281132400036 0.01255343668162823
2012 0.02217968739569187 0.03043593652546406 0.01255343668162823
2013 -0.02895906381309032 -0.02070281468331814 0.01255343668162823
2014 -0.02895906381309032 -0.003656564280390739 0.02959968708455563
2015 -0.02895906381309032 -0.003656564280390739 0.02107656188309193
2016 -0.02895906381309032 -0.01217968948185444 0.02107656188309193
2017 -0.02043593861162663 -0.01217968948185444 0.02107656188309193
2018 -0.02895906381309032 -0.01217968948185444 0.01255343668162823
2019 -0.03748218715190887 -0.01217968948185444 0.01255343668162823
2020 -0.01827809855143454 -0.01863054697724461 0.0201376305864892
2021 -0.02682828158140182 -0.01004890818148851 0.03173046931624413
2022 -0.02043593861162663 -0.01217968948185444 0.02959968708455563
2023 -0.01191281341016293 -0.01217968948185444 0.02107656188309193
2024 -0.02043593861162663 -0.003656564280390739 0.02107656188309193
2025 -0.02043593861162663 -0.01217968948185444 0.01255343668162823
2026 -0.02895906381309032 0.00486656092107296 0.02107656188309193
2027 -0.02895906381309032 -0.003656564280390739 0.01255343668162823
2028 0.02217968739569187 -0.01217968948185444 0.02959968708455563
2029 0.01257061257766462 -0.01116629336157114 0.03156216336077056
2030 0.01365656219422817 -0.01217968948185444 0.02107656188309193
2031 0.01365656219422817 -0.02070281468331814 0.02959968708455563
2032 0.005133436992764473 -0.02070281468331814 0.02959968708455563
2033 0.007264218293130398 -0.01857203245162964 0.04025359079241753
2034 0.005133436992764473 -0.02070281468331814 0.02107656188309193
2035 -0.001258906908333302 -0.01857203245162964 0.04025359079241753
2036 0.003002655692398548 -0.01431047078222036 0.04025359079241753
2037 0.003002655692398548 -0.01857203245162964 0.04025359079241753
2038 0.007264218293130398 -0.01004890818148851 0.04025359079241753
2039 0.007264218293130398 -0.01431047078222036 0.04025359079241753
2040 0.007264218293130398 -0.01431047078222036 0.03599203005433083
2041 0.005133436992764473 -0.01217968948185444 0.02107656188309193
2042 0.005133436992764473 -0.01217968948185444 0.01255343668162823
2043 0.005133436992764473 -0.02922593988478184 0.02107656188309193
2044 0.007264218293130398 -0.01857203245162964 0.03599203005433083
2045 0.007264218293130398 -0.01857203245162964 0.03173046931624413
2046 0.01365656219422817 -0.02070281468331814 0.02107656188309193
2047 0.01365656219422817 -0.02070281468331814 0.01255343668162823
2048 -0.003389688208699226 -0.02070281468331814 0.02107656188309193
2049 0.003002655692398548 -0.01004890818148851 0.04451515898108482
2050 0.003002655692398548 -0.01004890818148851 0.04025359079241753
2051 -0.003389688208699226 -0.02922593988478184 0.02107656188309193
2052 0.003002655692398548 -0.01857203245162964 0.03599203005433083
2053 -0.001122764621905593 -0.01835611085998275 0.03687991194303009
2054 -0.01191281341016293 -0.02070281468331814 0.02107656188309193
2055 0.003002655692398548 -0.01431047078222036 0.03599203005433083
2056 -0.02256672084331512 0.03682828322052956 0.0104226553812623
2057 -0.02043593861162663 0.03043593652546406 0.01255343668162823
2058 -0.01191281341016293 0.03043593652546406 0.01255343668162823
2059 -0.003389688208699226 0.03043593652546406 0.01255343668162823
2060 -0.01191281341016293 0.02191281132400036 0.01255343668162823
2061 -0.01191281341016293 0.03043593652546406 0.02107656188309193
2062 -0.02043593861162663 0.02191281132400036 0.01255343668162823
2063 -0.02043593861162663 0.02191281132400036 0.02107656188309193
2064 -0.02682828158140182 0.03256671875715256 0.0104226553812623
2065 -0.02895906381309032 0.02191281132400036 0.01255343668162823
2066 0.01203984583192783 0.007381963823554932 0.04064426299171336
2067 0.007264218293130398 0.006997342221438885 0.04451515898108482
2068 0.007264218293130398 0.01125890482217073 0.04025359079241753
2069 0.007264218293130398 0.006997342221438885 0.04025359079241753
2070 0.01578734442591667 0.006997342221438885 0.04025359079241753
2071 0.01152578089386225 0.002735779620707035 0.04025359079241753
2072 0.003002655692398548 0.01125890482217073 0.04451515898108482
2073 0.003002655692398548 0.01125890482217073 0.04025359079241753
2074 0.006780119604112126 0.01522112457270778 0.04087439095367932
2075 0.003002655692398548 0.006997342221438885 0.04025359079241753
2076 0.007264218293130398 0.002735779620707035 0.04025359079241753
2077 0.007264218293130398 0.006997342221438885 0.03599203005433083
2078 0.01152578089386225 0.006997342221438885 0.03599203005433083
2079 0.01365656219422817 -0.003656564280390739 0.02107656188309193
2080 0.007605769919428073 0.01067920691530285 0.03593876067165505
2081 -0.003389688208699226 0.01338968612253666 0.02107656188309193
2082 0.005133436992764473 0.01338968612253666 0.01255343668162823
2083 0.007264218293130398 0.006997342221438885 0.03173046931624413
2084 0.006198827642947435 0.01019351370632648 0.04558055102825165
2085 0.01152578089386225 0.01125890482217073 0.04025359079241753
2086 -0.001258906908333302 0.01125890482217073 0.04451515898108482
2087 -0.001258906908333302 0.01125890482217073 0.04025359079241753
2088 0.003002655692398548 0.01552046742290258 0.04025359079241753
2089 -0.005520469509065151 0.01125890482217073 0.04025359079241753
2090 -0.001258906908333302 0.01552046742290258 0.04025359079241753
2091 0.003002655692398548 0.01125890482217073 0.03599203005433083
2092 -0.001258906908333302 0.01125890482217073 0.03599203005433083
2093 -0.01191281341016293 0.01338968612253666 0.02107656188309193
2094 -0.003484019588291349 0.01313998487467907 0.01362992503619076
2095 0.003002655692398548 0.01552046742290258 0.03599203005433083
2096 -0.009782032109797001 0.01125890482217073 0.04025359079241753
2097 -0.005520469509065151 0.01552046742290258 0.04025359079241753
2098 -0.001258906908333302 0.006997342221438885 0.04025359079241753
2099 0.003002655692398548 0.006997342221438885 0.03599203005433083
2100 0.003002655692398548 0.006997342221438885 0.03173046931624413
2101 0.004068046342581511 0.01019351370632648 0.04558055102825165
2102 0.03070281259715557 0.02191281132400036 0.01255343668162823
2103 -0.03535140678286552 -0.02283359691500664 0.0104226553812623
2104 -0.02043593861162663 -0.02070281468331814 0.01255343668162823
2105 -0.01191281341016293 -0.02070281468331814 0.01255343668162823
2106 -0.02043593861162663 -0.02922593988478184 0.01255343668162823
2107 -0.006585860159248114 0.001670388970524073 0.0477113276720047
2108 -0.004455078858882189 0.003801170270889997 0.0477113276720047
2109 -0.004455078858882189 0.001670388970524073 0.0477113276720047
2110 -0.004455078858882189 0.001670388970524073 0.04558055102825165
2111 -0.009782032109797001 0.006997342221438885 0.04451515898108482
2112 -0.008739754331883129 0.001570164939305433 0.04631975310188492
2113 -0.009782032109797001 -0.001525782980024815 0.04451515898108482
2114 -0.009782032109797001 -0.005787345580756664 0.04451515898108482
2115 -0.009782032109797001 -0.001525782980024815 0.04025359079241753
2116 -0.006585860159248114 -0.0004603923298418522 0.0477113276720047
2117 -0.006585860159248114 0.001670388970524073 0.04558055102825165
2118 -0.006585860159248114 -0.002591173630207777 0.0477113276720047
2119 -0.006585860159248114 -0.0004603923298418522 0.04558055102825165
2120 -0.006585860159248114 0.005931951571255922 0.04558055102825165
2121 -0.005520469509065151 0.006997342221438885 0.04025359079241753
2122 -0.009782032109797001 0.006997342221438885 0.04025359079241753
2123 -0.006581588108490032 0.003330635970726341 0.04561585332955539
2124 -0.006585860159248114 0.001670388970524073 0.043449766933918
2125 -0.006585860159248114 0.001670388970524073 0.04131898283958435
2126 -0.005520469509065151 -0.001525782980024815 0.04025359079241753
2127 -0.005520469509065151 0.002735779620707035 0.03599203005433083
2128 -0.005657788949362629 0.002923019189987713 0.03071462689196891
2129 -0.02043593861162663 0.01338968612253666 0.02959968708455563
2130 -0.02043593861162663 0.00486656092107296 0.02107656188309193
2131 -0.01191281341016293 0.00486656092107296 0.01255343668162823
2132 -0.003389688208699226 -0.003656564280390739 0.01255343668162823
2133 -0.01404359471052885 0.002735779620707035 0.04025359079241753
2134 -0.01830515637993813 0.002735779620707035 0.04025359079241753
2135 -0.009721842449442263 0.002462517201421005 0.03511372850032172
2136 -0.005520469509065151 -0.005787345580756664 0.04025359079241753
2137 -0.005520469509065151 -0.001525782980024815 0.03599203005433083
2138 0.02217968739569187 -0.01217968948185444 0.02107656188309193
2139 0.01578734442591667 -0.01857203245162964 0.03599203005433083
2140 0.01152578089386225 -0.01431047078222036 0.04025359079241753
2141 0.01152578089386225 -0.01857203245162964 0.03599203005433083
2142 0.02124227344791728 -0.003433257588914539 0.02017036393083745
2143 0.01578734442591667 -0.005787345580756664 0.04025359079241753
2144 0.01578734442591667 -0.01004890818148851 0.04025359079241753
2145 0.01578734442591667 -0.01431047078222036 0.03599203005433083
2146 0.01578734442591667 -0.01431047078222036 0.03173046931624413
2147 0.02004890516400337 -0.01857203245162964 0.03173046931624413
2148 0.02217968739569187 -0.02070281468331814 0.02107656188309193
2149 0.01578734442591667 -0.01857203245162964 0.03173046931624413
2150 0.02431046962738037 0.02404359355568886 0.02746890485286713
2151 -0.01191281341016293 -0.03774906694889069 0.01255343668162823
2152 -0.01191281341016293 -0.02922593988478184 0.01255343668162823
2153 -0.009782032109797001 0.02404359355568886 0.03599203005433083
2154 -0.01191281341016293 0.02191281132400036 0.02107656188309193
2155 -0.02043593861162663 0.01338968612253666 0.02107656188309193
2156 -0.01830515637993813 0.01552046742290258 0.03599203005433083
2157 -0.01830515637993813 0.02404359355568886 0.03173046931624413
2158 -0.02197124109700524 0.01035681197561716 0.03663774516179152
2159 -0.02256672084331512 0.01978202909231186 0.03173046931624413
2160 -0.02256672084331512 0.02404359355568886 0.02746890485286713
2161 -0.02256672084331512 0.02404359355568886 0.02320734411478043
2162 -0.003389688208699226 0.03043593652546406 0.02107656188309193
2163 -0.02682828158140182 0.01978202909231186 0.02746890485286713
2164 -0.02682828158140182 0.02404359355568886 0.02320734411478043
2165 0.03070281259715557 -0.01217968948185444 0.01255343668162823
2166 0.03070281259715557 -0.003656564280390739 0.01255343668162823
2167 0.03070281259715557 -0.02070281468331814 0.01255343668162823
2168 0.04135671630501747 -0.005787345580756664 0.0104226553812623
2169 0.02217968739569187 -0.003656564280390739 0.01255343668162823
2170 0.03070281259715557 -0.003656564280390739 0.02107656188309193
2171 0.03922593593597412 0.00486656092107296 0.01255343668162823
2172 0.02217968739569187 -0.01217968948185444 0.01255343668162823
2173 0.03070281259715557 -0.01217968948185444 0.02107656188309193
2174 0.005133436992764473 0.03043593652546406 0.01255343668162823
2175 -0.001258906908333302 0.03682828322052956 0.02320734411478043
2176 0.005133436992764473 0.03895906358957291 0.01255343668162823
2177 -0.003389688208699226 0.03895906358957291 0.01255343668162823
2178 -0.003389688208699226 0.02191281132400036 0.01255343668162823
2179 0.01578734442591667 0.04108984395861626 0.006161092780530453
2180 0.01365656219422817 0.03043593652546406 0.01255343668162823
2181 0.03070281259715557 0.00486656092107296 0.02107656188309193
2182 0.03070281259715557 0.01338968612253666 0.02107656188309193
2183 0.03070281259715557 0.00486656092107296 0.01255343668162823
2184 -0.005520469509065151 -0.01004890818148851 0.04451515898108482
2185 -0.006585860159248114 -0.008983517065644264 0.04558055102825165
2186 -0.01830515637993813 -0.01004890818148851 0.04025359079241753
2187 -0.01404359471052885 -0.01431047078222036 0.04025359079241753
2188 -0.01404359471052885 -0.01004890818148851 0.04025359079241753
2189 -0.009611401080688378 -0.01066235863643487 0.04067323391922587
2190 -0.01404359471052885 -0.01004890818148851 0.03599203005433083
2191 -0.009403153546600282 -0.01358996255038726 0.04058539436832286
2192 -0.009483567206356307 -0.01367636994316746 0.0371351067384199
2193 -0.005520469509065151 -0.01004890818148851 0.04025359079241753
2194 -0.009782032109797001 -0.005787345580756664 0.04025359079241753
2195 -0.009782032109797001 -0.01004890818148851 0.03599203005433083
2196 -0.009782032109797001 -0.01004890818148851 0.03173046931624413
2197 -0.005520469509065151 -0.005787345580756664 0.04451515898108482
2198 -0.01404359471052885 -0.005787345580756664 0.04025359079241753
2199 -0.008716640993952751 -0.006852736230939627 0.04558055102825165
2200 -0.0109166386580851 -0.006146889298938818 0.03577879662635822
2201 -0.009782032109797001 -0.005787345580756664 0.03173046931624413
2202 -0.005338795031540697 -0.01421715054201374 0.04019903098966053
2203 -0.005520469509065151 -0.01857203245162964 0.04025359079241753
2204 -0.009782032109797001 -0.01857203245162964 0.04025359079241753
2205 0.003002655692398548 0.01978202909231186 0.04025359079241753
2206 0.003002655692398548 0.02404359355568886 0.03599203005433083
2207 -0.001258906908333302 0.01978202909231186 0.04025359079241753
2208 -0.001078310169857022 0.02485604089180879 0.03699053301726259
2209 -0.001258906908333302 0.02404359355568886 0.03173046931624413
2210 0.003002655692398548 0.01978202909231186 0.03599203005433083
2211 0.003002655692398548 0.02404359355568886 0.03173046931624413
2212 -0.001258906908333302 0.02830515429377556 0.03173046931624413
2213 -0.005520469509065151 0.01978202909231186 0.04025359079241753
2214 -0.005520469509065151 0.02404359355568886 0.03599203005433083
2215 -0.001167992301749404 0.01990860382298988 0.03585860179263986
2216 -0.001258906908333302 0.01552046742290258 0.03599203005433083
2217 0.02217968739569187 -0.02922593988478184 0.01255343668162823
2218 0.005133436992764473 -0.03774906694889069 0.01255343668162823
2219 0.01365656219422817 -0.02922593988478184 0.01255343668162823
2220 0.02217968739569187 -0.02070281468331814 0.01255343668162823
2221 0.007264218293130398 -0.005787345580756664 0.04451515898108482
2222 -0.001258906908333302 -0.01004890818148851 0.04451515898108482
2223 0.001937265042215586 -0.006852736230939627 0.04558055102825165
2224 0.003002655692398548 -0.005787345580756664 0.04025359079241753
2225 0.003002655692398548 -0.01004890818148851 0.03599203005433083
2226 -0.0001935162581503391 -0.004721954930573702 0.0477113276720047
2227 -0.0001935162581503391 -0.008983517065644264 0.04558055102825165
2228 -0.001258906908333302 -0.01004890818148851 0.04025359079241753
2229 -0.0001935162581503391 -0.006852736230939627 0.0477113276720047
2230 -0.0001935162581503391 -0.006852736230939627 0.04558055102825165
2231 -0.001258906908333302 -0.01431047078222036 0.04025359079241753
2232 -0.002324297558516264 -0.008983517065644264 0.04558055102825165
2233 -0.004455078858882189 -0.006852736230939627 0.04558055102825165
2234 -0.002324297558516264 -0.004721954930573702 0.0477113276720047
2235 -0.002324297558516264 -0.004721954930573702 0.04558055102825165
2236 -0.002324297558516264 -0.006852736230939627 0.04558055102825165
2237 -0.002324297558516264 -0.006852736230939627 0.043449766933918
2238 -0.002324297558516264 -0.006852736230939627 0.04131898283958435
2239 -0.001258906908333302 -0.005787345580756664 0.03599203005433083
2240 -0.005520469509065151 -0.005787345580756664 0.03599203005433083
2241 -0.001258906908333302 -0.01004890818148851 0.03599203005433083
2242 -0.001258906908333302 -0.01004890818148851 0.03173046931624413
2243 -0.003389688208699226 -0.01217968948185444 0.01255343668162823
2244 -0.009782032109797001 0.01552046742290258 0.04025359079241753
2245 -0.005520469509065151 0.01978202909231186 0.03599203005433083
2246 -0.005382569898339338 0.01557080836133979 0.03558855590979628
2247 -0.001258906908333302 0.01978202909231186 0.03173046931624413
2248 -0.03108984604477882 0.01125890482217073 0.02746890485286713
2249 -0.03108984604477882 0.006997342221438885 0.02746890485286713
2250 -0.03108984604477882 0.01125890482217073 0.02320734411478043
2251 -0.03535140678286552 0.01125890482217073 0.02320734411478043
2252 0.03709515556693077 -0.01004890818148851 0.01894577965140343
2253 0.03070281259715557 0.01338968612253666 0.01255343668162823
2254 0.02217968739569187 0.01338968612253666 0.01255343668162823
2255 0.003002655692398548 -0.03135672211647034 0.03173046931624413
2256 -0.01191281341016293 -0.02922593988478184 0.02107656188309193
2257 -0.003389688208699226 -0.03774906694889069 0.01255343668162823
2258 -0.001258906908333302 -0.03135672211647034 0.03173046931624413
2259 -0.009782032109797001 -0.03561828657984734 0.02320734411478043
2260 -0.005520469509065151 -0.02709515765309334 0.03173046931624413
2261 -0.005520469509065151 -0.03135672211647034 0.02746890485286713
2262 -0.005520469509065151 -0.03135672211647034 0.02320734411478043
2263 -0.003389688208699226 -0.02922593988478184 0.01255343668162823
2264 -0.005520469509065151 -0.03561828657984734 0.02320734411478043
2265 -0.002324297558516264 0.008062733337283134 0.04558055102825165
2266 -0.002324297558516264 0.005931951571255922 0.0477113276720047
2267 -0.0001935162581503391 0.005931951571255922 0.0477113276720047
2268 -0.002324297558516264 0.003801170270889997 0.0477113276720047
2269 -0.002324297558516264 0.005931951571255922 0.04558055102825165
2270 -0.004455078858882189 0.005931951571255922 0.04558055102825165
2271 -0.002324297558516264 0.003801170270889997 0.04558055102825165
2272 0.001937265042215586 0.005931951571255922 0.0477113276720047
2273 -0.0001935162581503391 0.005931951571255922 0.04558055102825165
2274 -0.002324297558516264 0.005931951571255922 0.043449766933918
2275 -0.002324297558516264 0.005931951571255922 0.04131898283958435
2276 -0.001258906908333302 0.006997342221438885 0.03599203005433083
2277 -0.005520469509065151 0.01125890482217073 0.03599203005433083
2278 -0.005520469509065151 0.006997342221438885 0.03599203005433083
2279 -0.001201834405512141 0.002168982746440794 0.03450390235149333
2280 0.04135671630501747 0.002735779620707035 0.01468421798199415
2281 -0.01830515637993813 0.006997342221438885 0.04025359079241753
2282 -0.01404359471052885 0.006997342221438885 0.04025359079241753
2283 -0.01830515637993813 0.01125890482217073 0.04025359079241753
2284 -0.01749130797488723 0.01053741474914126 0.03569405591730466
2285 -0.01820105768604755 0.006832098989918544 0.03677828826372063
2286 -0.01830515637993813 0.006997342221438885 0.03173046931624413
2287 -0.02682828158140182 0.002735779620707035 0.03599203005433083
2288 -0.02256672084331512 0.002735779620707035 0.03599203005433083
2289 -0.02256672084331512 0.002735779620707035 0.03173046931624413
2290 -0.02256672084331512 0.006997342221438885 0.03599203005433083
2291 -0.02256672084331512 0.006997342221438885 0.03173046931624413
2292 -0.02682828158140182 0.006997342221438885 0.03173046931624413
2293 -0.02256672084331512 0.006997342221438885 0.02746890485286713
2294 -0.02043593861162663 0.00486656092107296 0.01255343668162823
2295 -0.02043593861162663 -0.003656564280390739 0.01255343668162823
2296 0.001937265042215586 0.01232429593801498 0.04558055102825165
2297 -0.03108984604477882 -0.01857203245162964 0.02320734411478043
2298 -0.01830515637993813 -0.01431047078222036 0.03599203005433083
2299 -0.01404359471052885 -0.01431047078222036 0.03599203005433083
2300 -0.01404359471052885 -0.01431047078222036 0.03173046931624413
2301 -0.01830515637993813 -0.01004890818148851 0.03599203005433083
2302 -0.02256672084331512 -0.01004890818148851 0.03599203005433083
2303 -0.02256672084331512 -0.01431047078222036 0.03599203005433083
2304 -0.01830515637993813 -0.005787345580756664 0.04025359079241753
2305 -0.001258906908333302 -0.04414140805602074 0.006161092780530453
2306 -0.005520469509065151 -0.04414140805602074 0.006161092780530453
2307 0.003002655692398548 0.02830515429377556 0.03173046931624413
2308 0.003002655692398548 0.03256671875715256 0.02746890485286713
2309 0.003002655692398548 0.03256671875715256 0.02320734411478043
2310 0.01152578089386225 0.01552046742290258 0.04025359079241753
2311 0.007264218293130398 0.01552046742290258 0.03599203005433083
2312 0.004068046342581511 0.01232429593801498 0.04558055102825165
2313 0.01578734442591667 0.01125890482217073 0.04025359079241753
2314 0.01152578089386225 0.01125890482217073 0.03599203005433083
2315 0.01152578089386225 0.01125890482217073 0.03173046931624413
2316 0.01578734442591667 0.002735779620707035 0.04025359079241753
2317 -0.001258906908333302 -0.01857203245162964 0.03173046931624413
2318 -0.0001935162581503391 -0.01750664226710796 0.043449766933918
2319 0.01152578089386225 -0.001525782980024815 0.04451515898108482
2320 0.007264218293130398 -0.001525782980024815 0.04025359079241753
2321 0.007264218293130398 0.002735779620707035 0.03599203005433083
2322 0.007264218293130398 0.002735779620707035 0.03173046931624413
2323 0.001937265042215586 0.003801170270889997 0.0477113276720047
2324 0.004068046342581511 0.001670388970524073 0.0477113276720047
2325 0.004068046342581511 0.003801170270889997 0.04558055102825165
2326 -0.02682828158140182 -0.001525782980024815 0.03599203005433083
2327 -0.02682828158140182 -0.005787345580756664 0.03599203005433083
2328 -0.02682828158140182 0.002735779620707035 0.03173046931624413
2329 -0.03108984604477882 0.002735779620707035 0.03173046931624413
2330 -0.02682828158140182 0.002735779620707035 0.02746890485286713
2331 -0.03108984604477882 -0.001525782980024815 0.03173046931624413
2332 -0.03108984604477882 0.002735779620707035 0.02746890485286713
2333 -0.03535140678286552 -0.001525782980024815 0.02746890485286713
2334 -0.03535140678286552 -0.001525782980024815 0.02320734411478043
2335 -0.03535140678286552 0.002735779620707035 0.02320734411478043
2336 -0.001258906908333302 0.03256671875715256 0.02746890485286713
2337 0.04135671630501747 0.006997342221438885 0.01468421798199415
2338 0.01365656219422817 -0.02922593988478184 0.02107656188309193
2339 0.01152578089386225 -0.02283359691500664 0.03599203005433083
2340 0.007264218293130398 -0.02283359691500664 0.03599203005433083
2341 0.01152578089386225 -0.02283359691500664 0.03173046931624413
2342 0.01152578089386225 -0.005787345580756664 0.04025359079241753
2343 0.003002655692398548 -0.02709515765309334 0.03599203005433083
2344 -0.001258906908333302 -0.02709515765309334 0.03599203005433083
2345 -0.0001935162581503391 -0.02176820673048496 0.04131898283958435
2346 0.003002655692398548 -0.02283359691500664 0.03599203005433083
2347 0.003002655692398548 -0.02283359691500664 0.03173046931624413
2348 -0.001258906908333302 -0.02283359691500664 0.03599203005433083
2349 -0.001258906908333302 -0.02283359691500664 0.03173046931624413
2350 -0.03961296752095222 -0.01004890818148851 0.0104226553812623
2351 -0.04387453570961952 -0.005787345580756664 0.0104226553812623
2352 0.03709515556693077 -0.005787345580756664 0.02320734411478043
2353 0.02431046962738037 -0.02709515765309334 0.02320734411478043
2354 0.02857203036546707 -0.02283359691500664 0.02320734411478043
2355 -0.02150133065879345 0.003801170270889997 0.04131898283958435
2356 -0.01830515637993813 -0.001525782980024815 0.04025359079241753
2357 -0.01830515637993813 0.002735779620707035 0.03599203005433083
2358 -0.01830515637993813 0.002735779620707035 0.03173046931624413
2359 -0.02256672084331512 -0.001525782980024815 0.03599203005433083
2360 -0.0236321110278368 0.003801170270889997 0.0391881987452507
2361 -0.02576289139688015 0.001670388970524073 0.0391881987452507
2362 -0.02576289139688015 0.003801170270889997 0.0391881987452507
2363 -0.02576289139688015 0.003801170270889997 0.03705742210149765
2364 0.003002655692398548 -0.02709515765309334 0.03173046931624413
2365 0.003002655692398548 -0.03135672211647034 0.02746890485286713
2366 0.003002655692398548 -0.03135672211647034 0.02320734411478043
2367 0.005133436992764473 -0.02922593988478184 0.01255343668162823
2368 -0.001258906908333302 -0.02709515765309334 0.03173046931624413
2369 -0.009782032109797001 -0.02283359691500664 0.03599203005433083
2370 -0.009782032109797001 -0.02709515765309334 0.03173046931624413
2371 -0.01404359471052885 0.01978202909231186 0.03599203005433083
2372 -0.009782032109797001 0.01978202909231186 0.03599203005433083
2373 -0.009782032109797001 0.01552046742290258 0.03599203005433083
2374 -0.009782032109797001 0.01552046742290258 0.03173046931624413
2375 -0.02256672084331512 -0.01857203245162964 0.03173046931624413
2376 -0.02256672084331512 -0.02283359691500664 0.02746890485286713
2377 -0.01830515637993813 -0.02283359691500664 0.03173046931624413
2378 -0.02256672084331512 -0.02709515765309334 0.02320734411478043
2379 -0.02682828158140182 -0.02709515765309334 0.02320734411478043
2380 -0.02682828158140182 -0.02709515765309334 0.01894577965140343
2381 0.02431046962738037 -0.03135672211647034 0.01894577965140343
2382 0.01578734442591667 0.03256671875715256 0.02320734411478043
2383 0.01578734442591667 -0.02283359691500664 0.03173046931624413
2384 0.01152578089386225 -0.02709515765309334 0.03173046931624413
2385 0.04135671630501747 0.01552046742290258 0.006161092780530453
2386 0.0109630182557725 -0.01025622050753586 0.04024163009844885
2387 0.007264218293130398 -0.005787345580756664 0.04025359079241753
2388 0.001937265042215586 -0.008983517065644264 0.04558055102825165
2389 -0.0003511236329583359 -0.01123186625959607 0.04582155467058296
2390 -0.0001935162581503391 -0.008983517065644264 0.043449766933918
2391 0.004068046342581511 -0.0004603923298418522 0.0477113276720047
2392 0.001937265042215586 -0.0004603923298418522 0.0477113276720047
2393 0.001937265042215586 -0.002591173630207777 0.0477113276720047
2394 0.001937265042215586 -0.0004603923298418522 0.04558055102825165
2395 -0.0001935162581503391 -0.002591173630207777 0.0477113276720047
2396 -0.004455078858882189 -0.002591173630207777 0.0477113276720047
2397 -0.0024500133616873 -0.002867164402502204 0.04580600598241878
2398 -0.0001935162581503391 -0.002591173630207777 0.04558055102825165
2399 0.001937265042215586 -0.004721954930573702 0.0477113276720047
2400 -0.0001935162581503391 -0.004721954930573702 0.04558055102825165
2401 0.0003503331288161732 -0.00197081856548814 0.04818189309982647
2402 0.004068046342581511 -0.002591173630207777 0.0477113276720047
2403 0.006198827642947435 -0.002591173630207777 0.04558055102825165
2404 0.003831980620418522 -0.00516321462687915 0.0474094913588646
2405 0.004068046342581511 -0.002591173630207777 0.04558055102825165
2406 0.001937265042215586 -0.004721954930573702 0.04558055102825165
2407 0.001893989043459279 -0.002404211619146543 0.04569207084479367
2408 0.001937265042215586 -0.002591173630207777 0.043449766933918
2409 0.001937265042215586 -0.002591173630207777 0.04131898283958435
2410 0.003002655692398548 -0.001525782980024815 0.03599203005433083
2411 0.003002655692398548 -0.001525782980024815 0.03173046931624413
2412 0.005133436992764473 -0.003656564280390739 0.01255343668162823
2413 0.005133436992764473 0.00486656092107296 0.01255343668162823
2414 -0.001258906908333302 -0.001525782980024815 0.03599203005433083
2415 0.003002655692398548 -0.005787345580756664 0.03599203005433083
2416 -0.0001935162581503391 -0.0004603923298418522 0.04558055102825165
2417 -0.0001935162581503391 -0.002591173630207777 0.043449766933918
2418 -0.0001935162581503391 -0.0004603923298418522 0.043449766933918
2419 0.007264218293130398 -0.04414140805602074 0.006161092780530453
2420 0.007264218293130398 -0.03987984731793404 0.006161092780530453
2421 0.004068046342581511 0.005931951571255922 0.04558055102825165
2422 0.006198827642947435 0.005931951571255922 0.04558055102825165
2423 0.001937265042215586 0.005931951571255922 0.04558055102825165
2424 0.004068046342581511 0.008062733337283134 0.04558055102825165
2425 0.004068046342581511 0.005931951571255922 0.043449766933918
2426 0.003002655692398548 0.002735779620707035 0.03599203005433083
2427 0.001937265042215586 0.003801170270889997 0.04558055102825165
2428 0.001937265042215586 0.008062733337283134 0.04558055102825165
2429 0.001937265042215586 0.005931951571255922 0.043449766933918
2430 0.006198827642947435 0.001670388970524073 0.0477113276720047
2431 0.006198827642947435 0.003801170270889997 0.04558055102825165
2432 0.004068046342581511 0.001670388970524073 0.04558055102825165
2433 0.004068046342581511 0.003801170270889997 0.043449766933918
2434 0.003002655692398548 0.002735779620707035 0.03173046931624413
2435 0.002469960367307067 0.004333865828812122 0.04824402183294296
2436 -0.0001935162581503391 0.003801170270889997 0.04558055102825165
2437 0.001937265042215586 0.003801170270889997 0.043449766933918
2438 -0.001258906908333302 0.04535140469670296 0.006161092780530453
2439 -0.001258906908333302 0.04108984395861626 0.006161092780530453
2440 -0.01404359471052885 -0.001525782980024815 0.04025359079241753
2441 -0.01404359471052885 -0.005787345580756664 0.03599203005433083
2442 -0.01404359471052885 -0.005787345580756664 0.03173046931624413
2443 -0.01084742322564125 -0.006852736230939627 0.04558055102825165
2444 -0.01029982064855115 -0.009558936886928127 0.0456215861104503
2445 -0.01084742322564125 -0.008983517065644264 0.043449766933918
2446 -0.005520469509065151 -0.01004890818148851 0.03599203005433083
2447 -0.01404359471052885 -0.01004890818148851 0.03173046931624413
2448 -0.009782032109797001 -0.01431047078222036 0.03173046931624413
2449 -0.009782032109797001 -0.01004890818148851 0.02746890485286713
2450 -0.01191281341016293 -0.01217968948185444 0.01255343668162823
2451 0.01578734442591667 0.006997342221438885 0.03599203005433083
2452 -0.01404359471052885 0.01125890482217073 0.04025359079241753
2453 -0.01330635484707406 0.01086911107100477 0.03619359694575653
2454 -0.01404359471052885 0.01125890482217073 0.03173046931624413
2455 -0.01339958298175443 0.01475474481486294 0.03594908229594668
2456 -0.01404359471052885 0.01552046742290258 0.03173046931624413
2457 -0.01404359471052885 0.01552046742290258 0.02746890485286713
2458 -0.01191281341016293 0.01338968612253666 0.01255343668162823
2459 -0.01830515637993813 0.01552046742290258 0.03173046931624413
2460 -0.01830515637993813 0.01125890482217073 0.03173046931624413
2461 -0.01830515637993813 0.04108984395861626 0.006161092780530453
2462 -0.02256672084331512 0.03682828322052956 0.006161092780530453
2463 -0.02256672084331512 0.03256671875715256 0.006161092780530453
2464 -0.002324297558516264 0.01445507630705833 0.04558055102825165
2465 -0.03108984604477882 0.01552046742290258 0.02746890485286713
2466 -0.009782032109797001 -0.01857203245162964 0.03599203005433083
2467 -0.01404359471052885 -0.01857203245162964 0.03599203005433083
2468 -0.009782032109797001 -0.01857203245162964 0.03173046931624413
2469 0.01152578089386225 0.03256671875715256 0.02746890485286713
2470 0.01578734442591667 0.02830515429377556 0.02746890485286713
2471 -0.03961296752095222 -0.01004890818148851 0.01894577965140343
2472 -0.006585860159248114 0.01445507630705833 0.043449766933918
2473 -0.006585860159248114 0.01445507630705833 0.04131898283958435
2474 -0.005520469509065151 0.01125890482217073 0.03173046931624413
2475 0.01152578089386225 -0.001525782980024815 0.04025359079241753
2476 0.01152578089386225 -0.005787345580756664 0.03599203005433083
2477 0.01211288868442622 -0.006270129565084951 0.03258597192259641
2478 0.006198827642947435 -0.006852736230939627 0.04558055102825165
2479 0.008329609408974648 -0.004721954930573702 0.04558055102825165
2480 0.008329609408974648 -0.006852736230939627 0.04558055102825165
2481 0.008329609408974648 -0.006852736230939627 0.043449766933918
2482 0.007264218293130398 -0.001525782980024815 0.03599203005433083
2483 0.00821502655087465 -0.006250874701307805 0.03584347624114531
2484 -0.04387453570961952 0.002735779620707035 0.006161092780530453
2485 -0.03961296752095222 0.002735779620707035 0.006161092780530453
2486 -0.0236321110278368 0.01232429593801498 0.03705742210149765
2487 -0.02256672084331512 0.01125890482217073 0.03173046931624413
2488 -0.02682828158140182 0.01125890482217073 0.03173046931624413
2489 -0.02256672084331512 0.01552046742290258 0.03173046931624413
2490 -0.02256672084331512 0.01125890482217073 0.02746890485286713
2491 -0.02682828158140182 0.01125890482217073 0.02746890485286713
2492 -0.02256672084331512 0.01552046742290258 0.02746890485286713
2493 -0.005520469509065151 0.03682828322052956 0.02320734411478043
2494 -0.01404359471052885 -0.001525782980024815 0.03599203005433083
2495 -0.01404359471052885 -0.001525782980024815 0.03173046931624413
2496 -0.01404359471052885 0.006997342221438885 0.03599203005433083
2497 0.004068046342581511 -0.0004603923298418522 0.04558055102825165
2498 0.02004890516400337 -0.005787345580756664 0.03599203005433083
2499 0.02004890516400337 -0.005787345580756664 0.03173046931624413
2500 0.01578734442591667 -0.001525782980024815 0.04025359079241753
2501 0.01578734442591667 -0.005787345580756664 0.03599203005433083
2502 0.01651212027423912 -0.005161695000999354 0.031736129458473
2503 0.02004890516400337 -0.01004890818148851 0.03599203005433083
2504 -0.0129782035946846 0.003801170270889997 0.04558055102825165
2505 -0.01084742322564125 0.003801170270889997 0.04558055102825165
2506 0.02857203036546707 -0.01857203245162964 0.02746890485286713
2507 -0.004144285684910038 -0.00531467465725693 0.04708904804540876
2508 -0.004545293234140361 -0.004773506495037631 0.04588985545893245
2509 -0.04387453570961952 0.01125890482217073 0.006161092780530453
2510 0.02857203036546707 -0.005787345580756664 0.03173046931624413
2511 0.007264218293130398 0.01978202909231186 0.03599203005433083
2512 0.007264218293130398 0.02404359355568886 0.03173046931624413
2513 -0.01830515637993813 -0.01857203245162964 0.03173046931624413
2514 -0.01830515637993813 -0.01857203245162964 0.02746890485286713
2515 -0.01830515637993813 -0.02283359691500664 0.02746890485286713
2516 -0.02256672084331512 -0.01857203245162964 0.02746890485286713
2517 -0.01404359471052885 0.01978202909231186 0.03173046931624413
2518 -0.009782032109797001 0.01978202909231186 0.03173046931624413
2519 -0.01830515637993813 0.01978202909231186 0.03173046931624413
2520 -0.01404359471052885 0.02404359355568886 0.03173046931624413
2521 -0.01404359471052885 0.01978202909231186 0.02746890485286713
2522 0.008329609408974648 0.01019351370632648 0.04558055102825165
2523 -0.001258906908333302 0.04108984395861626 0.01894577965140343
2524 -0.009782032109797001 0.03256671875715256 0.02320734411478043
2525 -0.009782032109797001 0.04108984395861626 0.01468421798199415
2526 -0.005520469509065151 0.03256671875715256 0.02320734411478043
2527 -0.005520469509065151 0.03682828322052956 0.01894577965140343
2528 -0.005520469509065151 0.04108984395861626 0.01468421798199415
2529 0.02431046962738037 0.006997342221438885 0.03599203005433083
2530 -0.0129782035946846 -0.01537586189806461 0.04131898283958435
2531 -0.01404359471052885 -0.01857203245162964 0.03173046931624413
2532 -0.006585860159248114 -0.006852736230939627 0.04558055102825165
2533 -0.004455078858882189 -0.006852736230939627 0.043449766933918
2534 0.001388765999161369 -0.001183268818832551 0.04804092969652159
2535 0.02431046962738037 -0.005787345580756664 0.03599203005433083
2536 -0.005520469509065151 -0.02283359691500664 0.03599203005433083
2537 -0.00559949476616054 -0.0191769909758448 0.0356940872577566
2538 -0.005520469509065151 -0.02283359691500664 0.03173046931624413
2539 -0.005520469509065151 -0.01857203245162964 0.03173046931624413
2540 0.02004890516400337 0.01125890482217073 0.03599203005433083
2541 0.01578734442591667 0.01552046742290258 0.03599203005433083
2542 0.01578734442591667 0.01125890482217073 0.03599203005433083
2543 0.01578734442591667 0.01125890482217073 0.03173046931624413
2544 -0.01404359471052885 0.02830515429377556 0.03173046931624413
2545 -0.01404359471052885 0.03256671875715256 0.02746890485286713
2546 -0.005520469509065151 0.02830515429377556 0.03173046931624413
2547 -0.009782032109797001 0.02404359355568886 0.03173046931624413
2548 -0.009782032109797001 0.02830515429377556 0.03173046931624413
2549 -0.009782032109797001 0.02830515429377556 0.02746890485286713
2550 0.01152578089386225 0.02404359355568886 0.03173046931624413
2551 -0.01404359471052885 -0.02709515765309334 0.03173046931624413
2552 -0.01830515637993813 -0.02709515765309334 0.02746890485286713
2553 -0.02682828158140182 -0.03135672211647034 0.01468421798199415
2554 -0.01084742322564125 0.001670388970524073 0.04558055102825165
2555 -0.008716640993952751 0.003801170270889997 0.04558055102825165
2556 -0.008716640993952751 -0.0004603923298418522 0.04558055102825165
2557 -0.008716640993952751 0.001670388970524073 0.043449766933918
2558 -0.03108984604477882 -0.01431047078222036 0.02746890485286713
2559 -0.004455078858882189 0.008062733337283134 0.04558055102825165
2560 -0.002324297558516264 0.01019351370632648 0.04558055102825165
2561 -0.0001935162581503391 0.008062733337283134 0.04558055102825165
2562 -0.002324297558516264 0.008062733337283134 0.043449766933918
2563 0.007264218293130398 0.03256671875715256 0.02746890485286713
2564 0.007264218293130398 0.03682828322052956 0.02320734411478043
2565 0.003002655692398548 0.03682828322052956 0.02320734411478043
2566 0.01578734442591667 -0.02709515765309334 0.03173046931624413
2567 0.01578734442591667 -0.03135672211647034 0.02746890485286713
2568 0.01578734442591667 -0.03135672211647034 0.02320734411478043
2569 0.02004890516400337 -0.02283359691500664 0.03173046931624413
2570 0.02004890516400337 -0.02709515765309334 0.02746890485286713
2571 0.01152578089386225 -0.03135672211647034 0.02746890485286713
2572 0.01152578089386225 -0.03135672211647034 0.02320734411478043
2573 0.01578734442591667 -0.02709515765309334 0.02746890485286713
2574 0.01578734442591667 -0.02709515765309334 0.02320734411478043
2575 0.02004890516400337 -0.02283359691500664 0.02746890485286713
2576 0.02004890516400337 -0.02709515765309334 0.02320734411478043
2577 0.02004890516400337 -0.03135672211647034 0.01894577965140343
2578 0.01578734442591667 -0.03135672211647034 0.01894577965140343
2579 -0.004421182687763488 0.003948655091312227 0.04543390676023144
2580 -0.004455078858882189 0.003801170270889997 0.043449766933918
2581 -0.003922383300960064 0.005399256013333797 0.04824402183294296
2582 -0.02576289139688015 0.008062733337283134 0.03705742210149765
2583 -0.005520469509065151 0.02404359355568886 0.03173046931624413
2584 -0.002035603510866393 -0.02146980552719227 0.0415351045759987
2585 -0.009782032109797001 0.03256671875715256 0.02746890485286713
2586 -0.005520469509065151 0.03256671875715256 0.02746890485286713
2587 0.02431046962738037 0.03256671875715256 0.01894577965140343
2588 -0.02256672084331512 0.03256671875715256 0.01468421798199415
2589 -0.02682828158140182 0.02830515429377556 0.01468421798199415
2590 -0.006585860159248114 0.02084741927683353 0.04131898283958435
2591 0.01578734442591667 -0.03561828657984734 0.01894577965140343
2592 0.007264218293130398 -0.03987984731793404 0.01894577965140343
2593 0.007264218293130398 -0.03987984731793404 0.01468421798199415
2594 0.01152578089386225 -0.03561828657984734 0.01894577965140343
2595 0.01152578089386225 -0.03135672211647034 0.01894577965140343
2596 0.005133436992764473 -0.02070281468331814 0.01255343668162823
2597 0.01381118603217679 -0.01095128347902217 0.01335080220657963
2598 0.01152578089386225 -0.03561828657984734 0.02320734411478043
2599 0.01152578089386225 -0.03987984731793404 0.01468421798199415
2600 -0.02256672084331512 -0.01004890818148851 0.03173046931624413
2601 -0.02682828158140182 -0.005787345580756664 0.03173046931624413
2602 -0.02682828158140182 -0.01431047078222036 0.03173046931624413
2603 -0.02682828158140182 -0.01004890818148851 0.02746890485286713
2604 -0.03108984604477882 -0.005787345580756664 0.03173046931624413
2605 -0.03108984604477882 -0.005787345580756664 0.02746890485286713
2606 -0.03108984604477882 -0.005787345580756664 0.02320734411478043
2607 -0.03108984604477882 -0.01004890818148851 0.02746890485286713
2608 -0.03108984604477882 -0.01004890818148851 0.02320734411478043
2609 0.006198827642947435 0.001670388970524073 0.04558055102825165
2610 0.004068046342581511 0.001670388970524073 0.043449766933918
2611 -0.02256672084331512 -0.03561828657984734 0.0104226553812623
2612 -0.009782032109797001 -0.02283359691500664 0.03173046931624413
2613 -0.04387453570961952 0.002735779620707035 0.0104226553812623
2614 -0.03961296752095222 0.002735779620707035 0.0104226553812623
2615 -0.04387453570961952 -0.001525782980024815 0.0104226553812623
2616 -0.02276151821408865 -0.005768187981702041 0.03634422679720567
2617 -0.01783936301933183 -0.005741601765935208 0.03552755780210351
2618 -0.02256672084331512 -0.005787345580756664 0.03173046931624413
2619 0.01152578089386225 0.04108984395861626 0.006161092780530453
2620 0.01578734442591667 0.03682828322052956 0.006161092780530453
2621 -0.01084742322564125 0.008062733337283134 0.04558055102825165
2622 -0.0129782035946846 0.005931951571255922 0.04558055102825165
2623 -0.0129782035946846 0.008062733337283134 0.043449766933918
2624 -0.0129782035946846 0.008062733337283134 0.04131898283958435
2625 -0.009782032109797001 0.006997342221438885 0.03599203005433083
2626 0.02857203036546707 0.006997342221438885 0.03173046931624413
2627 0.03283359482884407 0.006997342221438885 0.02746890485286713
2628 -0.006585860159248114 -0.004721954930573702 0.04558055102825165
2629 -0.008716640993952751 -0.004721954930573702 0.04558055102825165
2630 -0.006778398594400951 -0.002404291939121646 0.04558067980184011
2631 -0.006585860159248114 -0.004721954930573702 0.043449766933918
2632 -0.03535140678286552 -0.005787345580756664 0.02320734411478043
2633 -0.03961296752095222 -0.005787345580756664 0.01894577965140343
2634 -0.009782032109797001 -0.03135672211647034 0.02746890485286713
2635 -0.01404359471052885 -0.03135672211647034 0.02746890485286713
2636 -0.0129782035946846 0.001670388970524073 0.04558055102825165
2637 -0.01830515637993813 -0.03135672211647034 0.02320734411478043
2638 -0.02288446335081096 -0.0227866979264706 0.02326157608982395
2639 -0.02256672084331512 -0.03135672211647034 0.01894577965140343
2640 -0.02682828158140182 0.01552046742290258 0.02746890485286713
2641 -0.03108984604477882 0.01552046742290258 0.02320734411478043
2642 -0.03535140678286552 0.01552046742290258 0.01894577965140343
2643 0.02431046962738037 0.01552046742290258 0.03173046931624413
2644 -0.009782032109797001 -0.02709515765309334 0.02746890485286713
2645 -0.01830515637993813 -0.01431047078222036 0.03173046931624413
2646 -0.02150133065879345 0.001670388970524073 0.04131898283958435
2647 -0.02682828158140182 -0.001525782980024815 0.03173046931624413
2648 -0.02576289139688015 -0.0004603923298418522 0.0391881987452507
2649 -0.02256672084331512 -0.001525782980024815 0.03173046931624413
2650 -0.02682828158140182 -0.001525782980024815 0.02746890485286713
2651 -0.02682828158140182 -0.001525782980024815 0.02320734411478043
2652 -0.03961296752095222 0.01552046742290258 0.0104226553812623
2653 0.003002655692398548 -0.04414140805602074 0.006161092780530453
2654 -0.002324297558516264 0.01658585853874683 0.043449766933918
2655 -0.001258906908333302 0.01552046742290258 0.03173046931624413
2656 -0.00273456848051039 0.01898889564670394 0.04120493723148217
2657 -0.04387453570961952 0.006997342221438885 0.006161092780530453
2658 0.007264218293130398 -0.02709515765309334 0.03173046931624413
2659 0.007264218293130398 -0.02283359691500664 0.03173046931624413
2660 -0.0151089858263731 0.005931951571255922 0.043449766933918
2661 -0.0151089858263731 0.005931951571255922 0.04131898283958435
2662 -0.01404359471052885 0.002735779620707035 0.03599203005433083
2663 -0.01084742322564125 -0.0004603923298418522 0.04558055102825165
2664 -0.01084742322564125 -0.002591173630207777 0.04558055102825165
2665 -0.0129782035946846 -0.0004603923298418522 0.04558055102825165
2666 -0.01084742322564125 -0.0004603923298418522 0.043449766933918
2667 -0.01084742322564125 -0.0004603923298418522 0.04131898283958435
2668 -0.009782032109797001 -0.001525782980024815 0.03599203005433083
2669 -0.009782032109797001 -0.001525782980024815 0.03173046931624413
2670 -0.01830515637993813 -0.03987984731793404 0.006161092780530453
2671 -0.0129782035946846 -0.002591173630207777 0.04558055102825165
2672 -0.002324297558516264 0.001670388970524073 0.043449766933918
2673 -0.001258906908333302 -0.02709515765309334 0.02746890485286713
2674 -0.004518759801075062 -0.01147055460136834 0.04605152244484667
2675 -0.007955293476928917 -0.01054182213808985 0.04399208824214836
2676 -0.007547109619636715 -0.01166085178285172 0.04162098037018065
2677 -0.005520469509065151 -0.01431047078222036 0.03599203005433083
2678 -0.03108984604477882 0.02830515429377556 0.006161092780530453
2679 -0.03535140678286552 0.02404359355568886 0.006161092780530453
2680 0.007264218293130398 0.02830515429377556 0.03173046931624413
2681 0.01152578089386225 0.02830515429377556 0.02746890485286713
2682 0.004068046342581511 -0.006852736230939627 0.04558055102825165
2683 0.001937265042215586 -0.006852736230939627 0.043449766933918
2684 -0.01084742322564125 0.005931951571255922 0.04558055102825165
2685 -0.03961296752095222 0.002735779620707035 0.01468421798199415
2686 -0.0193705465644598 0.01871663890779018 0.03705742210149765
2687 -0.01830515637993813 0.01978202909231186 0.02746890485286713
2688 -0.008716640993952751 0.005931951571255922 0.04558055102825165
2689 -0.008716640993952751 0.01019351370632648 0.04558055102825165
2690 -0.008716640993952751 0.008062733337283134 0.04558055102825165
2691 -0.008716640993952751 0.005931951571255922 0.043449766933918
2692 0.006198827642947435 -0.004721954930573702 0.04558055102825165
2693 0.004238258853126026 -0.00445234021670342 0.04570046959137803
2694 0.004068046342581511 -0.004721954930573702 0.043449766933918
2695 -0.0129782035946846 -0.006852736230939627 0.043449766933918
2696 -0.01248355902142192 -0.006477675097247884 0.04124832035547346
2697 0.01152578089386225 -0.01431047078222036 0.03599203005433083
2698 0.02004890516400337 -0.01431047078222036 0.03599203005433083
2699 -0.03108984604477882 -0.001525782980024815 0.02746890485286713
2700 -0.03108984604477882 -0.001525782980024815 0.02320734411478043
2701 -0.03961296752095222 0.002735779620707035 0.01894577965140343
2702 0.01198837756975744 -0.009402280716311618 0.03585658359812963
2703 0.02431046962738037 -0.001525782980024815 0.03599203005433083
2704 0.02857203036546707 -0.001525782980024815 0.03173046931624413
2705 0.03283359482884407 -0.001525782980024815 0.02746890485286713
2706 0.02004890516400337 0.006997342221438885 0.03599203005433083
2707 -0.004987774416804314 -0.005254650488495827 0.04824402183294296
2708 -0.004455078858882189 -0.004721954930573702 0.043449766933918
2709 -0.009782032109797001 0.01125890482217073 0.03599203005433083
2710 0.003002655692398548 0.04108984395861626 0.01894577965140343
2711 0.007264218293130398 0.03682828322052956 0.01894577965140343
2712 0.02004890516400337 -0.001525782980024815 0.03599203005433083
2713 -0.0001935162581503391 0.01445507630705833 0.04558055102825165
2714 -0.0001935162581503391 0.01658585853874683 0.043449766933918
2715 0.008329609408974648 -0.008983517065644264 0.04558055102825165
2716 -0.004455078858882189 0.01871663890779018 0.04131898283958435
2717 -0.005520469509065151 0.01552046742290258 0.03173046931624413
2718 -0.001258906908333302 0.02830515429377556 0.02746890485286713
2719 0.003535351017490029 -0.003123868955299258 0.04824402183294296
2720 0.001113828758123984 -0.006249487534342238 0.04811683522391359
2721 -0.0001935162581503391 0.005931951571255922 0.043449766933918
2722 -0.01084742322564125 0.01658585853874683 0.04131898283958435
2723 0.007264218293130398 -0.03135672211647034 0.02746890485286713
2724 0.007264218293130398 -0.03561828657984734 0.02320734411478043
2725 0.003002655692398548 -0.03561828657984734 0.02320734411478043
2726 0.003002655692398548 -0.03987984731793404 0.01894577965140343
2727 -0.002324297558516264 0.01232429593801498 0.04558055102825165
2728 -0.0001935162581503391 0.01232429593801498 0.04558055102825165
2729 -0.002324297558516264 0.01232429593801498 0.043449766933918
2730 -0.001258906908333302 0.01125890482217073 0.03173046931624413
2731 -0.01404359471052885 -0.02283359691500664 0.03173046931624413
2732 -0.01404359471052885 -0.02283359691500664 0.02746890485286713
2733 -0.003389688208699226 -0.02070281468331814 0.01255343668162823
2734 -0.008716640993952751 0.01232429593801498 0.043449766933918
2735 -0.008716640993952751 0.01232429593801498 0.04131898283958435
2736 -0.01084742322564125 0.01232429593801498 0.04131898283958435
2737 -0.008716640993952751 0.01019351370632648 0.04131898283958435
2738 -0.008741649140090242 0.01233370880301204 0.03829221807517402
2739 -0.009782032109797001 0.01125890482217073 0.03173046931624413
2740 0.010460389778018 -0.008983517065644264 0.04558055102825165
2741 0.02431046962738037 -0.01004890818148851 0.03599203005433083
2742 0.02431046962738037 -0.01431047078222036 0.03173046931624413
2743 -0.0001935162581503391 0.01019351370632648 0.04558055102825165
2744 -0.004455078858882189 0.01019351370632648 0.04558055102825165
2745 -0.004455078858882189 0.01232429593801498 0.04558055102825165
2746 -0.004455078858882189 0.01232429593801498 0.043449766933918
2747 -0.002324297558516264 0.01019351370632648 0.043449766933918
2748 -0.004987774416804314 0.005399256013333797 0.04824402183294296
2749 -0.006585860159248114 0.008062733337283134 0.04558055102825165
2750 -0.006585860159248114 0.005931951571255922 0.043449766933918
2751 -0.03108984604477882 0.01978202909231186 0.02320734411478043
2752 -0.0007262115832418203 -0.005254650488495827 0.04824402183294296
2753 -0.0001935162581503391 -0.004721954930573702 0.043449766933918
2754 -0.0007262115832418203 0.003268474945798516 0.04824402183294296
2755 -0.008716640993952751 -0.002591173630207777 0.04558055102825165
2756 -0.008716640993952751 -0.002591173630207777 0.043449766933918
2757 0.02004890516400337 0.03682828322052956 0.006161092780530453
2758 0.006198827642947435 -0.0004603923298418522 0.04558055102825165
2759 0.010460389778018 0.001670388970524073 0.04558055102825165
2760 0.01152578089386225 0.002735779620707035 0.03599203005433083
2761 0.008329609408974648 0.001670388970524073 0.04558055102825165
2762 0.006198827642947435 0.001670388970524073 0.043449766933918
2763 0.006198827642947435 0.001670388970524073 0.04131898283958435
2764 -0.002324297558516264 -0.02389898709952831 0.0391881987452507
2765 -0.001258906908333302 -0.02283359691500664 0.02746890485286713
2766 -0.001258906908333302 -0.02283359691500664 0.02320734411478043
2767 0.01152578089386225 0.01552046742290258 0.03599203005433083
2768 0.01152578089386225 0.01978202909231186 0.03173046931624413
2769 0.01152578089386225 0.01552046742290258 0.03173046931624413
2770 -0.0151089858263731 0.003801170270889997 0.043449766933918
2771 -0.0129782035946846 -0.008983517065644264 0.043449766933918
2772 -0.0129782035946846 -0.008983517065644264 0.04131898283958435
2773 -0.0001935162581503391 0.01232429593801498 0.043449766933918
2774 -0.001434549502529801 0.0004223394370747349 0.04815320038161787
2775 -0.01084742322564125 -0.004721954930573702 0.04558055102825165
2776 -0.01084742322564125 -0.006852736230939627 0.043449766933918
2777 -0.01084742322564125 -0.006852736230939627 0.04131898283958435
2778 0.006198827642947435 -0.01537586189806461 0.043449766933918
2779 0.006198827642947435 -0.01537586189806461 0.04131898283958435
2780 0.02432380122183546 0.002592227113318919 0.03647510377440232
2781 0.03709515556693077 0.006997342221438885 0.01894577965140343
2782 0.004068046342581511 -0.008983517065644264 0.04558055102825165
2783 0.004068046342581511 -0.01111429929733276 0.04558055102825165
2784 0.004068046342581511 -0.008983517065644264 0.043449766933918
2785 0.003002655692398548 -0.01004890818148851 0.03173046931624413
2786 -0.01723976619541645 0.003801170270889997 0.043449766933918
2787 -0.0007262115832418203 0.004333865828812122 0.04824402183294296
2788 -0.0001935162581503391 0.003801170270889997 0.043449766933918
2789 -0.01830515637993813 0.02830515429377556 0.02746890485286713
2790 -0.01404359471052885 0.02830515429377556 0.02746890485286713
2791 -0.01830515637993813 0.02404359355568886 0.02746890485286713
2792 -0.01830515637993813 0.02830515429377556 0.02320734411478043
2793 -0.01892634743308909 0.03309810112683681 0.0235834533835956
2794 -0.02256672084331512 0.02830515429377556 0.02320734411478043
2795 -0.02256672084331512 0.02830515429377556 0.01894577965140343
2796 -0.004455078858882189 -0.008983517065644264 0.04558055102825165
2797 -0.004455078858882189 -0.008983517065644264 0.043449766933918
2798 -0.002324297558516264 -0.008983517065644264 0.043449766933918
2799 -0.004455078858882189 -0.008983517065644264 0.04131898283958435
2800 -0.03108984604477882 0.006997342221438885 0.02320734411478043
2801 0.001937265042215586 -0.01750664226710796 0.043449766933918
2802 0.001937265042215586 -0.01750664226710796 0.04131898283958435
2803 0.003002655692398548 -0.01857203245162964 0.03173046931624413
2804 -0.00660544649267374 0.01847355788198135 0.04173872915281392
2805 -0.004455078858882189 0.008062733337283134 0.043449766933918
2806 0.0155203954124171 -0.009946846135285878 0.0354655765762184
2807 0.02004890516400337 -0.01004890818148851 0.03173046931624413
2808 0.01578734442591667 -0.01004890818148851 0.03173046931624413
2809 -0.01830515637993813 -0.03561828657984734 0.01894577965140343
2810 -0.02256672084331512 0.03256671875715256 0.01894577965140343
2811 -0.0193705465644598 -0.01111429929733276 0.04131898283958435
2812 -0.01830515637993813 -0.01004890818148851 0.03173046931624413
2813 -0.03961296752095222 0.006997342221438885 0.01894577965140343
2814 -0.03961296752095222 0.01125890482217073 0.01468421798199415
2815 0.001937265042215586 0.01019351370632648 0.04558055102825165
2816 0.001937265042215586 0.008062733337283134 0.043449766933918
2817 -0.02682828158140182 -0.01857203245162964 0.02746890485286713
2818 -0.02851149375140644 -0.02313504604997945 0.02425738249759758
2819 -0.02682828158140182 -0.02709515765309334 0.01468421798199415
2820 0.003002655692398548 0.03682828322052956 0.01894577965140343
2821 -0.02256672084331512 -0.03135672211647034 0.01468421798199415
2822 -0.02682828158140182 -0.03135672211647034 0.0104226553812623
2823 -0.002324297558516264 -0.01324507966637611 0.04558055102825165
2824 -0.002324297558516264 -0.01537586189806461 0.043449766933918
2825 -0.001258906908333302 -0.01431047078222036 0.03599203005433083
2826 -0.001258906908333302 -0.01431047078222036 0.03173046931624413
2827 -0.01404359471052885 -0.02709515765309334 0.02746890485286713
2828 0.010460389778018 0.008062733337283134 0.04558055102825165
2829 -0.02260707531384192 -0.01461986452940906 0.0318892007864714
2830 -0.02682828158140182 -0.01431047078222036 0.02746890485286713
2831 -0.02682828158140182 -0.01857203245162964 0.02320734411478043
2832 -0.02256672084331512 -0.01857203245162964 0.02320734411478043
2833 -0.02256672084331512 0.01978202909231186 0.02746890485286713
2834 -0.02682828158140182 0.01978202909231186 0.02320734411478043
2835 0.0003391790669411421 0.004333865828812122 0.04824402183294296
2836 -0.03535140678286552 0.006997342221438885 0.02320734411478043
2837 -0.03535140678286552 0.006997342221438885 0.01894577965140343
2838 0.004068046342581511 -0.01324507966637611 0.04558055102825165
2839 0.02431046962738037 0.03256671875715256 0.01468421798199415
2840 -0.01723976619541645 0.001670388970524073 0.043449766933918
2841 0.003002655692398548 -0.02709515765309334 0.02746890485286713
2842 -0.01084742322564125 -0.004721954930573702 0.043449766933918
2843 -0.01084742322564125 -0.004721954930573702 0.04131898283958435
2844 -0.01751676031262139 0.03304076147355904 0.01782159290602547
2845 0.02857203036546707 0.02830515429377556 0.01468421798199415
2846 0.03709515556693077 -0.005787345580756664 0.01468421798199415
2847 0.01406897312909653 -0.003179853731659021 0.0140239746147927
2848 0.02217968739569187 0.00486656092107296 0.01255343668162823
2849 0.04135671630501747 -0.001525782980024815 0.01468421798199415
2850 -0.005520469509065151 -0.03987984731793404 0.01894577965140343
2851 -0.005520469509065151 -0.03987984731793404 0.01468421798199415
2852 0.02004890516400337 -0.03561828657984734 0.01468421798199415
2853 0.02431046962738037 -0.03135672211647034 0.01468421798199415
2854 0.02431046962738037 -0.03561828657984734 0.0104226553812623
2855 0.02857203036546707 -0.02709515765309334 0.01468421798199415
2856 -0.008716640993952751 -0.006852736230939627 0.043449766933918
2857 -0.008716640993952751 -0.006852736230939627 0.04131898283958435
2858 0.003002655692398548 0.04108984395861626 0.01468421798199415
2859 -0.01404359471052885 0.02404359355568886 0.02746890485286713
2860 -0.009782032109797001 -0.03561828657984734 0.01894577965140343
2861 -0.009782032109797001 -0.03987984731793404 0.01468421798199415
2862 -0.01404359471052885 -0.03561828657984734 0.01894577965140343
2863 -0.01404359471052885 -0.03135672211647034 0.01894577965140343
2864 -0.01404359471052885 -0.03561828657984734 0.01468421798199415
2865 -0.01404359471052885 -0.03987984731793404 0.01468421798199415
2866 -0.01404359471052885 -0.03987984731793404 0.0104226553812623
2867 -0.01404359471052885 -0.03135672211647034 0.02320734411478043
2868 0.03709515556693077 0.01552046742290258 0.006161092780530453
2869 0.04135671630501747 0.01125890482217073 0.006161092780530453
2870 -0.01084742322564125 0.003801170270889997 0.043449766933918
2871 0.001937265042215586 0.01871663890779018 0.043449766933918
2872 0.003002655692398548 0.01978202909231186 0.03173046931624413
2873 -0.0001935162581503391 0.01871663890779018 0.04131898283958435
2874 -0.02682828158140182 0.02830515429377556 0.01894577965140343
2875 -0.002488803807329642 -0.01100300719424218 0.04604521630727795
2876 -0.002324297558516264 -0.01111429929733276 0.043449766933918
2877 -0.01084742322564125 0.02297820337116718 0.0391881987452507
2878 -0.009782032109797001 -0.03135672211647034 0.02320734411478043
2879 -0.01404359471052885 0.03256671875715256 0.02320734411478043
2880 -0.001791602233424783 -0.002058478305116296 0.04824402183294296
2881 -0.0129782035946846 -0.01111429929733276 0.043449766933918
2882 -0.01308982501037829 -0.01132611390181809 0.04142936544321593
2883 0.03709515556693077 -0.01857203245162964 0.01468421798199415
2884 0.03283359482884407 -0.01857203245162964 0.01468421798199415
2885 0.03283359482884407 -0.01431047078222036 0.01468421798199415
2886 0.03709515556693077 -0.01431047078222036 0.01468421798199415
2887 0.03709515556693077 -0.01857203245162964 0.0104226553812623
2888 0.04135671630501747 -0.01431047078222036 0.006161092780530453
2889 -0.01830515637993813 -0.03561828657984734 0.01468421798199415
2890 -0.006053164601325989 0.004333865828812122 0.04824402183294296
2891 -0.005018749865375089 0.004406624225455853 0.04834141625945277
2892 0.02431046962738037 0.01978202909231186 0.02746890485286713
2893 -0.04387453570961952 -0.005787345580756664 0.006161092780530453
2894 -0.01084742322564125 0.001670388970524073 0.043449766933918
2895 0.001404569717124104 0.006464647129178047 0.04824402183294296
2896 0.001937265042215586 -0.01111429929733276 0.04558055102825165
2897 0.001937265042215586 -0.01324507966637611 0.04558055102825165
2898 0.001937265042215586 -0.01111429929733276 0.043449766933918
2899 -0.03535140678286552 -0.02283359691500664 0.01468421798199415
2900 -0.03108984604477882 -0.02283359691500664 0.01468421798199415
2901 -0.03535140678286552 -0.01857203245162964 0.01468421798199415
2902 -0.03961296752095222 -0.01431047078222036 0.01468421798199415
2903 -0.03961296752095222 -0.01857203245162964 0.0104226553812623
2904 -0.0193705465644598 0.003801170270889997 0.04131898283958435
2905 0.03709515556693077 -0.01431047078222036 0.006161092780530453
2906 0.04135671630501747 -0.01004890818148851 0.006161092780530453
2907 -0.03108984604477882 -0.02283359691500664 0.01894577965140343
2908 0.04135671630501747 -0.01004890818148851 0.0104226553812623
2909 0.001404569717124104 0.002203084295615554 0.04824402183294296
2910 0.006198827642947435 -0.01750664226710796 0.043449766933918
2911 0.006198827642947435 -0.01750664226710796 0.04131898283958435
2912 0.02004890516400337 0.01125890482217073 0.03173046931624413
2913 0.02431046962738037 0.03256671875715256 0.0104226553812623
2914 0.02857203036546707 0.02830515429377556 0.0104226553812623
2915 0.03283359482884407 0.02404359355568886 0.0104226553812623
2916 -0.03961296752095222 -0.005787345580756664 0.006161092780530453
2917 -0.04387453570961952 -0.001525782980024815 0.006161092780530453
2918 0.02431046962738037 -0.01857203245162964 0.03173046931624413
2919 0.02431046962738037 -0.02283359691500664 0.02320734411478043
2920 -0.001258906908333302 -0.03135672211647034 0.02746890485286713
2921 -0.001258906908333302 -0.03135672211647034 0.02320734411478043
2922 0.01578734442591667 0.01552046742290258 0.03173046931624413
2923 0.0125911720097065 0.01658585853874683 0.04131898283958435
2924 0.02004890516400337 0.02830515429377556 0.02320734411478043
2925 0.02004890516400337 0.03256671875715256 0.01894577965140343
2926 0.01578734442591667 0.03682828322052956 0.01468421798199415
2927 0.002979638214682088 0.003013475641481802 0.04766702877215333
2928 0.001937265042215586 0.001670388970524073 0.043449766933918
2929 0.0125911720097065 0.01445507630705833 0.04131898283958435
2930 0.03709515556693077 -0.001525782980024815 0.02320734411478043
2931 0.03709515556693077 -0.005787345580756664 0.01894577965140343
2932 -0.01404359471052885 0.03682828322052956 0.01894577965140343
2933 -0.001258906908333302 0.03682828322052956 0.01894577965140343
2934 -0.001258906908333302 0.04108984395861626 0.01468421798199415
2935 0.02857203036546707 -0.01431047078222036 0.02746890485286713
2936 0.02431046962738037 -0.02709515765309334 0.01894577965140343
2937 -0.03535140678286552 -0.01004890818148851 0.02320734411478043
2938 -0.03535140678286552 -0.01004890818148851 0.01894577965140343
2939 0.007264218293130398 0.01978202909231186 0.03173046931624413
2940 0.03709515556693077 -0.01004890818148851 0.01468421798199415
2941 -0.03535140678286552 -0.005787345580756664 0.01894577965140343
2942 -0.03961296752095222 -0.001525782980024815 0.01894577965140343
2943 -0.03961296752095222 -0.005787345580756664 0.01468421798199415
2944 -0.001258906908333302 -0.03987984731793404 0.01894577965140343
2945 -0.001258906908333302 -0.03561828657984734 0.01894577965140343
2946 -0.001258906908333302 -0.03987984731793404 0.01468421798199415
2947 -0.001258906908333302 -0.04414140805602074 0.0104226553812623
2948 -0.002863633070187617 -0.001765090527538856 0.04821040759820663
2949 -0.004481851449019866 -0.002701761772022354 0.04572302302546788
2950 0.02431046962738037 0.01125890482217073 0.03173046931624413
2951 0.03709515556693077 -0.001525782980024815 0.01894577965140343
2952 -0.006585860159248114 0.01019351370632648 0.04558055102825165
2953 -0.006585860159248114 0.01019351370632648 0.043449766933918
2954 0.01578734442591667 -0.03561828657984734 0.01468421798199415
2955 -0.03535140678286552 -0.001525782980024815 0.01894577965140343
2956 -0.03961296752095222 -0.001525782980024815 0.01468421798199415
2957 0.02004890516400337 0.01552046742290258 0.03173046931624413
2958 -0.001258906908333302 -0.03561828657984734 0.02320734411478043
2959 0.04135671630501747 -0.001525782980024815 0.0104226553812623
2960 0.01152578089386225 -0.03987984731793404 0.0104226553812623
2961 0.03709515556693077 0.01125890482217073 0.01894577965140343
2962 0.03709515556693077 0.01125890482217073 0.01468421798199415
2963 0.01365656219422817 0.01338968612253666 0.01255343668162823
2964 0.04135671630501747 0.01125890482217073 0.0104226553812623
2965 -0.01084742322564125 0.005931951571255922 0.043449766933918
2966 -0.0193705465644598 -0.01750664226710796 0.03705742210149765
2967 -0.004455078858882189 -0.02176820673048496 0.04131898283958435
2968 0.003002655692398548 -0.03987984731793404 0.01468421798199415
2969 0.003002655692398548 -0.03561828657984734 0.01468421798199415
2970 0.003002655692398548 -0.03987984731793404 0.0104226553812623
2971 0.003002655692398548 -0.04414140805602074 0.0104226553812623
2972 0.03283359482884407 -0.01004890818148851 0.02746890485286713
2973 0.02857203036546707 -0.01004890818148851 0.02746890485286713
2974 0.03283359482884407 -0.005787345580756664 0.02746890485286713
2975 0.03283359482884407 -0.01004890818148851 0.02320734411478043
2976 0.02857203036546707 -0.02283359691500664 0.01894577965140343
2977 0.03283359482884407 -0.01857203245162964 0.01894577965140343
2978 0.03283359482884407 -0.02283359691500664 0.01468421798199415
2979 0.03709515556693077 -0.01431047078222036 0.01894577965140343
2980 0.03709515556693077 0.01552046742290258 0.01468421798199415
2981 0.02857203036546707 0.01552046742290258 0.02746890485286713
2982 0.02857203036546707 0.01978202909231186 0.02320734411478043
2983 0.03283359482884407 0.01552046742290258 0.02320734411478043
2984 0.03283359482884407 0.01978202909231186 0.01894577965140343
2985 -0.005520469509065151 -0.03561828657984734 0.01468421798199415
2986 -0.005520469509065151 -0.03987984731793404 0.0104226553812623
2987 -0.0129782035946846 0.01232429593801498 0.043449766933918
2988 -0.0151089858263731 0.01019351370632648 0.043449766933918
2989 -0.0151089858263731 0.01232429593801498 0.04131898283958435
2990 0.03283359482884407 0.01978202909231186 0.01468421798199415
2991 0.03709515556693077 0.01978202909231186 0.0104226553812623
2992 0.007264218293130398 0.04108984395861626 0.01468421798199415
2993 -0.003922383300960064 -0.0009930876549333334 0.04824402183294296
2994 0.03709515556693077 0.01125890482217073 0.0104226553812623
2995 0.04135671630501747 0.006997342221438885 0.0104226553812623
2996 -0.01084742322564125 0.01232429593801498 0.043449766933918
2997 -0.003922383300960064 0.002203084295615554 0.04824402183294296
2998 -0.002856992883607745 0.002203084295615554 0.04824402183294296
2999 0.008329609408974648 -0.01537586189806461 0.043449766933918
3000 0.008329609408974648 -0.01537586189806461 0.04131898283958435
3001 0.014721954241395 -0.01111429929733276 0.043449766933918
3002 -0.0129782035946846 -0.002591173630207777 0.043449766933918
3003 -0.01830515637993813 -0.001525782980024815 0.03599203005433083
3004 -0.0151089858263731 -0.002591173630207777 0.043449766933918
3005 0.01152578089386225 0.03682828322052956 0.01894577965140343
3006 0.01152578089386225 0.03256671875715256 0.01894577965140343
3007 0.01152578089386225 0.03682828322052956 0.01468421798199415
3008 -0.03108984604477882 0.02404359355568886 0.01894577965140343
3009 -0.02682828158140182 0.02404359355568886 0.01894577965140343
3010 -0.03108984604477882 0.01978202909231186 0.01894577965140343
3011 -0.02576289139688015 -0.008983517065644264 0.03705742210149765
3012 0.02004890516400337 0.03682828322052956 0.0104226553812623
3013 0.0005805850092056976 -0.005155242513338254 0.04801279339882292
3014 -0.008716640993952751 0.008062733337283134 0.043449766933918
3015 -0.03961296752095222 -0.01004890818148851 0.01468421798199415
3016 -0.03535140678286552 -0.01004890818148851 0.01468421798199415
3017 -0.03108984604477882 -0.01004890818148851 0.01468421798199415
3018 -0.004455078858882189 0.01019351370632648 0.043449766933918
3019 -0.01723976619541645 -0.004721954930573702 0.043449766933918
3020 -0.01830515637993813 -0.005787345580756664 0.03173046931624413
3021 -0.01723976619541645 -0.002591173630207777 0.043449766933918
3022 -0.01723976619541645 -0.002591173630207777 0.04131898283958435
3023 -0.01830515637993813 -0.001525782980024815 0.03173046931624413
3024 0.03283359482884407 0.02404359355568886 0.01468421798199415
3025 -0.004455078858882189 -0.01537586189806461 0.043449766933918
3026 -0.0278936717659235 -0.006852736230939627 0.03705742210149765
3027 -0.01973977220939772 -0.003247805276210253 0.04075437060770237
3028 -0.001258906908333302 0.04108984395861626 0.0104226553812623
3029 0.004068046342581511 -0.01750664226710796 0.043449766933918
3030 0.03283359482884407 -0.01431047078222036 0.02320734411478043
3031 -0.03535140678286552 0.01552046742290258 0.01468421798199415
3032 -0.03108984604477882 0.01552046742290258 0.01468421798199415
3033 0.02431046962738037 0.02830515429377556 0.01894577965140343
3034 0.02857203036546707 0.02404359355568886 0.01894577965140343
3035 -0.001791602233424783 0.003268474945798516 0.04824402183294296
3036 -0.004987774416804314 7.230299524962902e-05 0.04824402183294296
3037 -0.006585860159248114 -0.0004603923298418522 0.043449766933918
3038 -0.004455078858882189 0.001670388970524073 0.043449766933918
3039 -0.01723976619541645 -0.0004603923298418522 0.043449766933918
3040 0.007264218293130398 -0.03135672211647034 0.02320734411478043
3041 0.02857203036546707 -0.01857203245162964 0.02320734411478043
3042 -0.0151089858263731 -0.004721954930573702 0.043449766933918
3043 -0.0151089858263731 -0.004721954930573702 0.04131898283958435
3044 -0.006585860159248114 0.01658585853874683 0.043449766933918
3045 -0.008716640993952751 0.01445507630705833 0.043449766933918
3046 -0.008716640993952751 0.01658585853874683 0.043449766933918
3047 -0.008716640993952751 0.01658585853874683 0.04131898283958435
3048 -0.009782032109797001 0.03682828322052956 0.01894577965140343
3049 -0.01938230856512967 -4.761389658017e-05 0.04196868725226068
3050 -0.01830515637993813 0.03682828322052956 0.01468421798199415
3051 0.02004890516400337 0.03256671875715256 0.01468421798199415
3052 0.001937265042215586 -0.0004603923298418522 0.043449766933918
3053 0.02004890516400337 -0.03561828657984734 0.0104226553812623
3054 0.02431046962738037 -0.03135672211647034 0.0104226553812623
3055 0.02431046962738037 -0.03135672211647034 0.006161092780530453
3056 0.02431046962738037 -0.03561828657984734 0.006161092780530453
3057 -0.0236321110278368 -0.01111429929733276 0.0391881987452507
3058 -0.0236321110278368 -0.01111429929733276 0.03705742210149765
3059 -0.0129782035946846 0.01019351370632648 0.043449766933918
3060 -0.0151089858263731 0.008062733337283134 0.043449766933918
3061 -0.0151089858263731 0.008062733337283134 0.04131898283958435
3062 -0.0151089858263731 0.01019351370632648 0.04131898283958435
3063 0.02431046962738037 -0.01004890818148851 0.03173046931624413
3064 0.02004890516400337 -0.01431047078222036 0.03173046931624413
3065 0.02431046962738037 -0.01431047078222036 0.02746890485286713
3066 -0.009782032109797001 0.03682828322052956 0.01468421798199415
3067 -0.009782032109797001 0.04108984395861626 0.0104226553812623
3068 -0.009782032109797001 0.03682828322052956 0.0104226553812623
3069 -0.009782032109797001 0.04108984395861626 0.006161092780530453
3070 -0.01404359471052885 0.03682828322052956 0.0104226553812623
3071 -0.01404359471052885 0.04108984395861626 0.006161092780530453
3072 0.01152578089386225 0.03256671875715256 0.02320734411478043
3073 0.03709515556693077 0.01552046742290258 0.0104226553812623
3074 -0.01723976619541645 0.008062733337283134 0.04131898283958435
3075 -0.003922383300960064 -0.004189259372651577 0.04824402183294296
3076 0.01578734442591667 0.01978202909231186 0.03173046931624413
3077 0.01578734442591667 0.02404359355568886 0.02746890485286713
3078 -0.03535140678286552 0.002735779620707035 0.01894577965140343
3079 -0.0151089858263731 -0.008983517065644264 0.043449766933918
3080 -0.0151089858263731 -0.008983517065644264 0.04131898283958435
3081 0.007264218293130398 0.02830515429377556 0.02746890485286713
3082 0.007264218293130398 0.03256671875715256 0.02320734411478043
3083 -0.0001935162581503391 -0.01324507966637611 0.04558055102825165
3084 -0.0001935162581503391 -0.01111429929733276 0.043449766933918
3085 -0.005520469509065151 0.03682828322052956 0.01468421798199415
3086 -0.005520469509065151 0.03256671875715256 0.01468421798199415
3087 -0.005520469509065151 0.04108984395861626 0.0104226553812623
3088 -0.02150133065879345 -0.01537586189806461 0.0391881987452507
3089 0.0003391790669411421 0.001137693645432591 0.04824402183294296
3090 -0.0001935162581503391 0.001670388970524073 0.043449766933918
3091 0.001404569717124104 0.001137693645432591 0.04824402183294296
3092 -0.01830515637993813 -0.03561828657984734 0.0104226553812623
3093 -0.03108984604477882 0.02404359355568886 0.01468421798199415
3094 -0.03108984604477882 0.02830515429377556 0.0104226553812623
3095 -0.03535140678286552 0.02404359355568886 0.0104226553812623
3096 0.02431046962738037 -0.01857203245162964 0.02746890485286713
3097 -0.002856992883607745 -0.003123868955299258 0.04824402183294296
3098 -0.001258906908333302 -0.03987984731793404 0.0104226553812623
3099 -0.03108984604477882 -0.01857203245162964 0.01894577965140343
3100 -0.03535140678286552 -0.01431047078222036 0.01894577965140343
3101 0.04135671630501747 -0.001525782980024815 0.006161092780530453
3102 0.04135671630501747 0.002735779620707035 0.006161092780530453
3103 -0.004815699153376099 -0.0111457163845801 0.04357172865908084
3104 -0.004455078858882189 -0.01111429929733276 0.04131898283958435
3105 -0.01830515637993813 0.03682828322052956 0.0104226553812623
3106 -0.01830515637993813 0.03256671875715256 0.0104226553812623
3107 -0.01830515637993813 0.03682828322052956 0.006161092780530453
3108 -0.03108984604477882 -0.01431047078222036 0.02320734411478043
3109 -0.0001935162581503391 0.02084741927683353 0.04131898283958435
3110 -0.01340685051028076 -0.01360310589085075 0.04352738566295025
3111 -0.01029312972547975 -0.01259688048290604 0.04383587850726538
3112 -0.0129782035946846 -0.01324507966637611 0.04131898283958435
3113 -0.0193705465644598 0.01019351370632648 0.04131898283958435
3114 -0.002324297558516264 -0.01324507966637611 0.043449766933918
3115 -0.03961296752095222 -0.001525782980024815 0.0104226553812623
3116 -0.01084742322564125 0.01445507630705833 0.043449766933918
3117 -0.01084742322564125 0.01445507630705833 0.04131898283958435
3118 -0.003922383300960064 -0.003123868955299258 0.04824402183294296
3119 -0.004455078858882189 -0.01750664226710796 0.043449766933918
3120 -0.01084742322564125 -0.01537586189806461 0.043449766933918
3121 -0.01084742322564125 -0.01537586189806461 0.04131898283958435
3122 0.001404569717124104 0.005399256013333797 0.04824402183294296
3123 0.010460389778018 -0.01963742263615131 0.04131898283958435
3124 -0.0151089858263731 -0.01111429929733276 0.043449766933918
3125 -0.0151089858263731 -0.01111429929733276 0.04131898283958435
3126 -0.01723976619541645 -0.006852736230939627 0.043449766933918
3127 -0.01723976619541645 -0.008983517065644264 0.04131898283958435
3128 -0.006053164601325989 -0.003123868955299258 0.04824402183294296
3129 -0.002856992883607745 0.004333865828812122 0.04824402183294296
3130 -0.004987774416804314 -0.0009930876549333334 0.04824402183294296
3131 -0.008528247989617054 -0.01497344824322874 0.04307815939345544
3132 -0.001791602233424783 -0.004189259372651577 0.04824402183294296
3133 -0.001258906908333302 -0.03987984731793404 0.006161092780530453
3134 0.007264218293130398 0.04108984395861626 0.0104226553812623
3135 -0.0193705465644598 -0.004721954930573702 0.04131898283958435
3136 0.01152578089386225 -0.03987984731793404 0.006161092780530453
3137 -0.006585860159248114 -0.01537586189806461 0.043449766933918
3138 0.002469960367307067 0.002203084295615554 0.04824402183294296
3139 0.001937265042215586 0.01658585853874683 0.043449766933918
3140 0.003002655692398548 0.01552046742290258 0.03173046931624413
3141 -0.006698592293868743 -0.01365231961839397 0.0445440119974242
3142 -0.004455078858882189 -0.01324507966637611 0.043449766933918
3143 -0.006596242382461246 -0.01392112354550939 0.04198195434290658
3144 -0.005520469509065151 0.02830515429377556 0.02746890485286713
3145 -0.01404359471052885 0.03256671875715256 0.01894577965140343
3146 -0.01404359471052885 0.03682828322052956 0.01468421798199415
3147 -0.006053164601325989 0.003268474945798516 0.04824402183294296
3148 -0.0151089858263731 -0.006852736230939627 0.043449766933918
3149 -0.01723976619541645 -0.006852736230939627 0.04131898283958435
3150 0.01578734442591667 -0.001525782980024815 0.03599203005433083
3151 0.0125911720097065 -0.002591173630207777 0.04558055102825165
3152 -0.01723976619541645 0.01019351370632648 0.04131898283958435
3153 -0.003687484592524924 -0.0198720595046832 0.04091232963158768
3154 -0.02150133065879345 -0.006852736230939627 0.04131898283958435
3155 -0.0001935162581503391 -0.01537586189806461 0.043449766933918
3156 -0.004987774416804314 0.003268474945798516 0.04824402183294296
3157 0.010460389778018 0.005931951571255922 0.04558055102825165
3158 0.004068046342581511 -0.01111429929733276 0.043449766933918
3159 -0.03535140678286552 -0.01857203245162964 0.0104226553812623
3160 -0.03961296752095222 -0.01431047078222036 0.0104226553812623
3161 -0.03961296752095222 -0.01857203245162964 0.006161092780530453
3162 -0.02256672084331512 0.03256671875715256 0.0104226553812623
3163 -0.009782032109797001 -0.03987984731793404 0.0104226553812623
3164 -0.02150133065879345 0.005931951571255922 0.04131898283958435
3165 0.003002655692398548 -0.03561828657984734 0.01894577965140343
3166 0.006198827642947435 -0.006852736230939627 0.043449766933918
3167 -0.01106354046464125 -0.02437279192567058 0.03793831570744255
3168 -0.009782032109797001 -0.02283359691500664 0.02746890485286713
3169 -0.0278936717659235 -0.008983517065644264 0.03705742210149765
3170 -0.0129782035946846 0.01232429593801498 0.04131898283958435
3171 -0.003922383300960064 -0.002058478305116296 0.04824402183294296
3172 -0.003931451467805104 0.004106951325047532 0.04836911627007246
3173 -0.003922383300960064 0.003268474945798516 0.04824402183294296
3174 -0.002856992883607745 0.003268474945798516 0.04824402183294296
3175 -0.00391703995373993 0.003227313930880542 0.04679945740179389
3176 -0.002324297558516264 0.003801170270889997 0.043449766933918
3177 -0.006585860159248114 0.003801170270889997 0.043449766933918
3178 -0.004455078858882189 0.005931951571255922 0.043449766933918
3179 -0.004455078858882189 0.003801170270889997 0.04131898283958435
3180 -0.01830515637993813 -0.03135672211647034 0.01468421798199415
3181 0.03283359482884407 0.006997342221438885 0.02320734411478043
3182 -0.01723976619541645 -0.004721954930573702 0.04131898283958435
3183 -0.03535140678286552 0.01978202909231186 0.01468421798199415
3184 -0.0151089858263731 -0.01111429929733276 0.0391881987452507
3185 -0.01404359471052885 -0.01004890818148851 0.02746890485286713
3186 -0.004987774416804314 0.001137693645432591 0.04824402183294296
3187 -0.006595328698780022 -0.01782868823434521 0.04366066672589534
3188 -0.002324297558516264 -0.01750664226710796 0.043449766933918
3189 -0.004455078858882189 -0.01750664226710796 0.04131898283958435
3190 0.01152578089386225 0.04108984395861626 0.0104226553812623
3191 -0.004987774416804314 -0.003123868955299258 0.04824402183294296
3192 0.004068046342581511 -0.0004603923298418522 0.043449766933918
3193 0.001937265042215586 -0.02176820673048496 0.04131898283958435
3194 -0.006585860159248114 -0.01750664226710796 0.04131898283958435
3195 -0.0129782035946846 0.01658585853874683 0.04131898283958435
3196 -0.0001935162581503391 -0.01324507966637611 0.043449766933918
3197 0.001937265042215586 -0.01537586189806461 0.043449766933918
3198 -0.0001935162581503391 -0.01537586189806461 0.04131898283958435
3199 0.008329609408974648 0.01658585853874683 0.04131898283958435
3200 0.03283359482884407 0.02404359355568886 0.006161092780530453
3201 0.01578734442591667 0.03682828322052956 0.0104226553812623
3202 0.004068046342581511 -0.006852736230939627 0.043449766933918
3203 -0.004987774416804314 -0.002058478305116296 0.04824402183294296
3204 0.02004890516400337 0.01978202909231186 0.02746890485286713
3205 0.008329609408974648 -0.002591173630207777 0.04558055102825165
3206 0.006198827642947435 -0.002591173630207777 0.043449766933918
3207 -0.01404359471052885 0.02830515429377556 0.02320734411478043
3208 -0.008716640993952751 0.02297820337116718 0.0391881987452507
3209 -0.008716640993952751 0.01871663890779018 0.04131898283958435
3210 -0.01723976619541645 -0.01111429929733276 0.04131898283958435
3211 -0.0193705465644598 -0.008983517065644264 0.04131898283958435
3212 -0.0193705465644598 -0.01111429929733276 0.0391881987452507
3213 -0.01830515637993813 -0.01004890818148851 0.02746890485286713
3214 -0.01830515637993813 -0.01004890818148851 0.02320734411478043
3215 -0.006585860159248114 -0.01963742263615131 0.04131898283958435
3216 -0.008284264518705882 -0.01702486033462 0.04036240455220533
3217 -0.02150133065879345 -0.002591173630207777 0.04131898283958435
3218 -0.0235595646293229 -0.003920107324051972 0.0391629763752564
3219 -0.02256672084331512 -0.001525782980024815 0.02746890485286713
3220 -0.02256672084331512 -0.001525782980024815 0.02320734411478043
3221 0.006198827642947435 0.008062733337283134 0.04558055102825165
3222 0.008373147195127767 0.007866011922618528 0.04648353290270754
3223 0.006198827642947435 0.008062733337283134 0.043449766933918
3224 0.006198827642947435 0.008062733337283134 0.04131898283958435
3225 0.007264218293130398 0.01125890482217073 0.03173046931624413
3226 0.006198827642947435 -0.01111429929733276 0.04558055102825165
3227 0.005666132085025311 -0.004189259372651577 0.04824402183294296
3228 0.006198827642947435 -0.004721954930573702 0.043449766933918
3229 0.010460389778018 -0.002591173630207777 0.04558055102825165
3230 0.010460389778018 -0.004721954930573702 0.04558055102825165
3231 0.008630141783791524 0.005508449105844319 0.04608689103656521
3232 0.006198827642947435 0.005931951571255922 0.043449766933918
3233 0.008329609408974648 -0.0004603923298418522 0.04558055102825165
3234 0.009036714629570326 -0.002341050204373905 0.04288597439468649
3235 -0.02150133065879345 -0.0004603923298418522 0.04131898283958435
3236 0.01582989375909066 0.002909213397627892 0.0358093137278905
3237 0.008329609408974648 0.003801170270889997 0.04558055102825165
3238 0.010460389778018 0.003801170270889997 0.04558055102825165
3239 0.010460389778018 0.003801170270889997 0.043449766933918
3240 0.01152578089386225 -0.001525782980024815 0.03599203005433083
3241 0.01086993967058733 -0.00142463021740412 0.03147255120819922
3242 0.01152578089386225 0.002735779620707035 0.03173046931624413
3243 -0.0001935162581503391 -0.01963742263615131 0.04131898283958435
3244 0.005666132085025311 -0.0009930876549333334 0.04824402183294296
3245 0.007264218293130398 -0.02709515765309334 0.02746890485286713
3246 0.006198827642947435 -0.008983517065644264 0.04558055102825165
3247 0.006198827642947435 -0.008983517065644264 0.043449766933918
3248 0.006198827642947435 -0.008983517065644264 0.04131898283958435
3249 0.02403348693524232 0.005608434663785114 0.03241257638852943
3250 0.004068046342581511 0.02297820337116718 0.0391881987452507
3251 0.003002655692398548 0.02404359355568886 0.02746890485286713
3252 0.003002655692398548 0.02404359355568886 0.02320734411478043
3253 -0.0193705465644598 -0.006852736230939627 0.04131898283958435
3254 -0.0193705465644598 -0.006852736230939627 0.0391881987452507
3255 -0.0193705465644598 -0.006852736230939627 0.03705742210149765
3256 -0.004987774416804314 0.002203084295615554 0.04824402183294296
3257 0.005666132085025311 -0.002058478305116296 0.04824402183294296
3258 0.003535351017490029 -0.002058478305116296 0.04824402183294296
3259 0.004600741900503635 -0.002058478305116296 0.04824402183294296
3260 0.004630861239655323 -0.003423872268788081 0.0482228241019924
3261 0.004600741900503635 -0.002058478305116296 0.04717863351106644
3262 0.004068046342581511 -0.002591173630207777 0.043449766933918
3263 0.004068046342581511 -0.002591173630207777 0.04131898283958435
3264 0.007264218293130398 -0.03561828657984734 0.01468421798199415
3265 0.007264218293130398 -0.03987984731793404 0.0104226553812623
3266 0.006198827642947435 -0.01324507966637611 0.043449766933918
3267 -0.007118555717170238 0.001137693645432591 0.04824402183294296
3268 0.04135671630501747 0.006997342221438885 0.006161092780530453
3269 -0.01404359471052885 -0.03987984731793404 0.006161092780530453
3270 0.007264218293130398 0.04108984395861626 0.006161092780530453
3271 -0.03961296752095222 0.006997342221438885 0.006161092780530453
3272 0.03709515556693077 -0.01857203245162964 0.006161092780530453
3273 0.01152578089386225 0.03682828322052956 0.006161092780530453
3274 -0.005520469509065151 -0.03987984731793404 0.006161092780530453
3275 -0.009782032109797001 0.03682828322052956 0.006161092780530453
3276 -0.009782032109797001 0.03256671875715256 0.006161092780530453
3277 0.02857203036546707 -0.03135672211647034 0.006161092780530453
3278 0.01578734442591667 -0.03561828657984734 0.006161092780530453
3279 0.01578734442591667 -0.03987984731793404 0.006161092780530453
3280 -0.01404359471052885 -0.03561828657984734 0.006161092780530453
3281 0.03283359482884407 0.02830515429377556 0.006161092780530453
3282 0.03709515556693077 0.01125890482217073 0.006161092780530453
3283 -0.01830515637993813 -0.03561828657984734 0.006161092780530453
3284 0.003002655692398548 -0.03561828657984734 0.006161092780530453
3285 -0.001258906908333302 -0.03135672211647034 0.006161092780530453
3286 -0.001258906908333302 -0.03561828657984734 0.006161092780530453
3287 -0.005520469509065151 -0.03561828657984734 0.006161092780530453
3288 -0.001258906908333302 -0.03561828657984734 0.0104226553812623
3289 -0.02682828158140182 -0.03135672211647034 0.006161092780530453
3290 -0.02256672084331512 -0.03135672211647034 0.006161092780530453
3291 0.03283359482884407 0.01978202909231186 0.006161092780530453
3292 0.03709515556693077 0.01978202909231186 0.006161092780530453
3293 0.04135671630501747 -0.005787345580756664 0.006161092780530453
3294 0.003002655692398548 -0.03987984731793404 0.006161092780530453
3295 0.007264218293130398 -0.03561828657984734 0.006161092780530453
3296 0.003002655692398548 -0.03561828657984734 0.0104226553812623
3297 -0.02256672084331512 -0.03561828657984734 0.006161092780530453
3298 0.03283359482884407 -0.02709515765309334 0.006161092780530453
3299 -0.03108984604477882 -0.02709515765309334 0.006161092780530453
3300 -0.01830515637993813 -0.03135672211647034 0.006161092780530453
3301 0.02004890516400337 -0.03135672211647034 0.006161092780530453
3302 0.02004890516400337 -0.03561828657984734 0.006161092780530453
3303 -0.02682828158140182 0.02830515429377556 0.006161092780530453
3304 -0.01404359471052885 0.03682828322052956 0.006161092780530453
3305 0.01578734442591667 -0.03135672211647034 0.006161092780530453
3306 0.01152578089386225 -0.02709515765309334 0.006161092780530453
3307 0.01152578089386225 -0.03561828657984734 0.006161092780530453
3308 0.01152578089386225 -0.03135672211647034 0.006161092780530453
3309 -0.005520469509065151 -0.03135672211647034 0.006161092780530453
3310 -0.001258906908333302 -0.02709515765309334 0.006161092780530453
3311 0.003002655692398548 -0.03135672211647034 0.006161092780530453
3312 0.01578734442591667 -0.02709515765309334 0.006161092780530453
3313 0.02004890516400337 -0.02709515765309334 0.006161092780530453
3314 0.01152578089386225 -0.01857203245162964 0.006161092780530453
3315 0.01152578089386225 -0.01857203245162964 0.0104226553812623
3316 0.01365656219422817 0.00486656092107296 0.01255343668162823
3317 0.02431046962738037 -0.02283359691500664 0.006161092780530453
3318 0.02004890516400337 -0.01857203245162964 0.006161092780530453
3319 0.02004890516400337 -0.02283359691500664 0.006161092780530453
3320 0.01578734442591667 -0.01857203245162964 0.006161092780530453
3321 0.01152578089386225 -0.02283359691500664 0.006161092780530453
3322 0.007264218293130398 -0.02709515765309334 0.006161092780530453
3323 0.01578734442591667 -0.02283359691500664 0.006161092780530453
3324 -0.009782032109797001 -0.02709515765309334 0.006161092780530453
3325 -0.005520469509065151 -0.02709515765309334 0.006161092780530453
3326 0.02431046962738037 -0.02709515765309334 0.006161092780530453
3327 -0.009782032109797001 -0.03135672211647034 0.006161092780530453
3328 0.003002655692398548 -0.02709515765309334 0.006161092780530453
3329 0.01152578089386225 -0.01004890818148851 0.006161092780530453
3330 -0.01404359471052885 -0.02709515765309334 0.006161092780530453
3331 0.01578734442591667 -0.01004890818148851 0.006161092780530453
3332 0.007264218293130398 -0.01431047078222036 0.006161092780530453
3333 0.007264218293130398 -0.01431047078222036 0.0104226553812623
3334 0.01152578089386225 -0.01431047078222036 0.006161092780530453
3335 0.007264218293130398 -0.01857203245162964 0.006161092780530453
3336 -0.005520469509065151 -0.02283359691500664 0.006161092780530453
3337 -0.005520469509065151 -0.02283359691500664 0.0104226553812623
3338 -0.005520469509065151 -0.01857203245162964 0.006161092780530453
3339 -0.001258906908333302 -0.01857203245162964 0.006161092780530453
3340 0.007264218293130398 -0.005787345580756664 0.006161092780530453
3341 0.007264218293130398 -0.005787345580756664 0.0104226553812623
3342 -0.005520469509065151 -0.01431047078222036 0.006161092780530453
3343 -0.005520469509065151 -0.01431047078222036 0.0104226553812623
3344 0.007264218293130398 -0.01004890818148851 0.006161092780530453
3345 -0.001258906908333302 -0.01431047078222036 0.006161092780530453
3346 -0.005520469509065151 -0.01004890818148851 0.006161092780530453
3347 -0.001258906908333302 -0.01004890818148851 0.006161092780530453
3348 0.01152578089386225 -0.001525782980024815 0.006161092780530453
3349 0.007264218293130398 -0.001525782980024815 0.006161092780530453
3350 0.007264218293130398 0.002735779620707035 0.006161092780530453
3351 0.007264218293130398 0.002735779620707035 0.0104226553812623
3352 0.01152578089386225 -0.005787345580756664 0.006161092780530453
3353 0.003002655692398548 -0.001525782980024815 0.006161092780530453
3354 -0.005520469509065151 -0.005787345580756664 0.006161092780530453
3355 -0.005520469509065151 -0.005787345580756664 0.0104226553812623
3356 -0.009782032109797001 -0.005787345580756664 0.006161092780530453
3357 0.03283359482884407 0.006997342221438885 0.006161092780530453
3358 0.02857203036546707 0.01125890482217073 0.006161092780530453
3359 0.02857203036546707 0.002735779620707035 0.006161092780530453
3360 0.02857203036546707 0.006997342221438885 0.006161092780530453
3361 0.03283359482884407 0.01125890482217073 0.006161092780530453
3362 0.03709515556693077 0.006997342221438885 0.006161092780530453
3363 0.007264218293130398 0.03256671875715256 0.006161092780530453
3364 0.01152578089386225 0.03256671875715256 0.006161092780530453
3365 -0.009782032109797001 -0.001525782980024815 0.006161092780530453
3366 -0.01404359471052885 0.01978202909231186 0.006161092780530453
3367 -0.02256672084331512 0.01978202909231186 0.006161092780530453
3368 -0.01830515637993813 0.02404359355568886 0.006161092780530453
3369 -0.01830515637993813 0.01978202909231186 0.006161092780530453
3370 0.01578734442591667 0.02830515429377556 0.006161092780530453
3371 -0.01404359471052885 0.02830515429377556 0.006161092780530453
3372 -0.01830515637993813 0.02830515429377556 0.006161092780530453
3373 -0.01404359471052885 0.02404359355568886 0.006161092780530453
3374 0.003002655692398548 0.03256671875715256 0.006161092780530453
3375 0.007264218293130398 0.02830515429377556 0.006161092780530453
3376 0.003002655692398548 0.01552046742290258 0.006161092780530453
3377 0.003002655692398548 0.01552046742290258 0.0104226553812623
3378 -0.009782032109797001 0.02404359355568886 0.006161092780530453
3379 0.02004890516400337 -0.01431047078222036 0.006161092780530453
3380 0.02004890516400337 -0.01431047078222036 0.0104226553812623
3381 -0.03108984604477882 0.01552046742290258 0.006161092780530453
3382 -0.03108984604477882 0.01552046742290258 0.0104226553812623
3383 0.01578734442591667 -0.001525782980024815 0.006161092780530453
3384 0.02431046962738037 0.02830515429377556 0.006161092780530453
3385 0.02004890516400337 0.02830515429377556 0.006161092780530453
3386 0.02004890516400337 0.03256671875715256 0.006161092780530453
3387 0.02004890516400337 0.02830515429377556 0.0104226553812623
3388 0.02004890516400337 -0.001525782980024815 0.006161092780530453
3389 0.0185944153058037 0.0002373576915857105 0.01288623532503868
3390 -0.005520469509065151 -0.001525782980024815 0.006161092780530453
3391 0.02004890516400337 -0.005787345580756664 0.006161092780530453
3392 0.03709515556693077 -0.01004890818148851 0.006161092780530453
3393 0.03283359482884407 -0.005787345580756664 0.006161092780530453
3394 0.03283359482884407 -0.01004890818148851 0.006161092780530453
3395 0.03283359482884407 -0.01004890818148851 0.0104226553812623
3396 0.03283359482884407 -0.001525782980024815 0.006161092780530453
3397 0.03283359482884407 0.002735779620707035 0.006161092780530453
3398 -0.02256672084331512 0.01552046742290258 0.006161092780530453
3399 -0.02256672084331512 0.01552046742290258 0.0104226553812623
3400 -0.009782032109797001 0.01978202909231186 0.006161092780530453
3401 0.02431046962738037 -0.01857203245162964 0.006161092780530453
3402 0.02857203036546707 -0.01857203245162964 0.006161092780530453
3403 -0.009782032109797001 -0.01857203245162964 0.006161092780530453
3404 0.01578734442591667 0.03256671875715256 0.006161092780530453
3405 -0.001258906908333302 0.01125890482217073 0.006161092780530453
3406 -0.005520469509065151 0.01978202909231186 0.006161092780530453
3407 -0.001258906908333302 0.02404359355568886 0.006161092780530453
3408 -0.001258906908333302 0.01978202909231186 0.006161092780530453
3409 0.007264218293130398 0.01552046742290258 0.006161092780530453
3410 -0.01830515637993813 -0.001525782980024815 0.006161092780530453
3411 -0.01830515637993813 -0.001525782980024815 0.0104226553812623
3412 -0.01404359471052885 -0.01431047078222036 0.006161092780530453
3413 0.02857203036546707 -0.02283359691500664 0.006161092780530453
3414 0.02857203036546707 0.01978202909231186 0.006161092780530453
3415 0.02431046962738037 0.01978202909231186 0.006161092780530453
3416 -0.02256672084331512 0.02830515429377556 0.006161092780530453
3417 -0.01830515637993813 0.03256671875715256 0.006161092780530453
3418 -0.01830515637993813 0.02830515429377556 0.0104226553812623
3419 0.02431046962738037 0.006997342221438885 0.006161092780530453
3420 0.007264218293130398 0.01978202909231186 0.006161092780530453
3421 0.02857203036546707 0.01552046742290258 0.006161092780530453
3422 -0.01404359471052885 -0.01857203245162964 0.006161092780530453
3423 0.01152578089386225 0.01978202909231186 0.006161092780530453
3424 0.01152578089386225 0.01978202909231186 0.0104226553812623
3425 -0.02682828158140182 0.01978202909231186 0.006161092780530453
3426 0.03283359482884407 -0.01431047078222036 0.006161092780530453
3427 0.03283359482884407 -0.01431047078222036 0.0104226553812623
3428 -0.02682828158140182 0.006997342221438885 0.006161092780530453
3429 -0.02682828158140182 0.006997342221438885 0.0104226553812623
3430 -0.01830515637993813 -0.005787345580756664 0.006161092780530453
3431 -0.009782032109797001 -0.03987984731793404 0.006161092780530453
3432 -0.01830515637993813 0.01552046742290258 0.006161092780530453
3433 0.02857203036546707 -0.001525782980024815 0.006161092780530453
3434 0.02857203036546707 0.02404359355568886 0.006161092780530453
3435 0.02431046962738037 0.02404359355568886 0.006161092780530453
3436 0.03709515556693077 -0.001525782980024815 0.006161092780530453
3437 -0.01404359471052885 -0.02283359691500664 0.006161092780530453
3438 0.007264218293130398 0.01125890482217073 0.006161092780530453
3439 0.02857203036546707 -0.02709515765309334 0.006161092780530453
3440 0.01152578089386225 0.02830515429377556 0.006161092780530453
3441 -0.01404359471052885 0.01552046742290258 0.006161092780530453
3442 -0.01404359471052885 0.01552046742290258 0.0104226553812623
3443 0.02431046962738037 -0.001525782980024815 0.006161092780530453
3444 0.02431046962738037 -0.01004890818148851 0.006161092780530453
3445 -0.02682828158140182 0.002735779620707035 0.006161092780530453
3446 -0.01830515637993813 -0.02283359691500664 0.006161092780530453
3447 -0.01830515637993813 -0.02283359691500664 0.0104226553812623
3448 0.007264218293130398 0.02404359355568886 0.006161092780530453
3449 -0.03535140678286552 -0.01004890818148851 0.006161092780530453
3450 -0.001258906908333302 0.02830515429377556 0.006161092780530453
3451 -0.005520469509065151 0.02404359355568886 0.006161092780530453
3452 -0.005520469509065151 0.02830515429377556 0.006161092780530453
3453 -0.005520469509065151 0.03256671875715256 0.006161092780530453
3454 -0.005520469509065151 0.02830515429377556 0.0104226553812623
3455 0.02004890516400337 -0.01004890818148851 0.006161092780530453
3456 -0.01404359471052885 -0.001525782980024815 0.006161092780530453
3457 -0.01404359471052885 -0.005787345580756664 0.006161092780530453
3458 -0.02256672084331512 0.02404359355568886 0.006161092780530453
3459 0.01152578089386225 0.002735779620707035 0.006161092780530453
3460 0.01152578089386225 0.01125890482217073 0.006161092780530453
3461 0.01578734442591667 0.01125890482217073 0.006161092780530453
3462 0.02857203036546707 -0.005787345580756664 0.006161092780530453
3463 -0.03108984604477882 -0.005787345580756664 0.006161092780530453
3464 -0.03535140678286552 -0.005787345580756664 0.006161092780530453
3465 -0.03108984604477882 -0.01004890818148851 0.006161092780530453
3466 -0.03108984604477882 -0.005787345580756664 0.0104226553812623
3467 -0.009624565981366648 -0.03516919289263711 0.006207684641447056
3468 0.02004890516400337 0.006997342221438885 0.006161092780530453
3469 -0.009782032109797001 0.02830515429377556 0.006161092780530453
3470 -0.02682828158140182 -0.02283359691500664 0.006161092780530453
3471 -0.02256672084331512 -0.02283359691500664 0.006161092780530453
3472 -0.005520469509065151 0.002735779620707035 0.006161092780530453
3473 -0.005520469509065151 0.002735779620707035 0.0104226553812623
3474 0.02431046962738037 0.002735779620707035 0.006161092780530453
3475 -0.02682828158140182 0.01552046742290258 0.006161092780530453
3476 0.02004890516400337 0.01978202909231186 0.006161092780530453
3477 -0.02682828158140182 -0.01431047078222036 0.006161092780530453
3478 -0.03108984604477882 -0.01857203245162964 0.006161092780530453
3479 -0.03108984604477882 -0.01431047078222036 0.006161092780530453
3480 0.02857203036546707 -0.01431047078222036 0.006161092780530453
3481 0.02857203036546707 -0.01431047078222036 0.0104226553812623
3482 -0.01404359471052885 -0.03135672211647034 0.006161092780530453
3483 -0.02256672084331512 0.006997342221438885 0.006161092780530453
3484 -0.02256672084331512 -0.005787345580756664 0.006161092780530453
3485 -0.01830515637993813 -0.01857203245162964 0.006161092780530453
3486 -0.009782032109797001 -0.01431047078222036 0.006161092780530453
3487 -0.001258906908333302 0.002735779620707035 0.006161092780530453
3488 -0.01830515637993813 0.002735779620707035 0.006161092780530453
3489 -0.02256672084331512 -0.001525782980024815 0.006161092780530453
3490 -0.02682828158140182 -0.01004890818148851 0.006161092780530453
3491 -0.02256672084331512 -0.01004890818148851 0.006161092780530453
3492 -0.02256672084331512 -0.01004890818148851 0.0104226553812623
3493 -0.02682828158140182 -0.01857203245162964 0.006161092780530453
3494 -0.009782032109797001 -0.02283359691500664 0.006161092780530453
3495 -0.009782032109797001 -0.01004890818148851 0.006161092780530453
3496 -0.01404359471052885 -0.01004890818148851 0.006161092780530453
3497 -0.005520469509065151 0.006997342221438885 0.006161092780530453
3498 -0.005520469509065151 0.01125890482217073 0.006161092780530453
3499 -0.009782032109797001 0.006997342221438885 0.006161092780530453
3500 -0.009782032109797001 0.01125890482217073 0.006161092780530453
3501 0.01152578089386225 0.006997342221438885 0.006161092780530453
3502 0.02004890516400337 0.002735779620707035 0.006161092780530453
3503 0.02431046962738037 -0.01431047078222036 0.006161092780530453
3504 -0.03108984604477882 0.01125890482217073 0.006161092780530453
3505 0.03709515556693077 0.002735779620707035 0.006161092780530453
3506 0.03709515556693077 0.002735779620707035 0.0104226553812623
3507 0.007264218293130398 0.006997342221438885 0.006161092780530453
3508 -0.005520469509065151 0.01552046742290258 0.006161092780530453
3509 0.02004890516400337 0.01125890482217073 0.006161092780530453
3510 0.02004890516400337 0.01125890482217073 0.0104226553812623
3511 0.003002655692398548 0.02830515429377556 0.006161092780530453
3512 -0.001258906908333302 0.03256671875715256 0.006161092780530453
3513 -0.001258906908333302 0.02830515429377556 0.0104226553812623
3514 0.007264218293130398 0.03682828322052956 0.006161092780530453
3515 -0.02682828158140182 -0.02709515765309334 0.006161092780530453
3516 0.01578734442591667 0.01552046742290258 0.006161092780530453
3517 -0.02256672084331512 -0.01431047078222036 0.006161092780530453
3518 -0.005520469509065151 0.03256671875715256 0.0104226553812623
3519 -0.03535140678286552 0.01125890482217073 0.006161092780530453
3520 -0.01404359471052885 0.01125890482217073 0.006161092780530453
3521 -0.01830515637993813 0.006997342221438885 0.006161092780530453
3522 -0.02256672084331512 0.002735779620707035 0.006161092780530453
3523 0.01578734442591667 0.006997342221438885 0.006161092780530453
3524 -0.02682828158140182 -0.005787345580756664 0.006161092780530453
3525 0.01578734442591667 0.01978202909231186 0.006161092780530453
3526 0.003002655692398548 0.01978202909231186 0.006161092780530453
3527 -0.02256672084331512 0.02830515429377556 0.0104226553812623
3528 -0.001258906908333302 0.006997342221438885 0.006161092780530453
3529 -0.02256672084331512 0.01125890482217073 0.006161092780530453
3530 0.01152578089386225 0.01552046742290258 0.006161092780530453
3531 -0.01830515637993813 -0.01431047078222036 0.006161092780530453
3532 -0.02256672084331512 -0.01857203245162964 0.006161092780530453
3533 -0.02256672084331512 -0.02709515765309334 0.006161092780530453
3534 0.003002655692398548 0.002735779620707035 0.006161092780530453
3535 -0.02682828158140182 0.02404359355568886 0.006161092780530453
3536 0.03283359482884407 0.01552046742290258 0.006161092780530453
3537 -0.02682828158140182 -0.001525782980024815 0.006161092780530453
3538 0.03709515556693077 -0.005787345580756664 0.006161092780530453
3539 0.03709515556693077 -0.001525782980024815 0.0104226553812623
3540 -0.03535140678286552 0.002735779620707035 0.006161092780530453
3541 -0.03535140678286552 0.006997342221438885 0.006161092780530453
3542 -0.03535140678286552 0.006997342221438885 0.0104226553812623
3543 -0.03108984604477882 -0.02283359691500664 0.006161092780530453
3544 -0.01404359471052885 0.006997342221438885 0.006161092780530453
3545 -0.03535140678286552 -0.01431047078222036 0.006161092780530453
3546 -0.03108984604477882 0.002735779620707035 0.006161092780530453
3547 0.02004890516400337 0.02404359355568886 0.006161092780530453
3548 0.02431046962738037 -0.005787345580756664 0.006161092780530453
3549 0.01152578089386225 0.02404359355568886 0.006161092780530453
3550 0.02004890516400337 0.01552046742290258 0.006161092780530453
3551 0.03283359482884407 0.01978202909231186 0.0104226553812623
3552 -0.02682828158140182 0.01125890482217073 0.006161092780530453
3553 0.003002655692398548 0.01125890482217073 0.006161092780530453
3554 0.003002655692398548 0.03682828322052956 0.006161092780530453
3555 -0.01830515637993813 -0.02709515765309334 0.006161092780530453
3556 0.02857203036546707 0.01978202909231186 0.0104226553812623
3557 0.02857203036546707 0.02404359355568886 0.0104226553812623
3558 0.01152578089386225 0.03682828322052956 0.0104226553812623
3559 -0.01830515637993813 -0.01004890818148851 0.006161092780530453
3560 0.003002655692398548 0.02404359355568886 0.006161092780530453
3561 0.003002655692398548 0.006997342221438885 0.006161092780530453
3562 0.02431046962738037 0.01125890482217073 0.006161092780530453
3563 -0.03535140678286552 -0.001525782980024815 0.006161092780530453
3564 0.02431046962738037 0.01552046742290258 0.006161092780530453
3565 -0.009782032109797001 0.002735779620707035 0.006161092780530453
3566 -0.01830515637993813 0.01125890482217073 0.006161092780530453
3567 -0.03108984604477882 -0.001525782980024815 0.006161092780530453
3568 -0.03961296752095222 -0.001525782980024815 0.006161092780530453
3569 -0.01404359471052885 0.002735779620707035 0.006161092780530453
3570 -0.001258906908333302 0.01552046742290258 0.006161092780530453
3571 -0.001258906908333302 0.03256671875715256 0.0104226553812623
3572 -0.03108984604477882 0.006997342221438885 0.006161092780530453
3573 0.01578734442591667 0.002735779620707035 0.006161092780530453
3574 0.02857203036546707 -0.01004890818148851 0.006161092780530453
3575 0.02857203036546707 -0.01004890818148851 0.0104226553812623
3576 -0.03108984604477882 0.01978202909231186 0.006161092780530453
3577 -0.03535140678286552 0.01978202909231186 0.006161092780530453
3578 0.03709515556693077 -0.01004890818148851 0.0104226553812623
3579 -0.03535140678286552 0.002735779620707035 0.0104226553812623
3580 0.01578734442591667 -0.005787345580756664 0.006161092780530453
3581 0.01578734442591667 0.02404359355568886 0.006161092780530453
3582 -0.005520469509065151 0.03682828322052956 0.006161092780530453
3583 -0.001258906908333302 -0.005787345580756664 0.006161092780530453
3584 -0.001258906908333302 -0.001525782980024815 0.006161092780530453
3585 -0.001258906908333302 0.03682828322052956 0.006161092780530453
3586 0.003002655692398548 -0.005787345580756664 0.006161092780530453
3587 0.003002655692398548 -0.01004890818148851 0.006161092780530453
3588 0.003002655692398548 -0.01431047078222036 0.006161092780530453
3589 -0.001258906908333302 -0.02283359691500664 0.006161092780530453
3590 0.003002655692398548 -0.01857203245162964 0.006161092780530453
3591 0.003002655692398548 -0.02283359691500664 0.006161092780530453
3592 0.01578734442591667 -0.01431047078222036 0.006161092780530453
3593 0.007264218293130398 -0.02283359691500664 0.006161092780530453
3594 0.007264218293130398 -0.03135672211647034 0.006161092780530453
3595 0.007264218293130398 -0.03561828657984734 0.0104226553812623
3596 0.03709515556693077 -0.005787345580756664 0.0104226553812623
3597 -0.005520469509065151 0.04108984395861626 0.006161092780530453
3598 -0.03535140678286552 -0.01857203245162964 0.006161092780530453
3599 -0.03961296752095222 -0.01431047078222036 0.006161092780530453
3600 0.02431046962738037 0.03256671875715256 0.006161092780530453
3601 -0.03108984604477882 0.02404359355568886 0.006161092780530453
3602 0.02857203036546707 0.02830515429377556 0.006161092780530453
3603 -0.02682828158140182 0.03256671875715256 0.006161092780530453
3604 0.003002655692398548 0.04108984395861626 0.006161092780530453
3605 0.03283359482884407 -0.02283359691500664 0.006161092780530453
3606 0.03283359482884407 -0.01857203245162964 0.006161092780530453
3607 -0.03961296752095222 -0.01004890818148851 0.006161092780530453
3608 -0.01404359471052885 0.03256671875715256 0.006161092780530453
3609 -0.03535140678286552 -0.02283359691500664 0.006161092780530453
3610 0.01578734442591667 0.006997342221438885 0.02320734411478043
3611 0.02004890516400337 0.006997342221438885 0.02320734411478043
3612 0.01152578089386225 0.006997342221438885 0.02320734411478043
3613 0.01578734442591667 0.006997342221438885 0.02746890485286713
3614 0.01578734442591667 -0.01004890818148851 0.02320734411478043
3615 0.01152578089386225 -0.01004890818148851 0.02320734411478043
3616 0.0158674821325315 -0.009668580182715224 0.02808659096545253
3617 -0.01830515637993813 0.006997342221438885 0.02320734411478043
3618 -0.01404359471052885 0.006997342221438885 0.02320734411478043
3619 -0.02256672084331512 0.006997342221438885 0.02320734411478043
3620 -0.01830515637993813 0.002735779620707035 0.02320734411478043
3621 -0.01830515637993813 0.006997342221438885 0.01894577965140343
3622 -0.001258906908333302 0.006997342221438885 0.02320734411478043
3623 -0.005520469509065151 0.006997342221438885 0.02320734411478043
3624 -0.001258906908333302 -0.01004890818148851 0.02320734411478043
3625 -0.005520469509065151 -0.01004890818148851 0.02320734411478043
3626 0.003002655692398548 0.01125890482217073 0.02746890485286713
3627 0.007264218293130398 0.01125890482217073 0.02746890485286713
3628 -0.001258906908333302 0.01125890482217073 0.02746890485286713
3629 0.003002655692398548 0.01552046742290258 0.02746890485286713
3630 0.003002655692398548 0.01125890482217073 0.03173046931624413
3631 -0.005520469509065151 0.01125890482217073 0.02746890485286713
3632 -0.005520469509065151 0.01552046742290258 0.02746890485286713
3633 -0.01404359471052885 -0.005787345580756664 0.01894577965140343
3634 -0.009782032109797001 -0.005787345580756664 0.01894577965140343
3635 -0.01404359471052885 -0.01004890818148851 0.01894577965140343
3636 0.003002655692398548 -0.01431047078222036 0.02746890485286713
3637 0.007264218293130398 -0.01431047078222036 0.02746890485286713
3638 0.003002655692398548 -0.01004890818148851 0.02746890485286713
3639 0.003002655692398548 -0.01857203245162964 0.02746890485286713
3640 0.003002655692398548 -0.01431047078222036 0.03173046931624413
3641 0.01152578089386225 -0.005787345580756664 0.02746890485286713
3642 0.01578734442591667 -0.005787345580756664 0.02746890485286713
3643 0.01152578089386225 -0.001525782980024815 0.02746890485286713
3644 0.00147051133705881 -0.005345701333081102 0.01708028849474983
3645 0.009191606844706105 -0.004073035240496607 0.01670846029523421
3646 -0.005520469509065151 -0.02283359691500664 0.02746890485286713
3647 -0.005520469509065151 -0.01857203245162964 0.02746890485286713
3648 -0.005520469509065151 -0.02709515765309334 0.02746890485286713
3649 -0.005520469509065151 -0.02283359691500664 0.02320734411478043
3650 0.01152578089386225 0.002735779620707035 0.02746890485286713
3651 0.01152578089386225 0.006997342221438885 0.02746890485286713
3652 -0.03108984604477882 0.01125890482217073 0.01894577965140343
3653 -0.02682828158140182 0.01125890482217073 0.01894577965140343
3654 -0.03535140678286552 0.01125890482217073 0.01894577965140343
3655 -0.03108984604477882 0.01552046742290258 0.01894577965140343
3656 -0.03108984604477882 0.006997342221438885 0.01894577965140343
3657 0.02004890516400337 0.01125890482217073 0.02746890485286713
3658 0.02431046962738037 0.01125890482217073 0.02746890485286713
3659 0.01578734442591667 0.01125890482217073 0.02746890485286713
3660 0.02004890516400337 0.01552046742290258 0.02746890485286713
3661 0.01152578089386225 0.01978202909231186 0.02746890485286713
3662 0.01578734442591667 0.01978202909231186 0.02746890485286713
3663 0.007264218293130398 0.01978202909231186 0.02746890485286713
3664 0.01152578089386225 0.02404359355568886 0.02746890485286713
3665 0.01152578089386225 0.01552046742290258 0.02746890485286713
3666 0.01152578089386225 0.01978202909231186 0.02320734411478043
3667 0.003002655692398548 0.01978202909231186 0.02746890485286713
3668 -0.001258906908333302 0.01978202909231186 0.02746890485286713
3669 0.003002655692398548 0.01978202909231186 0.02320734411478043
3670 0.01152578089386225 0.01125890482217073 0.02746890485286713
3671 0.02004890516400337 0.01978202909231186 0.01894577965140343
3672 0.02431046962738037 0.01978202909231186 0.01894577965140343
3673 0.01578734442591667 0.01978202909231186 0.01894577965140343
3674 0.02004890516400337 0.02404359355568886 0.01894577965140343
3675 0.02004890516400337 0.01978202909231186 0.02320734411478043
3676 0.02004890516400337 -0.005787345580756664 0.02746890485286713
3677 0.02431046962738037 -0.005787345580756664 0.02746890485286713
3678 0.02000676437724868 -0.0007873802175721127 0.02635660478668802
3679 0.02004890516400337 -0.01004890818148851 0.02746890485286713
3680 -0.005520469509065151 0.01978202909231186 0.02746890485286713
3681 -0.009782032109797001 0.01978202909231186 0.02746890485286713
3682 -0.005520469509065151 0.02404359355568886 0.02746890485286713
3683 -0.005520469509065151 0.01978202909231186 0.03173046931624413
3684 -0.005520469509065151 0.01978202909231186 0.02320734411478043
3685 0.003002655692398548 0.01978202909231186 0.01894577965140343
3686 0.007264218293130398 0.01978202909231186 0.01894577965140343
3687 -0.001258906908333302 0.01978202909231186 0.01894577965140343
3688 0.003002655692398548 0.02404359355568886 0.01894577965140343
3689 0.003002655692398548 0.02830515429377556 0.01894577965140343
3690 0.007264218293130398 0.02830515429377556 0.01894577965140343
3691 -0.001258906908333302 0.02830515429377556 0.01894577965140343
3692 0.003002655692398548 0.03256671875715256 0.01894577965140343
3693 0.003002655692398548 0.02830515429377556 0.02320734411478043
3694 -0.005520469509065151 0.01978202909231186 0.01894577965140343
3695 -0.005520469509065151 0.02404359355568886 0.01894577965140343
3696 0.01152578089386225 0.02830515429377556 0.01894577965140343
3697 0.01578734442591667 0.02830515429377556 0.01894577965140343
3698 0.01152578089386225 0.02404359355568886 0.01894577965140343
3699 0.01152578089386225 0.02830515429377556 0.02320734411478043
3700 0.01152578089386225 0.01978202909231186 0.01894577965140343
3701 -0.02256672084331512 -0.02283359691500664 0.01894577965140343
3702 -0.01669657501438531 -0.02468359719966132 0.01839734035315593
3703 -0.02256672084331512 -0.02709515765309334 0.01894577965140343
3704 -0.01404359471052885 -0.01431047078222036 0.01894577965140343
3705 -0.009782032109797001 -0.01431047078222036 0.01894577965140343
3706 -0.01404359471052885 -0.01431047078222036 0.02320734411478043
3707 -0.03108984604477882 0.002735779620707035 0.01894577965140343
3708 -0.02682828158140182 0.002735779620707035 0.01894577965140343
3709 -0.03108984604477882 0.002735779620707035 0.02320734411478043
3710 0.02004890516400337 -0.01431047078222036 0.02746890485286713
3711 0.01578734442591667 -0.01431047078222036 0.02746890485286713
3712 0.02004890516400337 -0.01857203245162964 0.02746890485286713
3713 0.01152578089386225 -0.01431047078222036 0.02746890485286713
3714 0.01152578089386225 -0.01857203245162964 0.02746890485286713
3715 0.01152578089386225 -0.02283359691500664 0.02746890485286713
3716 0.01578734442591667 -0.02283359691500664 0.02746890485286713
3717 0.007264218293130398 -0.02283359691500664 0.02746890485286713
3718 0.01152578089386225 -0.02283359691500664 0.02320734411478043
3719 0.003002655692398548 -0.02283359691500664 0.02746890485286713
3720 0.003002655692398548 -0.02283359691500664 0.02320734411478043
3721 0.003002655692398548 -0.02283359691500664 0.01894577965140343
3722 0.007264218293130398 -0.02283359691500664 0.01894577965140343
3723 -0.001258906908333302 -0.02283359691500664 0.01894577965140343
3724 0.003002655692398548 -0.01857203245162964 0.01894577965140343
3725 0.003002655692398548 -0.02709515765309334 0.01894577965140343
3726 0.003002655692398548 -0.03135672211647034 0.01894577965140343
3727 0.007264218293130398 -0.03135672211647034 0.01894577965140343
3728 -0.001258906908333302 -0.03135672211647034 0.01894577965140343
3729 0.01152578089386225 -0.02283359691500664 0.01894577965140343
3730 0.01578734442591667 -0.02283359691500664 0.01894577965140343
3731 0.01152578089386225 -0.01857203245162964 0.01894577965140343
3732 -0.005520469509065151 -0.02283359691500664 0.01894577965140343
3733 -0.005520469509065151 -0.01857203245162964 0.01894577965140343
3734 -0.005520469509065151 -0.02709515765309334 0.01894577965140343
3735 -0.005520469509065151 -0.03135672211647034 0.01894577965140343
3736 -0.009782032109797001 -0.03135672211647034 0.01894577965140343
3737 -0.005520469509065151 -0.03561828657984734 0.01894577965140343
3738 -0.01404359471052885 0.02830515429377556 0.01894577965140343
3739 -0.009782032109797001 0.02830515429377556 0.01894577965140343
3740 -0.01830515637993813 0.02830515429377556 0.01894577965140343
3741 -0.02256672084331512 0.01978202909231186 0.01894577965140343
3742 -0.01830515637993813 0.01978202909231186 0.01894577965140343
3743 -0.02682828158140182 0.01978202909231186 0.01894577965140343
3744 -0.02256672084331512 0.02404359355568886 0.01894577965140343
3745 -0.02256672084331512 0.01978202909231186 0.02320734411478043
3746 -0.01404359471052885 0.01125890482217073 0.01894577965140343
3747 -0.009782032109797001 0.01125890482217073 0.01894577965140343
3748 -0.01404359471052885 0.01552046742290258 0.01894577965140343
3749 -0.01404359471052885 0.01125890482217073 0.02320734411478043
3750 -0.02256672084331512 0.002735779620707035 0.01894577965140343
3751 -0.01830515637993813 0.002735779620707035 0.01894577965140343
3752 -0.02256672084331512 0.006997342221438885 0.01894577965140343
3753 -0.02256672084331512 0.002735779620707035 0.02320734411478043
3754 0.02004890516400337 -0.02283359691500664 0.01894577965140343
3755 0.02431046962738037 -0.02283359691500664 0.01894577965140343
3756 0.01904457585938809 -0.01698714850904842 0.01801286814714276
3757 0.02004890516400337 -0.02709515765309334 0.01894577965140343
3758 0.02004890516400337 -0.02283359691500664 0.02320734411478043
3759 -0.005520469509065151 0.02830515429377556 0.01894577965140343
3760 -0.005520469509065151 0.03256671875715256 0.01894577965140343
3761 -0.005520469509065151 0.02830515429377556 0.02320734411478043
3762 -0.005520469509065151 0.02830515429377556 0.01468421798199415
3763 0.02609795741104514 -0.01413290539618444 0.01827103310195661
3764 0.03283359482884407 -0.01431047078222036 0.01894577965140343
3765 0.02857203036546707 -0.01004890818148851 0.01894577965140343
3766 0.02857203036546707 -0.01857203245162964 0.01894577965140343
3767 0.02857203036546707 -0.01431047078222036 0.02320734411478043
3768 0.02857203036546707 -0.01431047078222036 0.01468421798199415
3769 0.02857203036546707 0.002735779620707035 0.01894577965140343
3770 0.03283359482884407 0.002735779620707035 0.01894577965140343
3771 0.02857203036546707 0.006997342221438885 0.01894577965140343
3772 0.02857203036546707 0.002735779620707035 0.02320734411478043
3773 0.01294999894725647 -0.01618462909836294 0.03180963279289154
3774 0.01987892226143131 0.0001043949502484089 0.03684174613164275
3775 -0.008643224979421505 -0.009961039003010191 0.04749223140060675
3776 -0.006025906400875261 -0.01250585677403203 0.04739231403846157
3777 -0.007206076856491259 -0.01148359671607464 0.04622784643530843
3778 -0.006577379389085036 -0.01030755229107659 0.04703666060220494
3779 -0.008697071441421995 -0.01241680236705665 0.04694966572744019
3780 -0.005071310701356803 -0.01274513314240296 0.0460140036521187
3781 -0.009109869744187522 -0.01436745037835593 0.04631224828070946
3782 -0.01203960622547913 -0.01038801846952354 0.04427016784987317
3783 0.006271256388222493 -0.006474067157278172 0.03251186560908185
3784 0.009435426601003858 -0.005749254206934321 0.02959968708455563
3785 0.009608270767860201 -0.01239565286154234 0.0295915193254673
3786 0.0183192169505928 -0.000295579814865978 0.03172692528994637
3787 0.01799995106550091 0.0005221095564865198 0.02817561050530593
3788 0.01956890817075554 0.003775364267078343 0.03335528242626772
3789 0.01503347141970277 0.0006353468339934986 0.03270742569219402
3790 0.01894474400240668 0.006849454049984695 0.03103382025506127
3791 0.01301667648446142 -0.01003721874491493 0.02699456809594343
3792 0.01177450774962526 -0.01478016954792791 0.0322001664246027
3793 -0.006585860159248114 -0.01261478582449828 0.04542490680506521
3794 -0.01084790185626749 -0.01129508523583394 0.04131946240069474
3795 0.01309250832843865 -0.008047476309242317 0.03016374129273796
3796 -0.01222801801371564 -0.01210485078673337 0.04354329835531748
3797 0.007700801363174832 -0.009162842065052679 0.03284606605985723
3798 0.008532738786340734 -0.01055116112123237 0.03751408054444742
3799 0.01099251651667331 -0.01047605484160712 0.0358288524009716
3800 0.008882927428042017 -0.01113040920644971 0.03417186428122525
3801 0.009292986123562488 -0.01261819088963787 0.03729330954037186
3802 0.0193014843207018 0.002926790592588647 0.03036282325710458
3803 0.01049457642529971 -0.0127647728809202 0.03435205774525556
3804 0.009998133469317976 -0.0113199573512457 0.03573839506213834
$EndNodes
$Elements
17237
1 4 2 1 1 3749 2457 1911 2093
2 4 2 1 1 2874 588 586 587
3 4 2 1 1 2180 3558 2174 3007
4 4 2 1 1 2621 2689 451 462
5 4 2 1 1 375 2621 451 462
6 4 2 1 1 2918 2569 2575 1298
7 4 2 1 1 584 1186 2852 608
8 4 2 1 1 461 2944 1144 385
9 4 2 1 1 2572 3718 2574 2338
10 4 2 1 1 3293 1739 3101 1866
11 4 2 1 1 2621 375 2689 462
12 4 2 1 1 3116 3117 2736 3170
13 4 2 1 1 2745 2744 2952 3018
14 4 2 1 1 782 621 2056 816
15 4 2 1 1 3045 2734 623 2996
16 4 2 1 1 2259 2635 2867 395
17 4 2 1 1 3116 3045 2736 3117
18 4 2 1 1 1167 2613 2657 706
19 4 2 1 1 2913 639 2839 877
20 4 2 1 1 2165 3575 3768 3765
21 4 2 1 1 3270 1285 118 1053
22 4 2 1 1 329 2684 330 340
23 4 2 1 1 773 911 2175 774
24 4 2 1 1 3738 3739 2061 3207
25 4 2 1 1 1451 12 11 2930
26 4 2 1 1 1301 1884 2306 2305
27 4 2 1 1 1610 1590 1768 3350
28 4 2 1 1 1850 3270 118 1053
29 4 2 1 1 2767 2314 2769 2542
30 4 2 1 1 442 2635 552 1162
31 4 2 1 1 2012 3051 3674 3033
32 4 2 1 1 1706 3538 1832 3293
33 4 2 1 1 3490 3524 3484 1621
34 4 2 1 1 1692 3531 1645 3412
35 4 2 1 1 3500 2458 2094 3508
36 4 2 1 1 3672 1989 3033 3674
37 4 2 1 1 3604 3270 1053 1042
38 4 2 1 1 1681 1708 3309 3287
39 4 2 1 1 3133 1868 1748 3294
40 4 2 1 1 1981 705 2814 2613
41 4 2 1 1 3252 3663 3251 3667
42 4 2 1 1 3270 3604 1053 1555
43 4 2 1 1 1853 3604 1555 1053
44 4 2 1 1 2674 355 436 466
45 4 2 1 1 570 3005 572 571
46 4 2 1 1 2550 3664 2768 3663
47 4 2 1 1 2632 424 2633 2937
48 4 2 1 1 2395 2880 1962 3132
49 4 2 1 1 3201 3012 2926 3051
50 4 2 1 1 2121 2737 2122 3014
51 4 2 1 1 3505 3436 3539 3397
52 4 2 1 1 3604 1853 98 1053
53 4 2 1 1 1820 3352 3580 3383
54 4 2 1 1 2506 3030 2935 484
55 4 2 1 1 2374 2456 2455 2372
56 4 2 1 1 240 2680 251 1212
57 4 2 1 1 2705 999 107 13
58 4 2 1 1 3045 3116 2736 2996
59 4 2 1 1 91 2712 2703 2535
60 4 2 1 1 474 2506 2935 484
61 4 2 1 1 2880 1963 1964 1965
62 4 2 1 1 2526 2493 3048 2524
63 4 2 1 1 2493 2526 3048 2527
64 4 2 1 1 3527 3162 3603 2064
65 4 2 1 1 3148 504 503 3079
66 4 2 1 1 1807 3348 3383 3459
67 4 2 1 1 2040 2044 2052 3640
68 4 2 1 1 2642 431 1228 506
69 4 2 1 1 431 2642 432 506
70 4 2 1 1 289 2493 2524 3048
71 4 2 1 1 2879 289 2524 3048
72 4 2 1 1 2307 2680 2206 2512
73 4 2 1 1 2430 21 945 117
74 4 2 1 1 2199 346 348 2629
75 4 2 1 1 1436 2511 517 3250
76 4 2 1 1 2642 298 2751 297
77 4 2 1 1 3108 416 418 417
78 4 2 1 1 3311 3594 3328 2367
79 4 2 1 1 137 2569 238 1201
80 4 2 1 1 1436 650 517 2511
81 4 2 1 1 2511 650 517 2002
82 4 2 1 1 650 595 517 2002
83 4 2 1 1 585 2914 714 2915
84 4 2 1 1 2488 1398 1510 780
85 4 2 1 1 1252 2336 582 2586
86 4 2 1 1 101 2143 87 91
87 4 2 1 1 2976 3755 2936 2919
88 4 2 1 1 2208 3109 3250 1064
89 4 2 1 1 3041 3766 2976 2919
90 4 2 1 1 3270 1850 118 2619
91 4 2 1 1 3322 1574 3594 1575
92 4 2 1 1 3664 2003 3666 3699
93 4 2 1 1 2239 2409 1951 1940
94 4 2 1 1 2942 427 425 2334
95 4 2 1 1 2001 2924 2470 3699
96 4 2 1 1 705 1054 2685 762
97 4 2 1 1 3373 3418 3371 3372
98 4 2 1 1 3206 3263 3262 3192
99 4 2 1 1 3151 2500 18 87
100 4 2 1 1 3270 3604 3134 1042
101 4 2 1 1 839 821 528 2353
102 4 2 1 1 559 2525 1331 733
103 4 2 1 1 2208 1098 3109 1064
104 4 2 1 1 2951 3539 2280 2849
105 4 2 1 1 952 857 2780 92
106 4 2 1 1 1491 2337 1158 917
107 4 2 1 1 3374 2176 3514 3554
108 4 2 1 1 614 2980 554 558
109 4 2 1 1 276 280 2150 272
110 4 2 1 1 1028 1340 3218 1027
111 4 2 1 1 1098 303 3109 1317
112 4 2 1 1 1302 539 8 2280
113 4 2 1 1 2129 2492 2457 2155
114 4 2 1 1 2026 3708 2651 3709
115 4 2 1 1 721 903 902 3029
116 4 2 1 1 2637 2863 2639 3703
117 4 2 1 1 2639 2378 2379 403
118 4 2 1 1 614 2961 1158 685
119 4 2 1 1 1952 2953 2805 3014
120 4 2 1 1 2268 2271 2269 2787
121 4 2 1 1 3162 2056 2462 3603
122 4 2 1 1 3677 2138 2142 3765
123 4 2 1 1 1145 9 8 2849
124 4 2 1 1 2358 3023 2662 2357
125 4 2 1 1 2259 2862 3736 2860
126 4 2 1 1 1974 3089 2774 1964
127 4 2 1 1 2932 289 2879 3048
128 4 2 1 1 1514 1081 1210 3095
129 4 2 1 1 2409 3263 2694 2224
130 4 2 1 1 2638 3701 3702 3703
131 4 2 1 1 2924 2007 266 2470
132 4 2 1 1 2137 2128 1922 2669
133 4 2 1 1 3263 2409 2694 3262
134 4 2 1 1 2081 3622 3628 3623
135 4 2 1 1 379 289 3048 488
136 4 2 1 1 3307 3595 3295 3136
137 4 2 1 1 2580 3179 3178 3176
138 4 2 1 1 3384 1670 1672 1763
139 4 2 1 1 3604 3270 1870 1555
140 4 2 1 1 2336 1084 2308 774
141 4 2 1 1 2562 2274 2721 1958
142 4 2 1 1 3692 3691 3693 2309
143 4 2 1 1 3145 2058 3739 3738
144 4 2 1 1 379 2932 3048 289
145 4 2 1 1 1014 2602 813 778
146 4 2 1 1 2096 2738 2736 2735
147 4 2 1 1 2909 991 3138 2927
148 4 2 1 1 2969 3296 2367 3595
149 4 2 1 1 592 1095 2926 638
150 4 2 1 1 240 2680 237 251
151 4 2 1 1 2988 3062 2989 3059
152 4 2 1 1 1983 2957 2912 2643
153 4 2 1 1 3068 3085 3087 3066
154 4 2 1 1 1106 674 2553 2639
155 4 2 1 1 2384 541 1073 2658
156 4 2 1 1 1458 3257 927 1086
157 4 2 1 1 3257 116 1408 1086
158 4 2 1 1 3576 1802 1716 1686
159 4 2 1 1 1458 116 3257 1086
160 4 2 1 1 2430 3237 2761 2431
161 4 2 1 1 2766 3720 2673 3725
162 4 2 1 1 677 1094 2564 3072
163 4 2 1 1 1671 3435 3434 1697
164 4 2 1 1 1971 2223 2693 2406
165 4 2 1 1 1505 1002 2486 514
166 4 2 1 1 592 2926 591 572
167 4 2 1 1 2003 2008 3699 3077
168 4 2 1 1 3193 149 150 2346
169 4 2 1 1 2599 1468 795 1393
170 4 2 1 1 816 1407 3050 3105
171 4 2 1 1 1145 540 1402 2168
172 4 2 1 1 3575 2172 3548 3444
173 4 2 1 1 1431 2438 3028 3087
174 4 2 1 1 3744 3009 2795 2589
175 4 2 1 1 3300 1783 1793 1701
176 4 2 1 1 2343 2658 1097 1306
177 4 2 1 1 1354 2343 1097 1306
178 4 2 1 1 240 2680 241 239
179 4 2 1 1 1025 372 369 2070
180 4 2 1 1 2614 2613 2615 2956
181 4 2 1 1 1212 2563 1108 2469
182 4 2 1 1 2308 2336 2175 2309
183 4 2 1 1 2563 1212 1108 975
184 4 2 1 1 1508 710 675 2611
185 4 2 1 1 1574 1750 3307 1571
186 4 2 1 1 2023 1931 3635 1899
187 4 2 1 1 2371 3195 2455 2372
188 4 2 1 1 2570 1220 594 2567
189 4 2 1 1 2566 2570 594 2567
190 4 2 1 1 1633 1792 1621 3559
191 4 2 1 1 2719 727 728 1408
192 4 2 1 1 2781 2337 2171 2962
193 4 2 1 1 249 2566 594 2567
194 4 2 1 1 223 215 217 3195
195 4 2 1 1 168 1022 2966 1455
196 4 2 1 1 3012 639 1528 637
197 4 2 1 1 3063 3679 2807 3677
198 4 2 1 1 665 661 2774 1963
199 4 2 1 1 2996 2987 3059 510
200 4 2 1 1 2774 1959 1975 1960
201 4 2 1 1 1061 2551 1016 756
202 4 2 1 1 256 249 594 2567
203 4 2 1 1 2898 2390 2050 3084
204 4 2 1 1 3756 3712 3711 2046
205 4 2 1 1 2267 2561 2273 2265
206 4 2 1 1 1798 3549 1711 1779
207 4 2 1 1 2296 960 2101 2312
208 4 2 1 1 3600 105 3602 1539
209 4 2 1 1 1974 1959 2754 1975
210 4 2 1 1 2541 2922 3076 2006
211 4 2 1 1 2140 2999 2386 3000
212 4 2 1 1 1959 1974 2754 1047
213 4 2 1 1 3722 2034 3731 3724
214 4 2 1 1 605 606 2754 627
215 4 2 1 1 2267 544 545 2787
216 4 2 1 1 2587 291 2924 3033
217 4 2 1 1 1057 105 77 1539
218 4 2 1 1 174 3057 173 175
219 4 2 1 1 193 2329 195 2287
220 4 2 1 1 1267 102 1562 2757
221 4 2 1 1 309 2714 2871 3139
222 4 2 1 1 3410 1609 3430 3489
223 4 2 1 1 2624 3061 2623 3059
224 4 2 1 1 3061 2624 3062 3059
225 4 2 1 1 1175 375 2689 2621
226 4 2 1 1 3593 1578 3321 3322
227 4 2 1 1 2106 3702 3703 3180
228 4 2 1 1 1215 456 618 3152
229 4 2 1 1 163 161 162 2204
230 4 2 1 1 1362 3600 1118 105
231 4 2 1 1 3062 2452 3170 3059
232 4 2 1 1 1099 3279 854 1390
233 4 2 1 1 2303 3212 3058 3088
234 4 2 1 1 849 2902 2901 2903
235 4 2 1 1 3627 3670 3225 2083
236 4 2 1 1 3052 2928 3192 1972
237 4 2 1 1 31 104 32 1873
238 4 2 1 1 2452 2624 3170 3059
239 4 2 1 1 1090 1413 85 2534
240 4 2 1 1 2624 2452 3062 3059
241 4 2 1 1 1861 1749 3200 1698
242 4 2 1 1 1754 1578 1755 3321
243 4 2 1 1 1655 1652 3374 1812
244 4 2 1 1 1096 1172 3210 822
245 4 2 1 1 2591 2598 1157 292
246 4 2 1 1 199 2292 197 230
247 4 2 1 1 3647 2449 3625 2023
248 4 2 1 1 3411 3410 3489 3522
249 4 2 1 1 2913 3012 879 2757
250 4 2 1 1 3417 3608 3304 3070
251 4 2 1 1 746 3028 712 1041
252 4 2 1 1 1869 3608 3276 1745
253 4 2 1 1 2288 2359 2361 2287
254 4 2 1 1 2947 801 802 800
255 4 2 1 1 2652 3031 3183 575
256 4 2 1 1 2176 3604 3554 3028
257 4 2 1 1 2951 2931 2930 2170
258 4 2 1 1 3600 1864 2757 1267
259 4 2 1 1 2609 2430 2761 2431
260 4 2 1 1 1128 1402 2908 1130
261 4 2 1 1 3620 1897 3618 3617
262 4 2 1 1 3626 3627 3225 2083
263 4 2 1 1 1145 2849 1130 1339
264 4 2 1 1 3304 3608 3276 3070
265 4 2 1 1 3275 3304 3276 3070
266 4 2 1 1 804 1113 806 2789
267 4 2 1 1 684 804 805 2789
268 4 2 1 1 3068 3275 3276 3070
269 4 2 1 1 2550 243 2680 1993
270 4 2 1 1 3565 3472 1592 3497
271 4 2 1 1 3069 1565 1511 1889
272 4 2 1 1 1934 2038 3266 2039
273 4 2 1 1 3068 2058 3070 3276
274 4 2 1 1 3071 860 3069 1008
275 4 2 1 1 1169 3186 671 660
276 4 2 1 1 1545 1879 58 1341
277 4 2 1 1 339 3267 1529 1488
278 4 2 1 1 1721 2463 1722 1737
279 4 2 1 1 2892 2150 2006 1141
280 4 2 1 1 1010 893 2890 1055
281 4 2 1 1 412 1204 2259 2862
282 4 2 1 1 282 297 2751 283
283 4 2 1 1 2581 739 1136 949
284 4 2 1 1 1270 2741 1509 2742
285 4 2 1 1 368 3226 1161 1448
286 4 2 1 1 2150 1286 1141 1492
287 4 2 1 1 2892 2150 1141 1492
288 4 2 1 1 2440 2356 2662 2494
289 4 2 1 1 796 2810 547 1152
290 4 2 1 1 522 984 2333 682
291 4 2 1 1 599 522 2333 682
292 4 2 1 1 1035 1391 252 2362
293 4 2 1 1 2380 1325 1208 410
294 4 2 1 1 3342 3338 3339 3343
295 4 2 1 1 3252 3699 3693 3081
296 4 2 1 1 2377 2515 2732 2552
297 4 2 1 1 2690 2688 2120 327
298 4 2 1 1 3085 2528 3087 3066
299 4 2 1 1 2750 2749 3014 2120
300 4 2 1 1 2810 2793 547 1152
301 4 2 1 1 244 265 2470 2469
302 4 2 1 1 2484 2657 1746 1558
303 4 2 1 1 3605 1865 3272 1554
304 4 2 1 1 1490 848 2103 1219
305 4 2 1 1 3097 2880 2948 666
306 4 2 1 1 3623 1919 1928 2669
307 4 2 1 1 2810 1507 1152 796
308 4 2 1 1 2157 938 807 1269
309 4 2 1 1 1179 731 473 3033
310 4 2 1 1 933 1517 1261 2626
311 4 2 1 1 3164 1296 2355 655
312 4 2 1 1 2413 3612 2082 1999
313 4 2 1 1 3521 3488 3522 1606
314 4 2 1 1 2810 2793 1152 1507
315 4 2 1 1 2365 2841 2673 2364
316 4 2 1 1 2983 557 1163 499
317 4 2 1 1 2983 930 1163 557
318 4 2 1 1 3119 3187 693 3025
319 4 2 1 1 1281 1479 491 2741
320 4 2 1 1 695 3119 693 3025
321 4 2 1 1 3289 3297 1121 1841
322 4 2 1 1 2866 3280 3163 3431
323 4 2 1 1 2058 3608 3070 3276
324 4 2 1 1 1354 2255 1306 844
325 4 2 1 1 705 2814 706 626
326 4 2 1 1 3314 1754 1755 3321
327 4 2 1 1 2969 2263 2367 3288
328 4 2 1 1 1292 827 3123 1328
329 4 2 1 1 2866 881 3431 3163
330 4 2 1 1 3771 2781 3181 2181
331 4 2 1 1 3505 3362 3102 1726
332 4 2 1 1 1134 3292 1412 109
333 4 2 1 1 354 350 2199 348
334 4 2 1 1 642 1225 3163 580
335 4 2 1 1 1062 3250 1063 1064
336 4 2 1 1 2262 2261 2644 2634
337 4 2 1 1 1036 133 2698 2145
338 4 2 1 1 845 2793 803 1473
339 4 2 1 1 2565 566 2710 2175
340 4 2 1 1 3292 2991 2385 1148
341 4 2 1 1 1963 1965 2948 2993
342 4 2 1 1 3122 2267 2273 2835
343 4 2 1 1 1407 1189 3050 3146
344 4 2 1 1 1084 2336 582 1518
345 4 2 1 1 1953 1961 2672 1951
346 4 2 1 1 2964 703 862 1148
347 4 2 1 1 2680 2550 2512 3081
348 4 2 1 1 716 2140 2999 2386
349 4 2 1 1 2033 2779 3000 2039
350 4 2 1 1 3231 2067 3239 3232
351 4 2 1 1 2114 2199 2629 2443
352 4 2 1 1 1138 791 476 2428
353 4 2 1 1 2506 2354 632 1298
354 4 2 1 1 3268 1464 1283 3102
355 4 2 1 1 562 2528 560 1197
356 4 2 1 1 2849 3539 2280 2959
357 4 2 1 1 1520 90 3238 1338
358 4 2 1 1 790 1347 1522 2715
359 4 2 1 1 3028 3571 3585 3554
360 4 2 1 1 3230 2342 2740 2481
361 4 2 1 1 243 1993 286 1070
362 4 2 1 1 1567 45 46 94
363 4 2 1 1 655 2355 2904 2646
364 4 2 1 1 2496 2282 1902 2625
365 4 2 1 1 2540 2957 2541 689
366 4 2 1 1 2522 3223 2828 3222
367 4 2 1 1 2889 2821 3092 2611
368 4 2 1 1 2085 1025 641 2828
369 4 2 1 1 936 3157 3231 3222
370 4 2 1 1 2936 2217 3757 3754
371 4 2 1 1 597 826 3222 726
372 4 2 1 1 131 2144 2698 2145
373 4 2 1 1 3133 1747 1868 2305
374 4 2 1 1 1200 636 572 2926
375 4 2 1 1 1267 79 1562 80
376 4 2 1 1 1501 1255 933 2626
377 4 2 1 1 1512 2536 1020 1195
378 4 2 1 1 1025 2070 369 1183
379 4 2 1 1 2264 2958 2261 388
380 4 2 1 1 1703 1730 2905 3426
381 4 2 1 1 3256 1446 671 1367
382 4 2 1 1 2474 2717 2246 2655
383 4 2 1 1 1993 1069 1348 1070
384 4 2 1 1 665 2880 666 2948
385 4 2 1 1 1139 754 531 2552
386 4 2 1 1 2550 2680 2681 3081
387 4 2 1 1 1985 3663 3251 3081
388 4 2 1 1 3358 3421 1821 1806
389 4 2 1 1 2975 3030 3764 2252
390 4 2 1 1 2863 3180 2639 3703
391 4 2 1 1 1320 2701 1174 2813
392 4 2 1 1 762 1320 1174 2813
393 4 2 1 1 3068 3067 3069 3070
394 4 2 1 1 1963 661 2774 660
395 4 2 1 1 1985 2512 3081 3251
396 4 2 1 1 757 925 2377 759
397 4 2 1 1 2413 3351 3507 3316
398 4 2 1 1 1915 2760 2071 2078
399 4 2 1 1 2570 2566 594 1372
400 4 2 1 1 754 531 2552 553
401 4 2 1 1 2786 2904 543 1185
402 4 2 1 1 1451 11 972 2930
403 4 2 1 1 1270 2918 382 136
404 4 2 1 1 1678 3533 3471 3515
405 4 2 1 1 1853 84 1053 1555
406 4 2 1 1 2635 394 396 395
407 4 2 1 1 457 2786 543 1185
408 4 2 1 1 3219 2603 2618 2601
409 4 2 1 1 3208 2877 2153 2372
410 4 2 1 1 2216 2095 2655 2872
411 4 2 1 1 423 615 421 2937
412 4 2 1 1 647 2325 2421 2422
413 4 2 1 1 456 1215 454 2988
414 4 2 1 1 2756 1947 3037 2630
415 4 2 1 1 2445 2771 2444 2776
416 4 2 1 1 383 482 238 2918
417 4 2 1 1 1399 783 2056 2064
418 4 2 1 1 2786 457 2904 1185
419 4 2 1 1 3476 1637 3581 3547
420 4 2 1 1 1985 3664 3663 3081
421 4 2 1 1 2512 2211 3081 3251
422 4 2 1 1 3756 2148 3758 3754
423 4 2 1 1 2877 3208 219 3209
424 4 2 1 1 2979 680 1196 886
425 4 2 1 1 2965 2684 2623 2622
426 4 2 1 1 225 3208 2214 222
427 4 2 1 1 2079 1942 3650 2010
428 4 2 1 1 1810 1882 3386 1764
429 4 2 1 1 3432 1770 1790 3398
430 4 2 1 1 1040 3138 2927 2324
431 4 2 1 1 2814 3542 3031 3654
432 4 2 1 1 402 1043 2552 2378
433 4 2 1 1 225 222 2214 226
434 4 2 1 1 1098 222 2214 303
435 4 2 1 1 2855 3755 2976 2167
436 4 2 1 1 2078 1915 3236 2451
437 4 2 1 1 2964 2869 1405 3268
438 4 2 1 1 1982 2955 2956 2941
439 4 2 1 1 2887 738 3605 766
440 4 2 1 1 2977 2979 2883 3764
441 4 2 1 1 2208 2214 228 2546
442 4 2 1 1 2955 2942 2956 2941
443 4 2 1 1 2799 2533 2857 2797
444 4 2 1 1 636 1200 3190 2926
445 4 2 1 1 1222 801 889 2947
446 4 2 1 1 365 2782 2783 2388
447 4 2 1 1 335 339 1007 2112
448 4 2 1 1 803 2793 1507 1152
449 4 2 1 1 1578 1754 3593 3321
450 4 2 1 1 3571 3512 3585 3374
451 4 2 1 1 683 684 2794 803
452 4 2 1 1 2211 2307 3081 3251
453 4 2 1 1 622 2588 549 1427
454 4 2 1 1 2132 2412 3644 2243
455 4 2 1 1 2671 3042 2842 2775
456 4 2 1 1 1076 1253 2444 2443
457 4 2 1 1 2245 3208 2213 2214
458 4 2 1 1 738 2887 2978 766
459 4 2 1 1 3675 1990 3662 3666
460 4 2 1 1 2307 2211 3081 2512
461 4 2 1 1 559 489 1331 2525
462 4 2 1 1 1844 1547 2509 1976
463 4 2 1 1 1663 1772 1638 3397
464 4 2 1 1 1318 593 1199 2742
465 4 2 1 1 2840 654 1476 1386
466 4 2 1 1 849 2902 1443 2901
467 4 2 1 1 1283 7 539 3102
468 4 2 1 1 2866 643 3092 1159
469 4 2 1 1 1663 3505 3397 3436
470 4 2 1 1 2840 1476 3039 1386
471 4 2 1 1 2438 969 1041 98
472 4 2 1 1 1002 1505 3113 784
473 4 2 1 1 3290 3297 3092 2611
474 4 2 1 1 3557 3034 2845 2009
475 4 2 1 1 2454 2460 2284 2459
476 4 2 1 1 3297 3290 3092 3283
477 4 2 1 1 3536 3551 3073 2868
478 4 2 1 1 3054 2854 3055 3277
479 4 2 1 1 2972 1231 825 1445
480 4 2 1 1 1410 2855 3277 3054
481 4 2 1 1 735 2854 736 1207
482 4 2 1 1 2906 1124 1843 799
483 4 2 1 1 1509 2741 942 1199
484 4 2 1 1 2972 1231 679 825
485 4 2 1 1 2652 1226 2814 574
486 4 2 1 1 893 1055 525 2890
487 4 2 1 1 3056 2854 735 1207
488 4 2 1 1 2123 2890 2579 2120
489 4 2 1 1 3543 2103 3609 3299
490 4 2 1 1 2990 3556 3551 2253
491 4 2 1 1 768 871 3299 2822
492 4 2 1 1 1124 126 1125 2888
493 4 2 1 1 1864 79 1562 1267
494 4 2 1 1 3108 2297 3099 2831
495 4 2 1 1 2759 3238 3239 2761
496 4 2 1 1 2899 772 846 847
497 4 2 1 1 3752 3619 2130 3621
498 4 2 1 1 2942 427 2334 2335
499 4 2 1 1 3556 3414 3200 3291
500 4 2 1 1 1021 841 2344 1471
501 4 2 1 1 772 2899 2903 847
502 4 2 1 1 2718 1998 3682 3761
503 4 2 1 1 2300 2514 2531 2513
504 4 2 1 1 578 2860 2850 2861
505 4 2 1 1 2103 1500 1218 3299
506 4 2 1 1 2732 2514 2531 1929
507 4 2 1 1 2591 1264 487 294
508 4 2 1 1 2602 2829 2817 2830
509 4 2 1 1 3480 3402 3606 3427
510 4 2 1 1 1550 2179 2619 1888
511 4 2 1 1 415 858 2817 1350
512 4 2 1 1 1094 3072 2469 2564
513 4 2 1 1 3290 2106 3555 3533
514 4 2 1 1 858 2375 2817 1350
515 4 2 1 1 3289 871 2822 3299
516 4 2 1 1 1719 3543 3299 3470
517 4 2 1 1 244 1461 2469 242
518 4 2 1 1 3093 1466 3095 1229
519 4 2 1 1 1098 3109 1064 1317
520 4 2 1 1 227 781 2546 2214
521 4 2 1 1 93 2917 1506 1102
522 4 2 1 1 431 298 432 2642
523 4 2 1 1 1039 2569 1298 2575
524 4 2 1 1 3234 3205 3229 3233
525 4 2 1 1 3665 3627 3663 1999
526 4 2 1 1 3347 3355 2243 3583
527 4 2 1 1 2004 2541 2006 689
528 4 2 1 1 2187 3112 2530 3121
529 4 2 1 1 3553 3438 1691 3409
530 4 2 1 1 2582 2290 2291 2487
531 4 2 1 1 3418 3373 3368 3372
532 4 2 1 1 1399 688 953 2064
533 4 2 1 1 1604 1805 3408 1667
534 4 2 1 1 2983 2627 3181 930
535 4 2 1 1 2208 2215 2872 2210
536 4 2 1 1 39 1866 1463 1
537 4 2 1 1 3421 3414 1671 3415
538 4 2 1 1 2507 2234 3075 869
539 4 2 1 1 1516 2234 2507 869
540 4 2 1 1 1664 3330 1654 3482
541 4 2 1 1 1630 3529 3398 3552
542 4 2 1 1 2475 3234 2320 2342
543 4 2 1 1 1073 146 2658 1097
544 4 2 1 1 3556 3414 3415 3434
545 4 2 1 1 3045 3047 3044 2473
546 4 2 1 1 3373 3368 3372 1775
547 4 2 1 1 3093 3008 1401 3183
548 4 2 1 1 2864 3280 3092 3482
549 4 2 1 1 1582 3590 3332 3588
550 4 2 1 1 3193 2037 3243 2802
551 4 2 1 1 3557 3435 3415 2009
552 4 2 1 1 3330 3555 1654 3482
553 4 2 1 1 2670 1122 1493 96
554 4 2 1 1 3028 2858 712 2934
555 4 2 1 1 1729 1862 3269 1544
556 4 2 1 1 3327 2151 3467 2985
557 4 2 1 1 2307 2680 237 239
558 4 2 1 1 1642 1798 1779 3423
559 4 2 1 1 1057 1860 77 76
560 4 2 1 1 1699 3414 1698 1671
561 4 2 1 1 2613 1054 707 538
562 4 2 1 1 3590 1582 3335 1579
563 4 2 1 1 1827 1695 3349 3348
564 4 2 1 1 2316 17 92 88
565 4 2 1 1 3694 2081 3687 3684
566 4 2 1 1 1972 1916 2224 2415
567 4 2 1 1 3716 3712 3758 2046
568 4 2 1 1 2166 3396 3433 3397
569 4 2 1 1 2103 848 2903 3609
570 4 2 1 1 3315 3314 3335 3332
571 4 2 1 1 3314 3315 3334 3332
572 4 2 1 1 2935 3030 3767 2973
573 4 2 1 1 1576 3311 1752 1573
574 4 2 1 1 3183 3093 3095 1229
575 4 2 1 1 530 434 2540 444
576 4 2 1 1 2668 2137 2240 2669
577 4 2 1 1 2671 497 1246 2665
578 4 2 1 1 2554 335 2112 333
579 4 2 1 1 2106 3290 3092 2611
580 4 2 1 1 595 698 697 2923
581 4 2 1 1 702 2084 1003 961
582 4 2 1 1 1200 3190 1359 876
583 4 2 1 1 3175 3129 3172 3174
584 4 2 1 1 2060 3400 2458 3442
585 4 2 1 1 1770 1685 3398 3367
586 4 2 1 1 3193 2037 3029 993
587 4 2 1 1 663 3171 664 2993
588 4 2 1 1 2703 2712 2780 1991
589 4 2 1 1 3506 3505 3539 3397
590 4 2 1 1 2337 2961 1158 2962
591 4 2 1 1 3389 3502 3383 3573
592 4 2 1 1 3193 2037 2801 3029
593 4 2 1 1 2224 1940 2415 2050
594 4 2 1 1 3381 1679 1976 3577
595 4 2 1 1 903 904 902 3029
596 4 2 1 1 3340 3586 3587 3341
597 4 2 1 1 464 2983 499 557
598 4 2 1 1 1982 2351 2350 2943
599 4 2 1 1 2299 1926 3184 2187
600 4 2 1 1 3360 2183 3419 3474
601 4 2 1 1 2801 3197 902 3029
602 4 2 1 1 442 2635 2551 552
603 4 2 1 1 3542 3654 2837 3656
604 4 2 1 1 3571 2176 3692 2174
605 4 2 1 1 1373 1168 2952 2745
606 4 2 1 1 3257 3261 3244 2403
607 4 2 1 1 2106 3300 3092 3290
608 4 2 1 1 982 2611 3092 1159
609 4 2 1 1 2819 2822 3515 3533
610 4 2 1 1 3219 2649 2601 2618
611 4 2 1 1 3556 2102 2990 3551
612 4 2 1 1 2858 564 712 2934
613 4 2 1 1 438 508 2852 2381
614 4 2 1 1 2212 2208 228 2546
615 4 2 1 1 3294 2420 3295 3265
616 4 2 1 1 3749 3746 3618 3621
617 4 2 1 1 914 1182 2836 2251
618 4 2 1 1 2987 1239 3059 510
619 4 2 1 1 881 2866 3431 3269
620 4 2 1 1 409 408 2297 413
621 4 2 1 1 3336 3494 3337 3338
622 4 2 1 1 3117 3195 2455 3170
623 4 2 1 1 2921 2958 2262 2945
624 4 2 1 1 18 815 88 2316
625 4 2 1 1 2049 2782 2388 2783
626 4 2 1 1 3396 3539 3397 2166
627 4 2 1 1 831 2836 912 2251
628 4 2 1 1 2007 3204 2892 2006
629 4 2 1 1 512 2845 473 550
630 4 2 1 1 2988 2987 2989 1240
631 4 2 1 1 3039 3049 3021 924
632 4 2 1 1 1714 1706 3436 1663
633 4 2 1 1 1241 2988 2989 1240
634 4 2 1 1 982 2889 3092 2611
635 4 2 1 1 509 2987 2988 1240
636 4 2 1 1 2501 3150 2498 2502
637 4 2 1 1 2518 2547 3681 1910
638 4 2 1 1 2913 878 1362 879
639 4 2 1 1 3197 3198 3155 3196
640 4 2 1 1 1710 3495 3346 3354
641 4 2 1 1 3406 1604 3451 3408
642 4 2 1 1 1565 56 1511 1889
643 4 2 1 1 3578 2940 2886 2908
644 4 2 1 1 1695 1827 1820 3348
645 4 2 1 1 1310 3235 656 1221
646 4 2 1 1 643 982 3092 1159
647 4 2 1 1 3049 3027 3021 924
648 4 2 1 1 3289 119 1121 1251
649 4 2 1 1 2964 2995 1405 916
650 4 2 1 1 1026 2648 1027 3218
651 4 2 1 1 1580 3589 1757 1753
652 4 2 1 1 1607 3410 3522 3489
653 4 2 1 1 3268 2995 1283 1405
654 4 2 1 1 1765 3369 3368 1687
655 4 2 1 1 3105 2056 2462 3106
656 4 2 1 1 3637 1937 3640 2045
657 4 2 1 1 1704 3055 1823 3277
658 4 2 1 1 1464 1542 6 3102
659 4 2 1 1 3078 1981 3579 2685
660 4 2 1 1 797 3289 1121 1251
661 4 2 1 1 3160 907 1437 2903
662 4 2 1 1 73 1133 1856 125
663 4 2 1 1 1557 2869 2385 1856
664 4 2 1 1 3712 2147 2918 3710
665 4 2 1 1 2939 2511 2512 2872
666 4 2 1 1 2157 805 806 2789
667 4 2 1 1 3104 3142 3103 3143
668 4 2 1 1 3038 1948 1947 1965
669 4 2 1 1 2391 2497 3258 2392
670 4 2 1 1 2896 2049 2388 2783
671 4 2 1 1 2233 351 946 2707
672 4 2 1 1 2233 353 946 351
673 4 2 1 1 97 1849 1374 59
674 4 2 1 1 3041 485 475 1153
675 4 2 1 1 2991 2990 3551 3073
676 4 2 1 1 3293 3538 1832 3392
677 4 2 1 1 2979 2252 2886 3764
678 4 2 1 1 2781 1112 1417 112
679 4 2 1 1 2168 1402 2908 1132
680 4 2 1 1 357 351 2707 946
681 4 2 1 1 3208 225 1300 220
682 4 2 1 1 2744 320 2559 2560
683 4 2 1 1 1516 357 2707 946
684 4 2 1 1 3053 3278 3305 3302
685 4 2 1 1 469 2548 1459 957
686 4 2 1 1 3326 1677 1676 1704
687 4 2 1 1 3718 3722 3717 2034
688 4 2 1 1 2548 958 1459 957
689 4 2 1 1 2202 2231 2824 3189
690 4 2 1 1 603 2814 626 574
691 4 2 1 1 1127 2888 2908 1125
692 4 2 1 1 595 518 517 3199
693 4 2 1 1 2544 958 2548 957
694 4 2 1 1 3067 860 968 3069
695 4 2 1 1 732 1197 3087 968
696 4 2 1 1 1747 1884 1540 2305
697 4 2 1 1 156 2764 2967 154
698 4 2 1 1 1197 1431 3087 968
699 4 2 1 1 3322 3593 2596 3321
700 4 2 1 1 1659 1644 1660 3480
701 4 2 1 1 1641 1817 1639 3574
702 4 2 1 1 3067 732 3087 968
703 4 2 1 1 2664 2663 2665 341
704 4 2 1 1 669 3118 1181 3097
705 4 2 1 1 2610 2433 2437 1955
706 4 2 1 1 3067 860 732 968
707 4 2 1 1 2051 2921 3728 3725
708 4 2 1 1 2851 2986 2985 2257
709 4 2 1 1 291 1193 2587 2924
710 4 2 1 1 3576 1802 3577 1837
711 4 2 1 1 3195 223 979 1294
712 4 2 1 1 2130 3620 3621 3617
713 4 2 1 1 2307 236 233 2206
714 4 2 1 1 291 2587 1179 3033
715 4 2 1 1 2885 2884 2883 3764
716 4 2 1 1 2326 2287 2328 2331
717 4 2 1 1 215 223 979 3195
718 4 2 1 1 3723 2733 3721 3725
719 4 2 1 1 2819 1325 767 2553
720 4 2 1 1 2832 2514 3706 2017
721 4 2 1 1 1310 3235 3217 1027
722 4 2 1 1 984 522 2333 2334
723 4 2 1 1 3292 1749 3200 1559
724 4 2 1 1 798 1464 1283 3268
725 4 2 1 1 3590 3333 3332 3588
726 4 2 1 1 3688 3690 3689 3693
727 4 2 1 1 621 816 3105 2056
728 4 2 1 1 2325 2427 2927 2323
729 4 2 1 1 2430 852 2431 851
730 4 2 1 1 2348 2349 2538 2317
731 4 2 1 1 3384 3435 3547 1672
732 4 2 1 1 2821 2106 2822 2819
733 4 2 1 1 167 2187 2966 3088
734 4 2 1 1 505 1369 3044 1262
735 4 2 1 1 181 3169 3026 3011
736 4 2 1 1 141 765 1191 2566
737 4 2 1 1 970 534 990 2435
738 4 2 1 1 3333 3590 3332 3335
739 4 2 1 1 636 3012 875 637
740 4 2 1 1 3501 1612 3573 3459
741 4 2 1 1 3348 3341 3349 3352
742 4 2 1 1 3348 1827 3352 3349
743 4 2 1 1 2606 2605 2632 2608
744 4 2 1 1 2456 2517 2455 2372
745 4 2 1 1 2093 3684 3681 3632
746 4 2 1 1 2413 3351 3316 2010
747 4 2 1 1 607 970 990 2435
748 4 2 1 1 3275 1887 3069 1825
749 4 2 1 1 2431 2325 2324 851
750 4 2 1 1 3085 2528 3048 2527
751 4 2 1 1 1563 1849 60 1374
752 4 2 1 1 914 912 2251 480
753 4 2 1 1 2680 1993 241 1994
754 4 2 1 1 3034 512 3024 2845
755 4 2 1 1 2939 2311 2769 2511
756 4 2 1 1 2652 3382 3519 1976
757 4 2 1 1 3759 3762 3760 3691
758 4 2 1 1 117 2391 22 2324
759 4 2 1 1 122 1101 1406 2419
760 4 2 1 1 3055 3056 1823 3277
761 4 2 1 1 3333 3587 3332 3588
762 4 2 1 1 2486 204 202 1001
763 4 2 1 1 3439 2855 3277 3298
764 4 2 1 1 966 505 3044 1262
765 4 2 1 1 2722 223 3195 1273
766 4 2 1 1 2219 3307 3595 3308
767 4 2 1 1 1057 1860 3281 1539
768 4 2 1 1 1013 200 514 2582
769 4 2 1 1 3209 2722 1273 994
770 4 2 1 1 610 856 2529 1261
771 4 2 1 1 82 1550 81 1397
772 4 2 1 1 2385 2964 3073 2868
773 4 2 1 1 2991 3024 2915 3551
774 4 2 1 1 677 3005 569 571
775 4 2 1 1 3744 2062 2065 2589
776 4 2 1 1 677 1012 569 2564
777 4 2 1 1 2942 427 437 426
778 4 2 1 1 2132 3634 3473 1932
779 4 2 1 1 2789 2544 2791 2790
780 4 2 1 1 1730 2888 2905 3272
781 4 2 1 1 3005 570 569 571
782 4 2 1 1 339 1010 2112 333
783 4 2 1 1 3038 3179 2125 3177
784 4 2 1 1 1736 1835 3298 1536
785 4 2 1 1 2140 483 1422 910
786 4 2 1 1 2711 3005 569 2564
787 4 2 1 1 3391 2169 3455 3548
788 4 2 1 1 1898 3627 1957 1999
789 4 2 1 1 453 2660 1023 455
790 4 2 1 1 632 2354 971 1298
791 4 2 1 1 1897 2129 2457 2155
792 4 2 1 1 691 1266 3137 693
793 4 2 1 1 3046 2722 1273 3209
794 4 2 1 1 3134 1285 1042 1284
795 4 2 1 1 2576 1080 2570 2568
796 4 2 1 1 2506 3096 2919 1298
797 4 2 1 1 882 3126 3253 1487
798 4 2 1 1 1036 2139 483 2145
799 4 2 1 1 795 1468 2593 1477
800 4 2 1 1 2438 3604 3028 2439
801 4 2 1 1 2264 1135 2261 2634
802 4 2 1 1 259 278 279 2571
803 4 2 1 1 3428 1791 1606 3445
804 4 2 1 1 1915 2066 2316 2070
805 4 2 1 1 1512 486 1471 2344
806 4 2 1 1 2770 2504 1023 814
807 4 2 1 1 3075 2507 2707 3191
808 4 2 1 1 2504 2770 1023 2622
809 4 2 1 1 3143 3141 3103 2676
810 4 2 1 1 3142 3141 3103 3143
811 4 2 1 1 1897 1919 2454 2286
812 4 2 1 1 1123 541 250 2571
813 4 2 1 1 3333 3344 3332 3587
814 4 2 1 1 2778 2910 3000 2999
815 4 2 1 1 2844 3145 2879 3207
816 4 2 1 1 2343 2344 2368 2258
817 4 2 1 1 1297 390 2261 1034
818 4 2 1 1 2362 196 252 198
819 4 2 1 1 313 2464 2713 2728
820 4 2 1 1 2875 2674 3103 3114
821 4 2 1 1 2208 1068 1062 233
822 4 2 1 1 2329 1237 230 1335
823 4 2 1 1 2631 2136 2126 2708
824 4 2 1 1 771 1105 2899 846
825 4 2 1 1 3271 1733 1844 2509
826 4 2 1 1 3428 1629 3552 3483
827 4 2 1 1 2297 420 3099 1416
828 4 2 1 1 2606 2605 2651 2700
829 4 2 1 1 95 1081 2679 1210
830 4 2 1 1 2539 2677 1938 2448
831 4 2 1 1 3492 2025 2295 2017
832 4 2 1 1 2051 3734 3725 3728
833 4 2 1 1 1714 3436 3101 3102
834 4 2 1 1 2823 2674 2875 3114
835 4 2 1 1 1127 2887 1403 2886
836 4 2 1 1 2033 3123 1474 296
837 4 2 1 1 3462 1817 3393 3574
838 4 2 1 1 2680 243 241 1993
839 4 2 1 1 2185 350 1295 352
840 4 2 1 1 2588 1044 1187 1427
841 4 2 1 1 2329 1288 926 989
842 4 2 1 1 188 3169 3026 184
843 4 2 1 1 925 1455 180 2966
844 4 2 1 1 3256 3186 1056 2107
845 4 2 1 1 3155 3083 3196 3114
846 4 2 1 1 449 3199 448 374
847 4 2 1 1 1323 2255 844 1306
848 4 2 1 1 3542 1981 3579 1979
849 4 2 1 1 3752 1978 2294 3429
850 4 2 1 1 2638 3701 3703 2379
851 4 2 1 1 1479 2741 1509 491
852 4 2 1 1 1323 2255 1306 2658
853 4 2 1 1 2637 401 402 2378
854 4 2 1 1 2464 314 311 1078
855 4 2 1 1 541 1323 1306 2658
856 4 2 1 1 2464 2745 447 1078
857 4 2 1 1 2617 2441 2447 3020
858 4 2 1 1 311 2714 2654 308
859 4 2 1 1 2416 1949 1965 2418
860 4 2 1 1 1946 1963 2109 660
861 4 2 1 1 2499 3063 1991 2535
862 4 2 1 1 2745 2464 2472 1078
863 4 2 1 1 3030 2975 679 680
864 4 2 1 1 966 505 2654 3044
865 4 2 1 1 1552 2906 1843 799
866 4 2 1 1 501 386 2725 1004
867 4 2 1 1 144 145 142 2339
868 4 2 1 1 2716 2097 2654 3044
869 4 2 1 1 966 2464 1078 2654
870 4 2 1 1 2500 2475 1933 2342
871 4 2 1 1 3109 303 305 1317
872 4 2 1 1 1919 2495 3620 1927
873 4 2 1 1 453 2660 2622 1023
874 4 2 1 1 3469 3378 2060 3371
875 4 2 1 1 1494 3230 853 1089
876 4 2 1 1 496 3042 378 494
877 4 2 1 1 2085 2522 2068 3224
878 4 2 1 1 2563 2308 3693 3081
879 4 2 1 1 3209 977 2590 219
880 4 2 1 1 450 2074 502 2312
881 4 2 1 1 529 450 502 2312
882 4 2 1 1 2479 3230 1089 2480
883 4 2 1 1 2073 2091 2068 3224
884 4 2 1 1 3631 1919 2739 1911
885 4 2 1 1 1047 628 2998 659
886 4 2 1 1 2041 3644 3645 2042
887 4 2 1 1 3248 2387 2481 2038
888 4 2 1 1 3712 3096 2918 2575
889 4 2 1 1 3195 3116 3170 3117
890 4 2 1 1 1927 2201 2442 3185
891 4 2 1 1 1116 578 2861 2860
892 4 2 1 1 3157 2066 2070 3239
893 4 2 1 1 1965 2397 2948 2993
894 4 2 1 1 3138 2909 1969 3091
895 4 2 1 1 790 2478 2715 3246
896 4 2 1 1 2744 2559 2952 3018
897 4 2 1 1 2994 2964 3282 2868
898 4 2 1 1 1583 3587 3588 3332
899 4 2 1 1 493 3109 305 1317
900 4 2 1 1 2252 885 886 1339
901 4 2 1 1 3267 1007 2556 2116
902 4 2 1 1 2566 765 1191 1372
903 4 2 1 1 2384 1073 146 2658
904 4 2 1 1 1256 1165 2 2774
905 4 2 1 1 3083 3155 2824 3114
906 4 2 1 1 2389 3083 3114 3196
907 4 2 1 1 2354 839 971 2353
908 4 2 1 1 3260 2719 3258 2402
909 4 2 1 1 2478 2682 2404 2693
910 4 2 1 1 2924 1450 2470 266
911 4 2 1 1 2573 3716 2575 3758
912 4 2 1 1 1050 1051 3058 492
913 4 2 1 1 2734 2737 2736 2735
914 4 2 1 1 1337 3116 744 1357
915 4 2 1 1 2318 696 1327 905
916 4 2 1 1 2931 1420 2930 2352
917 4 2 1 1 2931 2352 2930 2170
918 4 2 1 1 1974 2909 1975 1973
919 4 2 1 1 1516 357 1441 2707
920 4 2 1 1 3579 1981 2614 2685
921 4 2 1 1 3123 2033 2999 3000
922 4 2 1 1 1989 2008 3674 3671
923 4 2 1 1 387 386 385 2958
924 4 2 1 1 2503 1281 2741 997
925 4 2 1 1 2705 12 1451 2930
926 4 2 1 1 3505 1714 3436 1663
927 4 2 1 1 3579 3078 2955 3707
928 4 2 1 1 2457 2456 1911 2374
929 4 2 1 1 2384 144 143 2339
930 4 2 1 1 2670 1561 96 1291
931 4 2 1 1 2333 2605 2632 2700
932 4 2 1 1 880 2670 1493 1159
933 4 2 1 1 375 2621 329 340
934 4 2 1 1 2649 3023 2618 1900
935 4 2 1 1 3249 1987 2626 2704
936 4 2 1 1 2594 2592 2724 3727
937 4 2 1 1 146 2340 2339 2658
938 4 2 1 1 137 2147 2698 136
939 4 2 1 1 1255 2627 1501 106
940 4 2 1 1 3664 1996 3666 3663
941 4 2 1 1 2244 3045 3047 3117
942 4 2 1 1 2526 2336 2586 3761
943 4 2 1 1 2009 3672 3033 3674
944 4 2 1 1 2385 1497 935 125
945 4 2 1 1 1134 2385 1133 1148
946 4 2 1 1 2667 1913 2133 2894
947 4 2 1 1 2848 3468 3573 3316
948 4 2 1 1 3292 1546 1133 2385
949 4 2 1 1 1897 2293 2490 3617
950 4 2 1 1 1134 3292 1133 2385
951 4 2 1 1 2450 2025 3704 3635
952 4 2 1 1 3187 3216 190 3131
953 4 2 1 1 2811 171 3057 3088
954 4 2 1 1 163 995 2530 435
955 4 2 1 1 2598 1157 1346 828
956 4 2 1 1 3119 3153 3189 3188
957 4 2 1 1 2637 2635 2552 398
958 4 2 1 1 3063 2807 2742 2698
959 4 2 1 1 424 423 2632 425
960 4 2 1 1 273 1248 2493 289
961 4 2 1 1 3676 3677 1896 2142
962 4 2 1 1 2062 1978 3399 3442
963 4 2 1 1 3393 3395 3394 3596
964 4 2 1 1 1583 3344 3587 3332
965 4 2 1 1 317 1366 1011 2728
966 4 2 1 1 144 142 143 2339
967 4 2 1 1 1530 852 1206 2422
968 4 2 1 1 2456 2454 2455 2459
969 4 2 1 1 3032 3031 1977 3652
970 4 2 1 1 3050 2844 2057 3106
971 4 2 1 1 3190 3134 3007 2992
972 4 2 1 1 2804 3209 3047 3044
973 4 2 1 1 1145 113 2849 1339
974 4 2 1 1 2511 1436 1994 3250
975 4 2 1 1 2880 2395 1525 3132
976 4 2 1 1 2777 2843 2194 2696
977 4 2 1 1 885 1420 1339 2352
978 4 2 1 1 2049 2388 2784 2683
979 4 2 1 1 2734 2689 623 2996
980 4 2 1 1 2898 2390 2389 2388
981 4 2 1 1 2931 885 1339 2352
982 4 2 1 1 2782 3246 2783 2784
983 4 2 1 1 1520 3157 1155 3238
984 4 2 1 1 2684 2965 2621 2111
985 4 2 1 1 3052 2928 1951 2418
986 4 2 1 1 2194 2843 2198 2696
987 4 2 1 1 2293 3619 3617 3753
988 4 2 1 1 2408 3052 2407 1950
989 4 2 1 1 936 3231 1206 3222
990 4 2 1 1 2194 2136 2126 2756
991 4 2 1 1 2194 2777 2696 2200
992 4 2 1 1 1420 2931 1339 2352
993 4 2 1 1 325 2748 525 326
994 4 2 1 1 1437 1421 3599 110
995 4 2 1 1 2198 2194 2696 2200
996 4 2 1 1 2823 3083 3114 2389
997 4 2 1 1 947 2484 1083 93
998 4 2 1 1 138 2139 140 700
999 4 2 1 1 2856 2445 2444 2776
1000 4 2 1 1 3165 3727 2725 2724
1001 4 2 1 1 3426 1730 3606 1702
1002 4 2 1 1 3157 936 1155 726
1003 4 2 1 1 936 3157 1155 1520
1004 4 2 1 1 3184 2187 3125 3210
1005 4 2 1 1 3234 1967 3205 3233
1006 4 2 1 1 376 340 1038 2622
1007 4 2 1 1 236 258 1062 2206
1008 4 2 1 1 2255 2365 2673 2364
1009 4 2 1 1 3663 3667 3629 2872
1010 4 2 1 1 2286 2460 2490 2487
1011 4 2 1 1 2198 1904 2494 2440
1012 4 2 1 1 2358 2495 3023 3620
1013 4 2 1 1 717 900 3266 719
1014 4 2 1 1 3045 3116 623 624
1015 4 2 1 1 3668 2209 2247 2872
1016 4 2 1 1 534 2435 851 990
1017 4 2 1 1 2296 2713 2773 2728
1018 4 2 1 1 2518 2547 1910 2520
1019 4 2 1 1 3483 3521 3566 2294
1020 4 2 1 1 428 1288 2331 1166
1021 4 2 1 1 2668 2125 2115 2137
1022 4 2 1 1 2999 2778 3266 3000
1023 4 2 1 1 398 1139 531 2552
1024 4 2 1 1 1074 711 1137 2229
1025 4 2 1 1 3714 2045 2032 3717
1026 4 2 1 1 989 2333 987 682
1027 4 2 1 1 2680 2307 2206 239
1028 4 2 1 1 2730 2474 2092 2655
1029 4 2 1 1 254 265 1319 2470
1030 4 2 1 1 962 1993 1177 1381
1031 4 2 1 1 1960 2110 2672 1965
1032 4 2 1 1 3683 2583 2518 2372
1033 4 2 1 1 1993 962 1177 2004
1034 4 2 1 1 2315 2314 2769 3225
1035 4 2 1 1 962 698 1177 2004
1036 4 2 1 1 562 2528 2934 2523
1037 4 2 1 1 2091 2080 1905 2068
1038 4 2 1 1 1577 3591 1753 3328
1039 4 2 1 1 2674 2823 3142 3114
1040 4 2 1 1 2157 2159 950 2160
1041 4 2 1 1 1382 1451 2974 107
1042 4 2 1 1 3112 2187 3125 3184
1043 4 2 1 1 2847 2169 2597 3580
1044 4 2 1 1 685 2961 1158 1364
1045 4 2 1 1 270 267 2163 257
1046 4 2 1 1 2163 267 253 257
1047 4 2 1 1 3764 2979 2883 2886
1048 4 2 1 1 2790 2544 2791 2520
1049 4 2 1 1 2011 2009 3581 3387
1050 4 2 1 1 14 114 2704 2780
1051 4 2 1 1 2569 2570 2383 2575
1052 4 2 1 1 1153 2354 2977 521
1053 4 2 1 1 2943 1982 2956 2941
1054 4 2 1 1 1795 1642 1779 3423
1055 4 2 1 1 838 889 2947 1480
1056 4 2 1 1 761 760 2375 759
1057 4 2 1 1 2723 1004 2725 2724
1058 4 2 1 1 2467 2731 2531 2612
1059 4 2 1 1 287 2598 2724 279
1060 4 2 1 1 2301 2190 2298 2447
1061 4 2 1 1 1498 1061 3167 1418
1062 4 2 1 1 2159 2519 2459 2687
1063 4 2 1 1 3290 1783 1720 1793
1064 4 2 1 1 2468 1929 2612 2531
1065 4 2 1 1 3108 2297 2831 2817
1066 4 2 1 1 2106 3447 3471 2104
1067 4 2 1 1 1722 3417 3372 1775
1068 4 2 1 1 2836 831 912 652
1069 4 2 1 1 2759 90 3238 2761
1070 4 2 1 1 2266 3129 888 2581
1071 4 2 1 1 2775 346 2629 345
1072 4 2 1 1 1312 336 341 2665
1073 4 2 1 1 343 2671 378 1246
1074 4 2 1 1 2829 2375 2817 2516
1075 4 2 1 1 790 2478 3246 1324
1076 4 2 1 1 3263 1916 2224 1972
1077 4 2 1 1 2432 2325 2762 2433
1078 4 2 1 1 2909 1387 3091 1385
1079 4 2 1 1 496 3042 494 1214
1080 4 2 1 1 1956 2075 2437 2433
1081 4 2 1 1 3108 2558 2297 2817
1082 4 2 1 1 3194 2202 3189 2203
1083 4 2 1 1 2631 2533 2708 2197
1084 4 2 1 1 2638 2376 2516 2817
1085 4 2 1 1 2133 2134 2662 2440
1086 4 2 1 1 2631 2628 2629 2856
1087 4 2 1 1 383 2918 238 382
1088 4 2 1 1 720 2778 2910 721
1089 4 2 1 1 435 967 1361 3120
1090 4 2 1 1 1682 3319 3320 3323
1091 4 2 1 1 1578 3322 1751 3306
1092 4 2 1 1 2918 238 382 136
1093 4 2 1 1 2428 2815 2101 2816
1094 4 2 1 1 3043 2198 2494 2440
1095 4 2 1 1 449 518 1249 3199
1096 4 2 1 1 2748 739 2581 325
1097 4 2 1 1 2184 2797 2675 2856
1098 4 2 1 1 3179 3038 1953 2672
1099 4 2 1 1 2397 1949 2949 1965
1100 4 2 1 1 2377 553 756 755
1101 4 2 1 1 995 435 1361 3120
1102 4 2 1 1 1032 2679 3577 1566
1103 4 2 1 1 919 2752 2720 1470
1104 4 2 1 1 95 2678 2679 1855
1105 4 2 1 1 3601 1883 1837 2679
1106 4 2 1 1 2621 2684 329 340
1107 4 2 1 1 1146 967 3120 1361
1108 4 2 1 1 204 2488 205 2489
1109 4 2 1 1 2792 2789 3207 2793
1110 4 2 1 1 3483 3429 2294 3529
1111 4 2 1 1 2332 2333 2335 2699
1112 4 2 1 1 2620 3201 3386 2757
1113 4 2 1 1 3399 2062 3367 2065
1114 4 2 1 1 3441 1597 1599 3500
1115 4 2 1 1 67 111 1547 66
1116 4 2 1 1 1333 282 297 2751
1117 4 2 1 1 2613 1083 2615 707
1118 4 2 1 1 742 1146 3120 1361
1119 4 2 1 1 3468 3523 1614 3573
1120 4 2 1 1 3276 3469 3453 3518
1121 4 2 1 1 1351 2569 1372 765
1122 4 2 1 1 2570 1039 1372 1100
1123 4 2 1 1 3349 3340 3353 1768
1124 4 2 1 1 2480 2478 2481 2715
1125 4 2 1 1 5 1541 1478 55
1126 4 2 1 1 1417 10 2930 2951
1127 4 2 1 1 1351 1039 1372 2570
1128 4 2 1 1 2354 1153 649 521
1129 4 2 1 1 3439 3326 1676 1704
1130 4 2 1 1 651 2332 2333 2335
1131 4 2 1 1 2924 3697 3699 2001
1132 4 2 1 1 225 226 2214 227
1133 4 2 1 1 1990 3612 3670 1999
1134 4 2 1 1 3009 3008 2164 2874
1135 4 2 1 1 1897 1919 3618 1911
1136 4 2 1 1 551 442 2551 552
1137 4 2 1 1 3698 2003 3700 3673
1138 4 2 1 1 636 3012 2926 3201
1139 4 2 1 1 1081 1032 2679 1031
1140 4 2 1 1 1718 2620 1810 1867
1141 4 2 1 1 3487 3473 1925 3528
1142 4 2 1 1 3112 2187 3110 3125
1143 4 2 1 1 3440 1766 3375 3364
1144 4 2 1 1 2913 2012 2839 3051
1145 4 2 1 1 974 1084 2308 976
1146 4 2 1 1 2718 2209 3682 1995
1147 4 2 1 1 1128 1127 2908 1125
1148 4 2 1 1 2419 1238 3136 2960
1149 4 2 1 1 53 1560 123 54
1150 4 2 1 1 3161 1847 1551 1119
1151 4 2 1 1 1893 1567 1875 3299
1152 4 2 1 1 3447 3446 3485 3437
1153 4 2 1 1 3355 2243 3343 3346
1154 4 2 1 1 3690 3006 2174 3692
1155 4 2 1 1 3161 1437 1460 1243
1156 4 2 1 1 568 604 2992 1184
1157 4 2 1 1 3194 3215 3187 3216
1158 4 2 1 1 1571 2420 1570 3136
1159 4 2 1 1 1439 501 1383 2258
1160 4 2 1 1 2009 2012 3674 3033
1161 4 2 1 1 2528 2177 3087 2934
1162 4 2 1 1 324 2265 2560 2743
1163 4 2 1 1 2107 2117 2112 2123
1164 4 2 1 1 2998 658 660 659
1165 4 2 1 1 1908 2121 2275 2098
1166 4 2 1 1 2440 2665 2666 2894
1167 4 2 1 1 3543 1799 3493 3470
1168 4 2 1 1 699 288 2724 279
1169 4 2 1 1 3340 3586 3353 1768
1170 4 2 1 1 1301 889 2305 2306
1171 4 2 1 1 3116 2722 3195 744
1172 4 2 1 1 3664 3661 3077 1984
1173 4 2 1 1 1109 265 2469 2382
1174 4 2 1 1 3187 3119 1265 923
1175 4 2 1 1 3201 2620 3386 3404
1176 4 2 1 1 3355 2132 2243 3583
1177 4 2 1 1 3119 695 1265 923
1178 4 2 1 1 1849 1563 1737 2462
1179 4 2 1 1 3187 3119 693 1265
1180 4 2 1 1 3301 3053 3302 3055
1181 4 2 1 1 3119 695 693 1265
1182 4 2 1 1 812 2602 943 1363
1183 4 2 1 1 3100 2902 3015 3016
1184 4 2 1 1 2734 2737 3014 2996
1185 4 2 1 1 2602 812 813 778
1186 4 2 1 1 2624 2965 2661 2282
1187 4 2 1 1 908 1421 3607 3599
1188 4 2 1 1 443 160 3167 162
1189 4 2 1 1 2953 2121 2805 3014
1190 4 2 1 1 2474 2730 3628 1909
1191 4 2 1 1 1226 2814 574 626
1192 4 2 1 1 1740 1741 2916 1713
1193 4 2 1 1 1483 174 1114 3211
1194 4 2 1 1 1099 1238 3279 3136
1195 4 2 1 1 127 3001 129 644
1196 4 2 1 1 3030 2975 680 2252
1197 4 2 1 1 122 1238 1099 3136
1198 4 2 1 1 2887 3605 1287 766
1199 4 2 1 1 714 585 2915 788
1200 4 2 1 1 3605 2887 1287 3272
1201 4 2 1 1 3360 3419 1628 3474
1202 4 2 1 1 2914 3281 714 2915
1203 4 2 1 1 3413 3605 3606 2167
1204 4 2 1 1 797 3289 3297 1121
1205 4 2 1 1 2865 2862 2864 2809
1206 4 2 1 1 1673 1664 3482 3327
1207 4 2 1 1 3517 1788 3477 1632
1208 4 2 1 1 1919 2496 2625 2739
1209 4 2 1 1 1259 181 3169 184
1210 4 2 1 1 3429 3399 3552 1977
1211 4 2 1 1 3766 3755 2976 2919
1212 4 2 1 1 3730 2047 3756 3754
1213 4 2 1 1 2506 3096 1298 2918
1214 4 2 1 1 2139 2141 2383 2339
1215 4 2 1 1 2602 2829 2021 3058
1216 4 2 1 1 2031 2341 2149 2141
1217 4 2 1 1 2052 2803 2045 2346
1218 4 2 1 1 3355 2450 3343 2243
1219 4 2 1 1 1931 3633 1899 2024
1220 4 2 1 1 3729 3730 2574 2338
1221 4 2 1 1 2671 497 3004 378
1222 4 2 1 1 3586 3583 3587 2243
1223 4 2 1 1 3168 2732 2644 2612
1224 4 2 1 1 2384 186 250 249
1225 4 2 1 1 2292 2293 2328 2330
1226 4 2 1 1 1238 2419 818 2960
1227 4 2 1 1 482 2569 2918 1298
1228 4 2 1 1 2810 2844 2588 3050
1229 4 2 1 1 2438 1853 1478 98
1230 4 2 1 1 98 2438 1042 1041
1231 4 2 1 1 3162 2588 2064 2589
1232 4 2 1 1 2308 2563 3693 2309
1233 4 2 1 1 2309 3692 2175 2820
1234 4 2 1 1 804 845 2789 803
1235 4 2 1 1 2689 1330 2690 2952
1236 4 2 1 1 977 221 304 2590
1237 4 2 1 1 3045 625 835 3046
1238 4 2 1 1 2431 3237 1966 3232
1239 4 2 1 1 2194 1904 2200 2198
1240 4 2 1 1 240 2680 242 241
1241 4 2 1 1 1981 2814 2657 2613
1242 4 2 1 1 3709 2332 2700 2651
1243 4 2 1 1 2622 2504 2505 1309
1244 4 2 1 1 914 2836 1394 2813
1245 4 2 1 1 914 1182 1394 2836
1246 4 2 1 1 3709 2332 2335 2700
1247 4 2 1 1 772 771 2899 846
1248 4 2 1 1 2836 651 600 2335
1249 4 2 1 1 948 1376 410 2907
1250 4 2 1 1 2433 3232 1966 2762
1251 4 2 1 1 1981 2814 2813 2837
1252 4 2 1 1 1087 1320 2813 1394
1253 4 2 1 1 3718 3729 2574 2338
1254 4 2 1 1 108 34 1268 1554
1255 4 2 1 1 2995 2964 1405 3268
1256 4 2 1 1 2563 2680 3081 2469
1257 4 2 1 1 303 222 2214 2213
1258 4 2 1 1 2965 2660 2661 2870
1259 4 2 1 1 1913 2667 2133 2662
1260 4 2 1 1 2701 2335 2813 635
1261 4 2 1 1 1407 2525 1331 3146
1262 4 2 1 1 10 2951 2849 113
1263 4 2 1 1 1189 1407 1331 3146
1264 4 2 1 1 593 2972 1445 1231
1265 4 2 1 1 2113 2756 2842 2666
1266 4 2 1 1 3186 3267 1056 2107
1267 4 2 1 1 3172 3175 3173 2108
1268 4 2 1 1 2728 2086 2773 2743
1269 4 2 1 1 2932 2525 3146 1331
1270 4 2 1 1 1190 2932 3146 1331
1271 4 2 1 1 1553 122 1099 3136
1272 4 2 1 1 2069 2066 3239 2076
1273 4 2 1 1 3128 2118 873 3203
1274 4 2 1 1 1435 981 1535 2118
1275 4 2 1 1 1568 1099 3279 3136
1276 4 2 1 1 2995 1283 1405 539
1277 4 2 1 1 362 2875 833 360
1278 4 2 1 1 2121 1908 3179 1953
1279 4 2 1 1 2954 2591 2852 2578
1280 4 2 1 1 3722 3729 3727 2367
1281 4 2 1 1 3677 3679 1896 2138
1282 4 2 1 1 1354 2343 183 1097
1283 4 2 1 1 2201 2442 2447 2200
1284 4 2 1 1 1292 827 910 3123
1285 4 2 1 1 1871 1743 3302 1834
1286 4 2 1 1 3399 3398 3552 3475
1287 4 2 1 1 467 2794 2160 2164
1288 4 2 1 1 2537 2539 2538 2612
1289 4 2 1 1 2169 2848 3474 3389
1290 4 2 1 1 577 1326 579 2850
1291 4 2 1 1 1846 1101 25 26
1292 4 2 1 1 916 2995 1405 539
1293 4 2 1 1 3414 3291 1698 3200
1294 4 2 1 1 2188 2772 3125 2882
1295 4 2 1 1 2234 670 869 921
1296 4 2 1 1 2124 2117 2123 2557
1297 4 2 1 1 1568 1553 1099 3136
1298 4 2 1 1 2753 2417 1951 2708
1299 4 2 1 1 3089 1164 24 3091
1300 4 2 1 1 2073 2091 1905 2068
1301 4 2 1 1 2205 2871 3199 374
1302 4 2 1 1 2631 2136 2533 2857
1303 4 2 1 1 2770 2660 1023 2622
1304 4 2 1 1 2688 2691 2965 2111
1305 4 2 1 1 893 1446 1056 3147
1306 4 2 1 1 1979 1981 3707 3656
1307 4 2 1 1 845 2793 1473 1037
1308 4 2 1 1 507 2814 603 574
1309 4 2 1 1 864 783 998 2462
1310 4 2 1 1 3093 3008 3743 3009
1311 4 2 1 1 3024 2991 2915 1353
1312 4 2 1 1 1040 117 2324 1368
1313 4 2 1 1 1491 2337 1364 1158
1314 4 2 1 1 1222 2986 2947 2306
1315 4 2 1 1 2639 2380 1170 2379
1316 4 2 1 1 1442 419 3100 2471
1317 4 2 1 1 1792 3457 3559 3496
1318 4 2 1 1 3701 2907 3099 2013
1319 4 2 1 1 3289 119 1251 1531
1320 4 2 1 1 1754 3314 3335 3321
1321 4 2 1 1 2201 2200 2240 2669
1322 4 2 1 1 2249 2248 2250 2251
1323 4 2 1 1 335 2554 2112 2663
1324 4 2 1 1 2397 3171 2948 2993
1325 4 2 1 1 2781 1112 112 1364
1326 4 2 1 1 948 1105 1416 2907
1327 4 2 1 1 137 2569 1201 139
1328 4 2 1 1 1376 948 1416 2907
1329 4 2 1 1 2862 2863 2809 2867
1330 4 2 1 1 3325 1681 1758 3309
1331 4 2 1 1 2263 3734 3736 3735
1332 4 2 1 1 1446 892 1367 3156
1333 4 2 1 1 3297 2670 934 1291
1334 4 2 1 1 1367 892 3173 3156
1335 4 2 1 1 2536 2764 179 1195
1336 4 2 1 1 617 749 748 2370
1337 4 2 1 1 2234 2752 2236 2235
1338 4 2 1 1 1453 868 2809 1375
1339 4 2 1 1 2898 2896 2783 2049
1340 4 2 1 1 2409 3263 2224 1972
1341 4 2 1 1 2810 1187 796 1427
1342 4 2 1 1 2446 1938 2448 2196
1343 4 2 1 1 3242 2760 3236 2078
1344 4 2 1 1 486 2344 1216 1471
1345 4 2 1 1 3413 3439 1676 1736
1346 4 2 1 1 2979 680 519 1196
1347 4 2 1 1 2786 654 653 543
1348 4 2 1 1 2979 520 2883 536
1349 4 2 1 1 3230 644 2740 2342
1350 4 2 1 1 654 2840 2786 653
1351 4 2 1 1 696 2318 3155 1423
1352 4 2 1 1 3019 555 3021 556
1353 4 2 1 1 2416 2401 2395 2398
1354 4 2 1 1 2425 2421 2437 2433
1355 4 2 1 1 2069 2067 3232 3239
1356 4 2 1 1 430 471 470 2267
1357 4 2 1 1 549 2810 796 1427
1358 4 2 1 1 3311 3296 2367 3288
1359 4 2 1 1 3289 2822 2611 3290
1360 4 2 1 1 1726 3268 3102 1885
1361 4 2 1 1 2972 1160 825 2974
1362 4 2 1 1 2052 2044 2045 3640
1363 4 2 1 1 3256 1446 1367 3156
1364 4 2 1 1 457 2786 542 543
1365 4 2 1 1 2333 2699 2331 2604
1366 4 2 1 1 1278 2371 2520 2153
1367 4 2 1 1 2133 2282 2662 2661
1368 4 2 1 1 2292 2329 2249 2328
1369 4 2 1 1 3201 3404 3364 3273
1370 4 2 1 1 1462 1285 118 2619
1371 4 2 1 1 727 724 2393 2399
1372 4 2 1 1 2737 2096 2735 2738
1373 4 2 1 1 1532 2987 1240 2989
1374 4 2 1 1 3074 3152 2284 2283
1375 4 2 1 1 3622 2081 3628 1898
1376 4 2 1 1 2012 2914 2845 2009
1377 4 2 1 1 3510 3564 2254 3562
1378 4 2 1 1 3272 1131 1126 1313
1379 4 2 1 1 3551 3536 3291 2868
1380 4 2 1 1 1703 1730 1731 2905
1381 4 2 1 1 1725 2869 3282 1877
1382 4 2 1 1 1178 535 536 2883
1383 4 2 1 1 1784 1684 3379 1643
1384 4 2 1 1 519 2979 1196 520
1385 4 2 1 1 3257 3260 1086 1408
1386 4 2 1 1 2384 2341 2339 2383
1387 4 2 1 1 2950 2529 3249 2626
1388 4 2 1 1 3358 2253 3360 3361
1389 4 2 1 1 2946 2257 2985 2945
1390 4 2 1 1 2381 2936 821 1482
1391 4 2 1 1 3447 2104 2105 3485
1392 4 2 1 1 3297 1783 1841 3290
1393 4 2 1 1 2825 2677 2446 2242
1394 4 2 1 1 606 3035 2787 2754
1395 4 2 1 1 2271 3175 2269 2579
1396 4 2 1 1 821 2381 1482 1280
1397 4 2 1 1 2107 2555 3147 2123
1398 4 2 1 1 325 2749 326 323
1399 4 2 1 1 2747 2816 2098 2087
1400 4 2 1 1 2356 2134 2662 2357
1401 4 2 1 1 2118 1435 513 1411
1402 4 2 1 1 2750 1952 2805 3014
1403 4 2 1 1 2976 2855 1117 1482
1404 4 2 1 1 2855 2976 2936 1482
1405 4 2 1 1 2248 915 913 831
1406 4 2 1 1 2983 464 2984 2982
1407 4 2 1 1 1651 1626 3469 1778
1408 4 2 1 1 1215 456 3152 2988
1409 4 2 1 1 527 694 693 3025
1410 4 2 1 1 3235 1476 656 1221
1411 4 2 1 1 1132 2906 1125 2908
1412 4 2 1 1 3392 3578 2905 2908
1413 4 2 1 1 2714 2654 2090 2773
1414 4 2 1 1 434 530 2540 2313
1415 4 2 1 1 2744 2559 322 2952
1416 4 2 1 1 2506 632 475 460
1417 4 2 1 1 2890 893 3147 3156
1418 4 2 1 1 441 2984 300 440
1419 4 2 1 1 1358 870 1441 3191
1420 4 2 1 1 141 2569 2566 2383
1421 4 2 1 1 3600 2913 879 2757
1422 4 2 1 1 2561 430 2267 2895
1423 4 2 1 1 3052 1950 3262 3192
1424 4 2 1 1 2227 2232 2229 2236
1425 4 2 1 1 1164 86 24 3091
1426 4 2 1 1 20 2759 90 19
1427 4 2 1 1 3075 3191 2707 1441
1428 4 2 1 1 2316 2070 88 92
1429 4 2 1 1 870 3075 2707 1441
1430 4 2 1 1 3075 870 3191 1441
1431 4 2 1 1 2741 3063 2742 2698
1432 4 2 1 1 3473 2132 3584 1925
1433 4 2 1 1 3626 2100 1918 2083
1434 4 2 1 1 680 3030 519 679
1435 4 2 1 1 2373 2374 2455 2372
1436 4 2 1 1 870 1516 1441 2707
1437 4 2 1 1 1391 764 866 2360
1438 4 2 1 1 3049 2840 2646 1476
1439 4 2 1 1 3154 3212 3254 3211
1440 4 2 1 1 2891 893 2890 3156
1441 4 2 1 1 3161 848 1460 3609
1442 4 2 1 1 490 489 3048 488
1443 4 2 1 1 1552 3293 1463 1866
1444 4 2 1 1 3421 3556 2253 3551
1445 4 2 1 1 3293 1282 799 1463
1446 4 2 1 1 604 1359 2992 1284
1447 4 2 1 1 3454 2058 3518 3469
1448 4 2 1 1 2176 3571 2177 3028
1449 4 2 1 1 1552 3293 799 1463
1450 4 2 1 1 3417 3107 1737 2462
1451 4 2 1 1 2255 2365 2364 2658
1452 4 2 1 1 848 1219 1460 3609
1453 4 2 1 1 1784 1644 1643 3379
1454 4 2 1 1 2598 278 2567 2571
1455 4 2 1 1 2139 1292 700 1036
1456 4 2 1 1 2139 137 2698 135
1457 4 2 1 1 1120 3161 1460 3609
1458 4 2 1 1 3348 1695 3459 1807
1459 4 2 1 1 2997 658 660 2998
1460 4 2 1 1 445 516 2720 1137
1461 4 2 1 1 870 3118 3075 3191
1462 4 2 1 1 2909 1171 2754 1974
1463 4 2 1 1 3130 874 873 681
1464 4 2 1 1 3171 3203 1181 664
1465 4 2 1 1 296 3123 1474 1342
1466 4 2 1 1 3123 859 1474 1342
1467 4 2 1 1 892 3172 3173 3156
1468 4 2 1 1 370 1250 374 2871
1469 4 2 1 1 2223 445 2720 2229
1470 4 2 1 1 2965 2282 2122 1902
1471 4 2 1 1 1337 980 3195 1532
1472 4 2 1 1 1219 1120 1460 3609
1473 4 2 1 1 1706 1662 3396 1663
1474 4 2 1 1 232 2212 1194 234
1475 4 2 1 1 2000 3686 3700 3698
1476 4 2 1 1 1743 3301 1742 1705
1477 4 2 1 1 3006 2925 3051 2926
1478 4 2 1 1 2165 3575 3765 2166
1479 4 2 1 1 2753 2406 2400 2683
1480 4 2 1 1 2461 97 1305 1485
1481 4 2 1 1 1642 3516 3525 3530
1482 4 2 1 1 1341 97 2461 1485
1483 4 2 1 1 2380 3701 2819 2900
1484 4 2 1 1 3095 1303 1082 1031
1485 4 2 1 1 3465 3466 3463 3464
1486 4 2 1 1 3145 2879 2524 3048
1487 4 2 1 1 2944 2946 2850 2945
1488 4 2 1 1 3027 3021 3135 3022
1489 4 2 1 1 2401 955 1085 956
1490 4 2 1 1 3100 419 964 1496
1491 4 2 1 1 3148 3126 3149 3080
1492 4 2 1 1 2555 2688 2505 330
1493 4 2 1 1 1912 2112 2894 2557
1494 4 2 1 1 2663 2113 2664 2666
1495 4 2 1 1 419 3100 417 1496
1496 4 2 1 1 2344 1216 1471 1258
1497 4 2 1 1 3149 3127 3254 3080
1498 4 2 1 1 2440 3043 3022 2494
1499 4 2 1 1 841 2344 1471 1258
1500 4 2 1 1 2440 3039 3022 3004
1501 4 2 1 1 3226 717 3266 2715
1502 4 2 1 1 683 2794 1507 803
1503 4 2 1 1 3715 2384 2383 2341
1504 4 2 1 1 1926 2299 2192 2187
1505 4 2 1 1 2778 720 2910 2999
1506 4 2 1 1 122 2419 1406 1238
1507 4 2 1 1 1230 2810 1507 2794
1508 4 2 1 1 2307 236 234 233
1509 4 2 1 1 3767 2173 3765 2973
1510 4 2 1 1 683 1230 1507 2794
1511 4 2 1 1 2336 1252 582 1518
1512 4 2 1 1 2381 2855 1482 1280
1513 4 2 1 1 1420 10 2951 2930
1514 4 2 1 1 2855 1211 1482 1280
1515 4 2 1 1 3338 1767 3486 3342
1516 4 2 1 1 2255 2343 2368 2258
1517 4 2 1 1 2910 903 993 1415
1518 4 2 1 1 1211 2855 1482 1117
1519 4 2 1 1 1201 2569 765 139
1520 4 2 1 1 3267 883 1529 1488
1521 4 2 1 1 3155 905 1533 1423
1522 4 2 1 1 934 2670 1493 96
1523 4 2 1 1 2898 3158 2783 2897
1524 4 2 1 1 2670 934 1493 1159
1525 4 2 1 1 2551 1017 3167 1016
1526 4 2 1 1 1846 25 99 1540
1527 4 2 1 1 2409 2408 2418 2417
1528 4 2 1 1 2075 2425 2437 2433
1529 4 2 1 1 1043 2376 2552 2378
1530 4 2 1 1 1061 2551 3167 1016
1531 4 2 1 1 1926 2190 2195 2192
1532 4 2 1 1 2540 2529 1315 2706
1533 4 2 1 1 2576 295 2568 2577
1534 4 2 1 1 2384 2566 143 186
1535 4 2 1 1 2480 1347 2715 2740
1536 4 2 1 1 904 905 902 2801
1537 4 2 1 1 3090 2928 1951 1961
1538 4 2 1 1 2401 2880 1256 1964
1539 4 2 1 1 3118 669 3075 3097
1540 4 2 1 1 1017 1061 3167 1016
1541 4 2 1 1 24 3091 1964 3089
1542 4 2 1 1 3259 116 1408 3257
1543 4 2 1 1 43 1847 110 1119
1544 4 2 1 1 636 3012 637 2926
1545 4 2 1 1 3476 3525 2009 3581
1546 4 2 1 1 2462 1563 3603 1456
1547 4 2 1 1 1836 1539 3602 1840
1548 4 2 1 1 2128 2278 2625 2127
1549 4 2 1 1 3034 299 440 473
1550 4 2 1 1 3498 1594 1797 3405
1551 4 2 1 1 3385 3384 3547 1672
1552 4 2 1 1 1864 1882 2757 1562
1553 4 2 1 1 1842 1816 1551 3161
1554 4 2 1 1 1816 1838 1551 3161
1555 4 2 1 1 3067 3071 860 3069
1556 4 2 1 1 3690 3006 3696 2174
1557 4 2 1 1 3072 1094 2382 1092
1558 4 2 1 1 929 1428 832 2981
1559 4 2 1 1 2007 266 268 272
1560 4 2 1 1 1542 1464 70 1858
1561 4 2 1 1 864 2461 1305 2462
1562 4 2 1 1 199 2292 1045 2488
1563 4 2 1 1 3371 3608 3372 3106
1564 4 2 1 1 3450 3512 1652 3453
1565 4 2 1 1 2077 2099 2083 2426
1566 4 2 1 1 3245 2841 2043 3040
1567 4 2 1 1 1307 2376 406 2818
1568 4 2 1 1 2741 1509 2742 1199
1569 4 2 1 1 2467 2377 2513 2731
1570 4 2 1 1 1760 3495 3486 3346
1571 4 2 1 1 537 1117 2978 631
1572 4 2 1 1 2684 2965 2623 2621
1573 4 2 1 1 540 2168 1132 1402
1574 4 2 1 1 3737 2264 2860 2850
1575 4 2 1 1 3517 3491 3477 3492
1576 4 2 1 1 3109 2205 2210 3250
1577 4 2 1 1 3647 3733 3649 2054
1578 4 2 1 1 2179 102 1845 1397
1579 4 2 1 1 2179 2619 1867 3273
1580 4 2 1 1 1838 3161 1847 1551
1581 4 2 1 1 2834 2641 3743 1980
1582 4 2 1 1 3351 2412 3349 3341
1583 4 2 1 1 1584 1583 3588 1581
1584 4 2 1 1 3319 1677 3317 3313
1585 4 2 1 1 3564 3421 3562 1806
1586 4 2 1 1 3421 1699 1671 3414
1587 4 2 1 1 1810 2620 1845 1867
1588 4 2 1 1 3610 3612 2010 3650
1589 4 2 1 1 1094 1109 2382 1092
1590 4 2 1 1 2906 3392 2905 2908
1591 4 2 1 1 3461 1615 1613 1616
1592 4 2 1 1 848 1490 2103 772
1593 4 2 1 1 3612 3627 3651 3670
1594 4 2 1 1 533 2957 2540 689
1595 4 2 1 1 1620 3524 1631 1621
1596 4 2 1 1 3001 716 2140 1271
1597 4 2 1 1 776 760 858 2375
1598 4 2 1 1 16 2712 2703 91
1599 4 2 1 1 1582 1754 3332 3335
1600 4 2 1 1 3373 3366 3400 2060
1601 4 2 1 1 3455 1684 3379 3592
1602 4 2 1 1 1574 3307 3308 3295
1603 4 2 1 1 1127 2887 2886 2908
1604 4 2 1 1 1659 1641 3480 3574
1605 4 2 1 1 3770 2166 2951 2170
1606 4 2 1 1 3594 3311 1573 3295
1607 4 2 1 1 1585 3347 3583 1771
1608 4 2 1 1 1916 3263 2320 1972
1609 4 2 1 1 3346 3342 3343 3486
1610 4 2 1 1 3583 3347 3587 2243
1611 4 2 1 1 3342 3338 3343 3486
1612 4 2 1 1 2570 2573 2568 2567
1613 4 2 1 1 251 2680 2563 1212
1614 4 2 1 1 1767 1693 3486 1760
1615 4 2 1 1 3528 1925 3405 3497
1616 4 2 1 1 3755 2855 2976 2936
1617 4 2 1 1 2169 2166 3548 3433
1618 4 2 1 1 3392 3578 2908 3596
1619 4 2 1 1 3499 1785 1595 1592
1620 4 2 1 1 3766 2220 3768 2167
1621 4 2 1 1 584 508 608 2852
1622 4 2 1 1 1641 1640 3444 3548
1623 4 2 1 1 3096 3712 3758 2575
1624 4 2 1 1 3315 3333 2597 3334
1625 4 2 1 1 3683 3680 3681 3682
1626 4 2 1 1 3424 2011 3700 2963
1627 4 2 1 1 3179 2121 1953 3177
1628 4 2 1 1 16 952 2780 92
1629 4 2 1 1 3450 3512 3513 3511
1630 4 2 1 1 2180 3370 3440 3364
1631 4 2 1 1 3487 1589 1592 1591
1632 4 2 1 1 3483 1629 1605 1606
1633 4 2 1 1 2004 2541 2002 2769
1634 4 2 1 1 2102 3557 2915 3551
1635 4 2 1 1 3360 2183 3357 3361
1636 4 2 1 1 2204 2467 3167 162
1637 4 2 1 1 3300 3180 3092 3482
1638 4 2 1 1 1673 1701 3280 3482
1639 4 2 1 1 177 3057 175 176
1640 4 2 1 1 705 1054 2613 2685
1641 4 2 1 1 119 1538 48 47
1642 4 2 1 1 3428 1629 1606 1791
1643 4 2 1 1 848 772 2103 2903
1644 4 2 1 1 3533 2819 3471 3515
1645 4 2 1 1 1629 3428 1606 3483
1646 4 2 1 1 1248 273 2493 275
1647 4 2 1 1 3208 1300 2153 2877
1648 4 2 1 1 2903 850 1243 847
1649 4 2 1 1 2026 2800 3709 2330
1650 4 2 1 1 2822 2106 2611 3290
1651 4 2 1 1 3213 2603 2618 1900
1652 4 2 1 1 2950 611 678 2981
1653 4 2 1 1 1810 2620 3404 3386
1654 4 2 1 1 1623 3476 3550 1636
1655 4 2 1 1 3698 2003 3666 3700
1656 4 2 1 1 3608 2058 3371 3276
1657 4 2 1 1 1710 3495 1760 3346
1658 4 2 1 1 1795 1794 3376 3409
1659 4 2 1 1 1477 1468 2593 1526
1660 4 2 1 1 2263 2985 3288 3728
1661 4 2 1 1 2420 3294 2971 3265
1662 4 2 1 1 3163 1377 3431 2306
1663 4 2 1 1 3502 1618 1614 1617
1664 4 2 1 1 3542 2814 2837 3654
1665 4 2 1 1 3502 1807 3573 1614
1666 4 2 1 1 3705 2023 3704 3706
1667 4 2 1 1 2034 3722 3720 3721
1668 4 2 1 1 1847 3161 110 1119
1669 4 2 1 1 2120 2123 3178 2579
1670 4 2 1 1 2123 3177 3178 2579
1671 4 2 1 1 815 2070 88 2316
1672 4 2 1 1 3419 1776 1628 1617
1673 4 2 1 1 2048 3733 3723 3732
1674 4 2 1 1 3622 1898 1957 1999
1675 4 2 1 1 2033 2910 2911 993
1676 4 2 1 1 291 280 2924 3033
1677 4 2 1 1 3050 2056 3105 3106
1678 4 2 1 1 1092 3005 591 2382
1679 4 2 1 1 3373 1765 3368 1775
1680 4 2 1 1 2059 3762 3513 3691
1681 4 2 1 1 1718 2620 3273 3404
1682 4 2 1 1 3518 3571 3453 3585
1683 4 2 1 1 3556 3421 3415 3414
1684 4 2 1 1 3340 1827 1768 3349
1685 4 2 1 1 3177 2123 3178 2120
1686 4 2 1 1 3359 3360 1628 3474
1687 4 2 1 1 2506 3030 3767 2935
1688 4 2 1 1 3380 3444 3503 3379
1689 4 2 1 1 1772 1814 1628 3360
1690 4 2 1 1 588 589 587 2874
1691 4 2 1 1 1505 1002 3113 2486
1692 4 2 1 1 2011 3549 3448 3375
1693 4 2 1 1 3194 3215 2203 3189
1694 4 2 1 1 2000 3686 3688 3685
1695 4 2 1 1 3215 3153 2203 3189
1696 4 2 1 1 2488 1257 205 2640
1697 4 2 1 1 1772 3359 1628 1624
1698 4 2 1 1 3668 2081 3628 3632
1699 4 2 1 1 197 199 198 2582
1700 4 2 1 1 3359 1772 1628 3360
1701 4 2 1 1 2492 2457 2155 2687
1702 4 2 1 1 3556 2102 3672 2990
1703 4 2 1 1 3292 1890 1723 1749
1704 4 2 1 1 512 585 3024 2845
1705 4 2 1 1 1780 3528 3561 3405
1706 4 2 1 1 3580 1820 1665 1709
1707 4 2 1 1 1656 3465 1631 1669
1708 4 2 1 1 3030 2979 680 519
1709 4 2 1 1 2341 2659 2658 2339
1710 4 2 1 1 2979 3030 680 2252
1711 4 2 1 1 2781 1417 2930 2951
1712 4 2 1 1 1671 1697 3434 1698
1713 4 2 1 1 2381 2855 2936 1482
1714 4 2 1 1 256 259 250 2567
1715 4 2 1 1 2219 3730 2338 2578
1716 4 2 1 1 3719 2841 3717 2364
1717 4 2 1 1 2259 1204 395 2862
1718 4 2 1 1 3391 1640 1625 3548
1719 4 2 1 1 1864 78 1118 1539
1720 4 2 1 1 2058 3608 3371 3106
1721 4 2 1 1 3377 2000 3685 2082
1722 4 2 1 1 2319 3151 18 19
1723 4 2 1 1 2845 3034 473 3033
1724 4 2 1 1 3391 3388 1625 1774
1725 4 2 1 1 3340 3586 1586 3587
1726 4 2 1 1 2385 2991 2868 3073
1727 4 2 1 1 636 592 572 2926
1728 4 2 1 1 2759 815 3239 3238
1729 4 2 1 1 2177 3028 3087 2934
1730 4 2 1 1 1938 2449 2196 1922
1731 4 2 1 1 1637 1798 1623 3525
1732 4 2 1 1 2768 2939 3663 2769
1733 4 2 1 1 1618 3443 1625 1624
1734 4 2 1 1 1938 3647 3636 2826
1735 4 2 1 1 2489 2488 205 2640
1736 4 2 1 1 1855 1032 1566 2679
1737 4 2 1 1 3391 2169 2597 3455
1738 4 2 1 1 3012 2913 2839 3051
1739 4 2 1 1 1640 3391 1625 1774
1740 4 2 1 1 959 2296 960 983
1741 4 2 1 1 3263 2387 2224 1916
1742 4 2 1 1 3119 3153 3187 3189
1743 4 2 1 1 2695 504 495 503
1744 4 2 1 1 3495 3355 3343 3346
1745 4 2 1 1 496 3019 3004 3042
1746 4 2 1 1 2821 2819 2553 3703
1747 4 2 1 1 3443 3388 1625 3548
1748 4 2 1 1 2898 3158 2784 2049
1749 4 2 1 1 3627 3626 3225 1906
1750 4 2 1 1 2510 3063 2973 1318
1751 4 2 1 1 1618 3388 1774 1625
1752 4 2 1 1 2825 2055 2053 3640
1753 4 2 1 1 1554 1268 1287 3298
1754 4 2 1 1 3634 1945 2243 1943
1755 4 2 1 1 1928 3746 3747 2131
1756 4 2 1 1 3760 3145 3739 2061
1757 4 2 1 1 830 831 2249 652
1758 4 2 1 1 489 379 2932 3048
1759 4 2 1 1 2814 3654 2813 2837
1760 4 2 1 1 3753 3619 3617 2130
1761 4 2 1 1 2016 3017 2938 2608
1762 4 2 1 1 2833 2159 2160 2163
1763 4 2 1 1 1809 1810 3404 3386
1764 4 2 1 1 3450 1652 1627 1650
1765 4 2 1 1 3187 3137 3025 3189
1766 4 2 1 1 2003 3698 3666 3699
1767 4 2 1 1 2541 2004 3076 2769
1768 4 2 1 1 815 3157 3239 3238
1769 4 2 1 1 1142 479 2006 963
1770 4 2 1 1 2643 2892 3660 2006
1771 4 2 1 1 3675 1990 3673 3671
1772 4 2 1 1 2073 2088 2068 1905
1773 4 2 1 1 614 2961 2980 2962
1774 4 2 1 1 3408 3377 3570 3376
1775 4 2 1 1 2176 3571 3374 2174
1776 4 2 1 1 3665 1990 3666 3662
1777 4 2 1 1 1795 1786 3530 3409
1778 4 2 1 1 1384 29 103 1548
1779 4 2 1 1 2541 2957 2922 2006
1780 4 2 1 1 2434 2100 2083 1918
1781 4 2 1 1 1651 3469 1650 3276
1782 4 2 1 1 1384 1891 29 1548
1783 4 2 1 1 878 2913 2839 877
1784 4 2 1 1 300 281 2982 1151
1785 4 2 1 1 3411 3410 3430 3489
1786 4 2 1 1 2103 2900 3159 2901
1787 4 2 1 1 3422 3447 2105 3485
1788 4 2 1 1 3057 177 3011 176
1789 4 2 1 1 3378 3469 1778 3371
1790 4 2 1 1 2874 468 2164 2794
1791 4 2 1 1 2558 988 2607 2937
1792 4 2 1 1 135 137 2698 136
1793 4 2 1 1 2587 1095 887 638
1794 4 2 1 1 1761 1827 3344 3329
1795 4 2 1 1 2514 2515 2020 2054
1796 4 2 1 1 2594 3727 2724 3040
1797 4 2 1 1 3723 2766 3721 3724
1798 4 2 1 1 3194 3137 3187 3189
1799 4 2 1 1 3307 1571 1569 3136
1800 4 2 1 1 3355 3495 3343 2450
1801 4 2 1 1 2241 2799 2239 2240
1802 4 2 1 1 3772 2170 2142 3769
1803 4 2 1 1 993 2910 1415 1474
1804 4 2 1 1 2255 951 844 843
1805 4 2 1 1 1315 2529 1447 857
1806 4 2 1 1 2465 267 2163 2751
1807 4 2 1 1 3647 3733 1945 2048
1808 4 2 1 1 678 2627 931 2626
1809 4 2 1 1 3582 3275 1825 1863
1810 4 2 1 1 3491 1633 1621 3559
1811 4 2 1 1 2492 2129 2687 2459
1812 4 2 1 1 3488 3569 3544 2131
1813 4 2 1 1 3410 1607 3522 3488
1814 4 2 1 1 2450 2025 3635 2295
1815 4 2 1 1 1949 2672 1947 1965
1816 4 2 1 1 2292 2329 230 2249
1817 4 2 1 1 1909 3631 3632 3628
1818 4 2 1 1 3454 3762 2059 3518
1819 4 2 1 1 3152 2988 3062 2989
1820 4 2 1 1 3694 2081 2094 3687
1821 4 2 1 1 2834 3745 2164 2163
1822 4 2 1 1 589 688 2589 590
1823 4 2 1 1 1745 3275 3276 1863
1824 4 2 1 1 2492 2833 3745 2640
1825 4 2 1 1 549 2810 547 796
1826 4 2 1 1 1743 3302 1834 1742
1827 4 2 1 1 2957 2922 2006 3660
1828 4 2 1 1 2881 753 613 3124
1829 4 2 1 1 1465 2979 1196 886
1830 4 2 1 1 2712 91 2498 2535
1831 4 2 1 1 3292 1872 1559 109
1832 4 2 1 1 1861 3281 3602 3200
1833 4 2 1 1 3434 3414 1698 3200
1834 4 2 1 1 2066 1025 2070 2313
1835 4 2 1 1 1959 2997 2998 3175
1836 4 2 1 1 2430 3237 1432 2761
1837 4 2 1 1 1861 3434 1698 3200
1838 4 2 1 1 1861 3602 3434 3200
1839 4 2 1 1 2420 2419 3136 3265
1840 4 2 1 1 1846 2419 1553 1570
1841 4 2 1 1 705 2814 2813 2685
1842 4 2 1 1 3617 3749 3618 3621
1843 4 2 1 1 3654 3652 2251 3656
1844 4 2 1 1 124 1851 41 40
1845 4 2 1 1 2555 3177 2123 2557
1846 4 2 1 1 2223 445 516 2720
1847 4 2 1 1 2070 2066 2316 3239
1848 4 2 1 1 2870 2504 2505 2622
1849 4 2 1 1 23 24 2392 2534
1850 4 2 1 1 3600 1882 1764 3386
1851 4 2 1 1 3226 900 2838 3266
1852 4 2 1 1 2342 2386 2740 2481
1853 4 2 1 1 1365 753 1172 3124
1854 4 2 1 1 1981 705 2613 2685
1855 4 2 1 1 3385 1809 3386 1764
1856 4 2 1 1 628 658 2998 659
1857 4 2 1 1 3589 3336 3339 1757
1858 4 2 1 1 3112 3184 3125 2882
1859 4 2 1 1 2136 2238 1940 2708
1860 4 2 1 1 3215 3194 3187 3189
1861 4 2 1 1 1387 991 2909 1171
1862 4 2 1 1 3074 573 2281 457
1863 4 2 1 1 1523 2084 723 1003
1864 4 2 1 1 3495 1710 3356 3354
1865 4 2 1 1 2139 137 139 2569
1866 4 2 1 1 3589 3591 1753 1580
1867 4 2 1 1 3322 3593 3328 2596
1868 4 2 1 1 1580 3591 1753 1577
1869 4 2 1 1 2937 2632 2608 2938
1870 4 2 1 1 2013 2900 2901 3159
1871 4 2 1 1 1322 160 3167 443
1872 4 2 1 1 2573 2570 2568 2574
1873 4 2 1 1 3153 3215 3187 3189
1874 4 2 1 1 2482 1916 2410 2415
1875 4 2 1 1 904 2801 902 3029
1876 4 2 1 1 2375 2376 2817 2516
1877 4 2 1 1 1006 700 140 2339
1878 4 2 1 1 1453 672 2809 673
1879 4 2 1 1 1816 3543 3609 1727
1880 4 2 1 1 3067 860 861 733
1881 4 2 1 1 3590 3588 1581 3339
1882 4 2 1 1 780 2488 201 1045
1883 4 2 1 1 3164 2281 2290 3113
1884 4 2 1 1 2793 845 2545 1037
1885 4 2 1 1 2009 3672 3671 2254
1886 4 2 1 1 2710 568 2992 1184
1887 4 2 1 1 1580 1756 3339 1581
1888 4 2 1 1 3399 2062 2065 3741
1889 4 2 1 1 1893 1816 3609 1727
1890 4 2 1 1 1192 2929 2923 1434
1891 4 2 1 1 3301 3305 2217 3313
1892 4 2 1 1 2036 2898 3196 3197
1893 4 2 1 1 1299 89 3205 927
1894 4 2 1 1 2816 2073 2098 2087
1895 4 2 1 1 2296 317 960 983
1896 4 2 1 1 3326 2217 3317 3313
1897 4 2 1 1 3658 2627 2981 2626
1898 4 2 1 1 3590 1580 3339 1581
1899 4 2 1 1 2367 2219 3306 3321
1900 4 2 1 1 2244 3045 2473 3047
1901 4 2 1 1 2296 1366 2728 2743
1902 4 2 1 1 376 375 2621 451
1903 4 2 1 1 3565 3499 1592 1785
1904 4 2 1 1 1505 2486 884 514
1905 4 2 1 1 1926 2195 2189 2192
1906 4 2 1 1 322 1330 2952 323
1907 4 2 1 1 2533 2797 2798 2236
1908 4 2 1 1 848 2903 1243 847
1909 4 2 1 1 3601 3576 1716 1686
1910 4 2 1 1 2500 17 18 87
1911 4 2 1 1 2598 2594 2568 2591
1912 4 2 1 1 2645 2022 2812 3213
1913 4 2 1 1 350 2532 351 2185
1914 4 2 1 1 3094 953 2064 3603
1915 4 2 1 1 819 1211 2855 1410
1916 4 2 1 1 2576 2570 2353 3758
1917 4 2 1 1 2885 2165 3768 3765
1918 4 2 1 1 1974 1959 1975 2774
1919 4 2 1 1 1688 3303 1721 1819
1920 4 2 1 1 2070 815 369 1183
1921 4 2 1 1 3634 3633 1931 1932
1922 4 2 1 1 2678 3303 1716 1819
1923 4 2 1 1 243 1993 2005 286
1924 4 2 1 1 1967 3192 2758 2762
1925 4 2 1 1 1925 2094 3405 3497
1926 4 2 1 1 2727 1011 2743 2728
1927 4 2 1 1 2599 2594 2593 2592
1928 4 2 1 1 2898 2896 3196 2897
1929 4 2 1 1 3052 2408 2407 2418
1930 4 2 1 1 1138 2815 791 2428
1931 4 2 1 1 951 2255 844 1323
1932 4 2 1 1 1116 2865 2861 578
1933 4 2 1 1 1771 3583 1588 3354
1934 4 2 1 1 445 2782 367 2388
1935 4 2 1 1 3281 894 2915 3200
1936 4 2 1 1 2409 2224 1940 2415
1937 4 2 1 1 1235 925 180 2966
1938 4 2 1 1 1930 2449 3706 3185
1939 4 2 1 1 3227 728 1086 3260
1940 4 2 1 1 2384 2573 2383 2566
1941 4 2 1 1 1277 834 362 3083
1942 4 2 1 1 3400 1619 1603 1599
1943 4 2 1 1 1619 3400 1603 1778
1944 4 2 1 1 3063 2510 1991 2535
1945 4 2 1 1 2222 2390 2227 2389
1946 4 2 1 1 3648 2261 2644 2262
1947 4 2 1 1 1744 1545 1738 2461
1948 4 2 1 1 80 102 81 1845
1949 4 2 1 1 1550 2179 1845 1397
1950 4 2 1 1 2045 2659 2341 2339
1951 4 2 1 1 3107 1744 1738 2461
1952 4 2 1 1 2066 1915 2078 2451
1953 4 2 1 1 1545 3107 1738 2461
1954 4 2 1 1 9 10 2849 113
1955 4 2 1 1 3133 1728 3286 1748
1956 4 2 1 1 2570 2576 2574 3758
1957 4 2 1 1 2603 2830 2016 2017
1958 4 2 1 1 1646 3446 3485 1647
1959 4 2 1 1 3311 3285 3284 3288
1960 4 2 1 1 3551 3556 3200 3291
1961 4 2 1 1 3281 1860 1559 1861
1962 4 2 1 1 1400 3281 1559 3200
1963 4 2 1 1 3600 1882 1864 1836
1964 4 2 1 1 1662 1706 3396 3393
1965 4 2 1 1 2168 2849 2959 3596
1966 4 2 1 1 2976 2977 521 2978
1967 4 2 1 1 1769 1835 1865 3605
1968 4 2 1 1 3327 2151 2152 3482
1969 4 2 1 1 68 69 1558 1356
1970 4 2 1 1 3008 3093 3743 3010
1971 4 2 1 1 2056 2461 1305 3105
1972 4 2 1 1 1565 1008 3069 1511
1973 4 2 1 1 3292 109 1559 3200
1974 4 2 1 1 1285 3270 118 2619
1975 4 2 1 1 109 3292 1412 3200
1976 4 2 1 1 3160 3545 2350 2019
1977 4 2 1 1 2489 2159 2459 2687
1978 4 2 1 1 3053 3301 3054 3055
1979 4 2 1 1 3326 1704 3277 3055
1980 4 2 1 1 3056 735 909 920
1981 4 2 1 1 1301 2305 99 1540
1982 4 2 1 1 2712 2499 2535 2498
1983 4 2 1 1 2705 12 2930 1111
1984 4 2 1 1 3063 2510 2741 1318
1985 4 2 1 1 1789 1771 1588 3354
1986 4 2 1 1 1282 6 3101 7
1987 4 2 1 1 3766 3755 2220 2167
1988 4 2 1 1 3347 3355 3583 3354
1989 4 2 1 1 1706 1739 3293 1832
1990 4 2 1 1 2570 2576 2568 2574
1991 4 2 1 1 1549 1131 1854 36
1992 4 2 1 1 2506 474 460 475
1993 4 2 1 1 2627 678 2981 2626
1994 4 2 1 1 2412 3341 3645 2042
1995 4 2 1 1 2733 3733 2243 3343
1996 4 2 1 1 2354 2506 632 475
1997 4 2 1 1 2566 2573 2570 2567
1998 4 2 1 1 3495 3346 3343 3486
1999 4 2 1 1 3347 1585 1584 1771
2000 4 2 1 1 2897 2896 3196 2389
2001 4 2 1 1 2300 1930 2447 2448
2002 4 2 1 1 2055 2052 3198 2053
2003 4 2 1 1 2733 2243 3339 3343
2004 4 2 1 1 1547 111 2509 1976
2005 4 2 1 1 3583 3355 3584 3354
2006 4 2 1 1 2799 3104 2798 3103
2007 4 2 1 1 3583 1587 1588 3584
2008 4 2 1 1 109 1400 1559 3200
2009 4 2 1 1 3235 2648 1027 817
2010 4 2 1 1 1400 109 1412 3200
2011 4 2 1 1 3433 3443 1625 1639
2012 4 2 1 1 2641 2465 2751 283
2013 4 2 1 1 1638 3433 1625 1639
2014 4 2 1 1 2301 3212 3184 2186
2015 4 2 1 1 995 3120 1361 1360
2016 4 2 1 1 185 192 2326 189
2017 4 2 1 1 1876 2670 1544 1782
2018 4 2 1 1 1622 1623 3550 1636
2019 4 2 1 1 3212 2811 3211 3057
2020 4 2 1 1 2290 2285 2357 2291
2021 4 2 1 1 3213 2603 1900 3214
2022 4 2 1 1 262 1029 264 2585
2023 4 2 1 1 3300 1701 1793 1654
2024 4 2 1 1 2549 3144 2586 2546
2025 4 2 1 1 2208 1068 228 226
2026 4 2 1 1 2548 262 469 260
2027 4 2 1 1 456 3074 3113 3152
2028 4 2 1 1 3622 2081 2094 1924
2029 4 2 1 1 3209 3046 3047 3044
2030 4 2 1 1 1084 2336 2308 976
2031 4 2 1 1 2211 2307 2206 2512
2032 4 2 1 1 2209 2583 2546 3682
2033 4 2 1 1 1994 3250 2206 2210
2034 4 2 1 1 2209 2212 2718 3682
2035 4 2 1 1 1648 3330 1654 1649
2036 4 2 1 1 1909 2474 2655 2717
2037 4 2 1 1 3071 1879 2461 1341
2038 4 2 1 1 2656 307 3109 305
2039 4 2 1 1 2088 2095 2074 1905
2040 4 2 1 1 1648 1793 1654 3555
2041 4 2 1 1 478 2895 476 2428
2042 4 2 1 1 233 236 1062 2206
2043 4 2 1 1 2139 138 140 139
2044 4 2 1 1 2166 2169 2142 3769
2045 4 2 1 1 642 3163 2861 580
2046 4 2 1 1 1131 126 2888 1126
2047 4 2 1 1 2626 2627 2704 3772
2048 4 2 1 1 2033 992 296 993
2049 4 2 1 1 175 174 3211 1114
2050 4 2 1 1 678 933 1261 2626
2051 4 2 1 1 1688 3458 3416 3535
2052 4 2 1 1 2810 2588 549 3050
2053 4 2 1 1 3419 3510 2254 3562
2054 4 2 1 1 3154 175 3211 1114
2055 4 2 1 1 2614 2485 3540 3563
2056 4 2 1 1 2001 2925 3006 2382
2057 4 2 1 1 611 2950 2643 2981
2058 4 2 1 1 3063 2499 1991 3677
2059 4 2 1 1 3662 3204 3077 2006
2060 4 2 1 1 2033 3193 2346 2340
2061 4 2 1 1 2152 3327 3482 3324
2062 4 2 1 1 3180 2821 3092 2889
2063 4 2 1 1 1938 2449 1922 3625
2064 4 2 1 1 160 2204 3167 162
2065 4 2 1 1 3054 2855 2217 2853
2066 4 2 1 1 2572 3718 2043 3040
2067 4 2 1 1 3579 3546 3563 3540
2068 4 2 1 1 826 1523 3221 1316
2069 4 2 1 1 3546 3540 1808 3563
2070 4 2 1 1 3465 3449 1713 1669
2071 4 2 1 1 3527 2062 3744 2589
2072 4 2 1 1 2739 3631 1911 3632
2073 4 2 1 1 1804 1741 1713 3464
2074 4 2 1 1 174 2811 175 3211
2075 4 2 1 1 3362 1715 1815 1726
2076 4 2 1 1 2994 3362 3361 3282
2077 4 2 1 1 2183 3359 3360 3357
2078 4 2 1 1 2266 2581 1136 949
2079 4 2 1 1 2756 2113 2556 3037
2080 4 2 1 1 2266 2559 2581 949
2081 4 2 1 1 2118 874 873 2116
2082 4 2 1 1 1311 3039 2665 3004
2083 4 2 1 1 1168 2744 2952 2745
2084 4 2 1 1 355 2796 2185 352
2085 4 2 1 1 1959 3175 1960 2109
2086 4 2 1 1 3057 3154 175 3211
2087 4 2 1 1 995 3216 1360 190
2088 4 2 1 1 2888 1549 1731 1843
2089 4 2 1 1 2664 2775 2629 345
2090 4 2 1 1 1549 2888 1731 1730
2091 4 2 1 1 2223 2406 2399 2404
2092 4 2 1 1 3151 937 1260 853
2093 4 2 1 1 2811 3057 175 3211
2094 4 2 1 1 3381 3576 3577 3382
2095 4 2 1 1 1657 3381 1658 1679
2096 4 2 1 1 1210 1081 2679 3095
2097 4 2 1 1 2465 2641 2640 2491
2098 4 2 1 1 479 963 1143 2005
2099 4 2 1 1 3429 3428 3572 3552
2100 4 2 1 1 3157 3231 3222 2067
2101 4 2 1 1 486 152 2764 154
2102 4 2 1 1 2067 3221 2422 3222
2103 4 2 1 1 2944 387 1144 385
2104 4 2 1 1 93 2917 1543 1848
2105 4 2 1 1 1018 1017 3167 2370
2106 4 2 1 1 93 2484 2917 1848
2107 4 2 1 1 2670 3297 1561 1291
2108 4 2 1 1 2917 1839 1543 1848
2109 4 2 1 1 2917 2484 1839 1848
2110 4 2 1 1 2187 1172 1009 1440
2111 4 2 1 1 2966 761 2375 759
2112 4 2 1 1 2985 2257 3288 2945
2113 4 2 1 1 3647 2539 3646 1944
2114 4 2 1 1 538 2701 1174 437
2115 4 2 1 1 3100 2902 3016 2019
2116 4 2 1 1 1851 1740 1878 2893
2117 4 2 1 1 1223 985 987 2604
2118 4 2 1 1 3609 2103 3478 3159
2119 4 2 1 1 1420 2931 2930 2951
2120 4 2 1 1 1667 1600 3570 3408
2121 4 2 1 1 3465 3479 3449 1669
2122 4 2 1 1 2983 2961 2182 2984
2123 4 2 1 1 1688 3303 1819 1716
2124 4 2 1 1 1470 711 921 2229
2125 4 2 1 1 1956 1972 1951 2426
2126 4 2 1 1 1656 3479 1669 1700
2127 4 2 1 1 2394 2416 2407 2534
2128 4 2 1 1 445 2223 2388 2229
2129 4 2 1 1 2409 2408 2694 3262
2130 4 2 1 1 2282 2624 3061 2661
2131 4 2 1 1 3465 3479 1669 1656
2132 4 2 1 1 3479 3545 3449 1669
2133 4 2 1 1 1014 2602 778 1350
2134 4 2 1 1 335 2663 338 336
2135 4 2 1 1 496 3019 3042 1214
2136 4 2 1 1 3068 2058 3066 3070
2137 4 2 1 1 542 2786 814 653
2138 4 2 1 1 3545 3479 1700 1669
2139 4 2 1 1 3094 3303 2064 2589
2140 4 2 1 1 529 596 597 2522
2141 4 2 1 1 1707 3270 3514 1870
2142 4 2 1 1 211 978 2686 213
2143 4 2 1 1 1717 1707 3514 1870
2144 4 2 1 1 2424 478 532 723
2145 4 2 1 1 379 489 488 3048
2146 4 2 1 1 3270 1717 3514 1870
2147 4 2 1 1 3542 3579 3541 3572
2148 4 2 1 1 3381 3382 3519 3504
2149 4 2 1 1 2056 3162 2064 3603
2150 4 2 1 1 3575 3462 3393 3574
2151 4 2 1 1 1776 3468 1615 1617
2152 4 2 1 1 963 1513 1143 2005
2153 4 2 1 1 3303 2678 3094 3603
2154 4 2 1 1 1905 2088 2068 2074
2155 4 2 1 1 251 2680 237 2307
2156 4 2 1 1 2678 121 3603 1859
2157 4 2 1 1 787 697 1192 2923
2158 4 2 1 1 255 2007 2470 266
2159 4 2 1 1 2873 2656 2090 2654
2160 4 2 1 1 111 1976 895 2509
2161 4 2 1 1 3231 2067 2422 3222
2162 4 2 1 1 2984 2983 554 499
2163 4 2 1 1 533 2957 689 1140
2164 4 2 1 1 1206 3221 3222 2422
2165 4 2 1 1 1953 2125 3177 1913
2166 4 2 1 1 3045 2734 2735 2473
2167 4 2 1 1 2070 2706 2313 373
2168 4 2 1 1 3290 3533 1720 3515
2169 4 2 1 1 1538 119 48 1121
2170 4 2 1 1 3074 3060 2660 2661
2171 4 2 1 1 2195 2192 2676 2189
2172 4 2 1 1 1538 1121 48 1892
2173 4 2 1 1 1732 1733 1680 3519
2174 4 2 1 1 3382 3381 3519 1976
2175 4 2 1 1 3663 3252 3251 3081
2176 4 2 1 1 3739 3761 2061 3207
2177 4 2 1 1 3231 1206 3222 2422
2178 4 2 1 1 3620 3219 1903 3753
2179 4 2 1 1 3380 2220 3401 3481
2180 4 2 1 1 2670 880 1493 1122
2181 4 2 1 1 2841 3245 2043 3720
2182 4 2 1 1 3715 2573 2574 3716
2183 4 2 1 1 2358 3219 1903 3620
2184 4 2 1 1 3183 3008 1401 458
2185 4 2 1 1 3653 3032 3655 3743
2186 4 2 1 1 1409 1303 1082 3183
2187 4 2 1 1 3219 2330 1903 3753
2188 4 2 1 1 3219 2289 1903 2330
2189 4 2 1 1 2731 1061 1235 756
2190 4 2 1 1 419 421 418 2937
2191 4 2 1 1 2300 2645 2513 2298
2192 4 2 1 1 2648 192 2326 1026
2193 4 2 1 1 1219 848 2103 3609
2194 4 2 1 1 1919 2358 1903 3620
2195 4 2 1 1 3360 3419 3562 1628
2196 4 2 1 1 1897 1919 1903 3620
2197 4 2 1 1 2983 464 2982 2981
2198 4 2 1 1 10 1417 2930 11
2199 4 2 1 1 2150 276 285 281
2200 4 2 1 1 2929 1321 3199 502
2201 4 2 1 1 379 489 2932 1190
2202 4 2 1 1 2095 2216 2210 2872
2203 4 2 1 1 1956 2075 2426 2098
2204 4 2 1 1 1961 1956 2426 2098
2205 4 2 1 1 1188 1077 950 2160
2206 4 2 1 1 2566 1191 594 1372
2207 4 2 1 1 2322 2434 2411 2426
2208 4 2 1 1 584 2852 686 487
2209 4 2 1 1 3312 2219 3306 3305
2210 4 2 1 1 2637 401 411 400
2211 4 2 1 1 3545 3160 2350 3607
2212 4 2 1 1 3133 3274 2306 3098
2213 4 2 1 1 3327 1681 3324 3309
2214 4 2 1 1 1120 1842 44 1551
2215 4 2 1 1 3060 452 3059 2988
2216 4 2 1 1 3137 691 527 3141
2217 4 2 1 1 457 2660 455 542
2218 4 2 1 1 270 267 2751 2163
2219 4 2 1 1 2895 478 2272 2428
2220 4 2 1 1 2226 3013 2400 2399
2221 4 2 1 1 1959 2997 3175 2109
2222 4 2 1 1 3158 1934 2050 2038
2223 4 2 1 1 2099 2100 2083 2426
2224 4 2 1 1 2321 2077 2083 2426
2225 4 2 1 1 2551 2635 531 2552
2226 4 2 1 1 2151 3327 3467 3482
2227 4 2 1 1 2100 2434 2083 2426
2228 4 2 1 1 2256 2637 2863 2867
2229 4 2 1 1 2276 2279 2426 2098
2230 4 2 1 1 3487 3534 1925 3584
2231 4 2 1 1 1931 3751 1928 2131
2232 4 2 1 1 1729 1862 3431 3269
2233 4 2 1 1 2419 1101 1406 872
2234 4 2 1 1 1681 3325 1758 1828
2235 4 2 1 1 2540 1315 373 2706
2236 4 2 1 1 3488 3411 3569 2131
2237 4 2 1 1 3353 2412 1925 3584
2238 4 2 1 1 3359 1772 3360 3357
2239 4 2 1 1 848 2903 1460 1243
2240 4 2 1 1 119 1538 47 1852
2241 4 2 1 1 2139 1292 2140 3123
2242 4 2 1 1 2413 2412 1925 3353
2243 4 2 1 1 3534 3353 1925 3584
2244 4 2 1 1 3697 2924 3699 2008
2245 4 2 1 1 1212 1461 242 2469
2246 4 2 1 1 3030 2975 3767 2973
2247 4 2 1 1 3571 2933 3692 2820
2248 4 2 1 1 3534 2413 1925 3353
2249 4 2 1 1 551 2551 531 553
2250 4 2 1 1 3019 3126 3042 1214
2251 4 2 1 1 1949 2416 2398 2418
2252 4 2 1 1 1960 2271 2436 1936
2253 4 2 1 1 3188 3198 3189 2824
2254 4 2 1 1 3057 1051 173 176
2255 4 2 1 1 346 1149 2775 2443
2256 4 2 1 1 2271 1960 2672 1936
2257 4 2 1 1 1771 1710 3346 3354
2258 4 2 1 1 3090 1975 2436 1936
2259 4 2 1 1 2843 3002 2440 3043
2260 4 2 1 1 2955 3078 2335 3707
2261 4 2 1 1 497 2671 3004 2665
2262 4 2 1 1 2877 3208 3209 2372
2263 4 2 1 1 2488 203 780 201
2264 4 2 1 1 258 236 239 2206
2265 4 2 1 1 2001 3699 2470 2382
2266 4 2 1 1 2523 2493 2527 2175
2267 4 2 1 1 1813 3604 1870 1555
2268 4 2 1 1 3697 2001 3006 3696
2269 4 2 1 1 3362 3505 1715 1726
2270 4 2 1 1 1975 3090 2672 1936
2271 4 2 1 1 1975 1960 2436 1936
2272 4 2 1 1 2755 2629 513 345
2273 4 2 1 1 2652 2814 3031 575
2274 4 2 1 1 2866 2151 2861 3163
2275 4 2 1 1 1960 1975 2672 1936
2276 4 2 1 1 2396 1946 2949 3203
2277 4 2 1 1 2377 2551 2732 2731
2278 4 2 1 1 2844 3740 2795 2588
2279 4 2 1 1 452 454 509 2988
2280 4 2 1 1 2398 2880 1962 2395
2281 4 2 1 1 2940 1129 2886 2908
2282 4 2 1 1 577 412 2850 578
2283 4 2 1 1 2508 2235 2708 2949
2284 4 2 1 1 1226 2652 2814 626
2285 4 2 1 1 324 2561 429 2265
2286 4 2 1 1 784 1329 785 3113
2287 4 2 1 1 1138 324 1011 2743
2288 4 2 1 1 2723 2365 1004 699
2289 4 2 1 1 1034 751 1383 2258
2290 4 2 1 1 2051 2921 2673 2262
2291 4 2 1 1 2561 324 1138 2743
2292 4 2 1 1 2562 2275 2805 2098
2293 4 2 1 1 2242 2241 2225 2415
2294 4 2 1 1 2069 2075 1914 3232
2295 4 2 1 1 724 2401 955 1085
2296 4 2 1 1 372 100 369 2070
2297 4 2 1 1 122 1101 1553 26
2298 4 2 1 1 3325 3336 3324 3337
2299 4 2 1 1 3278 3307 3136 2960
2300 4 2 1 1 2121 2278 2089 2098
2301 4 2 1 1 2726 3165 2945 2725
2302 4 2 1 1 1789 1710 1771 3354
2303 4 2 1 1 3175 2997 3256 2109
2304 4 2 1 1 2235 2508 2708 2236
2305 4 2 1 1 2091 2080 2068 3224
2306 4 2 1 1 3179 1908 1961 1953
2307 4 2 1 1 1091 1040 2324 3138
2308 4 2 1 1 497 1311 1246 2665
2309 4 2 1 1 2887 1127 2888 2908
2310 4 2 1 1 1402 1128 2908 1132
2311 4 2 1 1 3030 2506 3767 3041
2312 4 2 1 1 3532 2025 2104 3485
2313 4 2 1 1 3546 1791 1635 1808
2314 4 2 1 1 1857 1894 1976 1547
2315 4 2 1 1 2837 3078 2335 2813
2316 4 2 1 1 3654 3542 3652 3656
2317 4 2 1 1 1040 1091 2324 117
2318 4 2 1 1 117 2430 2324 1368
2319 4 2 1 1 363 3083 2389 2897
2320 4 2 1 1 1256 2401 956 667
2321 4 2 1 1 1277 3083 2897 1533
2322 4 2 1 1 21 2430 2324 117
2323 4 2 1 1 2232 2796 2875 356
2324 4 2 1 1 2430 851 2324 1368
2325 4 2 1 1 2980 614 734 703
2326 4 2 1 1 2499 2807 3676 3677
2327 4 2 1 1 3041 3096 3065 2138
2328 4 2 1 1 258 1069 1994 239
2329 4 2 1 1 3094 3093 2065 2589
2330 4 2 1 1 2004 1993 1513 2005
2331 4 2 1 1 2719 727 3258 2393
2332 4 2 1 1 2510 115 941 999
2333 4 2 1 1 3032 3010 3655 3743
2334 4 2 1 1 281 2150 1151 285
2335 4 2 1 1 2352 1451 2974 1382
2336 4 2 1 1 2033 2340 3123 296
2337 4 2 1 1 1789 1762 3365 3390
2338 4 2 1 1 3183 3576 2065 3382
2339 4 2 1 1 485 520 521 2977
2340 4 2 1 1 2255 2343 2258 842
2341 4 2 1 1 3032 3010 3743 2065
2342 4 2 1 1 3662 3661 2769 3076
2343 4 2 1 1 1993 650 1177 1348
2344 4 2 1 1 2550 2005 3077 2470
2345 4 2 1 1 2869 1424 935 798
2346 4 2 1 1 2492 2489 2159 2640
2347 4 2 1 1 2163 2465 2640 246
2348 4 2 1 1 3399 3741 2065 3743
2349 4 2 1 1 3425 3399 3367 2065
2350 4 2 1 1 2863 2862 2864 3736
2351 4 2 1 1 753 1365 613 3124
2352 4 2 1 1 2836 2813 635 1394
2353 4 2 1 1 1924 3623 3747 1928
2354 4 2 1 1 2326 2331 2601 2604
2355 4 2 1 1 2187 1172 3125 3210
2356 4 2 1 1 3084 2898 3196 2050
2357 4 2 1 1 3019 3126 1352 1487
2358 4 2 1 1 2036 2231 3196 2050
2359 4 2 1 1 2055 2825 2225 3640
2360 4 2 1 1 1990 3612 2010 3610
2361 4 2 1 1 541 2723 1323 2658
2362 4 2 1 1 2169 2172 2142 3614
2363 4 2 1 1 1941 3641 2502 2477
2364 4 2 1 1 2037 2911 2802 3029
2365 4 2 1 1 3749 3623 3618 3747
2366 4 2 1 1 1457 2648 1027 524
2367 4 2 1 1 3253 3126 3211 3149
2368 4 2 1 1 177 178 175 3154
2369 4 2 1 1 2188 2198 3080 2772
2370 4 2 1 1 2217 2220 3317 3313
2371 4 2 1 1 139 2139 2383 140
2372 4 2 1 1 2566 2573 2567 2571
2373 4 2 1 1 1271 3001 1422 2140
2374 4 2 1 1 3627 3670 2769 3225
2375 4 2 1 1 1992 3658 3772 3771
2376 4 2 1 1 1289 3215 190 3187
2377 4 2 1 1 2376 406 2379 433
2378 4 2 1 1 1901 3624 3625 1943
2379 4 2 1 1 496 497 3004 3021
2380 4 2 1 1 3665 3661 2769 3662
2381 4 2 1 1 760 1227 858 2375
2382 4 2 1 1 2080 2311 2769 3225
2383 4 2 1 1 2863 2256 2867 3736
2384 4 2 1 1 3504 3382 1977 3552
2385 4 2 1 1 512 3034 440 473
2386 4 2 1 1 3034 2150 1989 2982
2387 4 2 1 1 563 562 2523 561
2388 4 2 1 1 2461 816 1305 3105
2389 4 2 1 1 2550 2005 2002 3076
2390 4 2 1 1 629 538 2956 2615
2391 4 2 1 1 3706 2023 3214 1899
2392 4 2 1 1 3579 2614 3541 3540
2393 4 2 1 1 3542 3429 1977 1979
2394 4 2 1 1 3545 1712 3599 3607
2395 4 2 1 1 2550 1993 2002 2005
2396 4 2 1 1 1024 1336 2504 337
2397 4 2 1 1 1897 2457 1911 3749
2398 4 2 1 1 3005 570 2992 2711
2399 4 2 1 1 2810 2588 1187 1427
2400 4 2 1 1 2991 1134 1412 1353
2401 4 2 1 1 3006 3005 2926 3007
2402 4 2 1 1 1362 105 1150 3602
2403 4 2 1 1 2162 2336 2175 2526
2404 4 2 1 1 1057 3281 714 1150
2405 4 2 1 1 3465 3490 1631 3463
2406 4 2 1 1 769 2380 2900 2907
2407 4 2 1 1 1166 189 235 2331
2408 4 2 1 1 2829 2602 2817 2375
2409 4 2 1 1 2899 2103 2903 2901
2410 4 2 1 1 122 1101 2419 1553
2411 4 2 1 1 1700 3479 3478 1799
2412 4 2 1 1 2261 3648 2673 2262
2413 4 2 1 1 1104 1531 3299 1218
2414 4 2 1 1 2365 2366 2841 3040
2415 4 2 1 1 2190 1926 2299 2192
2416 4 2 1 1 2979 1465 2886 1129
2417 4 2 1 1 2091 3630 3225 2083
2418 4 2 1 1 3598 3609 3478 3159
2419 4 2 1 1 471 544 2895 970
2420 4 2 1 1 430 2561 324 1138
2421 4 2 1 1 3545 3598 3478 3159
2422 4 2 1 1 516 2223 2720 2399
2423 4 2 1 1 3108 3100 2016 3099
2424 4 2 1 1 2199 346 2629 2443
2425 4 2 1 1 2603 2015 2017 2016
2426 4 2 1 1 3620 3751 3750 2130
2427 4 2 1 1 3619 3753 3750 2130
2428 4 2 1 1 2677 2202 2203 3189
2429 4 2 1 1 2172 3763 3765 2138
2430 4 2 1 1 2741 2503 2807 2698
2431 4 2 1 1 3025 3119 3189 2824
2432 4 2 1 1 3176 3179 3178 2275
2433 4 2 1 1 2266 2581 888 1136
2434 4 2 1 1 805 2157 807 950
2435 4 2 1 1 1300 781 2153 1438
2436 4 2 1 1 2373 2374 2739 2455
2437 4 2 1 1 2082 3686 1999 3700
2438 4 2 1 1 3600 2913 1362 879
2439 4 2 1 1 571 3005 572 591
2440 4 2 1 1 3727 2595 2043 3040
2441 4 2 1 1 2986 2851 3098 2257
2442 4 2 1 1 1297 747 748 2261
2443 4 2 1 1 3734 3649 2644 2262
2444 4 2 1 1 2577 438 294 487
2445 4 2 1 1 3116 623 624 2996
2446 4 2 1 1 3730 3756 3758 3754
2447 4 2 1 1 3757 3730 3758 3754
2448 4 2 1 1 2456 2454 1911 2739
2449 4 2 1 1 705 2814 2613 706
2450 4 2 1 1 1454 68 1558 1356
2451 4 2 1 1 1386 2840 653 829
2452 4 2 1 1 2489 2492 2159 2687
2453 4 2 1 1 258 1994 3250 2206
2454 4 2 1 1 1431 969 1041 2438
2455 4 2 1 1 3560 2000 2178 3526
2456 4 2 1 1 3712 3756 2148 3758
2457 4 2 1 1 3716 3718 2046 2574
2458 4 2 1 1 417 420 2297 414
2459 4 2 1 1 2812 3020 2447 3185
2460 4 2 1 1 2919 3096 3758 2575
2461 4 2 1 1 3718 3730 2046 2574
2462 4 2 1 1 3679 3616 2808 2502
2463 4 2 1 1 2353 1039 2919 2575
2464 4 2 1 1 2354 632 1153 475
2465 4 2 1 1 2910 903 1415 721
2466 4 2 1 1 2062 3527 2057 3418
2467 4 2 1 1 3740 2062 2057 3418
2468 4 2 1 1 716 3001 2140 2386
2469 4 2 1 1 2844 2810 2795 2793
2470 4 2 1 1 142 141 2339 140
2471 4 2 1 1 3246 3247 2481 2715
2472 4 2 1 1 1787 1762 3365 1789
2473 4 2 1 1 2826 1938 2242 3636
2474 4 2 1 1 824 3217 3135 1426
2475 4 2 1 1 3527 2588 2589 2057
2476 4 2 1 1 3009 2874 2795 2589
2477 4 2 1 1 1237 2329 230 197
2478 4 2 1 1 3160 907 1421 3599
2479 4 2 1 1 3744 3009 2164 2795
2480 4 2 1 1 1167 705 2613 706
2481 4 2 1 1 2874 2794 2164 2795
2482 4 2 1 1 130 2503 2498 997
2483 4 2 1 1 2793 2810 2795 2794
2484 4 2 1 1 1314 2354 649 1419
2485 4 2 1 1 2862 1204 395 1205
2486 4 2 1 1 907 2903 850 1243
2487 4 2 1 1 1719 1875 3299 1727
2488 4 2 1 1 2618 2600 3255 2302
2489 4 2 1 1 747 1135 2634 1297
2490 4 2 1 1 1538 3289 1121 1841
2491 4 2 1 1 3060 456 454 2988
2492 4 2 1 1 3023 2358 3620 3219
2493 4 2 1 1 2467 1234 3167 162
2494 4 2 1 1 3126 3019 3043 3149
2495 4 2 1 1 2624 2965 3014 2623
2496 4 2 1 1 3579 3542 1979 3572
2497 4 2 1 1 2314 2085 2068 2078
2498 4 2 1 1 2080 2314 2068 2078
2499 4 2 1 1 937 3230 644 853
2500 4 2 1 1 1191 2566 594 249
2501 4 2 1 1 2080 2314 2767 2068
2502 4 2 1 1 1088 3001 1059 1422
2503 4 2 1 1 2973 3767 3065 2138
2504 4 2 1 1 3116 3045 623 2996
2505 4 2 1 1 1164 3089 1165 1048
2506 4 2 1 1 2270 2748 2581 2559
2507 4 2 1 1 3716 2574 2046 3758
2508 4 2 1 1 3676 3679 1896 3677
2509 4 2 1 1 1244 212 2686 224
2510 4 2 1 1 2713 311 2714 2654
2511 4 2 1 1 2246 2716 2097 2090
2512 4 2 1 1 2789 1113 806 2544
2513 4 2 1 1 2656 2716 2246 2090
2514 4 2 1 1 1113 1380 809 2544
2515 4 2 1 1 2805 2562 2747 2265
2516 4 2 1 1 2176 2858 2820 2992
2517 4 2 1 1 2774 1959 660 659
2518 4 2 1 1 2332 3709 2249 2330
2519 4 2 1 1 193 2326 2287 194
2520 4 2 1 1 2287 2329 2328 2331
2521 4 2 1 1 2529 856 1503 1261
2522 4 2 1 1 2089 2746 1907 2097
2523 4 2 1 1 1865 1854 3272 1554
2524 4 2 1 1 126 1131 1549 36
2525 4 2 1 1 2216 2095 2090 2087
2526 4 2 1 1 1131 35 1854 36
2527 4 2 1 1 670 1519 3132 668
2528 4 2 1 1 2562 2805 2747 2098
2529 4 2 1 1 1974 1047 1048 627
2530 4 2 1 1 2816 3223 2072 2101
2531 4 2 1 1 1424 71 798 1557
2532 4 2 1 1 2991 2980 704 1154
2533 4 2 1 1 2084 2312 2072 2101
2534 4 2 1 1 3223 2084 2072 2101
2535 4 2 1 1 2913 639 878 879
2536 4 2 1 1 3012 1079 2757 875
2537 4 2 1 1 3506 3539 2280 2951
2538 4 2 1 1 2123 2555 2890 2120
2539 4 2 1 1 2555 2688 2890 2120
2540 4 2 1 1 2667 1913 2894 2557
2541 4 2 1 1 2555 1912 2557 2112
2542 4 2 1 1 1949 1947 2708 2949
2543 4 2 1 1 325 739 2581 949
2544 4 2 1 1 724 2226 2399 3013
2545 4 2 1 1 1164 3089 2 1165
2546 4 2 1 1 2266 545 1136 888
2547 4 2 1 1 2671 3042 378 3004
2548 4 2 1 1 2709 2096 2625 2738
2549 4 2 1 1 3729 3730 3731 2046
2550 4 2 1 1 2217 2577 2853 3757
2551 4 2 1 1 2536 179 158 3167
2552 4 2 1 1 2110 3038 2579 2672
2553 4 2 1 1 1935 2117 2579 2123
2554 4 2 1 1 2569 2566 2383 2570
2555 4 2 1 1 2997 1367 3173 3156
2556 4 2 1 1 1784 3318 3379 3592
2557 4 2 1 1 520 2979 1196 536
2558 4 2 1 1 2646 3049 2134 2904
2559 4 2 1 1 2742 2935 2918 3065
2560 4 2 1 1 1270 134 2698 136
2561 4 2 1 1 3751 3220 2024 3620
2562 4 2 1 1 898 2471 3015 1276
2563 4 2 1 1 868 1453 2809 2889
2564 4 2 1 1 2832 2830 2817 2516
2565 4 2 1 1 2134 2356 2662 2440
2566 4 2 1 1 1255 14 114 2704
2567 4 2 1 1 2965 2111 3014 2623
2568 4 2 1 1 3111 3112 3121 3110
2569 4 2 1 1 2285 2496 2662 2286
2570 4 2 1 1 2616 3254 2302 3255
2571 4 2 1 1 2807 2808 2806 2502
2572 4 2 1 1 2727 2464 2773 2729
2573 4 2 1 1 1527 1299 3205 927
2574 4 2 1 1 1069 1993 241 1070
2575 4 2 1 1 3363 2176 3558 3514
2576 4 2 1 1 3370 1809 3385 1672
2577 4 2 1 1 3712 3716 2149 2031
2578 4 2 1 1 2031 3716 2149 2383
2579 4 2 1 1 3012 2179 2757 3201
2580 4 2 1 1 1212 2680 2563 2469
2581 4 2 1 1 782 621 622 2056
2582 4 2 1 1 3071 1879 1744 2461
2583 4 2 1 1 3071 3067 1407 3070
2584 4 2 1 1 3560 1805 1653 1690
2585 4 2 1 1 2992 3005 2711 3007
2586 4 2 1 1 57 1879 1341 58
2587 4 2 1 1 3527 2588 2057 3162
2588 4 2 1 1 1847 43 1551 1119
2589 4 2 1 1 1421 907 1437 3599
2590 4 2 1 1 2503 2807 2698 2806
2591 4 2 1 1 3064 2807 2808 2806
2592 4 2 1 1 3246 2478 3247 2784
2593 4 2 1 1 409 2297 2907 1416
2594 4 2 1 1 2821 2611 675 2553
2595 4 2 1 1 3507 3561 3438 1691
2596 4 2 1 1 2140 2141 2697 2145
2597 4 2 1 1 3479 3545 3478 3159
2598 4 2 1 1 3479 2018 3477 3465
2599 4 2 1 1 2140 2139 2141 2145
2600 4 2 1 1 3734 2766 3732 3649
2601 4 2 1 1 3285 3286 3284 3288
2602 4 2 1 1 3296 3311 3295 3284
2603 4 2 1 1 2496 2285 2284 2286
2604 4 2 1 1 3422 3403 2105 3437
2605 4 2 1 1 3718 3729 3722 3731
2606 4 2 1 1 3553 1796 3376 1691
2607 4 2 1 1 3523 1612 1613 1614
2608 4 2 1 1 2151 2864 3280 3092
2609 4 2 1 1 2023 3706 3214 3635
2610 4 2 1 1 3473 3565 3365 2131
2611 4 2 1 1 3348 3351 3349 3341
2612 4 2 1 1 3499 3565 1592 3497
2613 4 2 1 1 2921 2051 3728 2262
2614 4 2 1 1 688 589 2589 2064
2615 4 2 1 1 2519 2517 2520 2371
2616 4 2 1 1 2489 2486 2156 2686
2617 4 2 1 1 3527 2062 3458 3368
2618 4 2 1 1 277 978 2156 2686
2619 4 2 1 1 3597 3582 3069 1825
2620 4 2 1 1 1590 3349 3353 1768
2621 4 2 1 1 3252 3251 3081 3693
2622 4 2 1 1 1198 2892 2643 1492
2623 4 2 1 1 1593 3561 3507 1691
2624 4 2 1 1 2183 2253 3360 2254
2625 4 2 1 1 3359 1638 3433 1624
2626 4 2 1 1 3481 3575 3574 3503
2627 4 2 1 1 2102 3557 3024 2915
2628 4 2 1 1 3576 3183 3095 3577
2629 4 2 1 1 3531 1692 3559 3412
2630 4 2 1 1 1842 1816 3161 3609
2631 4 2 1 1 2255 2365 1439 2258
2632 4 2 1 1 2013 3470 3515 3299
2633 4 2 1 1 1649 3330 1654 1664
2634 4 2 1 1 3593 1754 3335 3321
2635 4 2 1 1 749 617 1018 2370
2636 4 2 1 1 3502 1618 1807 1614
2637 4 2 1 1 2047 3315 3323 3321
2638 4 2 1 1 3393 1817 1826 3394
2639 4 2 1 1 1222 889 123 2306
2640 4 2 1 1 3571 2059 3086 3518
2641 4 2 1 1 1431 2438 712 3028
2642 4 2 1 1 2176 2858 3134 3028
2643 4 2 1 1 3304 1744 1745 1738
2644 4 2 1 1 3604 3270 1707 1870
2645 4 2 1 1 3549 1798 1711 1822
2646 4 2 1 1 3400 3441 3500 3442
2647 4 2 1 1 2377 2551 553 2552
2648 4 2 1 1 3745 3741 3742 2155
2649 4 2 1 1 3601 3535 3576 1686
2650 4 2 1 1 3392 3538 1826 3394
2651 4 2 1 1 3715 2341 2031 3714
2652 4 2 1 1 1000 277 2156 2686
2653 4 2 1 1 1640 1641 1639 3548
2654 4 2 1 1 2484 947 2613 2657
2655 4 2 1 1 588 3008 1202 3093
2656 4 2 1 1 1200 3190 2992 604
2657 4 2 1 1 3068 3275 3453 3276
2658 4 2 1 1 2486 1000 2156 2686
2659 4 2 1 1 1000 2486 2156 2283
2660 4 2 1 1 2413 3612 2963 2082
2661 4 2 1 1 3268 1858 3102 1885
2662 4 2 1 1 3396 2166 3433 3393
2663 4 2 1 1 3462 3575 3393 2166
2664 4 2 1 1 1000 1329 2283 2156
2665 4 2 1 1 1756 3338 3339 3342
2666 4 2 1 1 2025 3531 2450 3485
2667 4 2 1 1 2048 3733 3724 3723
2668 4 2 1 1 3456 3569 2131 3365
2669 4 2 1 1 3561 3351 3350 3507
2670 4 2 1 1 1761 3329 3344 3332
2671 4 2 1 1 3417 2463 1737 1722
2672 4 2 1 1 2588 2844 2057 3050
2673 4 2 1 1 231 227 1203 2546
2674 4 2 1 1 1657 1630 1658 3475
2675 4 2 1 1 61 62 1859 121
2676 4 2 1 1 277 1329 1000 2156
2677 4 2 1 1 630 537 535 2978
2678 4 2 1 1 2976 3766 2977 2978
2679 4 2 1 1 1827 3340 3352 3349
2680 4 2 1 1 1032 1857 1030 65
2681 4 2 1 1 3382 3542 3519 3504
2682 4 2 1 1 1578 1751 3321 3306
2683 4 2 1 1 2577 2591 2852 487
2684 4 2 1 1 1750 1743 3305 3278
2685 4 2 1 1 3538 3393 1826 3394
2686 4 2 1 1 3326 3054 2217 3313
2687 4 2 1 1 3301 1743 1742 3302
2688 4 2 1 1 3337 3494 2105 3403
2689 4 2 1 1 2733 3589 3310 3337
2690 4 2 1 1 801 1222 648 2947
2691 4 2 1 1 2354 2976 2353 2919
2692 4 2 1 1 3399 3529 3552 3398
2693 4 2 1 1 2836 914 2251 2813
2694 4 2 1 1 3520 3500 2131 3544
2695 4 2 1 1 3458 3535 3367 2065
2696 4 2 1 1 1626 1604 3451 1603
2697 4 2 1 1 1976 2652 895 2509
2698 4 2 1 1 3495 3355 1932 2450
2699 4 2 1 1 3363 2176 3374 2174
2700 4 2 1 1 3419 1776 3562 1628
2701 4 2 1 1 1615 3461 3509 1616
2702 4 2 1 1 3605 2887 3606 2167
2703 4 2 1 1 3355 2132 3583 3584
2704 4 2 1 1 3341 3340 3349 3352
2705 4 2 1 1 1897 2293 1903 2286
2706 4 2 1 1 1882 3600 2757 3386
2707 4 2 1 1 3746 1928 3618 3621
2708 4 2 1 1 3469 1651 1778 3371
2709 4 2 1 1 3600 2913 3386 3387
2710 4 2 1 1 3363 1655 3511 3374
2711 4 2 1 1 3402 3480 3481 3427
2712 4 2 1 1 630 738 2978 766
2713 4 2 1 1 2620 1810 2757 3386
2714 4 2 1 1 1321 787 2929 2923
2715 4 2 1 1 3355 2132 3390 3473
2716 4 2 1 1 3331 3580 1665 1709
2717 4 2 1 1 1640 3391 1665 3455
2718 4 2 1 1 2976 3766 2978 2167
2719 4 2 1 1 3400 3378 2060 2178
2720 4 2 1 1 1644 1660 3401 1661
2721 4 2 1 1 3451 3378 3400 2178
2722 4 2 1 1 2799 2238 2239 2240
2723 4 2 1 1 2875 2823 3114 2389
2724 4 2 1 1 3479 2018 3159 3478
2725 4 2 1 1 769 768 770 2900
2726 4 2 1 1 3115 2351 2615 2916
2727 4 2 1 1 2777 2696 2200 2772
2728 4 2 1 1 3145 2061 3048 2524
2729 4 2 1 1 3417 1722 1737 1738
2730 4 2 1 1 1850 3270 1870 2619
2731 4 2 1 1 1919 2496 2662 2625
2732 4 2 1 1 3043 3003 3022 2494
2733 4 2 1 1 2962 614 1158 734
2734 4 2 1 1 1902 2135 2662 2625
2735 4 2 1 1 1079 1267 2757 102
2736 4 2 1 1 2216 2092 2246 2655
2737 4 2 1 1 2670 1122 1544 3269
2738 4 2 1 1 2899 769 2900 2907
2739 4 2 1 1 1567 1893 1842 3609
2740 4 2 1 1 1560 53 1209 1862
2741 4 2 1 1 3337 3494 3403 3338
2742 4 2 1 1 2730 3628 2655 3629
2743 4 2 1 1 2216 2215 2210 2872
2744 4 2 1 1 1531 119 1104 1852
2745 4 2 1 1 3680 3668 1995 2247
2746 4 2 1 1 1567 94 3299 3609
2747 4 2 1 1 3701 2380 2907 2900
2748 4 2 1 1 2684 2621 329 2690
2749 4 2 1 1 3250 2511 517 3199
2750 4 2 1 1 2209 2583 1995 2247
2751 4 2 1 1 2624 2737 2122 2096
2752 4 2 1 1 764 2355 2646 2360
2753 4 2 1 1 1994 2511 3250 2210
2754 4 2 1 1 1076 504 2444 740
2755 4 2 1 1 3158 3248 2050 2784
2756 4 2 1 1 3647 3639 1944 2765
2757 4 2 1 1 2939 2511 2002 2512
2758 4 2 1 1 3683 3680 1995 2247
2759 4 2 1 1 905 3197 902 2801
2760 4 2 1 1 2539 3647 2448 1938
2761 4 2 1 1 332 331 333 2555
2762 4 2 1 1 2833 2159 2163 2640
2763 4 2 1 1 203 204 202 2486
2764 4 2 1 1 2026 3619 2330 3753
2765 4 2 1 1 2693 2692 2694 3262
2766 4 2 1 1 2541 530 1434 2313
2767 4 2 1 1 3586 3587 2042 2243
2768 4 2 1 1 1953 1913 2122 2127
2769 4 2 1 1 2095 2311 2210 2074
2770 4 2 1 1 3228 2692 3166 2221
2771 4 2 1 1 2394 2497 3261 2407
2772 4 2 1 1 1925 1924 2094 3747
2773 4 2 1 1 3345 3347 3343 2243
2774 4 2 1 1 2042 2596 3724 2243
2775 4 2 1 1 2785 1901 1917 3638
2776 4 2 1 1 7 3101 2959 3102
2777 4 2 1 1 2172 3380 3444 3503
2778 4 2 1 1 3359 2183 3397 3357
2779 4 2 1 1 3590 1579 3591 1580
2780 4 2 1 1 1820 1827 3352 3348
2781 4 2 1 1 3391 3455 2597 3331
2782 4 2 1 1 1958 2561 2273 2721
2783 4 2 1 1 1149 346 2775 344
2784 4 2 1 1 375 1175 329 2621
2785 4 2 1 1 3206 2763 3192 2762
2786 4 2 1 1 2479 2692 3228 2221
2787 4 2 1 1 2408 2409 2753 2417
2788 4 2 1 1 2692 2479 2480 2221
2789 4 2 1 1 851 1040 2324 1368
2790 4 2 1 1 2631 2756 2629 2630
2791 4 2 1 1 365 368 1448 2783
2792 4 2 1 1 606 3129 2787 3035
2793 4 2 1 1 2075 2425 2816 2429
2794 4 2 1 1 2895 478 477 2272
2795 4 2 1 1 2038 2386 2481 2740
2796 4 2 1 1 2692 2478 3166 2221
2797 4 2 1 1 2478 2692 2480 2221
2798 4 2 1 1 2403 3261 3244 2758
2799 4 2 1 1 358 2796 2236 2232
2800 4 2 1 1 2233 2507 946 2236
2801 4 2 1 1 981 1007 1535 2556
2802 4 2 1 1 1939 2237 2236 2235
2803 4 2 1 1 1809 3370 3386 3404
2804 4 2 1 1 2215 2208 3109 3250
2805 4 2 1 1 3686 1996 3688 3685
2806 4 2 1 1 2413 3351 3561 3507
2807 4 2 1 1 2238 2237 2533 2798
2808 4 2 1 1 231 2212 228 2546
2809 4 2 1 1 2533 2233 2708 2197
2810 4 2 1 1 245 243 2005 286
2811 4 2 1 1 2011 3525 2009 2963
2812 4 2 1 1 3373 3378 1778 3371
2813 4 2 1 1 3687 3688 3685 2178
2814 4 2 1 1 2066 2071 2316 3239
2815 4 2 1 1 2454 2453 2455 2459
2816 4 2 1 1 2548 1029 957 469
2817 4 2 1 1 2170 2166 2142 3769
2818 4 2 1 1 929 1428 2981 678
2819 4 2 1 1 2925 3005 3006 2382
2820 4 2 1 1 2222 2876 2875 2798
2821 4 2 1 1 2981 2892 2982 1988
2822 4 2 1 1 1985 3664 2512 3663
2823 4 2 1 1 1208 405 403 2379
2824 4 2 1 1 3345 3342 3339 3343
2825 4 2 1 1 1693 3496 3412 3486
2826 4 2 1 1 1901 1938 3625 3624
2827 4 2 1 1 3337 3403 2105 3343
2828 4 2 1 1 2095 3140 2311 3225
2829 4 2 1 1 3494 3437 3324 2105
2830 4 2 1 1 2308 2307 3081 2563
2831 4 2 1 1 2979 3030 520 519
2832 4 2 1 1 2366 2365 2841 2673
2833 4 2 1 1 3766 3763 3768 3756
2834 4 2 1 1 3330 2152 3324 2105
2835 4 2 1 1 3377 3553 3376 3409
2836 4 2 1 1 3380 2047 2220 3756
2837 4 2 1 1 2677 1938 2446 2242
2838 4 2 1 1 937 3151 1260 18
2839 4 2 1 1 2011 3424 3525 2963
2840 4 2 1 1 3679 2807 3710 2028
2841 4 2 1 1 2785 2242 2225 2415
2842 4 2 1 1 2825 2241 2225 3640
2843 4 2 1 1 2500 2475 2319 2316
2844 4 2 1 1 801 889 2947 838
2845 4 2 1 1 2596 2733 3591 3310
2846 4 2 1 1 3476 3415 2009 2254
2847 4 2 1 1 1767 3336 1683 1757
2848 4 2 1 1 2172 3380 3481 2220
2849 4 2 1 1 2260 2344 2258 2368
2850 4 2 1 1 3476 3550 3415 2254
2851 4 2 1 1 2986 2257 3288 3287
2852 4 2 1 1 3311 3296 3295 3595
2853 4 2 1 1 2653 1480 872 2971
2854 4 2 1 1 3438 1786 3530 3460
2855 4 2 1 1 3303 1721 3603 3416
2856 4 2 1 1 1978 3741 2155 3742
2857 4 2 1 1 1837 1802 3577 1735
2858 4 2 1 1 1187 589 2589 2874
2859 4 2 1 1 3516 3550 3525 2963
2860 4 2 1 1 3183 2642 1228 506
2861 4 2 1 1 1795 3423 3420 3530
2862 4 2 1 1 2814 603 762 2813
2863 4 2 1 1 2815 2296 2773 2743
2864 4 2 1 1 2464 313 2713 311
2865 4 2 1 1 307 2714 308 2654
2866 4 2 1 1 2870 1902 2122 1913
2867 4 2 1 1 3525 3476 2009 2963
2868 4 2 1 1 3516 3550 2963 3510
2869 4 2 1 1 534 2421 2272 532
2870 4 2 1 1 2325 851 2927 2324
2871 4 2 1 1 314 2464 315 2727
2872 4 2 1 1 317 2296 960 1366
2873 4 2 1 1 3510 3550 2963 2254
2874 4 2 1 1 2095 2088 2090 2087
2875 4 2 1 1 1381 1993 286 1513
2876 4 2 1 1 2488 1398 780 1257
2877 4 2 1 1 2721 2788 2437 2273
2878 4 2 1 1 1998 3252 3761 2718
2879 4 2 1 1 2511 1994 2512 2872
2880 4 2 1 1 3161 2903 3609 3159
2881 4 2 1 1 2025 2104 3099 2013
2882 4 2 1 1 1531 3289 1852 3299
2883 4 2 1 1 1205 2862 1375 2809
2884 4 2 1 1 1325 948 410 2907
2885 4 2 1 1 2135 2128 2625 2127
2886 4 2 1 1 2920 2365 501 2725
2887 4 2 1 1 2380 769 2900 2819
2888 4 2 1 1 2266 2268 2269 2787
2889 4 2 1 1 2561 2816 2273 2721
2890 4 2 1 1 2274 2562 3178 2269
2891 4 2 1 1 2427 3122 2273 2835
2892 4 2 1 1 2266 2787 2269 2273
2893 4 2 1 1 2414 2279 1951 2426
2894 4 2 1 1 3691 3513 3688 2178
2895 4 2 1 1 980 1532 1115 2989
2896 4 2 1 1 1908 2278 2276 2127
2897 4 2 1 1 2349 2538 2317 1944
2898 4 2 1 1 2464 2727 2773 2728
2899 4 2 1 1 2434 1923 2279 2276
2900 4 2 1 1 1923 2434 2100 2276
2901 4 2 1 1 922 1388 2584 191
2902 4 2 1 1 3630 2091 2276 2100
2903 4 2 1 1 2091 3630 2276 2092
2904 4 2 1 1 115 14 2704 2703
2905 4 2 1 1 2624 2096 2122 2625
2906 4 2 1 1 2427 2423 2437 2273
2907 4 2 1 1 3542 1981 3656 2837
2908 4 2 1 1 2562 2816 2721 2098
2909 4 2 1 1 2288 2646 2361 3235
2910 4 2 1 1 2359 2326 2328 2647
2911 4 2 1 1 2366 2921 2673 3725
2912 4 2 1 1 2041 3637 3731 3713
2913 4 2 1 1 131 483 2144 2145
2914 4 2 1 1 2333 2605 2699 2604
2915 4 2 1 1 3323 1755 3321 3320
2916 4 2 1 1 2329 2333 2331 989
2917 4 2 1 1 2826 3647 3636 2317
2918 4 2 1 1 2360 2646 866 2361
2919 4 2 1 1 817 1457 866 2361
2920 4 2 1 1 2627 2705 3772 3181
2921 4 2 1 1 3506 2959 3102 2171
2922 4 2 1 1 2884 2977 2883 3764
2923 4 2 1 1 1821 3358 3360 1814
2924 4 2 1 1 1774 1820 1665 3580
2925 4 2 1 1 3341 2412 3349 3353
2926 4 2 1 1 3766 3041 2976 2977
2927 4 2 1 1 2869 1725 2868 2385
2928 4 2 1 1 2677 2539 2537 2448
2929 4 2 1 1 2682 446 620 2404
2930 4 2 1 1 2329 2332 2328 2331
2931 4 2 1 1 2128 2137 2414 2127
2932 4 2 1 1 2128 2279 2276 2127
2933 4 2 1 1 2327 2616 3011 2601
2934 4 2 1 1 1963 2880 2948 1962
2935 4 2 1 1 2300 2645 2298 2447
2936 4 2 1 1 2299 2300 2298 2447
2937 4 2 1 1 2303 2829 2298 2966
2938 4 2 1 1 3212 2303 3058 2302
2939 4 2 1 1 1172 2187 1009 3210
2940 4 2 1 1 2468 1930 1929 2531
2941 4 2 1 1 3762 3759 3695 3691
2942 4 2 1 1 2266 2267 2265 429
2943 4 2 1 1 2745 2464 2746 2472
2944 4 2 1 1 1369 3046 836 3209
2945 4 2 1 1 2300 2514 3706 2531
2946 4 2 1 1 2395 2226 1525 3132
2947 4 2 1 1 1090 2391 22 3258
2948 4 2 1 1 3227 1527 927 1086
2949 4 2 1 1 3057 3154 3254 2302
2950 4 2 1 1 2421 2425 2437 2429
2951 4 2 1 1 3057 3212 2302 3254
2952 4 2 1 1 2445 2777 2772 2776
2953 4 2 1 1 893 1446 3147 3156
2954 4 2 1 1 2628 2532 2629 2856
2955 4 2 1 1 3155 3083 2824 1423
2956 4 2 1 1 2580 3176 2579 2672
2957 4 2 1 1 3035 1047 2754 627
2958 4 2 1 1 2157 808 807 938
2959 4 2 1 1 193 192 2326 194
2960 4 2 1 1 181 3169 3011 492
2961 4 2 1 1 654 655 543 2904
2962 4 2 1 1 427 523 2334 2335
2963 4 2 1 1 3484 1609 1620 3489
2964 4 2 1 1 3701 2832 2020 2017
2965 4 2 1 1 1995 2718 3251 3682
2966 4 2 1 1 2129 2492 2487 2489
2967 4 2 1 1 3126 3148 3079 3080
2968 4 2 1 1 3154 2616 3254 2302
2969 4 2 1 1 868 1453 2889 982
2970 4 2 1 1 773 2523 2175 1071
2971 4 2 1 1 2710 566 2523 2175
2972 4 2 1 1 892 2891 2581 3172
2973 4 2 1 1 2744 320 2560 319
2974 4 2 1 1 1952 2559 3178 2805
2975 4 2 1 1 665 1963 2774 2880
2976 4 2 1 1 3045 2244 2473 2735
2977 4 2 1 1 3651 3613 1954 3650
2978 4 2 1 1 2073 2088 2087 2773
2979 4 2 1 1 764 2355 655 2646
2980 4 2 1 1 3381 1657 3552 3504
2981 4 2 1 1 431 3183 458 2642
2982 4 2 1 1 2526 2493 2586 2175
2983 4 2 1 1 522 599 2333 523
2984 4 2 1 1 2656 2873 2207 3109
2985 4 2 1 1 2523 2493 2175 1071
2986 4 2 1 1 1972 2763 2320 2410
2987 4 2 1 1 2292 199 2582 2488
2988 4 2 1 1 3647 2539 2448 2468
2989 4 2 1 1 1398 2248 1510 915
2990 4 2 1 1 2292 199 1045 230
2991 4 2 1 1 3169 188 2604 2021
2992 4 2 1 1 3023 2358 2649 2357
2993 4 2 1 1 181 182 3026 184
2994 4 2 1 1 3356 3495 1932 3496
2995 4 2 1 1 2958 2920 2262 2261
2996 4 2 1 1 3108 3100 2297 417
2997 4 2 1 1 1490 2103 1218 3609
2998 4 2 1 1 2870 2965 2122 1902
2999 4 2 1 1 2763 2482 2320 2410
3000 4 2 1 1 3168 2732 2612 1929
3001 4 2 1 1 2322 2482 2411 1917
3002 4 2 1 1 2140 2144 2145 2806
3003 4 2 1 1 1967 3234 3206 2320
3004 4 2 1 1 1198 2892 1151 2981
3005 4 2 1 1 2449 2201 1922 1927
3006 4 2 1 1 2433 2431 2762 1966
3007 4 2 1 1 3390 1789 3354 3365
3008 4 2 1 1 2957 2540 2541 2912
3009 4 2 1 1 1983 2957 3660 2912
3010 4 2 1 1 2957 2540 2912 2643
3011 4 2 1 1 1040 991 990 2927
3012 4 2 1 1 3038 1953 2672 1951
3013 4 2 1 1 1459 2548 1203 781
3014 4 2 1 1 2431 2609 2762 1966
3015 4 2 1 1 260 2548 2546 1203
3016 4 2 1 1 3264 2594 3727 2592
3017 4 2 1 1 2539 2677 2317 2826
3018 4 2 1 1 1945 2041 3624 3636
3019 4 2 1 1 2475 2500 3240 2316
3020 4 2 1 1 2475 2500 1933 3240
3021 4 2 1 1 3719 2347 2765 2673
3022 4 2 1 1 1425 3193 1371 2345
3023 4 2 1 1 2190 2299 3184 2298
3024 4 2 1 1 2667 2843 2440 2115
3025 4 2 1 1 985 2605 2604 986
3026 4 2 1 1 2326 2359 2601 2647
3027 4 2 1 1 2847 3351 3348 3341
3028 4 2 1 1 2645 2022 2829 2600
3029 4 2 1 1 2556 2557 2666 2894
3030 4 2 1 1 1981 3542 3656 1979
3031 4 2 1 1 2051 3723 3725 3734
3032 4 2 1 1 1789 3356 3354 3365
3033 4 2 1 1 1043 402 404 2378
3034 4 2 1 1 3719 3720 3639 3717
3035 4 2 1 1 1322 179 1019 3167
3036 4 2 1 1 2732 2731 2612 1929
3037 4 2 1 1 2603 3219 2650 2601
3038 4 2 1 1 1043 2376 1180 2552
3039 4 2 1 1 2881 2771 613 740
3040 4 2 1 1 403 405 404 2379
3041 4 2 1 1 416 2558 2297 3108
3042 4 2 1 1 2259 391 392 2264
3043 4 2 1 1 2143 91 997 2498
3044 4 2 1 1 1388 3153 3119 3188
3045 4 2 1 1 2482 3241 2322 3240
3046 4 2 1 1 2198 2696 3080 2772
3047 4 2 1 1 3377 3553 3405 3376
3048 4 2 1 1 2144 2140 2386 2806
3049 4 2 1 1 3227 728 690 1086
3050 4 2 1 1 1959 1974 1047 2774
3051 4 2 1 1 1223 985 2604 986
3052 4 2 1 1 188 1475 2604 1224
3053 4 2 1 1 3016 3017 3466 2941
3054 4 2 1 1 1585 3586 3583 3587
3055 4 2 1 1 691 3137 527 693
3056 4 2 1 1 3064 2807 2742 2028
3057 4 2 1 1 2031 2341 2383 2149
3058 4 2 1 1 2359 2616 2601 2618
3059 4 2 1 1 430 471 2895 476
3060 4 2 1 1 2427 2325 2437 2421
3061 4 2 1 1 2556 2113 2557 3037
3062 4 2 1 1 3231 2067 3232 2422
3063 4 2 1 1 1974 2774 1975 1964
3064 4 2 1 1 3176 2271 2672 1936
3065 4 2 1 1 471 430 2895 2267
3066 4 2 1 1 2274 3176 3178 2275
3067 4 2 1 1 3377 2082 3438 3409
3068 4 2 1 1 2223 1971 2693 2682
3069 4 2 1 1 2119 1948 2949 1947
3070 4 2 1 1 2449 1930 2196 3185
3071 4 2 1 1 2715 2480 2740 2481
3072 4 2 1 1 100 2070 88 369
3073 4 2 1 1 2321 2482 2322 3240
3074 4 2 1 1 2721 2788 2098 2437
3075 4 2 1 1 1616 1642 1786 3530
3076 4 2 1 1 2692 3228 3166 2694
3077 4 2 1 1 1021 841 750 2344
3078 4 2 1 1 2756 2667 2666 2557
3079 4 2 1 1 339 1010 3267 2112
3080 4 2 1 1 2038 2387 2481 2386
3081 4 2 1 1 3166 3248 2481 3247
3082 4 2 1 1 2188 3184 3125 3080
3083 4 2 1 1 2684 2621 2623 2622
3084 4 2 1 1 336 1312 337 2636
3085 4 2 1 1 2288 2290 2357 2291
3086 4 2 1 1 2656 2873 307 2654
3087 4 2 1 1 2804 2097 3044 3047
3088 4 2 1 1 2760 2071 3240 3236
3089 4 2 1 1 3770 2166 2170 3769
3090 4 2 1 1 2133 2667 2440 2662
3091 4 2 1 1 3666 1990 1999 3700
3092 4 2 1 1 2336 2308 2175 774
3093 4 2 1 1 1440 435 2530 3110
3094 4 2 1 1 1930 2449 2196 2448
3095 4 2 1 1 2203 3216 2466 2204
3096 4 2 1 1 3137 3141 527 3025
3097 4 2 1 1 2224 3248 2784 2050
3098 4 2 1 1 2241 2825 2446 2242
3099 4 2 1 1 3561 3553 3438 1691
3100 4 2 1 1 2038 3248 3247 2481
3101 4 2 1 1 432 480 1481 2251
3102 4 2 1 1 3745 2834 1980 2640
3103 4 2 1 1 2485 3271 3541 1734
3104 4 2 1 1 821 839 1419 2353
3105 4 2 1 1 1644 1641 1643 3503
3106 4 2 1 1 2387 2342 2481 2386
3107 4 2 1 1 1942 1957 2010 3645
3108 4 2 1 1 2741 2503 2535 2807
3109 4 2 1 1 130 2503 131 2144
3110 4 2 1 1 115 14 2703 15
3111 4 2 1 1 1829 3314 3320 3592
3112 4 2 1 1 3402 2167 3401 3317
3113 4 2 1 1 519 3030 484 679
3114 4 2 1 1 1616 3516 1642 3530
3115 4 2 1 1 3030 2935 2972 2973
3116 4 2 1 1 680 2979 2252 886
3117 4 2 1 1 2030 2041 3731 3713
3118 4 2 1 1 2975 2173 3767 2973
3119 4 2 1 1 3684 3694 3695 1998
3120 4 2 1 1 3668 1995 3251 3682
3121 4 2 1 1 3038 3179 1953 2125
3122 4 2 1 1 3223 2424 2816 1968
3123 4 2 1 1 1312 1311 2636 2665
3124 4 2 1 1 2114 2756 2856 2842
3125 4 2 1 1 3177 2124 2123 2557
3126 4 2 1 1 1414 787 1192 2923
3127 4 2 1 1 3627 3665 2769 3670
3128 4 2 1 1 3228 2387 2481 3166
3129 4 2 1 1 2510 1160 2974 999
3130 4 2 1 1 2847 2169 3389 2142
3131 4 2 1 1 2957 1983 3660 2643
3132 4 2 1 1 2936 821 1419 2353
3133 4 2 1 1 2577 2576 2353 3757
3134 4 2 1 1 2381 2577 2353 3757
3135 4 2 1 1 3002 2667 2440 2666
3136 4 2 1 1 2508 2233 2708 2236
3137 4 2 1 1 821 2381 528 2353
3138 4 2 1 1 3164 2355 2360 2904
3139 4 2 1 1 2936 2381 821 2353
3140 4 2 1 1 2933 2177 2934 2820
3141 4 2 1 1 2914 713 1349 2845
3142 4 2 1 1 295 2381 2353 528
3143 4 2 1 1 2154 3738 3739 2060
3144 4 2 1 1 2381 295 2353 2577
3145 4 2 1 1 2061 3760 3048 2524
3146 4 2 1 1 567 2710 565 568
3147 4 2 1 1 540 1282 2959 7
3148 4 2 1 1 1263 2674 2875 2823
3149 4 2 1 1 3424 2000 3448 3420
3150 4 2 1 1 2139 137 2569 2147
3151 4 2 1 1 3030 485 520 519
3152 4 2 1 1 3755 3766 2148 2919
3153 4 2 1 1 295 2576 2353 2577
3154 4 2 1 1 3012 1079 879 2757
3155 4 2 1 1 3720 3719 3639 2765
3156 4 2 1 1 2913 878 2839 1349
3157 4 2 1 1 878 713 2914 1150
3158 4 2 1 1 3435 3384 3547 3387
3159 4 2 1 1 2587 2925 638 2839
3160 4 2 1 1 3557 2102 3024 2845
3161 4 2 1 1 3675 3204 2892 2008
3162 4 2 1 1 1439 2920 501 2258
3163 4 2 1 1 2979 3030 2977 520
3164 4 2 1 1 2574 3730 2046 3758
3165 4 2 1 1 3286 3287 3288 3309
3166 4 2 1 1 1634 3517 3532 3485
3167 4 2 1 1 2766 3720 3639 2765
3168 4 2 1 1 1439 2365 1504 501
3169 4 2 1 1 508 438 2852 487
3170 4 2 1 1 2497 2405 2758 3261
3171 4 2 1 1 2066 2078 2071 2076
3172 4 2 1 1 1161 3226 3246 2715
3173 4 2 1 1 3205 1527 3227 2479
3174 4 2 1 1 728 2719 3260 2404
3175 4 2 1 1 3528 1780 1594 3405
3176 4 2 1 1 2180 2011 3581 3387
3177 4 2 1 1 3571 2176 2177 2820
3178 4 2 1 1 3454 3762 2178 3513
3179 4 2 1 1 3604 1813 3585 2439
3180 4 2 1 1 3647 2766 3639 2765
3181 4 2 1 1 3547 3476 2009 3581
3182 4 2 1 1 842 843 752 2258
3183 4 2 1 1 1939 2237 2235 2708
3184 4 2 1 1 897 2652 895 1976
3185 4 2 1 1 2613 2484 2657 2614
3186 4 2 1 1 751 750 752 2258
3187 4 2 1 1 1765 3373 3366 1619
3188 4 2 1 1 2248 2488 2491 2465
3189 4 2 1 1 3369 3399 3398 3432
3190 4 2 1 1 1765 3369 1687 1770
3191 4 2 1 1 3403 3337 3338 3343
3192 4 2 1 1 2830 3108 2831 2817
3193 4 2 1 1 2832 2514 2516 2515
3194 4 2 1 1 3038 2580 3177 1935
3195 4 2 1 1 2113 2756 2557 3037
3196 4 2 1 1 335 2554 336 334
3197 4 2 1 1 2303 761 777 2375
3198 4 2 1 1 1912 2691 2557 2870
3199 4 2 1 1 2239 2238 1940 2240
3200 4 2 1 1 3212 2301 3184 2298
3201 4 2 1 1 504 2771 2444 740
3202 4 2 1 1 3025 2202 2824 3189
3203 4 2 1 1 2727 2745 2560 316
3204 4 2 1 1 2602 2303 777 2375
3205 4 2 1 1 1908 1953 2127 1961
3206 4 2 1 1 2691 2121 3014 2750
3207 4 2 1 1 1337 2987 1357 1240
3208 4 2 1 1 776 761 2375 777
3209 4 2 1 1 2671 343 341 1246
3210 4 2 1 1 2602 776 2375 777
3211 4 2 1 1 1926 2187 3112 3184
3212 4 2 1 1 2144 2145 2806 2698
3213 4 2 1 1 3536 2253 3073 3551
3214 4 2 1 1 2144 2143 2806 2386
3215 4 2 1 1 2476 2483 2386 2342
3216 4 2 1 1 2705 2627 1111 2930
3217 4 2 1 1 2935 2972 593 1231
3218 4 2 1 1 530 434 1434 2313
3219 4 2 1 1 2950 3658 2643 2981
3220 4 2 1 1 2768 3076 2002 2769
3221 4 2 1 1 2848 2183 3771 3769
3222 4 2 1 1 3695 1998 3761 3682
3223 4 2 1 1 2277 2092 1907 2087
3224 4 2 1 1 2503 2144 2806 2698
3225 4 2 1 1 2873 2714 3139 2871
3226 4 2 1 1 1950 2394 2497 3192
3227 4 2 1 1 3679 3676 1896 3642
3228 4 2 1 1 2864 2860 2985 3736
3229 4 2 1 1 2263 3735 2985 3728
3230 4 2 1 1 2264 2259 2860 2850
3231 4 2 1 1 3060 3074 2660 457
3232 4 2 1 1 573 2281 457 3164
3233 4 2 1 1 2441 2190 2447 2200
3234 4 2 1 1 2183 2848 2166 3769
3235 4 2 1 1 739 892 2581 1495
3236 4 2 1 1 3179 1953 1961 2672
3237 4 2 1 1 2755 981 1535 2556
3238 4 2 1 1 2386 2038 3266 2740
3239 4 2 1 1 3129 1495 888 2581
3240 4 2 1 1 717 716 3266 2715
3241 4 2 1 1 2891 3172 2108 2581
3242 4 2 1 1 883 3267 1529 1056
3243 4 2 1 1 2997 658 3173 1367
3244 4 2 1 1 3038 2580 2579 2672
3245 4 2 1 1 3248 2050 2415 2225
3246 4 2 1 1 2311 2767 2074 2068
3247 4 2 1 1 20 2759 2761 90
3248 4 2 1 1 711 1470 1137 2229
3249 4 2 1 1 1161 1347 715 2715
3250 4 2 1 1 2119 1947 2949 2630
3251 4 2 1 1 2478 3166 2481 3247
3252 4 2 1 1 2543 2922 2542 2912
3253 4 2 1 1 3575 2172 3768 3765
3254 4 2 1 1 333 2555 2112 2505
3255 4 2 1 1 973 1411 1441 3128
3256 4 2 1 1 3043 2440 3022 3004
3257 4 2 1 1 2441 2442 3020 2494
3258 4 2 1 1 1358 3191 1441 3128
3259 4 2 1 1 2628 2118 2630 2629
3260 4 2 1 1 2617 2616 3255 3003
3261 4 2 1 1 2124 2125 3037 2557
3262 4 2 1 1 464 300 2982 1151
3263 4 2 1 1 3386 3404 3387 3051
3264 4 2 1 1 1989 2150 2008 2892
3265 4 2 1 1 2118 1411 3128 873
3266 4 2 1 1 775 1012 2564 598
3267 4 2 1 1 3520 2458 3566 2131
3268 4 2 1 1 3008 588 586 2874
3269 4 2 1 1 3010 1333 297 2751
3270 4 2 1 1 2129 2457 2687 2459
3271 4 2 1 1 2565 2309 2175 2820
3272 4 2 1 1 3130 662 681 664
3273 4 2 1 1 2047 3380 2597 3756
3274 4 2 1 1 2985 3737 2861 2850
3275 4 2 1 1 2044 2040 2045 3640
3276 4 2 1 1 1620 3524 1800 1631
3277 4 2 1 1 2326 2648 3218 2359
3278 4 2 1 1 2917 1506 1334 792
3279 4 2 1 1 270 267 282 2751
3280 4 2 1 1 1609 3484 3430 3489
3281 4 2 1 1 3579 2685 2614 2956
3282 4 2 1 1 705 1167 2613 1054
3283 4 2 1 1 2942 515 2956 2633
3284 4 2 1 1 2289 3219 2328 2330
3285 4 2 1 1 749 1021 750 2260
3286 4 2 1 1 3090 1975 2672 2418
3287 4 2 1 1 2468 2539 2466 2612
3288 4 2 1 1 3260 2719 2402 2404
3289 4 2 1 1 2536 2344 2348 2764
3290 4 2 1 1 2753 2417 2235 2400
3291 4 2 1 1 2155 1980 2491 2640
3292 4 2 1 1 1182 2836 912 652
3293 4 2 1 1 3709 2700 2335 3707
3294 4 2 1 1 2800 2836 2249 2251
3295 4 2 1 1 2329 2292 230 197
3296 4 2 1 1 1688 3535 1716 1686
3297 4 2 1 1 3484 3411 3430 3489
3298 4 2 1 1 2172 3380 3756 2597
3299 4 2 1 1 971 1039 2919 2353
3300 4 2 1 1 2047 3756 2597 3731
3301 4 2 1 1 2506 3096 2918 3065
3302 4 2 1 1 3380 2172 3481 3503
3303 4 2 1 1 3404 2180 3387 3051
3304 4 2 1 1 3575 3462 3548 2166
3305 4 2 1 1 3712 3716 2031 3714
3306 4 2 1 1 438 2381 2852 2577
3307 4 2 1 1 1586 3344 3587 1583
3308 4 2 1 1 3377 3408 2178 3526
3309 4 2 1 1 3450 1652 3511 1653
3310 4 2 1 1 2176 3134 3514 3554
3311 4 2 1 1 1466 1514 730 3095
3312 4 2 1 1 685 2961 1163 554
3313 4 2 1 1 2980 2961 2253 2962
3314 4 2 1 1 2752 2226 2234 3132
3315 4 2 1 1 3052 2394 2928 2418
3316 4 2 1 1 1238 3279 2960 854
3317 4 2 1 1 1772 3359 1624 1638
3318 4 2 1 1 3421 1699 1724 1821
3319 4 2 1 1 2394 1970 2928 2418
3320 4 2 1 1 973 2628 2707 349
3321 4 2 1 1 2672 1960 1965 2418
3322 4 2 1 1 1960 1975 1965 2418
3323 4 2 1 1 1975 1960 2672 2418
3324 4 2 1 1 1968 2423 2429 2421
3325 4 2 1 1 3256 2117 2109 2107
3326 4 2 1 1 2770 2870 2504 2894
3327 4 2 1 1 2555 332 2505 333
3328 4 2 1 1 328 331 2688 1055
3329 4 2 1 1 1176 1311 3039 829
3330 4 2 1 1 3568 3115 2614 2615
3331 4 2 1 1 1102 2917 2893 1543
3332 4 2 1 1 2019 2018 2901 3159
3333 4 2 1 1 1970 1975 3090 2418
3334 4 2 1 1 858 2376 2817 2375
3335 4 2 1 1 3705 2105 2054 3704
3336 4 2 1 1 3547 3385 3581 3387
3337 4 2 1 1 1970 2394 1975 2418
3338 4 2 1 1 1057 3281 1400 894
3339 4 2 1 1 2913 878 2914 1150
3340 4 2 1 1 2274 3176 2721 2273
3341 4 2 1 1 3661 3662 3077 1984
3342 4 2 1 1 3692 2711 2820 2564
3343 4 2 1 1 1985 2211 2512 3251
3344 4 2 1 1 775 974 2308 2563
3345 4 2 1 1 3076 3662 3077 2006
3346 4 2 1 1 3034 1989 3033 3672
3347 4 2 1 1 3690 1997 3693 3699
3348 4 2 1 1 3677 2705 2704 2974
3349 4 2 1 1 2352 2975 2974 2170
3350 4 2 1 1 3239 3237 3232 1966
3351 4 2 1 1 3301 3054 3055 3313
3352 4 2 1 1 1758 3285 1752 1576
3353 4 2 1 1 1157 2591 292 1264
3354 4 2 1 1 2816 2561 1958 2721
3355 4 2 1 1 2970 2968 2971 2593
3356 4 2 1 1 254 265 2470 244
3357 4 2 1 1 12 2705 13 106
3358 4 2 1 1 2265 1958 2273 2269
3359 4 2 1 1 3406 3400 2094 2178
3360 4 2 1 1 3053 3278 3302 3279
3361 4 2 1 1 3265 2420 3295 3136
3362 4 2 1 1 2425 2075 1914 2433
3363 4 2 1 1 3590 2596 3339 3591
3364 4 2 1 1 2591 2594 2578 2954
3365 4 2 1 1 119 47 1104 1852
3366 4 2 1 1 1970 2928 2437 1955
3367 4 2 1 1 1945 2041 3724 2243
3368 4 2 1 1 1491 112 2280 1302
3369 4 2 1 1 2995 3268 1283 3102
3370 4 2 1 1 2172 3756 2220 3768
3371 4 2 1 1 1624 3359 1628 3474
3372 4 2 1 1 1861 1697 1698 3434
3373 4 2 1 1 2003 3675 3662 3666
3374 4 2 1 1 3232 2425 1914 2433
3375 4 2 1 1 3192 2497 2758 2762
3376 4 2 1 1 3263 3206 3228 2320
3377 4 2 1 1 2075 1956 1914 2433
3378 4 2 1 1 2910 903 3029 993
3379 4 2 1 1 2140 2139 3123 2141
3380 4 2 1 1 2198 2843 2440 3043
3381 4 2 1 1 568 2710 2992 2711
3382 4 2 1 1 2180 2011 3696 2174
3383 4 2 1 1 3697 3698 3699 3696
3384 4 2 1 1 1904 2843 2440 2198
3385 4 2 1 1 3023 2495 2662 2494
3386 4 2 1 1 1498 2467 1235 180
3387 4 2 1 1 2024 3751 2295 3750
3388 4 2 1 1 1645 3531 3485 3412
3389 4 2 1 1 3512 3571 3513 3511
3390 4 2 1 1 2627 2705 1111 106
3391 4 2 1 1 2541 2767 2002 2769
3392 4 2 1 1 1362 3600 105 3602
3393 4 2 1 1 2286 2358 2662 2357
3394 4 2 1 1 1241 1532 1240 2989
3395 4 2 1 1 2084 3223 3222 3221
3396 4 2 1 1 1369 977 505 2804
3397 4 2 1 1 2744 320 321 2559
3398 4 2 1 1 3301 3302 1742 3055
3399 4 2 1 1 672 1205 1375 2809
3400 4 2 1 1 2852 2577 2853 2217
3401 4 2 1 1 1865 1769 3606 1702
3402 4 2 1 1 3439 1736 1823 1704
3403 4 2 1 1 3766 2884 2977 2978
3404 4 2 1 1 3645 2847 2010 2079
3405 4 2 1 1 2420 2419 2971 3294
3406 4 2 1 1 1403 1178 536 2883
3407 4 2 1 1 2070 1915 3236 2316
3408 4 2 1 1 3086 3145 3048 3066
3409 4 2 1 1 3604 1853 1813 2438
3410 4 2 1 1 3046 2722 3209 3047
3411 4 2 1 1 2858 2176 2934 3028
3412 4 2 1 1 522 2333 2334 523
3413 4 2 1 1 1481 914 2813 2251
3414 4 2 1 1 599 651 989 2333
3415 4 2 1 1 2333 2632 2334 2700
3416 4 2 1 1 2902 3016 2019 3015
3417 4 2 1 1 1839 2484 3568 2485
3418 4 2 1 1 984 2333 985 2632
3419 4 2 1 1 2433 2325 2437 1955
3420 4 2 1 1 2788 3090 2436 1936
3421 4 2 1 1 1299 1527 3205 2479
3422 4 2 1 1 1091 1385 3138 3091
3423 4 2 1 1 2430 2609 3233 2758
3424 4 2 1 1 1582 1754 3335 1579
3425 4 2 1 1 3223 2084 3222 2522
3426 4 2 1 1 2260 2536 2538 2612
3427 4 2 1 1 1043 754 1139 2552
3428 4 2 1 1 898 2902 899 1276
3429 4 2 1 1 3100 3017 2938 2016
3430 4 2 1 1 1340 1310 824 3217
3431 4 2 1 1 2483 2476 3240 2342
3432 4 2 1 1 2760 1915 3236 2078
3433 4 2 1 1 2665 2440 2636 2894
3434 4 2 1 1 3112 2530 3121 3110
3435 4 2 1 1 155 156 2967 154
3436 4 2 1 1 674 676 2553 675
3437 4 2 1 1 1737 2463 2462 3603
3438 4 2 1 1 2767 2310 2074 2068
3439 4 2 1 1 478 2424 2272 2428
3440 4 2 1 1 544 471 2895 2267
3441 4 2 1 1 61 121 1859 1456
3442 4 2 1 1 412 1116 1204 2862
3443 4 2 1 1 2104 3701 3099 2013
3444 4 2 1 1 1116 2865 578 581
3445 4 2 1 1 1846 2419 1868 2653
3446 4 2 1 1 3417 3106 3416 3372
3447 4 2 1 1 3072 3699 2470 2469
3448 4 2 1 1 1993 1069 241 1994
3449 4 2 1 1 2929 1414 1192 2923
3450 4 2 1 1 3252 1996 3669 3685
3451 4 2 1 1 2174 3006 2711 3692
3452 4 2 1 1 2680 2681 3081 2469
3453 4 2 1 1 3687 3695 1998 3688
3454 4 2 1 1 3661 3664 3666 3663
3455 4 2 1 1 2228 2876 3084 2798
3456 4 2 1 1 2231 3198 3196 3114
3457 4 2 1 1 3083 2823 2824 1423
3458 4 2 1 1 1512 2536 2764 2344
3459 4 2 1 1 2738 2089 2473 2735
3460 4 2 1 1 2202 2677 2203 3194
3461 4 2 1 1 2364 2347 2368 2346
3462 4 2 1 1 610 678 1261 2626
3463 4 2 1 1 2746 2089 2473 2097
3464 4 2 1 1 749 2260 748 2370
3465 4 2 1 1 1391 2362 1344 252
3466 4 2 1 1 1175 2689 462 855
3467 4 2 1 1 3748 2457 3749 2093
3468 4 2 1 1 214 1278 2371 224
3469 4 2 1 1 2600 2812 3255 2302
3470 4 2 1 1 207 1000 2486 2686
3471 4 2 1 1 2472 2746 2473 2097
3472 4 2 1 1 2664 2113 3002 2666
3473 4 2 1 1 2735 2089 2473 2746
3474 4 2 1 1 2734 2735 2473 2746
3475 4 2 1 1 2278 1908 2276 2098
3476 4 2 1 1 1963 1959 2109 660
3477 4 2 1 1 1312 1336 337 2636
3478 4 2 1 1 3097 2234 2235 1962
3479 4 2 1 1 2472 2734 2473 2746
3480 4 2 1 1 2764 2584 2967 154
3481 4 2 1 1 1234 1498 3167 1418
3482 4 2 1 1 2501 2143 1933 2342
3483 4 2 1 1 2875 1263 833 360
3484 4 2 1 1 2322 3241 3242 3240
3485 4 2 1 1 2807 2499 3676 2502
3486 4 2 1 1 3429 3752 1979 2294
3487 4 2 1 1 1994 2206 2512 2872
3488 4 2 1 1 2810 549 547 3050
3489 4 2 1 1 381 1029 2545 264
3490 4 2 1 1 3691 3252 1998 3688
3491 4 2 1 1 2699 2014 2331 2604
3492 4 2 1 1 2878 3734 2262 3736
3493 4 2 1 1 192 2648 194 524
3494 4 2 1 1 615 988 2607 986
3495 4 2 1 1 2617 3020 3003 2494
3496 4 2 1 1 2617 2441 3020 2494
3497 4 2 1 1 2416 2394 3091 2392
3498 4 2 1 1 1956 2763 2076 2433
3499 4 2 1 1 3231 3157 3239 2067
3500 4 2 1 1 3644 1945 2041 3624
3501 4 2 1 1 3145 3738 2061 3207
3502 4 2 1 1 1590 3349 1768 3350
3503 4 2 1 1 2241 2242 2239 2415
3504 4 2 1 1 3722 3245 3717 3720
3505 4 2 1 1 2541 2767 2769 2542
3506 4 2 1 1 277 211 978 2686
3507 4 2 1 1 2091 2095 1905 2311
3508 4 2 1 1 3771 2253 1988 2182
3509 4 2 1 1 2823 694 3025 2824
3510 4 2 1 1 2126 1920 2137 1951
3511 4 2 1 1 116 2391 21 3244
3512 4 2 1 1 834 1395 2823 3083
3513 4 2 1 1 2928 3090 1951 2418
3514 4 2 1 1 2297 409 414 1416
3515 4 2 1 1 2256 3734 3736 2152
3516 4 2 1 1 1782 1781 3280 3269
3517 4 2 1 1 2851 2946 2257 2985
3518 4 2 1 1 2380 1325 410 2907
3519 4 2 1 1 2986 3287 3431 3163
3520 4 2 1 1 3020 3023 3003 2494
3521 4 2 1 1 1756 1580 3339 1757
3522 4 2 1 1 2495 3023 3020 2494
3523 4 2 1 1 1945 3647 1938 3625
3524 4 2 1 1 3322 2367 3306 3321
3525 4 2 1 1 2965 2870 2505 2622
3526 4 2 1 1 1571 3307 3295 3136
3527 4 2 1 1 2726 2968 2945 3165
3528 4 2 1 1 2591 2594 2568 2578
3529 4 2 1 1 2322 3241 1917 3643
3530 4 2 1 1 3344 3340 3587 3341
3531 4 2 1 1 2572 3245 3040 2571
3532 4 2 1 1 397 2635 396 395
3533 4 2 1 1 2165 3575 3481 3768
3534 4 2 1 1 3549 3423 3420 1779
3535 4 2 1 1 3645 3341 2597 2042
3536 4 2 1 1 1750 1574 3307 3308
3537 4 2 1 1 1777 3403 1767 1693
3538 4 2 1 1 2684 2965 2505 2622
3539 4 2 1 1 2691 2555 2505 2870
3540 4 2 1 1 2419 1101 1846 1553
3541 4 2 1 1 2591 2598 292 2568
3542 4 2 1 1 3318 3319 3320 1682
3543 4 2 1 1 2220 3481 2167 3401
3544 4 2 1 1 2691 2688 2505 2555
3545 4 2 1 1 2684 2688 2505 2965
3546 4 2 1 1 2965 2691 2505 2870
3547 4 2 1 1 1784 1684 1829 3592
3548 4 2 1 1 3593 1579 1577 3591
3549 4 2 1 1 2688 2691 2505 2965
3550 4 2 1 1 3733 1945 3724 2243
3551 4 2 1 1 3590 1582 3332 3335
3552 4 2 1 1 1582 1583 3588 3332
3553 4 2 1 1 2169 3391 2597 3580
3554 4 2 1 1 3534 1590 3353 3584
3555 4 2 1 1 3315 3333 3731 2597
3556 4 2 1 1 3586 1587 3353 1768
3557 4 2 1 1 2790 2859 3207 2549
3558 4 2 1 1 2781 2183 3770 3771
3559 4 2 1 1 1618 3388 1807 1774
3560 4 2 1 1 3391 1640 1665 1774
3561 4 2 1 1 2253 2183 3360 3361
3562 4 2 1 1 3549 1798 3423 1779
3563 4 2 1 1 3586 1585 3583 1587
3564 4 2 1 1 2336 2162 2309 3693
3565 4 2 1 1 3101 6 1463 1866
3566 4 2 1 1 1872 75 109 74
3567 4 2 1 1 1858 1542 3102 1885
3568 4 2 1 1 1282 3293 799 1132
3569 4 2 1 1 2299 2467 2513 2531
3570 4 2 1 1 2638 2832 2516 2515
3571 4 2 1 1 2376 2638 2516 2515
3572 4 2 1 1 1714 1726 3102 1885
3573 4 2 1 1 3695 3691 1998 3688
3574 4 2 1 1 2082 3377 3405 2094
3575 4 2 1 1 3523 3468 3509 3510
3576 4 2 1 1 3378 3451 3400 1603
3577 4 2 1 1 3740 2792 3744 2063
3578 4 2 1 1 3521 2294 2131 3566
3579 4 2 1 1 3100 420 3099 2297
3580 4 2 1 1 775 2565 774 598
3581 4 2 1 1 3516 3461 3550 3510
3582 4 2 1 1 3384 3385 3547 3387
3583 4 2 1 1 2964 2980 703 3073
3584 4 2 1 1 2172 3575 3548 2169
3585 4 2 1 1 2169 3575 2166 3765
3586 4 2 1 1 3085 3086 3048 3066
3587 4 2 1 1 1384 1891 920 30
3588 4 2 1 1 1644 1659 1641 3480
3589 4 2 1 1 1131 126 1549 2888
3590 4 2 1 1 2374 2518 3632 3681
3591 4 2 1 1 3252 3668 3667 3251
3592 4 2 1 1 490 1072 2527 561
3593 4 2 1 1 2588 2810 549 1427
3594 4 2 1 1 1008 860 3069 1511
3595 4 2 1 1 2463 3162 3416 3106
3596 4 2 1 1 3378 3373 1778 3400
3597 4 2 1 1 1744 3071 1745 1887
3598 4 2 1 1 3418 2058 3371 3106
3599 4 2 1 1 1189 548 3050 1190
3600 4 2 1 1 3418 2058 3106 2057
3601 4 2 1 1 3201 2180 3558 3364
3602 4 2 1 1 2005 2550 3077 1984
3603 4 2 1 1 3425 1685 3367 3475
3604 4 2 1 1 3755 3766 2220 3756
3605 4 2 1 1 2354 3041 475 1153
3606 4 2 1 1 2217 2577 3757 2578
3607 4 2 1 1 438 2577 2852 487
3608 4 2 1 1 2884 2885 2883 3427
3609 4 2 1 1 2569 1039 2570 2575
3610 4 2 1 1 2139 140 2339 2383
3611 4 2 1 1 3333 3315 3731 2596
3612 4 2 1 1 3520 2458 3500 3442
3613 4 2 1 1 563 566 1071 2523
3614 4 2 1 1 2528 490 2527 561
3615 4 2 1 1 3601 3535 2678 3094
3616 4 2 1 1 1990 3675 3673 3666
3617 4 2 1 1 1805 1604 3408 3407
3618 4 2 1 1 3604 1813 1707 3554
3619 4 2 1 1 2913 3600 3386 2757
3620 4 2 1 1 3351 3534 3350 3353
3621 4 2 1 1 3359 2183 3433 3397
3622 4 2 1 1 1898 2081 3628 3629
3623 4 2 1 1 2523 2528 2527 561
3624 4 2 1 1 3421 3556 3415 3564
3625 4 2 1 1 3468 1776 1615 3509
3626 4 2 1 1 3355 2132 3634 2243
3627 4 2 1 1 2474 1909 3631 3632
3628 4 2 1 1 2760 2321 3242 3240
3629 4 2 1 1 3356 1710 1789 3354
3630 4 2 1 1 3451 3406 3400 1603
3631 4 2 1 1 3528 3487 1592 1591
3632 4 2 1 1 3653 3752 1979 3429
3633 4 2 1 1 2450 3635 1932 2295
3634 4 2 1 1 2485 1734 3541 3540
3635 4 2 1 1 1072 2523 2527 561
3636 4 2 1 1 2946 1444 2944 1379
3637 4 2 1 1 3648 2260 2644 2261
3638 4 2 1 1 10 1420 11 2930
3639 4 2 1 1 2677 1938 2448 2446
3640 4 2 1 1 2179 996 102 1397
3641 4 2 1 1 2731 2377 2513 2732
3642 4 2 1 1 2493 273 289 2524
3643 4 2 1 1 3086 2058 3739 3145
3644 4 2 1 1 3086 3145 3739 3760
3645 4 2 1 1 3034 1179 473 3033
3646 4 2 1 1 2011 3673 3700 2963
3647 4 2 1 1 3351 3501 3507 3316
3648 4 2 1 1 3516 3461 3510 2963
3649 4 2 1 1 3738 2058 3739 2060
3650 4 2 1 1 3421 3358 2253 2254
3651 4 2 1 1 2062 3527 3418 3368
3652 4 2 1 1 3369 3367 3368 1687
3653 4 2 1 1 1563 1859 3603 1456
3654 4 2 1 1 2887 1343 2888 1127
3655 4 2 1 1 2884 3481 3768 3427
3656 4 2 1 1 3759 3762 3695 3739
3657 4 2 1 1 3454 3762 3513 2059
3658 4 2 1 1 2180 3697 3387 3051
3659 4 2 1 1 3675 2003 3673 3666
3660 4 2 1 1 1134 3292 109 1133
3661 4 2 1 1 1997 3082 3693 3081
3662 4 2 1 1 2710 567 2711 568
3663 4 2 1 1 2296 2728 2773 2743
3664 4 2 1 1 1596 3498 1594 1797
3665 4 2 1 1 2869 1557 1877 1856
3666 4 2 1 1 2913 3384 2012 3387
3667 4 2 1 1 3374 3571 3511 2174
3668 4 2 1 1 1798 3549 3581 1822
3669 4 2 1 1 1685 1630 1790 3398
3670 4 2 1 1 2561 1138 2428 2743
3671 4 2 1 1 1667 1805 3408 3526
3672 4 2 1 1 2680 243 2681 242
3673 4 2 1 1 2007 2005 2470 3077
3674 4 2 1 1 2177 3085 2933 2934
3675 4 2 1 1 83 1850 118 1053
3676 4 2 1 1 3608 3304 3276 1745
3677 4 2 1 1 1853 1541 1813 2438
3678 4 2 1 1 1541 1824 2439 3597
3679 4 2 1 1 1805 1604 3407 1627
3680 4 2 1 1 3454 3469 3452 3378
3681 4 2 1 1 969 2438 1478 98
3682 4 2 1 1 1879 1545 1744 2461
3683 4 2 1 1 2058 3146 3066 3070
3684 4 2 1 1 3071 1879 1008 1565
3685 4 2 1 1 3637 2034 3714 3639
3686 4 2 1 1 2727 2086 2743 2560
3687 4 2 1 1 3341 3333 2597 2042
3688 4 2 1 1 2858 746 3134 3028
3689 4 2 1 1 3201 3190 3273 3558
3690 4 2 1 1 2525 2528 3087 732
3691 4 2 1 1 2572 3718 2571 2574
3692 4 2 1 1 3469 2058 3518 3276
3693 4 2 1 1 3245 3718 3040 2043
3694 4 2 1 1 2733 2263 2596 3725
3695 4 2 1 1 3245 3718 3715 2571
3696 4 2 1 1 2591 1264 686 487
3697 4 2 1 1 2591 2577 2852 2578
3698 4 2 1 1 2011 2009 3387 3674
3699 4 2 1 1 3767 2935 2973 3065
3700 4 2 1 1 2572 3718 3245 2571
3701 4 2 1 1 3691 3252 3761 1998
3702 4 2 1 1 307 493 2871 3109
3703 4 2 1 1 3644 2412 1942 3645
3704 4 2 1 1 1952 2750 3178 2120
3705 4 2 1 1 3242 2078 2451 1954
3706 4 2 1 1 3234 1967 3233 2762
3707 4 2 1 1 3085 2528 2177 3087
3708 4 2 1 1 2519 2157 2686 2371
3709 4 2 1 1 3546 1791 3445 1635
3710 4 2 1 1 1761 3329 3334 1759
3711 4 2 1 1 413 1370 415 2817
3712 4 2 1 1 2488 199 2582 201
3713 4 2 1 1 1633 1692 3531 1645
3714 4 2 1 1 1934 2038 2225 2050
3715 4 2 1 1 1648 3533 3555 3471
3716 4 2 1 1 2803 2052 2045 3640
3717 4 2 1 1 2489 2488 2487 2486
3718 4 2 1 1 2486 2582 884 514
3719 4 2 1 1 848 3161 1460 2903
3720 4 2 1 1 760 761 2375 776
3721 4 2 1 1 2758 2609 3233 2762
3722 4 2 1 1 2150 280 281 299
3723 4 2 1 1 3265 3595 2218 2593
3724 4 2 1 1 2768 2939 2512 3663
3725 4 2 1 1 254 266 2470 1319
3726 4 2 1 1 1942 3644 3645 2041
3727 4 2 1 1 2004 1469 891 890
3728 4 2 1 1 1380 381 2545 1489
3729 4 2 1 1 2154 2521 3681 2859
3730 4 2 1 1 1765 3373 1619 1778
3731 4 2 1 1 2166 2931 2951 2170
3732 4 2 1 1 2566 2384 2571 250
3733 4 2 1 1 3030 2979 2977 3764
3734 4 2 1 1 2478 2682 2693 2694
3735 4 2 1 1 2047 3729 2219 3730
3736 4 2 1 1 3133 3098 2971 2970
3737 4 2 1 1 3697 2924 2382 2001
3738 4 2 1 1 3190 1359 876 1462
3739 4 2 1 1 1622 1615 3509 1616
3740 4 2 1 1 2468 2466 2448 2531
3741 4 2 1 1 2300 2299 2513 2531
3742 4 2 1 1 2947 3098 2971 2305
3743 4 2 1 1 3296 2969 2218 3595
3744 4 2 1 1 2899 948 769 2907
3745 4 2 1 1 2970 3296 2218 3595
3746 4 2 1 1 3265 2970 2218 3595
3747 4 2 1 1 2819 2106 3471 2104
3748 4 2 1 1 3718 3731 3714 2046
3749 4 2 1 1 3726 3727 2043 3040
3750 4 2 1 1 1710 1760 1771 3346
3751 4 2 1 1 3402 3606 3427 2167
3752 4 2 1 1 2591 2954 2852 686
3753 4 2 1 1 2499 2712 2535 2703
3754 4 2 1 1 2572 3718 3040 3245
3755 4 2 1 1 2341 2141 2383 2149
3756 4 2 1 1 3729 3718 3730 2046
3757 4 2 1 1 3133 3286 3288 3284
3758 4 2 1 1 1429 2607 2604 2021
3759 4 2 1 1 2852 2954 2578 2217
3760 4 2 1 1 2969 3264 2367 3727
3761 4 2 1 1 2605 985 615 986
3762 4 2 1 1 2449 2201 1927 3185
3763 4 2 1 1 2514 3706 2054 2020
3764 4 2 1 1 2821 1508 675 2611
3765 4 2 1 1 1116 1204 2862 1375
3766 4 2 1 1 3403 3494 2105 3437
3767 4 2 1 1 2830 2558 2021 2607
3768 4 2 1 1 3168 3647 2054 1929
3769 4 2 1 1 1931 2449 1899 2023
3770 4 2 1 1 3647 3733 3705 1945
3771 4 2 1 1 3535 3425 3576 1686
3772 4 2 1 1 2359 2649 2601 2647
3773 4 2 1 1 1044 589 2589 1187
3774 4 2 1 1 2836 831 2249 2251
3775 4 2 1 1 2517 2519 2520 2687
3776 4 2 1 1 2940 2252 2846 3765
3777 4 2 1 1 3637 2041 3731 2034
3778 4 2 1 1 3318 3380 3379 3592
3779 4 2 1 1 1503 952 2780 114
3780 4 2 1 1 3129 606 888 657
3781 4 2 1 1 248 229 2159 465
3782 4 2 1 1 2282 2496 1902 2662
3783 4 2 1 1 1083 2484 2615 2917
3784 4 2 1 1 2484 1083 2615 2613
3785 4 2 1 1 2430 2431 2324 851
3786 4 2 1 1 3697 2011 3387 3674
3787 4 2 1 1 2484 2917 3568 2615
3788 4 2 1 1 2485 3568 2614 2615
3789 4 2 1 1 2403 2405 2758 3262
3790 4 2 1 1 2609 2431 2762 2432
3791 4 2 1 1 716 645 2740 715
3792 4 2 1 1 331 1010 2555 2890
3793 4 2 1 1 3129 3175 3172 2581
3794 4 2 1 1 2325 647 851 2431
3795 4 2 1 1 2484 2485 2614 2615
3796 4 2 1 1 2485 2484 3568 2615
3797 4 2 1 1 2924 291 1110 1450
3798 4 2 1 1 2510 3677 2704 2974
3799 4 2 1 1 91 997 2535 939
3800 4 2 1 1 2510 3677 1991 2704
3801 4 2 1 1 544 3122 2895 970
3802 4 2 1 1 2627 1255 2626 2704
3803 4 2 1 1 1255 2627 2705 2704
3804 4 2 1 1 2659 2340 2045 2346
3805 4 2 1 1 1000 1002 2486 1521
3806 4 2 1 1 2703 14 2704 2780
3807 4 2 1 1 2703 16 15 2780
3808 4 2 1 1 2014 2603 2650 2601
3809 4 2 1 1 3093 3094 2065 3095
3810 4 2 1 1 2840 2770 2636 2133
3811 4 2 1 1 2667 2440 2666 2894
3812 4 2 1 1 2118 2755 2630 2629
3813 4 2 1 1 2113 2756 2666 2557
3814 4 2 1 1 3216 159 190 161
3815 4 2 1 1 3039 1311 2665 2636
3816 4 2 1 1 2292 2329 2287 197
3817 4 2 1 1 1310 3235 1027 817
3818 4 2 1 1 413 2558 1370 2817
3819 4 2 1 1 2840 1311 3039 2636
3820 4 2 1 1 2518 2517 2374 2372
3821 4 2 1 1 2932 379 380 290
3822 4 2 1 1 2840 2133 2636 2440
3823 4 2 1 1 2716 306 304 505
3824 4 2 1 1 2987 1337 3116 3195
3825 4 2 1 1 2665 3039 2636 2440
3826 4 2 1 1 452 3060 454 2988
3827 4 2 1 1 618 725 784 3113
3828 4 2 1 1 307 2873 2714 2654
3829 4 2 1 1 3039 2840 2636 2440
3830 4 2 1 1 2616 2618 3011 2601
3831 4 2 1 1 3169 2604 2601 2021
3832 4 2 1 1 2605 2014 2601 2603
3833 4 2 1 1 2011 3697 3387 2180
3834 4 2 1 1 2616 2359 2601 2327
3835 4 2 1 1 1024 2504 2622 1309
3836 4 2 1 1 2331 2014 2601 2604
3837 4 2 1 1 541 2384 2571 2658
3838 4 2 1 1 946 2234 921 2236
3839 4 2 1 1 1912 2554 2505 2894
3840 4 2 1 1 981 1435 513 2118
3841 4 2 1 1 2659 2347 3717 2658
3842 4 2 1 1 3001 644 2740 645
3843 4 2 1 1 1974 2909 1048 3089
3844 4 2 1 1 764 655 656 2646
3845 4 2 1 1 456 3074 3060 457
3846 4 2 1 1 3639 3714 2032 3717
3847 4 2 1 1 3715 3718 3717 3714
3848 4 2 1 1 3126 882 3211 3127
3849 4 2 1 1 3057 177 3154 3011
3850 4 2 1 1 2341 2384 2658 3717
3851 4 2 1 1 2341 3715 3717 3714
3852 4 2 1 1 3639 2034 3714 3717
3853 4 2 1 1 2829 2303 2302 3058
3854 4 2 1 1 192 185 2326 1026
3855 4 2 1 1 2301 2812 2298 2302
3856 4 2 1 1 2410 2482 2411 2426
3857 4 2 1 1 3237 1530 852 1432
3858 4 2 1 1 2873 2205 3109 2871
3859 4 2 1 1 607 2435 990 2927
3860 4 2 1 1 2322 1917 2411 1918
3861 4 2 1 1 2663 336 341 338
3862 4 2 1 1 970 2895 477 2272
3863 4 2 1 1 335 1007 2556 2112
3864 4 2 1 1 364 445 367 2388
3865 4 2 1 1 2200 2441 2494 2669
3866 4 2 1 1 662 661 2993 660
3867 4 2 1 1 2441 2442 2494 2669
3868 4 2 1 1 3611 3657 1988 1895
3869 4 2 1 1 3381 3576 3475 1658
3870 4 2 1 1 2442 2441 2200 2669
3871 4 2 1 1 3382 2652 3577 1976
3872 4 2 1 1 1630 3398 3475 3552
3873 4 2 1 1 2337 2962 2995 2171
3874 4 2 1 1 3381 3576 1679 3577
3875 4 2 1 1 3539 3506 2280 2959
3876 4 2 1 1 2691 2688 2690 2111
3877 4 2 1 1 1417 11 1111 2930
3878 4 2 1 1 3122 2435 2323 2272
3879 4 2 1 1 1055 326 2890 2120
3880 4 2 1 1 1952 2749 2120 2559
3881 4 2 1 1 18 2759 19 1338
3882 4 2 1 1 1657 3381 3552 3475
3883 4 2 1 1 2909 2323 2927 1969
3884 4 2 1 1 3237 1530 1432 90
3885 4 2 1 1 2323 2427 2927 1969
3886 4 2 1 1 485 3030 484 519
3887 4 2 1 1 1549 126 36 37
3888 4 2 1 1 3413 3439 1736 3298
3889 4 2 1 1 768 709 871 2822
3890 4 2 1 1 2606 2015 2651 2603
3891 4 2 1 1 1021 749 1020 2260
3892 4 2 1 1 1838 3161 3598 3599
3893 4 2 1 1 2969 3726 2367 3728
3894 4 2 1 1 2700 2015 3707 2651
3895 4 2 1 1 2968 2946 2945 2969
3896 4 2 1 1 1101 1846 99 2653
3897 4 2 1 1 1222 2986 648 2947
3898 4 2 1 1 3708 2015 3750 2651
3899 4 2 1 1 2678 3094 1210 3095
3900 4 2 1 1 2964 703 734 862
3901 4 2 1 1 3708 2026 2651 3753
3902 4 2 1 1 3256 3175 3147 3156
3903 4 2 1 1 3190 1200 2992 3007
3904 4 2 1 1 23 86 3091 24
3905 4 2 1 1 1997 3006 3692 2711
3906 4 2 1 1 2909 2427 2323 1969
3907 4 2 1 1 3082 1997 3692 2711
3908 4 2 1 1 1997 3082 3006 2711
3909 4 2 1 1 677 3005 3072 2564
3910 4 2 1 1 1859 2678 1537 1819
3911 4 2 1 1 3554 1813 1812 3585
3912 4 2 1 1 1879 1545 2461 1341
3913 4 2 1 1 3760 3086 3048 2527
3914 4 2 1 1 1107 775 1012 2564
3915 4 2 1 1 3605 738 3298 1287
3916 4 2 1 1 2887 1343 1127 1403
3917 4 2 1 1 1730 3426 3606 2905
3918 4 2 1 1 1755 1831 1682 3323
3919 4 2 1 1 2710 2565 2820 2564
3920 4 2 1 1 709 871 2822 1251
3921 4 2 1 1 2565 2308 2309 2564
3922 4 2 1 1 2821 1508 673 675
3923 4 2 1 1 2711 2710 2820 2564
3924 4 2 1 1 3006 3082 2564 2711
3925 4 2 1 1 2091 2073 1905 2088
3926 4 2 1 1 2073 2091 2075 2098
3927 4 2 1 1 2070 815 88 369
3928 4 2 1 1 2121 1908 2278 2098
3929 4 2 1 1 3381 3576 3382 3475
3930 4 2 1 1 2050 2228 2415 2225
3931 4 2 1 1 1958 2274 2273 2269
3932 4 2 1 1 2143 3001 2144 127
3933 4 2 1 1 2347 2364 2368 2673
3934 4 2 1 1 3176 2274 2269 2273
3935 4 2 1 1 1938 3638 2242 3636
3936 4 2 1 1 2506 3041 2919 3096
3937 4 2 1 1 3245 2384 2658 2571
3938 4 2 1 1 1512 1021 2344 1471
3939 4 2 1 1 2202 3137 3194 3189
3940 4 2 1 1 2920 2365 2673 2258
3941 4 2 1 1 3120 742 1360 3131
3942 4 2 1 1 2202 2677 3194 3216
3943 4 2 1 1 3057 177 175 3154
3944 4 2 1 1 3367 1685 3398 3475
3945 4 2 1 1 494 3148 503 1214
3946 4 2 1 1 2099 2091 2276 2098
3947 4 2 1 1 2105 3733 2054 3732
3948 4 2 1 1 3646 3168 2644 2612
3949 4 2 1 1 2515 2514 2732 2054
3950 4 2 1 1 742 1266 3131 691
3951 4 2 1 1 2648 192 1026 524
3952 4 2 1 1 2256 3702 2827 2054
3953 4 2 1 1 189 192 2326 193
3954 4 2 1 1 3219 2649 2328 2647
3955 4 2 1 1 2551 2552 2732 2827
3956 4 2 1 1 2551 2377 2732 2552
3957 4 2 1 1 3695 3762 2178 2060
3958 4 2 1 1 3027 2356 3218 3217
3959 4 2 1 1 324 2561 2265 2743
3960 4 2 1 1 2090 2097 1907 2729
3961 4 2 1 1 2648 2359 2361 3235
3962 4 2 1 1 966 2654 1078 3044
3963 4 2 1 1 2296 2312 2101 2072
3964 4 2 1 1 2816 2429 2721 2098
3965 4 2 1 1 2159 465 950 2160
3966 4 2 1 1 2277 2092 2087 2098
3967 4 2 1 1 3018 2747 2087 2729
3968 4 2 1 1 2092 2216 1907 2087
3969 4 2 1 1 2150 2007 268 272
3970 4 2 1 1 2323 2427 1973 2835
3971 4 2 1 1 2914 3602 3200 3434
3972 4 2 1 1 291 280 272 2924
3973 4 2 1 1 2748 2270 2579 2120
3974 4 2 1 1 2680 1212 242 2469
3975 4 2 1 1 2627 929 930 2983
3976 4 2 1 1 2315 1986 3670 2769
3977 4 2 1 1 2990 2991 3024 1154
3978 4 2 1 1 2266 2267 545 2787
3979 4 2 1 1 1495 739 888 2581
3980 4 2 1 1 3122 544 2835 607
3981 4 2 1 1 2154 3695 3761 3682
3982 4 2 1 1 607 544 2835 605
3983 4 2 1 1 1037 274 381 2545
3984 4 2 1 1 207 2489 2486 206
3985 4 2 1 1 1230 1187 2874 587
3986 4 2 1 1 2909 1974 2754 1973
3987 4 2 1 1 911 2336 774 1084
3988 4 2 1 1 2336 2212 2718 2308
3989 4 2 1 1 605 606 2787 2754
3990 4 2 1 1 3358 3421 3361 1724
3991 4 2 1 1 1439 843 2258 1383
3992 4 2 1 1 1072 2523 561 1071
3993 4 2 1 1 684 2789 2160 2794
3994 4 2 1 1 2468 2466 2531 2612
3995 4 2 1 1 1871 1750 3278 1743
3996 4 2 1 1 3647 2766 2765 3646
3997 4 2 1 1 2854 3053 909 608
3998 4 2 1 1 2261 2920 2258 1034
3999 4 2 1 1 1410 1211 2855 737
4000 4 2 1 1 2205 3109 2871 1452
4001 4 2 1 1 258 1994 2206 239
4002 4 2 1 1 2255 1439 843 2258
4003 4 2 1 1 2939 3140 2311 2872
4004 4 2 1 1 2095 2091 2088 2087
4005 4 2 1 1 2755 2756 2629 2842
4006 4 2 1 1 2775 2664 2629 2842
4007 4 2 1 1 936 826 726 3222
4008 4 2 1 1 1373 2745 2952 1430
4009 4 2 1 1 2696 2695 2772 2776
4010 4 2 1 1 2424 3223 2101 3221
4011 4 2 1 1 2777 2696 2772 2776
4012 4 2 1 1 335 1007 338 2556
4013 4 2 1 1 2684 2621 2690 2111
4014 4 2 1 1 2664 2671 3002 2842
4015 4 2 1 1 3045 743 3046 3116
4016 4 2 1 1 2554 2663 2636 2894
4017 4 2 1 1 2671 2664 2775 2842
4018 4 2 1 1 2429 2721 2437 2273
4019 4 2 1 1 1952 2749 2559 2805
4020 4 2 1 1 3129 3035 2268 2787
4021 4 2 1 1 1446 892 2891 893
4022 4 2 1 1 3256 3186 671 1056
4023 4 2 1 1 1332 332 334 2505
4024 4 2 1 1 2266 3129 2268 2787
4025 4 2 1 1 3043 2617 3022 3003
4026 4 2 1 1 2881 3124 3125 3110
4027 4 2 1 1 786 3079 612 822
4028 4 2 1 1 1642 3525 3423 3530
4029 4 2 1 1 2532 2199 2856 2185
4030 4 2 1 1 2910 2778 2911 3029
4031 4 2 1 1 1495 3129 888 657
4032 4 2 1 1 919 2752 3013 2720
4033 4 2 1 1 2562 1958 2265 2269
4034 4 2 1 1 529 2084 2522 1003
4035 4 2 1 1 2004 1469 1499 891
4036 4 2 1 1 641 1183 726 2828
4037 4 2 1 1 2506 2354 2919 3041
4038 4 2 1 1 193 2329 2331 428
4039 4 2 1 1 1321 1249 2923 3199
4040 4 2 1 1 3421 3358 1821 1724
4041 4 2 1 1 2865 643 2866 642
4042 4 2 1 1 2238 2799 2228 2798
4043 4 2 1 1 2637 397 2635 398
4044 4 2 1 1 951 2255 699 1504
4045 4 2 1 1 3337 2152 2105 3324
4046 4 2 1 1 2390 2238 2228 2798
4047 4 2 1 1 1560 1728 1729 2306
4048 4 2 1 1 3104 2876 2228 2798
4049 4 2 1 1 1297 751 2261 748
4050 4 2 1 1 1106 2380 2639 2553
4051 4 2 1 1 2799 3104 2228 2798
4052 4 2 1 1 868 2865 2889 2809
4053 4 2 1 1 3100 3108 2937 417
4054 4 2 1 1 3017 3100 3099 2016
4055 4 2 1 1 3180 2863 2864 2152
4056 4 2 1 1 1398 2488 2465 1257
4057 4 2 1 1 2865 2862 2861 2864
4058 4 2 1 1 3180 2863 2639 2809
4059 4 2 1 1 2699 2605 2651 2650
4060 4 2 1 1 2334 2632 425 2633
4061 4 2 1 1 2968 2726 2593 3165
4062 4 2 1 1 2594 2591 828 2599
4063 4 2 1 1 673 2821 2809 2889
4064 4 2 1 1 839 2354 1419 2353
4065 4 2 1 1 164 163 162 2204
4066 4 2 1 1 2821 673 2809 2639
4067 4 2 1 1 2821 3180 2809 2889
4068 4 2 1 1 3180 2821 2809 2639
4069 4 2 1 1 2805 2121 3018 2098
4070 4 2 1 1 677 1107 1012 2564
4071 4 2 1 1 647 852 851 2431
4072 4 2 1 1 1012 567 2564 598
4073 4 2 1 1 3072 3082 2469 2564
4074 4 2 1 1 911 2493 2175 2586
4075 4 2 1 1 678 2950 2981 2626
4076 4 2 1 1 632 2354 1153 1314
4077 4 2 1 1 2266 2267 2787 2273
4078 4 2 1 1 2308 2565 2175 774
4079 4 2 1 1 2609 2761 3233 2762
4080 4 2 1 1 858 776 2375 1350
4081 4 2 1 1 2391 2497 2758 3261
4082 4 2 1 1 596 1321 2929 502
4083 4 2 1 1 2344 2343 2368 2346
4084 4 2 1 1 2818 2376 2638 2817
4085 4 2 1 1 2602 776 778 1350
4086 4 2 1 1 2139 137 135 138
4087 4 2 1 1 1039 1351 2569 2570
4088 4 2 1 1 2278 2128 2276 2127
4089 4 2 1 1 1993 2550 2002 2512
4090 4 2 1 1 1068 1098 226 2208
4091 4 2 1 1 2375 2602 2817 1350
4092 4 2 1 1 2716 2804 2590 2213
4093 4 2 1 1 2532 350 2199 2185
4094 4 2 1 1 1440 2187 2530 1009
4095 4 2 1 1 497 1311 3039 1176
4096 4 2 1 1 2558 2602 2817 2830
4097 4 2 1 1 1149 1076 2443 1253
4098 4 2 1 1 421 423 2937 422
4099 4 2 1 1 1842 1120 3161 1551
4100 4 2 1 1 1380 1029 2545 381
4101 4 2 1 1 538 2613 2956 2615
4102 4 2 1 1 740 1076 1272 2444
4103 4 2 1 1 1516 2234 946 2507
4104 4 2 1 1 3042 2695 2842 2775
4105 4 2 1 1 3030 485 2977 520
4106 4 2 1 1 2695 2696 2842 2776
4107 4 2 1 1 3056 1742 3055 1823
4108 4 2 1 1 3395 2885 3427 2940
4109 4 2 1 1 2168 3293 2908 3596
4110 4 2 1 1 3417 3107 3106 3070
4111 4 2 1 1 2843 3002 3043 2842
4112 4 2 1 1 2696 2777 2842 2776
4113 4 2 1 1 1190 489 2932 1331
4114 4 2 1 1 2843 2777 2842 2696
4115 4 2 1 1 2528 562 560 561
4116 4 2 1 1 3002 3042 3043 2842
4117 4 2 1 1 3042 2695 3043 2842
4118 4 2 1 1 2696 2843 3043 2842
4119 4 2 1 1 3008 588 1202 867
4120 4 2 1 1 2695 2696 3043 2842
4121 4 2 1 1 310 309 312 3139
4122 4 2 1 1 3476 1670 3547 3415
4123 4 2 1 1 3270 1850 1555 1053
4124 4 2 1 1 2854 3053 2852 2853
4125 4 2 1 1 276 2150 268 272
4126 4 2 1 1 3604 746 1042 1041
4127 4 2 1 1 2569 141 765 139
4128 4 2 1 1 486 1512 1195 2764
4129 4 2 1 1 401 2637 411 2639
4130 4 2 1 1 3600 1882 2757 1864
4131 4 2 1 1 2854 735 609 608
4132 4 2 1 1 737 2855 2853 1280
4133 4 2 1 1 3490 3524 1631 3463
4134 4 2 1 1 3708 1979 2027 3707
4135 4 2 1 1 3545 1838 3598 3599
4136 4 2 1 1 736 2854 609 737
4137 4 2 1 1 773 566 2523 1071
4138 4 2 1 1 2102 3556 3557 3551
4139 4 2 1 1 2869 2964 1405 916
4140 4 2 1 1 2980 2991 704 703
4141 4 2 1 1 2277 2709 2738 2246
4142 4 2 1 1 3060 452 454 453
4143 4 2 1 1 2691 2111 2690 3014
4144 4 2 1 1 2544 2548 2549 2545
4145 4 2 1 1 2987 2996 1357 510
4146 4 2 1 1 2296 959 2312 3139
4147 4 2 1 1 1673 1664 1654 3482
4148 4 2 1 1 2935 474 593 459
4149 4 2 1 1 1057 3281 894 714
4150 4 2 1 1 2587 1193 887 1095
4151 4 2 1 1 1200 636 3190 876
4152 4 2 1 1 991 2909 1171 607
4153 4 2 1 1 2670 3283 3280 1782
4154 4 2 1 1 1673 1781 3280 1701
4155 4 2 1 1 628 1047 3035 627
4156 4 2 1 1 3280 2151 3163 3467
4157 4 2 1 1 2798 2876 2875 3103
4158 4 2 1 1 1367 658 3174 657
4159 4 2 1 1 663 3171 1181 664
4160 4 2 1 1 2628 2507 3128 2707
4161 4 2 1 1 2395 2398 2400 3132
4162 4 2 1 1 973 357 2707 1441
4163 4 2 1 1 981 2755 1535 2118
4164 4 2 1 1 885 680 2252 886
4165 4 2 1 1 3539 2166 3596 2846
4166 4 2 1 1 2403 2758 3244 3233
4167 4 2 1 1 3084 2228 3196 3114
4168 4 2 1 1 2797 2799 3103 2676
4169 4 2 1 1 2741 1281 1502 997
4170 4 2 1 1 3426 3480 3606 3427
4171 4 2 1 1 2977 2884 2883 2978
4172 4 2 1 1 3193 992 149 296
4173 4 2 1 1 2033 3193 993 2037
4174 4 2 1 1 3205 927 3233 3244
4175 4 2 1 1 1343 2887 2883 1403
4176 4 2 1 1 529 1003 2522 597
4177 4 2 1 1 1403 2887 2883 2886
4178 4 2 1 1 2884 2887 2883 2978
4179 4 2 1 1 1749 1723 3291 1698
4180 4 2 1 1 3158 3197 2838 2897
4181 4 2 1 1 516 633 2399 634
4182 4 2 1 1 2898 3197 3158 2897
4183 4 2 1 1 1971 2408 2406 2694
4184 4 2 1 1 361 2227 2388 2389
4185 4 2 1 1 3157 815 1155 3238
4186 4 2 1 1 3205 1527 927 3227
4187 4 2 1 1 2390 2222 2798 3084
4188 4 2 1 1 520 2979 2883 2977
4189 4 2 1 1 3083 3155 1533 1423
4190 4 2 1 1 1524 736 3277 1207
4191 4 2 1 1 2845 731 550 1349
4192 4 2 1 1 1277 834 3083 1533
4193 4 2 1 1 2858 2710 564 2934
4194 4 2 1 1 3012 2913 3386 2757
4195 4 2 1 1 2983 464 832 557
4196 4 2 1 1 1234 443 3167 162
4197 4 2 1 1 3111 1146 741 3110
4198 4 2 1 1 1633 3531 3559 3517
4199 4 2 1 1 397 2635 398 396
4200 4 2 1 1 2106 2822 2819 3533
4201 4 2 1 1 2866 2151 3280 3092
4202 4 2 1 1 3447 3446 3437 3555
4203 4 2 1 1 2865 868 2889 982
4204 4 2 1 1 2821 2822 2611 2553
4205 4 2 1 1 2152 3180 3092 2864
4206 4 2 1 1 113 2931 2849 1339
4207 4 2 1 1 2652 3271 2509 1976
4208 4 2 1 1 1129 1128 2908 1130
4209 4 2 1 1 1839 3568 1878 1741
4210 4 2 1 1 1334 2917 2615 2893
4211 4 2 1 1 2574 3730 3758 3757
4212 4 2 1 1 3545 3160 3159 2019
4213 4 2 1 1 2569 141 139 2383
4214 4 2 1 1 3206 2403 2758 3262
4215 4 2 1 1 2144 2503 2806 2498
4216 4 2 1 1 116 1458 3257 3244
4217 4 2 1 1 2570 2573 2575 3758
4218 4 2 1 1 2576 2574 3758 3757
4219 4 2 1 1 3228 3166 2481 2221
4220 4 2 1 1 2726 302 385 384
4221 4 2 1 1 1992 2848 3771 3769
4222 4 2 1 1 2733 2596 3339 2243
4223 4 2 1 1 2887 2884 2883 3427
4224 4 2 1 1 737 1213 2853 609
4225 4 2 1 1 2961 2781 3181 3771
4226 4 2 1 1 2986 3287 3163 2985
4227 4 2 1 1 2558 416 413 1370
4228 4 2 1 1 3633 2024 2017 3214
4229 4 2 1 1 2377 754 1180 2552
4230 4 2 1 1 2300 2645 2447 3185
4231 4 2 1 1 2441 2190 2188 3184
4232 4 2 1 1 1146 967 741 3110
4233 4 2 1 1 2896 361 2388 2389
4234 4 2 1 1 2961 2983 3181 1293
4235 4 2 1 1 155 1388 2967 157
4236 4 2 1 1 3516 3424 3525 3530
4237 4 2 1 1 358 711 2232 2229
4238 4 2 1 1 1380 1029 957 2544
4239 4 2 1 1 816 621 3105 3050
4240 4 2 1 1 651 2329 926 989
4241 4 2 1 1 977 2804 2590 505
4242 4 2 1 1 2885 3764 2883 2886
4243 4 2 1 1 2961 2980 2182 2984
4244 4 2 1 1 2205 2511 2210 3250
4245 4 2 1 1 1905 2311 2074 2068
4246 4 2 1 1 1520 3238 1155 1338
4247 4 2 1 1 1417 1112 2930 1111
4248 4 2 1 1 2858 2710 2820 2992
4249 4 2 1 1 2015 2606 2700 2941
4250 4 2 1 1 457 2660 542 2786
4251 4 2 1 1 2922 3076 2006 3660
4252 4 2 1 1 2781 1112 2930 1417
4253 4 2 1 1 2606 2015 2603 2608
4254 4 2 1 1 1057 3281 1150 105
4255 4 2 1 1 1057 3281 105 1539
4256 4 2 1 1 2558 2607 2608 2937
4257 4 2 1 1 2986 3163 3431 2306
4258 4 2 1 1 3 54 1301 1884
4259 4 2 1 1 3280 3467 3163 3431
4260 4 2 1 1 3296 3311 3284 3288
4261 4 2 1 1 2603 2015 2016 2608
4262 4 2 1 1 2906 3293 2908 1132
4263 4 2 1 1 2015 2027 2941 2955
4264 4 2 1 1 2015 3017 2941 2027
4265 4 2 1 1 3466 3017 2027 2941
4266 4 2 1 1 2933 2523 2527 2175
4267 4 2 1 1 3252 3690 3688 3693
4268 4 2 1 1 1982 3466 2027 2941
4269 4 2 1 1 2587 1534 887 1308
4270 4 2 1 1 2037 2779 2802 2911
4271 4 2 1 1 2689 3014 2952 2690
4272 4 2 1 1 2689 2953 2952 3014
4273 4 2 1 1 834 1395 3083 1423
4274 4 2 1 1 2222 2876 2798 3084
4275 4 2 1 1 3157 2066 3239 2067
4276 4 2 1 1 2583 3683 2214 2372
4277 4 2 1 1 3014 2749 2952 2690
4278 4 2 1 1 309 370 312 3139
4279 4 2 1 1 2953 2749 2952 3014
4280 4 2 1 1 427 522 425 2334
4281 4 2 1 1 2745 2734 2746 2952
4282 4 2 1 1 1370 1014 415 2817
4283 4 2 1 1 2880 2401 1256 667
4284 4 2 1 1 2734 2953 2746 2952
4285 4 2 1 1 3205 2403 3244 3233
4286 4 2 1 1 2416 2880 2395 1964
4287 4 2 1 1 3316 3501 3507 3460
4288 4 2 1 1 2880 665 667 1256
4289 4 2 1 1 321 325 2559 949
4290 4 2 1 1 2000 3377 2178 3526
4291 4 2 1 1 2656 2873 3109 307
4292 4 2 1 1 1786 3438 3530 3409
4293 4 2 1 1 375 376 2621 340
4294 4 2 1 1 966 1078 1262 3044
4295 4 2 1 1 1369 977 2804 3209
4296 4 2 1 1 1822 3370 3581 1672
4297 4 2 1 1 314 2727 315 316
4298 4 2 1 1 2716 2804 2213 2097
4299 4 2 1 1 2902 849 1443 964
4300 4 2 1 1 1190 379 380 2932
4301 4 2 1 1 2332 2329 989 2333
4302 4 2 1 1 416 417 2297 414
4303 4 2 1 1 3385 3547 3581 1672
4304 4 2 1 1 839 528 840 2353
4305 4 2 1 1 596 2522 641 597
4306 4 2 1 1 370 309 2871 3139
4307 4 2 1 1 1451 2352 2974 2930
4308 4 2 1 1 2397 1965 2949 2993
4309 4 2 1 1 3186 3256 2109 2107
4310 4 2 1 1 2705 1451 2974 2930
4311 4 2 1 1 2270 2269 2579 3178
4312 4 2 1 1 1160 1382 2974 107
4313 4 2 1 1 2195 2446 2448 2196
4314 4 2 1 1 841 750 2344 2258
4315 4 2 1 1 904 903 906 3029
4316 4 2 1 1 2588 2056 3162 2064
4317 4 2 1 1 3336 1828 1683 1757
4318 4 2 1 1 2170 2352 2930 2974
4319 4 2 1 1 2705 2170 2930 2974
4320 4 2 1 1 2257 2986 2985 3287
4321 4 2 1 1 408 2818 2297 2817
4322 4 2 1 1 2299 2187 3184 2298
4323 4 2 1 1 2800 3709 2335 3656
4324 4 2 1 1 2488 1257 2640 2465
4325 4 2 1 1 2942 515 426 437
4326 4 2 1 1 2215 3109 2210 3250
4327 4 2 1 1 2152 3327 3309 2985
4328 4 2 1 1 2212 2307 2718 2308
4329 4 2 1 1 511 2205 1250 1484
4330 4 2 1 1 1436 1065 1994 3250
4331 4 2 1 1 313 310 2713 311
4332 4 2 1 1 922 696 1327 3188
4333 4 2 1 1 2920 501 1034 388
4334 4 2 1 1 2151 3327 2152 2985
4335 4 2 1 1 1795 1642 3530 1786
4336 4 2 1 1 335 2554 2663 336
4337 4 2 1 1 3296 2970 3288 3284
4338 4 2 1 1 3309 3327 3467 2985
4339 4 2 1 1 2103 772 770 2899
4340 4 2 1 1 2362 196 1344 252
4341 4 2 1 1 2737 3014 2996 3059
4342 4 2 1 1 2988 2987 1239 3059
4343 4 2 1 1 1194 2336 582 976
4344 4 2 1 1 3014 2624 2623 3059
4345 4 2 1 1 3006 2180 2174 3007
4346 4 2 1 1 280 2150 272 2924
4347 4 2 1 1 2924 1450 1110 1319
4348 4 2 1 1 2174 3006 3007 2711
4349 4 2 1 1 2176 2992 2711 3007
4350 4 2 1 1 2103 3543 3478 2013
4351 4 2 1 1 3161 1816 3598 3609
4352 4 2 1 1 3134 2176 3007 2992
4353 4 2 1 1 3436 3538 3596 3393
4354 4 2 1 1 1739 1552 3293 1832
4355 4 2 1 1 3756 3755 3754 2220
4356 4 2 1 1 1124 2906 1132 799
4357 4 2 1 1 2964 2869 935 916
4358 4 2 1 1 2887 3605 2978 2167
4359 4 2 1 1 2176 3134 3007 3558
4360 4 2 1 1 2176 2174 3007 2711
4361 4 2 1 1 2176 3558 3007 2174
4362 4 2 1 1 2121 2953 3018 2089
4363 4 2 1 1 1853 3604 98 2438
4364 4 2 1 1 1160 2510 1318 941
4365 4 2 1 1 2559 2749 2952 3018
4366 4 2 1 1 2749 2559 2805 3018
4367 4 2 1 1 3402 3413 3606 2167
4368 4 2 1 1 101 127 2144 128
4369 4 2 1 1 2749 2953 2952 3018
4370 4 2 1 1 2561 2562 1958 2265
4371 4 2 1 1 2953 2749 2805 3018
4372 4 2 1 1 1007 3267 1488 2116
4373 4 2 1 1 430 2561 429 324
4374 4 2 1 1 993 903 3029 906
4375 4 2 1 1 2838 901 902 3029
4376 4 2 1 1 3197 2838 902 3029
4377 4 2 1 1 2778 901 2838 3029
4378 4 2 1 1 3197 2778 2838 3029
4379 4 2 1 1 2220 3319 3317 3313
4380 4 2 1 1 2419 122 3136 1238
4381 4 2 1 1 2598 2572 2595 3040
4382 4 2 1 1 2598 2724 279 2571
4383 4 2 1 1 2150 280 299 3034
4384 4 2 1 1 2598 2724 2571 3040
4385 4 2 1 1 507 2814 506 2642
4386 4 2 1 1 2528 1197 3087 732
4387 4 2 1 1 2176 3604 3134 3554
4388 4 2 1 1 2710 2523 2934 2820
4389 4 2 1 1 2572 2598 2571 3040
4390 4 2 1 1 2947 801 800 648
4391 4 2 1 1 2598 2594 2724 3040
4392 4 2 1 1 2377 2376 2515 2552
4393 4 2 1 1 178 1340 1426 3154
4394 4 2 1 1 2594 2598 2595 3040
4395 4 2 1 1 1490 2103 770 1500
4396 4 2 1 1 3697 2925 3051 3006
4397 4 2 1 1 3290 1783 1841 1720
4398 4 2 1 1 1105 771 2899 948
4399 4 2 1 1 588 589 2589 590
4400 4 2 1 1 2588 1044 2589 1187
4401 4 2 1 1 2180 3006 3051 2926
4402 4 2 1 1 2180 3697 3051 3006
4403 4 2 1 1 1189 816 1407 3050
4404 4 2 1 1 2062 1978 3741 3399
4405 4 2 1 1 2086 2747 2729 2773
4406 4 2 1 1 2275 2121 2805 2098
4407 4 2 1 1 2965 2624 2661 2623
4408 4 2 1 1 3152 3074 2284 3062
4409 4 2 1 1 453 376 1038 2622
4410 4 2 1 1 2914 2012 3387 2009
4411 4 2 1 1 928 835 1262 3044
4412 4 2 1 1 247 260 2546 231
4413 4 2 1 1 3201 3404 3386 3051
4414 4 2 1 1 1029 262 469 2548
4415 4 2 1 1 1094 1109 2469 2382
4416 4 2 1 1 3201 2180 3404 3051
4417 4 2 1 1 2896 363 2389 2897
4418 4 2 1 1 2129 2460 2457 2459
4419 4 2 1 1 743 3046 3116 1273
4420 4 2 1 1 2283 2156 2989 2284
4421 4 2 1 1 3579 3078 2685 2956
4422 4 2 1 1 3034 299 300 440
4423 4 2 1 1 2781 2961 3181 1293
4424 4 2 1 1 97 864 2461 1305
4425 4 2 1 1 2156 2455 2989 2284
4426 4 2 1 1 3385 3370 3581 3387
4427 4 2 1 1 2964 2980 3073 2962
4428 4 2 1 1 585 713 2845 550
4429 4 2 1 1 2994 2964 3073 2962
4430 4 2 1 1 3100 420 1496 1443
4431 4 2 1 1 2990 2253 3551 3073
4432 4 2 1 1 2632 2605 2937 2608
4433 4 2 1 1 3100 3108 2297 3099
4434 4 2 1 1 2299 2300 2513 2298
4435 4 2 1 1 2699 2333 2335 2700
4436 4 2 1 1 2510 1160 999 941
4437 4 2 1 1 2990 2980 2253 3073
4438 4 2 1 1 2253 2994 3073 2962
4439 4 2 1 1 3633 3751 1931 1932
4440 4 2 1 1 2980 2253 3073 2962
4441 4 2 1 1 2870 2770 2133 2894
4442 4 2 1 1 193 428 2331 1166
4443 4 2 1 1 2840 3049 2904 2134
4444 4 2 1 1 2187 3212 3210 3184
4445 4 2 1 1 2202 3025 2824 3114
4446 4 2 1 1 3084 2389 3114 3196
4447 4 2 1 1 2935 2506 2918 3065
4448 4 2 1 1 1351 482 2569 1201
4449 4 2 1 1 137 2139 139 138
4450 4 2 1 1 403 2639 1170 2379
4451 4 2 1 1 2202 3104 3114 2231
4452 4 2 1 1 482 1039 1351 2569
4453 4 2 1 1 1395 696 2824 1423
4454 4 2 1 1 3101 1542 1885 3102
4455 4 2 1 1 2231 2228 3196 2050
4456 4 2 1 1 2953 1952 2749 3014
4457 4 2 1 1 3155 3198 2824 3114
4458 4 2 1 1 3025 2823 2824 3114
4459 4 2 1 1 326 2749 2120 327
4460 4 2 1 1 1168 2744 319 322
4461 4 2 1 1 2231 2202 2824 3114
4462 4 2 1 1 2252 2931 2846 3765
4463 4 2 1 1 1732 1679 1735 3577
4464 4 2 1 1 3576 3601 1837 3577
4465 4 2 1 1 2652 1303 3183 3095
4466 4 2 1 1 3104 2202 3143 2676
4467 4 2 1 1 3409 3424 3530 3420
4468 4 2 1 1 2467 2299 2448 2531
4469 4 2 1 1 3256 1446 1056 671
4470 4 2 1 1 3424 3423 3530 3420
4471 4 2 1 1 1514 1081 3095 1082
4472 4 2 1 1 1679 1732 1976 3577
4473 4 2 1 1 1314 2354 1419 839
4474 4 2 1 1 1802 3576 3577 1679
4475 4 2 1 1 611 837 2643 602
4476 4 2 1 1 1464 6 1283 3102
4477 4 2 1 1 3304 3107 3070 2461
4478 4 2 1 1 1158 2337 734 917
4479 4 2 1 1 3525 3424 3423 3530
4480 4 2 1 1 3146 3050 3070 3106
4481 4 2 1 1 952 2529 1447 1503
4482 4 2 1 1 963 479 2006 2005
4483 4 2 1 1 3686 3698 3666 3700
4484 4 2 1 1 750 751 748 2258
4485 4 2 1 1 2958 2920 2261 388
4486 4 2 1 1 3168 3647 3646 3649
4487 4 2 1 1 1407 2525 3146 3070
4488 4 2 1 1 313 310 983 2713
4489 4 2 1 1 2310 2085 2929 2068
4490 4 2 1 1 3068 3067 3070 3066
4491 4 2 1 1 3071 3304 3070 2461
4492 4 2 1 1 3170 3195 2455 2989
4493 4 2 1 1 2179 3012 2757 875
4494 4 2 1 1 3292 1890 1546 2385
4495 4 2 1 1 3292 1872 109 1546
4496 4 2 1 1 1497 2385 1133 125
4497 4 2 1 1 2519 2517 2371 2459
4498 4 2 1 1 785 1241 2989 1115
4499 4 2 1 1 669 670 3132 668
4500 4 2 1 1 3376 1794 3420 3409
4501 4 2 1 1 1149 346 1253 2443
4502 4 2 1 1 882 3126 3211 3253
4503 4 2 1 1 2737 2096 2736 2735
4504 4 2 1 1 2966 1022 3088 865
4505 4 2 1 1 2489 2686 2156 2459
4506 4 2 1 1 127 3001 2144 128
4507 4 2 1 1 2692 3227 701 2479
4508 4 2 1 1 116 3259 2391 3244
4509 4 2 1 1 2814 507 506 574
4510 4 2 1 1 3191 2396 3128 3203
4511 4 2 1 1 252 1013 2582 198
4512 4 2 1 1 3708 3619 3752 2026
4513 4 2 1 1 507 2642 432 1481
4514 4 2 1 1 358 2236 921 2229
4515 4 2 1 1 2226 2752 1525 3132
4516 4 2 1 1 3234 1967 3206 2403
4517 4 2 1 1 1358 1411 873 3128
4518 4 2 1 1 3203 2118 2116 2630
4519 4 2 1 1 2430 20 1432 945
4520 4 2 1 1 1956 2763 2433 2610
4521 4 2 1 1 2501 2476 2806 2342
4522 4 2 1 1 2425 1968 2816 2429
4523 4 2 1 1 3191 2507 3128 2508
4524 4 2 1 1 1561 49 1291 1892
4525 4 2 1 1 1106 676 2553 674
4526 4 2 1 1 2013 3543 3478 3493
4527 4 2 1 1 1282 3101 2959 7
4528 4 2 1 1 2887 3578 3427 2886
4529 4 2 1 1 1633 3531 1634 1645
4530 4 2 1 1 2507 2628 3128 2508
4531 4 2 1 1 2841 3720 2043 3725
4532 4 2 1 1 3494 1649 3324 3437
4533 4 2 1 1 3734 3735 2262 3736
4534 4 2 1 1 2866 642 3163 2861
4535 4 2 1 1 2628 2631 2629 2630
4536 4 2 1 1 1560 53 123 1209
4537 4 2 1 1 2756 2755 2629 2630
4538 4 2 1 1 1468 2592 1393 2593
4539 4 2 1 1 2866 2670 3269 880
4540 4 2 1 1 3285 3311 2367 3288
4541 4 2 1 1 3413 1736 1676 1769
4542 4 2 1 1 2097 2746 1907 2729
4543 4 2 1 1 3455 3391 1665 3331
4544 4 2 1 1 3526 1794 3420 3376
4545 4 2 1 1 1684 3455 3331 3592
4546 4 2 1 1 1983 2892 3660 2643
4547 4 2 1 1 2464 2745 2746 2729
4548 4 2 1 1 2102 3034 2009 3672
4549 4 2 1 1 2293 2490 2491 2487
4550 4 2 1 1 3031 3183 3032 3382
4551 4 2 1 1 3252 3687 3669 1998
4552 4 2 1 1 3516 3424 3530 2963
4553 4 2 1 1 3586 1585 1587 1586
4554 4 2 1 1 3377 3408 2094 2178
4555 4 2 1 1 2423 2427 2437 2421
4556 4 2 1 1 3377 2000 3420 3526
4557 4 2 1 1 2089 2746 2729 1907
4558 4 2 1 1 3451 3406 3408 2178
4559 4 2 1 1 3407 3513 3451 2178
4560 4 2 1 1 3276 1650 1863 3453
4561 4 2 1 1 3276 1651 1863 1650
4562 4 2 1 1 2387 2483 3240 2342
4563 4 2 1 1 3461 1616 3460 3530
4564 4 2 1 1 3461 3523 1613 1615
4565 4 2 1 1 3502 3468 3573 2848
4566 4 2 1 1 1827 3340 1768 1586
4567 4 2 1 1 1897 2460 2457 2129
4568 4 2 1 1 3469 1626 3378 1778
4569 4 2 1 1 3366 1619 3400 1599
4570 4 2 1 1 3691 3762 2178 3695
4571 4 2 1 1 3547 1637 3581 1672
4572 4 2 1 1 2990 2102 3672 3034
4573 4 2 1 1 1794 1795 3420 3409
4574 4 2 1 1 2500 3150 1933 3240
4575 4 2 1 1 3616 3679 3642 2502
4576 4 2 1 1 1875 1567 1852 3299
4577 4 2 1 1 3485 3446 3471 1647
4578 4 2 1 1 1713 1741 2916 3464
4579 4 2 1 1 3463 1804 1713 3464
4580 4 2 1 1 3338 3403 3486 1767
4581 4 2 1 1 3413 1660 1676 3317
4582 4 2 1 1 3056 1564 1891 1834
4583 4 2 1 1 1552 2906 3293 1832
4584 4 2 1 1 1987 3658 2626 3772
4585 4 2 1 1 1827 1695 1768 3349
4586 4 2 1 1 2166 3462 3548 3433
4587 4 2 1 1 3080 3184 3254 3255
4588 4 2 1 1 2475 2320 3240 2342
4589 4 2 1 1 1079 1267 879 2757
4590 4 2 1 1 2913 3384 3602 2914
4591 4 2 1 1 2862 2863 2864 2809
4592 4 2 1 1 3315 3333 3334 3332
4593 4 2 1 1 3586 2412 3583 2243
4594 4 2 1 1 3489 3522 3537 2295
4595 4 2 1 1 3546 1979 2027 3537
4596 4 2 1 1 1666 3457 1792 1801
4597 4 2 1 1 3457 3411 3430 1932
4598 4 2 1 1 1343 1127 1126 2888
4599 4 2 1 1 3319 3318 1661 1682
4600 4 2 1 1 3318 1784 1661 1682
4601 4 2 1 1 2940 2885 3427 2886
4602 4 2 1 1 1788 3517 3477 3493
4603 4 2 1 1 3292 2991 3291 2868
4604 4 2 1 1 3536 1723 3291 2868
4605 4 2 1 1 1815 3362 3361 3357
4606 4 2 1 1 3564 3550 3562 3510
4607 4 2 1 1 2385 2964 862 1148
4608 4 2 1 1 2018 3479 3159 2019
4609 4 2 1 1 3468 3509 3510 3562
4610 4 2 1 1 2183 2781 2171 2962
4611 4 2 1 1 2025 2018 3493 2013
4612 4 2 1 1 2018 2013 3159 3478
4613 4 2 1 1 1742 1704 3055 1823
4614 4 2 1 1 1703 1659 1702 3426
4615 4 2 1 1 35 108 1854 1554
4616 4 2 1 1 1131 108 1854 35
4617 4 2 1 1 1728 3133 3274 1747
4618 4 2 1 1 1480 1301 2305 99
4619 4 2 1 1 2734 3045 2736 2996
4620 4 2 1 1 2737 2734 2736 2996
4621 4 2 1 1 2735 2738 2736 3117
4622 4 2 1 1 2954 687 2960 3053
4623 4 2 1 1 2152 2151 2985 2864
4624 4 2 1 1 376 2621 2623 3059
4625 4 2 1 1 2942 515 2633 426
4626 4 2 1 1 1644 3402 1660 3480
4627 4 2 1 1 3402 3413 1660 1769
4628 4 2 1 1 1211 2855 737 1280
4629 4 2 1 1 3480 3426 3606 1702
4630 4 2 1 1 3472 3487 3473 3390
4631 4 2 1 1 3448 1690 3511 3375
4632 4 2 1 1 1667 3408 3570 3376
4633 4 2 1 1 1587 1589 1588 3584
4634 4 2 1 1 3377 3408 3570 2094
4635 4 2 1 1 2652 626 895 2509
4636 4 2 1 1 1740 1556 2893 1851
4637 4 2 1 1 3488 3521 1602 1606
4638 4 2 1 1 3062 2452 2989 3170
4639 4 2 1 1 3425 3535 3367 1686
4640 4 2 1 1 452 2988 1239 3059
4641 4 2 1 1 2294 1978 3566 3529
4642 4 2 1 1 3487 3472 3473 3497
4643 4 2 1 1 2058 3762 2060 3454
4644 4 2 1 1 3429 1978 2294 3529
4645 4 2 1 1 2621 3014 2623 3059
4646 4 2 1 1 1766 1718 3364 3404
4647 4 2 1 1 1850 82 118 1550
4648 4 2 1 1 980 978 2989 1115
4649 4 2 1 1 1813 3604 1707 1870
4650 4 2 1 1 2176 3134 3558 3514
4651 4 2 1 1 1285 3190 3134 2619
4652 4 2 1 1 277 1000 209 2686
4653 4 2 1 1 3304 3275 3276 1745
4654 4 2 1 1 549 548 547 3050
4655 4 2 1 1 3067 2525 3087 732
4656 4 2 1 1 1849 1545 2462 1737
4657 4 2 1 1 2047 2219 3313 2217
4658 4 2 1 1 1831 3312 3313 3323
4659 4 2 1 1 2156 3195 2989 2455
4660 4 2 1 1 1238 1099 3279 854
4661 4 2 1 1 1846 2653 1540 99
4662 4 2 1 1 3279 1871 3302 1548
4663 4 2 1 1 1301 1884 2305 1540
4664 4 2 1 1 794 1238 2960 854
4665 4 2 1 1 2705 2627 2930 3181
4666 4 2 1 1 3527 2588 3162 2589
4667 4 2 1 1 3770 3771 3769 2181
4668 4 2 1 1 1977 3399 3552 3475
4669 4 2 1 1 1226 1303 2652 897
4670 4 2 1 1 2946 2968 3288 2969
4671 4 2 1 1 2263 3285 2367 3288
4672 4 2 1 1 1111 2627 3181 2930
4673 4 2 1 1 3322 1578 1751 1575
4674 4 2 1 1 2599 2594 2592 828
4675 4 2 1 1 3311 2367 3328 3310
4676 4 2 1 1 1868 1572 1748 3294
4677 4 2 1 1 3067 3071 861 860
4678 4 2 1 1 1545 97 2461 1341
4679 4 2 1 1 2438 1431 712 1041
4680 4 2 1 1 1872 3292 1749 1546
4681 4 2 1 1 2915 894 1412 3200
4682 4 2 1 1 1671 1670 1636 3415
4683 4 2 1 1 1111 1112 2930 3181
4684 4 2 1 1 1112 2781 2930 3181
4685 4 2 1 1 3435 3557 3415 3434
4686 4 2 1 1 3647 2766 2048 3639
4687 4 2 1 1 2645 2829 2516 2513
4688 4 2 1 1 3694 3687 2094 2178
4689 4 2 1 1 3706 2514 3214 2017
4690 4 2 1 1 1007 1535 2556 2116
4691 4 2 1 1 2494 2495 2662 2669
4692 4 2 1 1 2667 2843 2115 2756
4693 4 2 1 1 2239 2241 2415 1940
4694 4 2 1 1 2663 335 338 2556
4695 4 2 1 1 1967 3206 2758 3192
4696 4 2 1 1 2209 2208 2872 2206
4697 4 2 1 1 3208 2214 2372 2153
4698 4 2 1 1 3534 3487 1591 1590
4699 4 2 1 1 1200 2926 572 3007
4700 4 2 1 1 2311 2080 2767 2068
4701 4 2 1 1 1968 2421 2429 2425
4702 4 2 1 1 303 2716 2590 2213
4703 4 2 1 1 368 365 2782 2783
4704 4 2 1 1 2408 3052 3262 2409
4705 4 2 1 1 2033 2037 2911 2052
4706 4 2 1 1 1961 3090 2672 1951
4707 4 2 1 1 2386 2999 3266 3000
4708 4 2 1 1 718 720 2999 722
4709 4 2 1 1 3001 716 1088 645
4710 4 2 1 1 2279 1961 1951 2426
4711 4 2 1 1 3424 2000 3377 2082
4712 4 2 1 1 3391 3580 1665 3331
4713 4 2 1 1 1950 2408 3262 2407
4714 4 2 1 1 2442 1927 3185 1899
4715 4 2 1 1 1970 2432 2497 3192
4716 4 2 1 1 3316 2847 2010 3645
4717 4 2 1 1 2074 2088 2068 2312
4718 4 2 1 1 2929 1321 2923 3199
4719 4 2 1 1 3770 2781 3771 2181
4720 4 2 1 1 3687 3252 3669 3685
4721 4 2 1 1 2782 368 1324 367
4722 4 2 1 1 1970 2928 2432 3192
4723 4 2 1 1 2430 3237 2431 1432
4724 4 2 1 1 2394 1970 2497 3192
4725 4 2 1 1 2325 2421 2422 2433
4726 4 2 1 1 1970 2394 2928 3192
4727 4 2 1 1 3366 3369 3441 3442
4728 4 2 1 1 2759 20 3233 19
4729 4 2 1 1 3229 2759 3233 19
4730 4 2 1 1 1689 3458 1687 3368
4731 4 2 1 1 3528 1594 3497 3405
4732 4 2 1 1 1802 1679 3577 1735
4733 4 2 1 1 2705 1255 2704 13
4734 4 2 1 1 3130 3203 873 2116
4735 4 2 1 1 533 601 2643 602
4736 4 2 1 1 2181 3771 3769 3772
4737 4 2 1 1 2253 3672 2182 2984
4738 4 2 1 1 2004 963 2006 2005
4739 4 2 1 1 1670 3435 3547 3415
4740 4 2 1 1 3501 3523 1612 1613
4741 4 2 1 1 3523 3461 3509 1615
4742 4 2 1 1 3476 3550 1636 3415
4743 4 2 1 1 3633 3751 2024 1931
4744 4 2 1 1 1593 3561 3350 3507
4745 4 2 1 1 2132 2412 1925 3644
4746 4 2 1 1 2132 3355 3390 3584
4747 4 2 1 1 3118 3191 3203 2396
4748 4 2 1 1 3171 3118 3203 2396
4749 4 2 1 1 3516 3461 2963 3530
4750 4 2 1 1 2008 3699 3077 2470
4751 4 2 1 1 2003 3673 3666 3700
4752 4 2 1 1 1637 1798 3581 1822
4753 4 2 1 1 663 1963 2948 2993
4754 4 2 1 1 1963 1946 1965 2993
4755 4 2 1 1 1707 1655 3363 3374
4756 4 2 1 1 3006 2180 3696 2174
4757 4 2 1 1 3564 3556 3415 2254
4758 4 2 1 1 2558 3108 2608 2830
4759 4 2 1 1 1965 1949 2949 1947
4760 4 2 1 1 2661 2285 2662 2357
4761 4 2 1 1 2334 2955 2700 2941
4762 4 2 1 1 2605 2607 2604 986
4763 4 2 1 1 2380 3701 2907 2818
4764 4 2 1 1 2238 2237 2708 2533
4765 4 2 1 1 2495 3023 3620 1927
4766 4 2 1 1 2376 2818 2638 2379
4767 4 2 1 1 3058 3057 2302 3011
4768 4 2 1 1 2044 2033 2039 2779
4769 4 2 1 1 2397 1949 2708 2949
4770 4 2 1 1 362 361 363 2389
4771 4 2 1 1 2038 3247 3266 2715
4772 4 2 1 1 3020 3213 2618 1900
4773 4 2 1 1 2343 148 149 150
4774 4 2 1 1 859 3123 1474 811
4775 4 2 1 1 2066 2071 3239 2076
4776 4 2 1 1 2228 2231 3196 3114
4777 4 2 1 1 3219 3023 2649 1900
4778 4 2 1 1 2348 2345 2346 3243
4779 4 2 1 1 3718 3245 3715 3717
4780 4 2 1 1 2255 2343 2658 2364
4781 4 2 1 1 2841 3245 3720 3717
4782 4 2 1 1 2104 3702 2105 3704
4783 4 2 1 1 3197 905 902 1052
4784 4 2 1 1 3104 2876 3103 3114
4785 4 2 1 1 1006 145 1342 2339
4786 4 2 1 1 1942 2079 3650 3643
4787 4 2 1 1 2529 2626 114 2780
4788 4 2 1 1 2450 3705 3704 2105
4789 4 2 1 1 2517 2456 2455 2459
4790 4 2 1 1 3668 2247 2655 3629
4791 4 2 1 1 3157 726 1155 2828
4792 4 2 1 1 2121 1908 2275 3179
4793 4 2 1 1 3635 3633 2017 3214
4794 4 2 1 1 2069 2066 3224 2067
4795 4 2 1 1 1065 258 1994 3250
4796 4 2 1 1 2450 2025 2295 3559
4797 4 2 1 1 2084 702 2101 961
4798 4 2 1 1 2015 2603 2017 2024
4799 4 2 1 1 2871 3199 374 3139
4800 4 2 1 1 2163 2159 2160 1188
4801 4 2 1 1 2078 2315 2542 2451
4802 4 2 1 1 3627 1898 1957 1918
4803 4 2 1 1 313 2464 314 311
4804 4 2 1 1 2603 2024 3214 2017
4805 4 2 1 1 3224 3223 2816 2425
4806 4 2 1 1 3668 3680 2655 2247
4807 4 2 1 1 2018 2013 3099 2901
4808 4 2 1 1 3206 3263 3192 2320
4809 4 2 1 1 662 661 663 2993
4810 4 2 1 1 662 3130 681 3036
4811 4 2 1 1 2428 1968 2429 2816
4812 4 2 1 1 892 3172 2581 1495
4813 4 2 1 1 2409 2753 1940 2224
4814 4 2 1 1 2086 2816 2743 2747
4815 4 2 1 1 1942 1957 3650 2010
4816 4 2 1 1 1421 1103 3607 3599
4817 4 2 1 1 1945 3644 2243 1943
4818 4 2 1 1 1938 1945 3625 3624
4819 4 2 1 1 3377 2082 3685 2094
4820 4 2 1 1 2081 3622 3623 1924
4821 4 2 1 1 3406 1600 3408 3508
4822 4 2 1 1 3421 3564 3562 2254
4823 4 2 1 1 2907 3701 2900 2013
4824 4 2 1 1 3626 1898 1918 2100
4825 4 2 1 1 358 946 921 2236
4826 4 2 1 1 3237 2431 1966 2761
4827 4 2 1 1 1916 2387 2415 2483
4828 4 2 1 1 1961 1956 1951 2426
4829 4 2 1 1 2414 2279 2426 2411
4830 4 2 1 1 2682 1971 2693 2694
4831 4 2 1 1 1595 1594 3497 1592
4832 4 2 1 1 1685 1630 3475 1658
4833 4 2 1 1 3675 1989 3672 3671
4834 4 2 1 1 621 2056 3105 3050
4835 4 2 1 1 3498 2094 3405 3508
4836 4 2 1 1 1765 3369 3366 3368
4837 4 2 1 1 3526 3377 3376 3420
4838 4 2 1 1 3242 3651 2083 1954
4839 4 2 1 1 2888 1549 1854 1730
4840 4 2 1 1 3480 1659 3574 3426
4841 4 2 1 1 2170 2973 3677 3765
4842 4 2 1 1 485 3030 2977 3041
4843 4 2 1 1 2976 2855 2978 1117
4844 4 2 1 1 3651 2315 2083 1954
4845 4 2 1 1 2565 775 2564 598
4846 4 2 1 1 3626 3630 2100 2083
4847 4 2 1 1 1267 1864 2757 1562
4848 4 2 1 1 3440 3549 1822 3581
4849 4 2 1 1 2180 3201 3404 3364
4850 4 2 1 1 1637 1822 3581 1672
4851 4 2 1 1 3126 3127 3149 3080
4852 4 2 1 1 3212 3057 3211 3154
4853 4 2 1 1 3023 2649 3003 2357
4854 4 2 1 1 2760 2321 2078 2083
4855 4 2 1 1 3630 3626 3225 2083
4856 4 2 1 1 1241 1215 2988 509
4857 4 2 1 1 2274 2562 2275 3178
4858 4 2 1 1 2434 2322 2411 1918
4859 4 2 1 1 1904 2843 2198 2194
4860 4 2 1 1 2081 3668 3669 3684
4861 4 2 1 1 977 221 2590 219
4862 4 2 1 1 3424 3549 3423 3420
4863 4 2 1 1 2873 2088 3139 2090
4864 4 2 1 1 1250 1275 1452 2871
4865 4 2 1 1 493 1066 3109 1317
4866 4 2 1 1 1711 3549 3448 1779
4867 4 2 1 1 2088 2073 2068 2312
4868 4 2 1 1 2541 890 2923 1434
4869 4 2 1 1 2745 2472 1430 928
4870 4 2 1 1 3279 3278 1569 3136
4871 4 2 1 1 3376 3377 3409 3420
4872 4 2 1 1 2381 2577 2853 2852
4873 4 2 1 1 1661 3318 3317 3401
4874 4 2 1 1 3549 3424 3448 3420
4875 4 2 1 1 3413 1769 1676 1660
4876 4 2 1 1 2048 2766 3732 3723
4877 4 2 1 1 2478 3246 2682 2784
4878 4 2 1 1 1355 694 527 2823
4879 4 2 1 1 3226 3246 3247 2784
4880 4 2 1 1 2609 2432 2758 2324
4881 4 2 1 1 2223 2388 2683 2784
4882 4 2 1 1 2232 2227 2798 2236
4883 4 2 1 1 1795 1794 3420 1779
4884 4 2 1 1 2537 2536 2466 2612
4885 4 2 1 1 2117 2124 3037 2557
4886 4 2 1 1 1919 1927 1928 2669
4887 4 2 1 1 2691 2121 2750 3177
4888 4 2 1 1 2688 2691 2690 2120
4889 4 2 1 1 2166 3462 3433 3393
4890 4 2 1 1 3763 2172 3768 3756
4891 4 2 1 1 3392 1703 1731 2905
4892 4 2 1 1 2499 3063 2807 3677
4893 4 2 1 1 2682 2223 2683 2784
4894 4 2 1 1 3246 3226 2783 2784
4895 4 2 1 1 727 1413 3258 2393
4896 4 2 1 1 3719 2841 2364 2673
4897 4 2 1 1 3064 2147 3711 3710
4898 4 2 1 1 2278 2277 2738 2089
4899 4 2 1 1 2245 3683 2655 2246
4900 4 2 1 1 2088 2074 3139 2312
4901 4 2 1 1 2562 2561 2816 2747
4902 4 2 1 1 2786 2281 2661 2904
4903 4 2 1 1 1296 3164 2355 2360
4904 4 2 1 1 2786 2840 2904 2134
4905 4 2 1 1 2870 1912 2505 2894
4906 4 2 1 1 727 2719 3258 1378
4907 4 2 1 1 306 966 505 2654
4908 4 2 1 1 2088 2095 2090 2873
4909 4 2 1 1 1011 2727 2743 2560
4910 4 2 1 1 2550 3664 2512 3081
4911 4 2 1 1 226 2208 2214 228
4912 4 2 1 1 1413 727 3258 1378
4913 4 2 1 1 3250 2208 1064 2206
4914 4 2 1 1 2318 696 905 1423
4915 4 2 1 1 3083 834 1423 1533
4916 4 2 1 1 716 2999 3266 2740
4917 4 2 1 1 2398 2397 2417 2400
4918 4 2 1 1 2836 2800 2249 2335
4919 4 2 1 1 1182 2836 652 600
4920 4 2 1 1 830 651 652 2249
4921 4 2 1 1 3260 2719 1408 3258
4922 4 2 1 1 3259 3260 1408 3258
4923 4 2 1 1 2701 3078 2685 2813
4924 4 2 1 1 762 1087 1320 2813
4925 4 2 1 1 134 135 2698 136
4926 4 2 1 1 145 1006 142 2339
4927 4 2 1 1 2613 538 707 2615
4928 4 2 1 1 896 947 1356 2657
4929 4 2 1 1 724 727 2393 1085
4930 4 2 1 1 2484 947 1083 2613
4931 4 2 1 1 947 1167 1083 2613
4932 4 2 1 1 784 1002 1521 3113
4933 4 2 1 1 880 881 1122 3269
4934 4 2 1 1 2670 880 1122 3269
4935 4 2 1 1 3555 3300 1654 3482
4936 4 2 1 1 2611 2670 3092 1159
4937 4 2 1 1 2789 2157 2791 2544
4938 4 2 1 1 2821 2106 3092 2611
4939 4 2 1 1 3003 2356 2662 2357
4940 4 2 1 1 2128 2474 2278 1923
4941 4 2 1 1 215 214 2371 213
4942 4 2 1 1 212 214 2371 224
4943 4 2 1 1 2987 509 1239 1240
4944 4 2 1 1 752 843 1383 2258
4945 4 2 1 1 541 1123 1323 2723
4946 4 2 1 1 2384 2341 2658 2339
4947 4 2 1 1 2566 141 2339 142
4948 4 2 1 1 2670 3297 2611 3092
4949 4 2 1 1 3176 3179 2275 1961
4950 4 2 1 1 3177 2580 3178 2579
4951 4 2 1 1 3130 662 664 2993
4952 4 2 1 1 3179 2750 3177 3178
4953 4 2 1 1 1091 1040 3138 1385
4954 4 2 1 1 3330 2152 3482 3324
4955 4 2 1 1 2869 2964 2385 2868
4956 4 2 1 1 2416 2880 1964 1965
4957 4 2 1 1 1699 3421 3536 3291
4958 4 2 1 1 2497 2405 3261 2407
4959 4 2 1 1 3421 1699 3414 3291
4960 4 2 1 1 3176 2788 2672 1961
4961 4 2 1 1 1699 1723 1698 3291
4962 4 2 1 1 2226 918 2395 1525
4963 4 2 1 1 2409 2753 1951 1940
4964 4 2 1 1 2118 2755 2116 2630
4965 4 2 1 1 2774 2 1256 1964
4966 4 2 1 1 1959 2997 2109 660
4967 4 2 1 1 2237 2235 2708 2236
4968 4 2 1 1 2788 3176 2721 2275
4969 4 2 1 1 1729 1696 1781 3431
4970 4 2 1 1 2421 2325 2437 2433
4971 4 2 1 1 2391 2430 2758 2324
4972 4 2 1 1 1171 2909 1048 1974
4973 4 2 1 1 2438 1541 120 1478
4974 4 2 1 1 3551 2991 3291 3200
4975 4 2 1 1 1813 3604 2438 2439
4976 4 2 1 1 2438 1431 968 3087
4977 4 2 1 1 2438 3604 1042 1041
4978 4 2 1 1 1850 3270 1555 1870
4979 4 2 1 1 3421 3556 3551 3291
4980 4 2 1 1 3604 2438 3028 1041
4981 4 2 1 1 2467 166 2187 2966
4982 4 2 1 1 3556 3421 3414 3291
4983 4 2 1 1 2732 3168 2054 1929
4984 4 2 1 1 1908 2121 2127 1953
4985 4 2 1 1 2829 2602 2021 2830
4986 4 2 1 1 3041 3766 2138 3767
4987 4 2 1 1 551 2551 553 1016
4988 4 2 1 1 1728 1696 1729 3431
4989 4 2 1 1 2539 3647 1938 2826
4990 4 2 1 1 2717 2374 2739 2246
4991 4 2 1 1 465 1188 950 2160
4992 4 2 1 1 2026 3619 2800 2330
4993 4 2 1 1 1626 3451 3378 1603
4994 4 2 1 1 2161 3744 2063 3745
4995 4 2 1 1 2025 2450 3704 2105
4996 4 2 1 1 3010 2642 2751 297
4997 4 2 1 1 2249 2800 2250 2491
4998 4 2 1 1 1186 3279 1390 854
4999 4 2 1 1 2701 427 523 1173
5000 4 2 1 1 3056 1384 909 3302
5001 4 2 1 1 2830 3108 2608 2016
5002 4 2 1 1 2606 2015 3017 2941
5003 4 2 1 1 2558 413 2297 2817
5004 4 2 1 1 3115 2351 2956 2615
5005 4 2 1 1 2015 2606 3017 2608
5006 4 2 1 1 2818 408 2297 409
5007 4 2 1 1 2677 2539 1938 2826
5008 4 2 1 1 2050 2224 2683 2784
5009 4 2 1 1 2136 1920 1940 2240
5010 4 2 1 1 2239 1920 2414 2240
5011 4 2 1 1 2233 2533 2708 2236
5012 4 2 1 1 2300 2299 2448 2447
5013 4 2 1 1 1913 2135 2625 2127
5014 4 2 1 1 2242 3638 3640 3636
5015 4 2 1 1 3633 3634 3635 1932
5016 4 2 1 1 2712 2500 3150 2498
5017 4 2 1 1 1728 3274 1696 3431
5018 4 2 1 1 2070 2706 3236 2451
5019 4 2 1 1 2854 3053 3302 909
5020 4 2 1 1 3056 2854 3302 909
5021 4 2 1 1 1209 1862 3431 2306
5022 4 2 1 1 3422 1645 3485 3412
5023 4 2 1 1 3580 3352 3331 2597
5024 4 2 1 1 3326 1705 3055 3313
5025 4 2 1 1 552 551 616 2551
5026 4 2 1 1 2022 2514 2645 2516
5027 4 2 1 1 401 2378 2639 403
5028 4 2 1 1 2921 2920 2262 2958
5029 4 2 1 1 2525 3067 1407 733
5030 4 2 1 1 1887 3071 3069 1565
5031 4 2 1 1 1248 1072 2493 488
5032 4 2 1 1 104 1058 1254 3277
5033 4 2 1 1 2220 2047 3313 2217
5034 4 2 1 1 2162 3759 3760 3691
5035 4 2 1 1 2701 1173 1174 437
5036 4 2 1 1 2844 2932 3145 3146
5037 4 2 1 1 2047 2220 3313 3323
5038 4 2 1 1 3305 3312 3313 1705
5039 4 2 1 1 2231 3198 3189 2035
5040 4 2 1 1 2538 2260 2644 3646
5041 4 2 1 1 2377 757 756 1235
5042 4 2 1 1 388 2920 2261 1034
5043 4 2 1 1 3740 2154 3738 3207
5044 4 2 1 1 2154 2521 2093 3681
5045 4 2 1 1 3301 3305 3313 1705
5046 4 2 1 1 1677 1831 1705 3313
5047 4 2 1 1 804 845 1113 2789
5048 4 2 1 1 1831 1677 3319 3313
5049 4 2 1 1 2832 2638 2516 2817
5050 4 2 1 1 1227 2376 2375 758
5051 4 2 1 1 2376 1307 2817 2818
5052 4 2 1 1 2899 1105 2901 846
5053 4 2 1 1 971 839 840 2353
5054 4 2 1 1 2340 3193 2346 149
5055 4 2 1 1 3611 1992 1987 3678
5056 4 2 1 1 1862 1209 3431 3269
5057 4 2 1 1 2124 3038 2125 3177
5058 4 2 1 1 2239 2414 2415 2411
5059 4 2 1 1 1913 2691 2557 3177
5060 4 2 1 1 2270 2748 2559 2120
5061 4 2 1 1 3330 1649 3324 1664
5062 4 2 1 1 1476 3049 3235 2646
5063 4 2 1 1 3020 3213 2600 2618
5064 4 2 1 1 2881 2771 2882 3125
5065 4 2 1 1 170 2187 167 3088
5066 4 2 1 1 3494 3336 3324 1828
5067 4 2 1 1 761 2303 2966 2375
5068 4 2 1 1 3336 3325 3324 1828
5069 4 2 1 1 705 2814 626 603
5070 4 2 1 1 1828 1681 3324 1664
5071 4 2 1 1 3031 2642 3652 3655
5072 4 2 1 1 3535 3094 2065 2589
5073 4 2 1 1 3325 1681 3324 1828
5074 4 2 1 1 2613 2484 2614 2615
5075 4 2 1 1 204 207 1001 2486
5076 4 2 1 1 2441 1904 2200 2494
5077 4 2 1 1 2737 2278 2625 2738
5078 4 2 1 1 2281 2285 2282 2661
5079 4 2 1 1 2374 2717 2372 2246
5080 4 2 1 1 2089 2738 2473 2097
5081 4 2 1 1 2450 3403 3343 2105
5082 4 2 1 1 2637 398 2552 399
5083 4 2 1 1 2863 3702 3180 3703
5084 4 2 1 1 2052 2037 2911 2779
5085 4 2 1 1 1828 1664 3324 1683
5086 4 2 1 1 1927 2449 3185 1899
5087 4 2 1 1 1209 881 3431 3269
5088 4 2 1 1 2539 3647 2612 2468
5089 4 2 1 1 2616 2618 3255 2302
5090 4 2 1 1 2036 3197 3198 2802
5091 4 2 1 1 3494 1828 3324 1683
5092 4 2 1 1 2303 2966 3088 865
5093 4 2 1 1 2738 2737 2089 2735
5094 4 2 1 1 2656 2716 2090 2654
5095 4 2 1 1 3046 2722 3047 3117
5096 4 2 1 1 2596 3590 3335 3591
5097 4 2 1 1 2713 2464 311 2654
5098 4 2 1 1 314 2464 447 1078
5099 4 2 1 1 2504 1332 2636 2505
5100 4 2 1 1 2624 2709 2096 2625
5101 4 2 1 1 2124 2125 2557 3177
5102 4 2 1 1 3049 2840 1476 3039
5103 4 2 1 1 1920 2239 1940 2240
5104 4 2 1 1 2442 2441 2447 2200
5105 4 2 1 1 2999 2386 3266 2740
5106 4 2 1 1 2825 2053 2317 3640
5107 4 2 1 1 326 1055 2890 525
5108 4 2 1 1 3593 2596 3335 3591
5109 4 2 1 1 2124 2117 3038 1935
5110 4 2 1 1 3347 1584 3346 1771
5111 4 2 1 1 2911 2779 2802 3029
5112 4 2 1 1 2053 2052 2346 2317
5113 4 2 1 1 2299 2467 2448 2466
5114 4 2 1 1 1377 881 3431 1209
5115 4 2 1 1 694 1395 2824 2823
5116 4 2 1 1 3342 1584 1760 3346
5117 4 2 1 1 2245 3209 2372 3047
5118 4 2 1 1 2880 2416 2395 2398
5119 4 2 1 1 3345 3342 3346 1584
5120 4 2 1 1 1040 991 3138 1385
5121 4 2 1 1 21 2391 22 117
5122 4 2 1 1 20 2430 21 945
5123 4 2 1 1 2497 2391 2758 2324
5124 4 2 1 1 3550 3476 3525 2963
5125 4 2 1 1 2464 2654 2773 2729
5126 4 2 1 1 2616 3154 3254 3218
5127 4 2 1 1 2073 2816 2773 2087
5128 4 2 1 1 3630 3140 3225 1906
5129 4 2 1 1 3140 2311 3225 1906
5130 4 2 1 1 255 1143 245 2005
5131 4 2 1 1 2741 1502 2535 997
5132 4 2 1 1 2529 856 1447 1503
5133 4 2 1 1 115 940 939 2535
5134 4 2 1 1 3063 2741 2535 2807
5135 4 2 1 1 3679 3065 3710 2138
5136 4 2 1 1 2396 1946 2993 2949
5137 4 2 1 1 2707 973 1441 3128
5138 4 2 1 1 2880 2401 2395 1964
5139 4 2 1 1 3347 3345 3346 1584
5140 4 2 1 1 1814 1715 1815 3357
5141 4 2 1 1 350 2532 349 351
5142 4 2 1 1 2482 1916 2320 2410
5143 4 2 1 1 815 2759 18 1338
5144 4 2 1 1 2774 3089 2 1964
5145 4 2 1 1 3052 2394 2407 1950
5146 4 2 1 1 1715 3362 1815 3357
5147 4 2 1 1 1715 1772 3397 3357
5148 4 2 1 1 1772 1715 1814 3357
5149 4 2 1 1 1942 3615 3638 2041
5150 4 2 1 1 1901 1942 1917 3638
5151 4 2 1 1 2445 2856 2675 2189
5152 4 2 1 1 3520 2458 3442 3566
5153 4 2 1 1 1715 3505 3357 3397
5154 4 2 1 1 3137 3194 3187 3131
5155 4 2 1 1 1395 694 2824 696
5156 4 2 1 1 2223 2230 2388 2229
5157 4 2 1 1 3362 3505 3357 1715
5158 4 2 1 1 2232 2796 2798 3103
5159 4 2 1 1 1881 3303 3603 1819
5160 4 2 1 1 2044 2045 2141 2339
5161 4 2 1 1 2935 2506 3065 3767
5162 4 2 1 1 1105 948 2899 2907
5163 4 2 1 1 849 2903 847 850
5164 4 2 1 1 1376 2818 2907 409
5165 4 2 1 1 420 1105 3099 1416
5166 4 2 1 1 3368 1689 3372 1775
5167 4 2 1 1 3380 3455 3379 3592
5168 4 2 1 1 2832 2514 2515 2020
5169 4 2 1 1 1902 2870 2133 1913
5170 4 2 1 1 2136 2238 2708 2533
5171 4 2 1 1 3219 2649 2618 1900
5172 4 2 1 1 654 2840 2904 2786
5173 4 2 1 1 1532 980 3195 2989
5174 4 2 1 1 2304 3182 3149 3043
5175 4 2 1 1 3315 3334 2597 3592
5176 4 2 1 1 2592 1468 1247 2593
5177 4 2 1 1 2380 2818 2907 2379
5178 4 2 1 1 2866 2151 3163 3280
5179 4 2 1 1 2867 2256 2878 3736
5180 4 2 1 1 2151 2985 3163 3467
5181 4 2 1 1 3649 3648 2644 2262
5182 4 2 1 1 3161 2903 1437 1243
5183 4 2 1 1 3315 3380 3320 3592
5184 4 2 1 1 3380 3331 3592 2597
5185 4 2 1 1 1325 2380 2553 2819
5186 4 2 1 1 2865 643 581 868
5187 4 2 1 1 3314 3315 3592 3334
5188 4 2 1 1 2472 1430 928 1060
5189 4 2 1 1 2066 1025 2828 2070
5190 4 2 1 1 2737 2953 2734 3014
5191 4 2 1 1 3380 3315 2597 3592
5192 4 2 1 1 449 518 3199 517
5193 4 2 1 1 258 1065 1063 3250
5194 4 2 1 1 478 2101 961 723
5195 4 2 1 1 221 219 220 2590
5196 4 2 1 1 3307 2219 3305 3308
5197 4 2 1 1 3165 2592 2724 2725
5198 4 2 1 1 3472 3473 3565 3365
5199 4 2 1 1 2167 2220 3401 3317
5200 4 2 1 1 1703 3426 2905 3394
5201 4 2 1 1 2593 1468 1247 1526
5202 4 2 1 1 971 2354 2919 1298
5203 4 2 1 1 3305 2219 2217 3313
5204 4 2 1 1 2888 2906 1731 2905
5205 4 2 1 1 3473 3472 3390 3365
5206 4 2 1 1 3569 1787 3365 3456
5207 4 2 1 1 1762 3472 3365 3390
5208 4 2 1 1 3176 2271 2436 2273
5209 4 2 1 1 3122 544 2895 2267
5210 4 2 1 1 1552 39 1463 799
5211 4 2 1 1 3390 3584 3354 1588
5212 4 2 1 1 2172 2220 3481 3768
5213 4 2 1 1 3402 3480 3606 1702
5214 4 2 1 1 1866 6 1463 1
5215 4 2 1 1 1120 44 1119 1551
5216 4 2 1 1 3347 3583 1771 3354
5217 4 2 1 1 3115 3579 2614 2956
5218 4 2 1 1 3402 1644 3401 3480
5219 4 2 1 1 2701 3078 2955 2956
5220 4 2 1 1 1713 2916 3607 3464
5221 4 2 1 1 2903 3161 1437 3599
5222 4 2 1 1 2394 3052 2928 3192
5223 4 2 1 1 3176 2274 2721 2275
5224 4 2 1 1 991 1040 3138 2927
5225 4 2 1 1 1953 3038 2126 1951
5226 4 2 1 1 2692 3228 2694 3262
5227 4 2 1 1 3686 1996 3666 3698
5228 4 2 1 1 2510 3063 1991 3677
5229 4 2 1 1 3666 3665 3663 1999
5230 4 2 1 1 1784 3318 3401 3379
5231 4 2 1 1 2681 3664 3699 2470
5232 4 2 1 1 372 1025 2313 2070
5233 4 2 1 1 2529 2540 1315 601
5234 4 2 1 1 1784 1644 3401 1661
5235 4 2 1 1 280 291 1179 3033
5236 4 2 1 1 3506 2183 3357 3397
5237 4 2 1 1 3318 1784 3401 1661
5238 4 2 1 1 1992 3771 3772 3769
5239 4 2 1 1 2964 916 734 917
5240 4 2 1 1 3435 3557 3434 2914
5241 4 2 1 1 2964 2994 2995 2962
5242 4 2 1 1 441 1156 2984 440
5243 4 2 1 1 3748 1978 3442 2458
5244 4 2 1 1 3024 1156 1154 1290
5245 4 2 1 1 3024 585 1290 788
5246 4 2 1 1 2742 3063 2973 3065
5247 4 2 1 1 2975 3030 679 2972
5248 4 2 1 1 3481 2165 3768 3427
5249 4 2 1 1 2973 2975 3765 2170
5250 4 2 1 1 2252 2173 3765 3764
5251 4 2 1 1 3338 3403 3343 3486
5252 4 2 1 1 3030 2506 475 484
5253 4 2 1 1 2506 474 475 484
5254 4 2 1 1 1670 3476 1636 3415
5255 4 2 1 1 592 636 637 2926
5256 4 2 1 1 585 3024 2915 788
5257 4 2 1 1 3687 3685 1999 2094
5258 4 2 1 1 2337 2964 2995 2962
5259 4 2 1 1 1749 1861 3200 1559
5260 4 2 1 1 1692 1693 3496 3412
5261 4 2 1 1 3468 3523 3509 1615
5262 4 2 1 1 2991 3292 3200 1412
5263 4 2 1 1 1156 441 2984 500
5264 4 2 1 1 3134 3190 3007 3558
5265 4 2 1 1 996 2179 1462 1397
5266 4 2 1 1 3005 2926 572 591
5267 4 2 1 1 1193 2587 887 1308
5268 4 2 1 1 1692 1645 1693 3412
5269 4 2 1 1 1095 2925 2926 638
5270 4 2 1 1 2011 2000 2174 3375
5271 4 2 1 1 3086 3085 2527 2933
5272 4 2 1 1 3466 3463 3464 3563
5273 4 2 1 1 3751 2294 2295 3750
5274 4 2 1 1 1982 3466 2350 3464
5275 4 2 1 1 3609 2103 1218 3299
5276 4 2 1 1 3410 1607 1609 3489
5277 4 2 1 1 2917 93 1543 1102
5278 4 2 1 1 1391 764 2355 1296
5279 4 2 1 1 2281 3074 2661 3061
5280 4 2 1 1 2843 2198 2696 3043
5281 4 2 1 1 2829 2830 2021 2600
5282 4 2 1 1 1391 1296 2355 2360
5283 4 2 1 1 2293 2289 1903 2291
5284 4 2 1 1 3461 1616 1613 3460
5285 4 2 1 1 1710 3356 1789 1801
5286 4 2 1 1 3377 3553 3438 2082
5287 4 2 1 1 918 919 3013 634
5288 4 2 1 1 2126 1920 2240 2137
5289 4 2 1 1 3104 2876 2798 3103
5290 4 2 1 1 1927 3023 3620 1900
5291 4 2 1 1 2786 2661 2134 2904
5292 4 2 1 1 573 3164 1185 763
5293 4 2 1 1 497 3039 3004 3021
5294 4 2 1 1 1611 3501 1613 3460
5295 4 2 1 1 1611 3501 3460 3507
5296 4 2 1 1 2641 2465 2250 2491
5297 4 2 1 1 3561 2413 3507 3438
5298 4 2 1 1 3457 3356 3496 1801
5299 4 2 1 1 2660 2965 2623 2622
5300 4 2 1 1 3209 977 219 994
5301 4 2 1 1 3045 2734 2736 2735
5302 4 2 1 1 3384 2914 3434 3602
5303 4 2 1 1 3384 3435 3434 2914
5304 4 2 1 1 3582 1824 1825 3597
5305 4 2 1 1 1671 3414 3434 3415
5306 4 2 1 1 3435 1671 3434 3415
5307 4 2 1 1 1787 1666 3456 1803
5308 4 2 1 1 3582 1675 3453 1863
5309 4 2 1 1 2438 1541 2439 3597
5310 4 2 1 1 2438 3597 2439 3087
5311 4 2 1 1 3488 1803 3569 3456
5312 4 2 1 1 247 232 2212 1194
5313 4 2 1 1 3410 1803 3488 3456
5314 4 2 1 1 1666 3410 3456 1803
5315 4 2 1 1 2858 746 712 564
5316 4 2 1 1 2792 2161 3744 2063
5317 4 2 1 1 1855 1389 1537 63
5318 4 2 1 1 2834 2641 2751 3743
5319 4 2 1 1 3369 2062 2060 3368
5320 4 2 1 1 3429 3546 1979 3572
5321 4 2 1 1 3410 1666 3456 3430
5322 4 2 1 1 1233 3008 1333 867
5323 4 2 1 1 3153 2584 2764 2053
5324 4 2 1 1 2417 2397 2708 2235
5325 4 2 1 1 2233 2532 2185 351
5326 4 2 1 1 1978 3748 3442 3742
5327 4 2 1 1 1666 3457 3456 3430
5328 4 2 1 1 3198 2231 3189 2824
5329 4 2 1 1 1978 2458 3566 3442
5330 4 2 1 1 1938 2446 2242 2196
5331 4 2 1 1 2825 2677 2231 1921
5332 4 2 1 1 93 69 1848 4
5333 4 2 1 1 629 707 2615 792
5334 4 2 1 1 2903 3160 3159 3599
5335 4 2 1 1 1556 3599 1874 3607
5336 4 2 1 1 1981 3542 2614 3271
5337 4 2 1 1 1666 1607 1609 3410
5338 4 2 1 1 1781 3280 3431 3467
5339 4 2 1 1 2613 1981 2685 2614
5340 4 2 1 1 3127 3079 3125 3080
5341 4 2 1 1 2202 3104 3143 3142
5342 4 2 1 1 3432 1978 3566 3442
5343 4 2 1 1 753 2881 613 741
5344 4 2 1 1 3020 3023 2618 3003
5345 4 2 1 1 2677 2202 2231 1921
5346 4 2 1 1 3137 691 3141 3131
5347 4 2 1 1 3399 1978 3432 3442
5348 4 2 1 1 2301 2617 2447 2812
5349 4 2 1 1 973 2628 349 347
5350 4 2 1 1 1781 1673 3280 3467
5351 4 2 1 1 1696 1673 1781 3467
5352 4 2 1 1 1781 3269 3431 3280
5353 4 2 1 1 1266 3187 1265 190
5354 4 2 1 1 2667 2133 2440 2894
5355 4 2 1 1 2986 3274 3431 3287
5356 4 2 1 1 2811 170 1096 171
5357 4 2 1 1 3027 3049 3022 2356
5358 4 2 1 1 2695 3148 3042 3043
5359 4 2 1 1 2442 2495 3020 2494
5360 4 2 1 1 2198 3148 3043 3149
5361 4 2 1 1 1316 1206 2422 3221
5362 4 2 1 1 1816 3598 3609 3478
5363 4 2 1 1 3543 1816 3609 3478
5364 4 2 1 1 3545 1700 3478 3598
5365 4 2 1 1 3545 3479 3478 1700
5366 4 2 1 1 2522 597 2828 641
5367 4 2 1 1 2637 2256 2863 3702
5368 4 2 1 1 3644 2412 3645 2042
5369 4 2 1 1 3615 1942 3645 2041
5370 4 2 1 1 1700 1816 3478 3598
5371 4 2 1 1 1208 405 2379 410
5372 4 2 1 1 3706 2023 3704 3635
5373 4 2 1 1 3723 2263 3734 3732
5374 4 2 1 1 3315 2047 3731 2596
5375 4 2 1 1 1949 2672 1965 2418
5376 4 2 1 1 2201 2442 2200 2669
5377 4 2 1 1 2684 2688 2965 2111
5378 4 2 1 1 1949 2397 2417 2398
5379 4 2 1 1 3248 3158 3247 2784
5380 4 2 1 1 2267 1973 2273 2835
5381 4 2 1 1 3369 3399 3432 3442
5382 4 2 1 1 2009 2012 3387 3674
5383 4 2 1 1 2587 731 1179 3033
5384 4 2 1 1 1711 3549 3440 3375
5385 4 2 1 1 1816 1700 3478 1799
5386 4 2 1 1 2150 280 3034 3033
5387 4 2 1 1 3363 2176 3514 3374
5388 4 2 1 1 2620 2179 1867 3273
5389 4 2 1 1 1711 3549 1822 3440
5390 4 2 1 1 3270 1717 1870 2619
5391 4 2 1 1 3560 2000 3448 3511
5392 4 2 1 1 177 182 2327 3026
5393 4 2 1 1 2358 1919 2286 2662
5394 4 2 1 1 1913 2870 2133 2894
5395 4 2 1 1 3023 2649 2618 3003
5396 4 2 1 1 2416 2394 2407 2418
5397 4 2 1 1 852 2430 2431 1432
5398 4 2 1 1 787 1321 1249 2923
5399 4 2 1 1 2424 2421 2422 1316
5400 4 2 1 1 2428 2815 2816 2743
5401 4 2 1 1 2928 1956 3192 1972
5402 4 2 1 1 3237 852 2431 1432
5403 4 2 1 1 2414 2410 2415 2411
5404 4 2 1 1 2478 2692 3166 2694
5405 4 2 1 1 2387 3263 2320 1916
5406 4 2 1 1 1607 1608 3489 3522
5407 4 2 1 1 2040 1937 2045 3640
5408 4 2 1 1 148 2343 146 1097
5409 4 2 1 1 2044 2033 2052 2346
5410 4 2 1 1 3647 3639 2317 1944
5411 4 2 1 1 2349 2765 1944 2317
5412 4 2 1 1 3567 1635 3537 3463
5413 4 2 1 1 2255 2364 2673 2368
5414 4 2 1 1 3171 663 2948 2993
5415 4 2 1 1 2533 2237 2708 2236
5416 4 2 1 1 1358 3203 873 664
5417 4 2 1 1 2126 3038 3037 1947
5418 4 2 1 1 2554 333 2505 334
5419 4 2 1 1 1608 1620 3537 1635
5420 4 2 1 1 2997 658 2998 3174
5421 4 2 1 1 893 1010 2890 3147
5422 4 2 1 1 892 1446 2891 3156
5423 4 2 1 1 2599 2591 828 686
5424 4 2 1 1 1635 3524 3537 3463
5425 4 2 1 1 2724 2723 2571 3040
5426 4 2 1 1 1979 3546 3445 3537
5427 4 2 1 1 3445 1608 3522 3537
5428 4 2 1 1 1608 3489 3522 3537
5429 4 2 1 1 2060 3694 2094 2178
5430 4 2 1 1 2060 3400 2094 2458
5431 4 2 1 1 3322 1578 3321 3306
5432 4 2 1 1 1105 1443 2901 846
5433 4 2 1 1 416 3108 2297 417
5434 4 2 1 1 3517 1788 3532 3493
5435 4 2 1 1 1681 3325 3324 3309
5436 4 2 1 1 3694 2060 2094 2458
5437 4 2 1 1 3297 2670 3283 3092
5438 4 2 1 1 2018 2025 2017 3099
5439 4 2 1 1 3479 1656 1799 1700
5440 4 2 1 1 3591 3593 3328 1577
5441 4 2 1 1 1524 1410 3277 736
5442 4 2 1 1 1596 1597 1595 3500
5443 4 2 1 1 3296 2970 3295 3595
5444 4 2 1 1 1868 2419 3294 2653
5445 4 2 1 1 3286 3285 1752 1708
5446 4 2 1 1 687 794 2960 854
5447 4 2 1 1 2147 3712 2918 2575
5448 4 2 1 1 3333 3315 3335 3332
5449 4 2 1 1 3312 1751 3306 3321
5450 4 2 1 1 3729 2595 3727 2367
5451 4 2 1 1 2733 3589 3339 3591
5452 4 2 1 1 3439 3326 3277 3054
5453 4 2 1 1 3729 3722 3731 2596
5454 4 2 1 1 3345 1756 3339 3342
5455 4 2 1 1 2697 2702 2386 2806
5456 4 2 1 1 3333 3329 3341 2597
5457 4 2 1 1 2048 1945 3639 3724
5458 4 2 1 1 1754 3314 3332 3335
5459 4 2 1 1 3319 2220 3320 3323
5460 4 2 1 1 3403 1777 3437 3422
5461 4 2 1 1 2152 3327 3324 3309
5462 4 2 1 1 2219 3308 3306 3305
5463 4 2 1 1 2025 2018 3477 3493
5464 4 2 1 1 2603 2022 3213 2600
5465 4 2 1 1 2026 3709 3656 3707
5466 4 2 1 1 3378 3373 3400 2060
5467 4 2 1 1 3520 2458 2131 3500
5468 4 2 1 1 2922 2541 2769 2542
5469 4 2 1 1 3407 3451 3408 2178
5470 4 2 1 1 2913 3012 3386 2012
5471 4 2 1 1 3529 3399 3566 3398
5472 4 2 1 1 3406 3451 3400 2178
5473 4 2 1 1 3560 2000 3513 2178
5474 4 2 1 1 3487 1589 1590 3584
5475 4 2 1 1 2973 3065 3677 2138
5476 4 2 1 1 1593 3534 1590 3350
5477 4 2 1 1 1615 3523 1613 1614
5478 4 2 1 1 3498 1596 1595 3500
5479 4 2 1 1 3513 3450 3452 3453
5480 4 2 1 1 3034 3672 3033 2009
5481 4 2 1 1 3659 3613 3670 3610
5482 4 2 1 1 2465 1257 2640 246
5483 4 2 1 1 2488 2489 2491 2640
5484 4 2 1 1 2154 3740 3742 2063
5485 4 2 1 1 1925 3473 2131 3497
5486 4 2 1 1 2128 2474 1923 2739
5487 4 2 1 1 1942 1901 1917 1922
5488 4 2 1 1 3355 3634 2450 2243
5489 4 2 1 1 3411 3488 3522 2294
5490 4 2 1 1 3568 3115 2615 2916
5491 4 2 1 1 1901 1938 3624 3638
5492 4 2 1 1 2253 2961 3771 2962
5493 4 2 1 1 2990 3556 2253 3672
5494 4 2 1 1 2172 2138 3765 2142
5495 4 2 1 1 3024 2102 2915 3551
5496 4 2 1 1 3414 3556 3200 3434
5497 4 2 1 1 3359 2183 3360 3474
5498 4 2 1 1 2869 1725 2385 1856
5499 4 2 1 1 3425 1685 1686 3367
5500 4 2 1 1 3367 3458 3368 1687
5501 4 2 1 1 3709 3707 2335 3656
5502 4 2 1 1 3429 3428 3445 3572
5503 4 2 1 1 465 2159 2163 1188
5504 4 2 1 1 3501 3316 3459 3573
5505 4 2 1 1 3396 2166 3393 3596
5506 4 2 1 1 3506 2183 3397 2166
5507 4 2 1 1 1663 3436 3397 3396
5508 4 2 1 1 2951 2931 2846 2849
5509 4 2 1 1 1597 3499 1595 3500
5510 4 2 1 1 3407 3450 3511 1653
5511 4 2 1 1 3560 3407 3511 1653
5512 4 2 1 1 2887 738 2978 3605
5513 4 2 1 1 3608 1651 3276 3371
5514 4 2 1 1 3454 2059 3513 3518
5515 4 2 1 1 3571 2177 3028 3585
5516 4 2 1 1 2790 2544 2549 2545
5517 4 2 1 1 3571 3512 3513 3453
5518 4 2 1 1 3017 3016 2938 2941
5519 4 2 1 1 2026 2800 3656 3709
5520 4 2 1 1 899 1345 3015 2350
5521 4 2 1 1 3542 3429 1979 3572
5522 4 2 1 1 3470 3543 2013 3493
5523 4 2 1 1 3490 3524 3463 3466
5524 4 2 1 1 1655 1653 1668 3511
5525 4 2 1 1 1989 3675 2008 3671
5526 4 2 1 1 3476 1637 1623 3525
5527 4 2 1 1 3424 3516 3525 2963
5528 4 2 1 1 1776 1622 1615 3509
5529 4 2 1 1 1670 1637 3547 1672
5530 4 2 1 1 3536 1699 3291 1723
5531 4 2 1 1 1690 1668 3511 3375
5532 4 2 1 1 2596 3722 3731 3724
5533 4 2 1 1 3347 1585 3583 3587
5534 4 2 1 1 2733 3337 2105 3343
5535 4 2 1 1 1653 1668 3511 1690
5536 4 2 1 1 3457 1932 3365 3456
5537 4 2 1 1 3448 1711 1779 1690
5538 4 2 1 1 3483 3428 3522 3429
5539 4 2 1 1 3534 3487 1925 3561
5540 4 2 1 1 1600 3400 1603 1599
5541 4 2 1 1 3074 573 456 3113
5542 4 2 1 1 3499 1597 1598 3544
5543 4 2 1 1 2165 3395 3575 2166
5544 4 2 1 1 3510 2254 2963 1988
5545 4 2 1 1 2922 3662 3076 3660
5546 4 2 1 1 2991 1134 1353 704
5547 4 2 1 1 1626 3378 1778 1603
5548 4 2 1 1 3535 3458 3367 1686
5549 4 2 1 1 3399 3432 3566 3398
5550 4 2 1 1 1620 3524 3537 1635
5551 4 2 1 1 3620 3753 3617 2130
5552 4 2 1 1 1927 3020 1900 1899
5553 4 2 1 1 1932 2450 3559 3496
5554 4 2 1 1 3429 3483 2294 3522
5555 4 2 1 1 3492 3484 2295 3430
5556 4 2 1 1 2515 3702 2020 2054
5557 4 2 1 1 2027 2015 3492 2295
5558 4 2 1 1 3271 1981 2657 2614
5559 4 2 1 1 1547 1732 1976 1844
5560 4 2 1 1 1981 2613 2657 2614
5561 4 2 1 1 2024 3633 2017 2295
5562 4 2 1 1 3366 3400 2060 3442
5563 4 2 1 1 3499 3500 2131 3497
5564 4 2 1 1 3746 1928 3747 3618
5565 4 2 1 1 2170 3677 2142 3765
5566 4 2 1 1 3669 3663 3629 1999
5567 4 2 1 1 3546 1635 3445 3537
5568 4 2 1 1 1942 3644 1943 1957
5569 4 2 1 1 1618 3443 1624 3474
5570 4 2 1 1 3421 3536 3361 1724
5571 4 2 1 1 1806 1776 1821 3562
5572 4 2 1 1 2169 2166 2142 3765
5573 4 2 1 1 2980 2991 703 3073
5574 4 2 1 1 1979 3429 3522 3445
5575 4 2 1 1 3429 1979 3522 2294
5576 4 2 1 1 3392 3538 1832 1826
5577 4 2 1 1 1131 2888 1854 3272
5578 4 2 1 1 1703 3392 1826 3394
5579 4 2 1 1 3499 3473 3565 3497
5580 4 2 1 1 3329 3333 3341 3344
5581 4 2 1 1 2847 2412 3351 3341
5582 4 2 1 1 3071 1744 1565 1887
5583 4 2 1 1 57 1879 1008 1341
5584 4 2 1 1 3447 3446 3555 3471
5585 4 2 1 1 3275 3304 3069 1745
5586 4 2 1 1 3446 1648 3555 3471
5587 4 2 1 1 1407 3071 3070 2461
5588 4 2 1 1 1407 816 2461 3105
5589 4 2 1 1 1859 121 3603 1456
5590 4 2 1 1 3028 2177 3087 3585
5591 4 2 1 1 2059 3762 3086 3518
5592 4 2 1 1 1189 1190 3050 3146
5593 4 2 1 1 1190 548 3050 2932
5594 4 2 1 1 3446 3447 3485 3471
5595 4 2 1 1 2292 2249 2330 2328
5596 4 2 1 1 1897 3749 3618 3617
5597 4 2 1 1 2315 2314 2083 2078
5598 4 2 1 1 3619 3653 3752 2026
5599 4 2 1 1 2129 1897 2490 2155
5600 4 2 1 1 3653 2250 2491 1980
5601 4 2 1 1 2717 3683 3632 2374
5602 4 2 1 1 2922 2543 3659 3660
5603 4 2 1 1 3512 3450 3513 3453
5604 4 2 1 1 2216 2090 1907 2087
5605 4 2 1 1 2321 2077 2078 2083
5606 4 2 1 1 1796 1667 3570 3376
5607 4 2 1 1 2342 2475 1933 3240
5608 4 2 1 1 3513 3454 3518 3453
5609 4 2 1 1 3454 3513 3452 3453
5610 4 2 1 1 2143 2342 2806 2386
5611 4 2 1 1 2741 940 2535 1502
5612 4 2 1 1 1915 2760 3236 2071
5613 4 2 1 1 3115 3568 3563 2916
5614 4 2 1 1 3612 3627 1957 1918
5615 4 2 1 1 2172 3575 3481 3503
5616 4 2 1 1 916 2869 935 1405
5617 4 2 1 1 3675 2003 2008 3673
5618 4 2 1 1 2314 2080 2083 2078
5619 4 2 1 1 3487 3528 1592 3497
5620 4 2 1 1 3034 2102 2009 3557
5621 4 2 1 1 1807 1612 3459 3573
5622 4 2 1 1 3370 2180 3581 3387
5623 4 2 1 1 3385 3384 3386 3387
5624 4 2 1 1 3024 585 2915 2845
5625 4 2 1 1 2895 2561 2273 2267
5626 4 2 1 1 2089 3018 2087 2729
5627 4 2 1 1 2457 1897 2155 3749
5628 4 2 1 1 3745 2492 2155 2687
5629 4 2 1 1 306 2656 307 2654
5630 4 2 1 1 2208 2209 2247 2214
5631 4 2 1 1 2722 3116 3195 3117
5632 4 2 1 1 2154 3694 3695 3684
5633 4 2 1 1 2336 2526 2586 2175
5634 4 2 1 1 3687 3695 3688 2178
5635 4 2 1 1 2517 2519 2687 2459
5636 4 2 1 1 3733 1945 2048 3724
5637 4 2 1 1 2489 2159 2640 246
5638 4 2 1 1 3342 1767 3486 1760
5639 4 2 1 1 1932 3411 3430 2295
5640 4 2 1 1 2637 3702 2863 3703
5641 4 2 1 1 2219 2954 3264 3595
5642 4 2 1 1 142 2566 143 2339
5643 4 2 1 1 3756 3730 2046 3731
5644 4 2 1 1 2165 2940 2846 3765
5645 4 2 1 1 1678 1648 3471 3533
5646 4 2 1 1 1891 1564 920 30
5647 4 2 1 1 2263 2152 2985 3736
5648 4 2 1 1 3322 1575 3328 1577
5649 4 2 1 1 3723 2766 3725 3721
5650 4 2 1 1 1480 838 872 2971
5651 4 2 1 1 3729 2219 2595 2367
5652 4 2 1 1 3726 2969 2367 3727
5653 4 2 1 1 2726 2968 1247 1444
5654 4 2 1 1 2219 3307 2954 3595
5655 4 2 1 1 584 508 2852 487
5656 4 2 1 1 2822 2611 2553 708
5657 4 2 1 1 1781 1729 3269 1544
5658 4 2 1 1 1601 1598 3544 1602
5659 4 2 1 1 3378 3400 1778 1603
5660 4 2 1 1 2412 2132 1925 3584
5661 4 2 1 1 3630 2091 2100 2083
5662 4 2 1 1 1919 2135 2669 2128
5663 4 2 1 1 3447 3702 2152 2105
5664 4 2 1 1 1996 3252 3690 3688
5665 4 2 1 1 1985 3664 3081 2512
5666 4 2 1 1 2474 2717 3632 2739
5667 4 2 1 1 3694 3695 2178 2060
5668 4 2 1 1 490 2528 560 561
5669 4 2 1 1 3378 3454 2060 2178
5670 4 2 1 1 3688 2000 3685 2178
5671 4 2 1 1 2220 3481 3768 2167
5672 4 2 1 1 1726 3362 3102 3268
5673 4 2 1 1 3505 1714 1726 3102
5674 4 2 1 1 916 2964 734 862
5675 4 2 1 1 2172 3763 3768 3765
5676 4 2 1 1 3550 3564 3415 2254
5677 4 2 1 1 20 2430 3233 3244
5678 4 2 1 1 1974 1975 2754 1973
5679 4 2 1 1 3533 3447 3555 3471
5680 4 2 1 1 2424 478 2272 532
5681 4 2 1 1 471 544 470 2267
5682 4 2 1 1 3289 3290 1720 3515
5683 4 2 1 1 94 1567 3299 1104
5684 4 2 1 1 3097 2234 1962 3132
5685 4 2 1 1 2401 724 2393 1085
5686 4 2 1 1 3289 3297 1841 3290
5687 4 2 1 1 3521 1601 3544 1602
5688 4 2 1 1 2551 1061 3167 2731
5689 4 2 1 1 156 2764 154 1195
5690 4 2 1 1 3749 1897 3618 1911
5691 4 2 1 1 3751 1931 1932 2131
5692 4 2 1 1 3751 3620 3621 2130
5693 4 2 1 1 3488 3569 1602 3544
5694 4 2 1 1 3521 3488 1602 3544
5695 4 2 1 1 3751 2294 3621 2131
5696 4 2 1 1 1978 2458 3621 2131
5697 4 2 1 1 2301 2190 3184 2298
5698 4 2 1 1 1793 3290 3555 3533
5699 4 2 1 1 3300 3290 3555 1793
5700 4 2 1 1 1648 1793 3555 3533
5701 4 2 1 1 2602 812 943 813
5702 4 2 1 1 2648 1026 1027 524
5703 4 2 1 1 1977 3382 3475 3552
5704 4 2 1 1 2336 911 774 2175
5705 4 2 1 1 3749 3746 3747 3618
5706 4 2 1 1 2525 559 560 732
5707 4 2 1 1 1303 3095 3577 1031
5708 4 2 1 1 1210 3094 730 3095
5709 4 2 1 1 1595 3499 3497 3500
5710 4 2 1 1 2266 949 1136 429
5711 4 2 1 1 3175 2110 1960 2109
5712 4 2 1 1 739 2748 525 325
5713 4 2 1 1 892 2748 2581 2891
5714 4 2 1 1 3369 2062 3442 2060
5715 4 2 1 1 3366 3400 3442 3441
5716 4 2 1 1 1773 3432 3566 3441
5717 4 2 1 1 1959 2998 660 659
5718 4 2 1 1 3520 1773 3566 3441
5719 4 2 1 1 331 2688 1055 2555
5720 4 2 1 1 2679 1032 3577 1031
5721 4 2 1 1 350 351 352 2185
5722 4 2 1 1 3095 1081 1031 1082
5723 4 2 1 1 3095 2679 3577 1031
5724 4 2 1 1 2807 3064 2742 2698
5725 4 2 1 1 3356 3495 3496 1801
5726 4 2 1 1 716 3001 1088 1271
5727 4 2 1 1 1271 716 2999 718
5728 4 2 1 1 2918 383 459 382
5729 4 2 1 1 1837 2679 1735 3577
5730 4 2 1 1 366 1448 2838 2783
5731 4 2 1 1 1052 1277 2897 1533
5732 4 2 1 1 2501 2143 2806 2498
5733 4 2 1 1 1469 2004 1499 689
5734 4 2 1 1 540 1145 8 2849
5735 4 2 1 1 1837 1855 1566 2679
5736 4 2 1 1 2873 307 2871 3109
5737 4 2 1 1 596 2522 502 2929
5738 4 2 1 1 3076 3662 2006 3660
5739 4 2 1 1 1047 1974 1048 1165
5740 4 2 1 1 1032 64 1855 1566
5741 4 2 1 1 3138 2909 2927 1969
5742 4 2 1 1 1032 1857 3577 1030
5743 4 2 1 1 606 628 3035 627
5744 4 2 1 1 3089 2774 2 1165
5745 4 2 1 1 1974 3089 1048 1165
5746 4 2 1 1 1514 1466 1082 3095
5747 4 2 1 1 3495 1710 3496 1801
5748 4 2 1 1 366 365 1448 2783
5749 4 2 1 1 1347 715 2740 646
5750 4 2 1 1 2782 365 367 2388
5751 4 2 1 1 152 2343 2764 2346
5752 4 2 1 1 1030 1032 1031 3577
5753 4 2 1 1 937 3151 18 87
5754 4 2 1 1 2503 997 2535 2498
5755 4 2 1 1 1085 1472 85 2534
5756 4 2 1 1 2069 3232 1914 2076
5757 4 2 1 1 1710 3495 3356 1801
5758 4 2 1 1 1472 2401 956 1256
5759 4 2 1 1 1171 605 2754 627
5760 4 2 1 1 2880 1963 2774 1964
5761 4 2 1 1 3571 2177 3585 3518
5762 4 2 1 1 3345 1756 1584 1581
5763 4 2 1 1 3590 1579 1580 1581
5764 4 2 1 1 1800 3463 1804 1713
5765 4 2 1 1 2351 2893 2615 2916
5766 4 2 1 1 2381 439 1213 1280
5767 4 2 1 1 3272 2887 1287 1313
5768 4 2 1 1 2936 2381 2353 3757
5769 4 2 1 1 3171 2397 2948 1962
5770 4 2 1 1 1090 23 2392 2534
5771 4 2 1 1 1982 3016 2350 3466
5772 4 2 1 1 3115 2916 3563 3464
5773 4 2 1 1 1164 3089 24 2
5774 4 2 1 1 23 86 1091 3091
5775 4 2 1 1 2849 2168 2846 3596
5776 4 2 1 1 1131 1549 1854 2888
5777 4 2 1 1 3755 2936 2919 3758
5778 4 2 1 1 2351 908 3607 2350
5779 4 2 1 1 2350 2351 2916 3607
5780 4 2 1 1 3289 119 1531 1852
5781 4 2 1 1 2528 2525 3048 490
5782 4 2 1 1 97 1545 59 58
5783 4 2 1 1 97 1545 58 1341
5784 4 2 1 1 1536 104 1254 3277
5785 4 2 1 1 1942 1917 3643 3650
5786 4 2 1 1 1030 1857 1976 1547
5787 4 2 1 1 875 2179 996 102
5788 4 2 1 1 2179 1079 2757 102
5789 4 2 1 1 2913 639 879 3012
5790 4 2 1 1 78 105 1118 1539
5791 4 2 1 1 2431 2609 1966 2761
5792 4 2 1 1 2848 3611 3510 3610
5793 4 2 1 1 1942 3645 2010 2079
5794 4 2 1 1 1918 2322 3650 2083
5795 4 2 1 1 1281 1479 2741 1502
5796 4 2 1 1 1978 2155 3621 3746
5797 4 2 1 1 1479 940 2741 1502
5798 4 2 1 1 1978 3752 3621 2155
5799 4 2 1 1 3619 2155 3617 3621
5800 4 2 1 1 72 1424 125 1557
5801 4 2 1 1 2205 1250 1452 2871
5802 4 2 1 1 3619 3752 2155 3621
5803 4 2 1 1 3030 1231 484 679
5804 4 2 1 1 3770 3539 2951 2166
5805 4 2 1 1 227 226 2214 228
5806 4 2 1 1 2886 2887 2883 3427
5807 4 2 1 1 2458 1978 3621 3746
5808 4 2 1 1 2653 1480 2305 99
5809 4 2 1 1 2818 408 409 407
5810 4 2 1 1 1846 1868 1540 2653
5811 4 2 1 1 134 133 2698 135
5812 4 2 1 1 3500 3499 2131 3544
5813 4 2 1 1 2717 2374 3632 2739
5814 4 2 1 1 2457 2093 3681 3632
5815 4 2 1 1 126 2888 1126 1125
5816 4 2 1 1 2456 2457 1911 2454
5817 4 2 1 1 2567 2566 2571 250
5818 4 2 1 1 2343 2255 2658 1306
5819 4 2 1 1 2374 2456 1911 2739
5820 4 2 1 1 2343 152 1216 150
5821 4 2 1 1 2457 1897 1911 2454
5822 4 2 1 1 3168 3649 3646 2644
5823 4 2 1 1 3612 3651 1918 3650
5824 4 2 1 1 153 152 2764 2345
5825 4 2 1 1 3612 3651 3650 3610
5826 4 2 1 1 2222 2227 2232 2389
5827 4 2 1 1 1049 172 3088 1449
5828 4 2 1 1 2807 2499 2806 2498
5829 4 2 1 1 2818 2638 2831 2817
5830 4 2 1 1 874 1435 2118 873
5831 4 2 1 1 3542 3382 1977 3504
5832 4 2 1 1 3429 3542 1977 3504
5833 4 2 1 1 3009 3744 2065 2589
5834 4 2 1 1 823 3019 1487 3135
5835 4 2 1 1 177 1028 178 3154
5836 4 2 1 1 3213 3020 2600 2812
5837 4 2 1 1 3652 2250 2251 3656
5838 4 2 1 1 189 2326 2604 2331
5839 4 2 1 1 612 1365 3124 613
5840 4 2 1 1 3653 3032 3743 1977
5841 4 2 1 1 196 197 198 2363
5842 4 2 1 1 2489 229 206 2159
5843 4 2 1 1 248 465 2159 2163
5844 4 2 1 1 3369 1770 3398 3367
5845 4 2 1 1 2329 1237 195 2287
5846 4 2 1 1 1391 1035 2360 2362
5847 4 2 1 1 3195 978 979 213
5848 4 2 1 1 1473 2793 1152 546
5849 4 2 1 1 207 208 209 2686
5850 4 2 1 1 225 3208 222 220
5851 4 2 1 1 3208 218 220 1300
5852 4 2 1 1 3576 3425 3382 3475
5853 4 2 1 1 303 221 2590 304
5854 4 2 1 1 219 3208 220 2590
5855 4 2 1 1 1996 3686 3666 3663
5856 4 2 1 1 3686 1996 3669 3663
5857 4 2 1 1 3250 1066 1063 1064
5858 4 2 1 1 233 2307 2212 234
5859 4 2 1 1 2336 1084 582 976
5860 4 2 1 1 2336 2308 2718 3693
5861 4 2 1 1 469 2548 1203 1459
5862 4 2 1 1 3690 3082 3696 3006
5863 4 2 1 1 2563 775 975 1107
5864 4 2 1 1 1996 3252 3669 3663
5865 4 2 1 1 3685 2082 1999 2094
5866 4 2 1 1 3626 1898 1999 3627
5867 4 2 1 1 2008 2003 3674 3673
5868 4 2 1 1 3697 2003 3674 2008
5869 4 2 1 1 2078 3242 2083 1954
5870 4 2 1 1 3204 2007 3077 2006
5871 4 2 1 1 3699 3072 2470 2382
5872 4 2 1 1 2008 3673 3674 3671
5873 4 2 1 1 2009 2011 3671 3674
5874 4 2 1 1 3672 2254 1988 3671
5875 4 2 1 1 3698 2011 3674 3673
5876 4 2 1 1 1215 1241 2988 3152
5877 4 2 1 1 2290 2158 2284 2487
5878 4 2 1 1 2157 2159 1269 950
5879 4 2 1 1 2460 1897 2457 2454
5880 4 2 1 1 199 200 198 2582
5881 4 2 1 1 1340 1310 3217 1027
5882 4 2 1 1 3697 2011 3674 3698
5883 4 2 1 1 2920 2365 1439 501
5884 4 2 1 1 2263 3734 3735 3728
5885 4 2 1 1 3716 2573 2574 3758
5886 4 2 1 1 2599 1468 1393 2593
5887 4 2 1 1 2003 3698 3674 3673
5888 4 2 1 1 105 3281 3602 1539
5889 4 2 1 1 3024 3034 2984 440
5890 4 2 1 1 280 2150 2924 3033
5891 4 2 1 1 2745 2464 314 2727
5892 4 2 1 1 2003 3697 3674 3698
5893 4 2 1 1 447 2745 1430 928
5894 4 2 1 1 2081 3622 2094 1999
5895 4 2 1 1 1905 2095 2074 2311
5896 4 2 1 1 2511 1994 2002 2512
5897 4 2 1 1 3669 3686 3663 1999
5898 4 2 1 1 2559 325 2581 949
5899 4 2 1 1 2688 326 2120 327
5900 4 2 1 1 1010 2107 2112 2555
5901 4 2 1 1 2124 2117 1935 2123
5902 4 2 1 1 1948 2119 3037 1947
5903 4 2 1 1 2270 1952 2120 2559
5904 4 2 1 1 3612 1990 2963 1999
5905 4 2 1 1 3627 3665 3670 1999
5906 4 2 1 1 1149 1076 495 2443
5907 4 2 1 1 3049 1476 924 3039
5908 4 2 1 1 3042 2671 2842 3002
5909 4 2 1 1 3042 2671 378 494
5910 4 2 1 1 3665 1990 3670 1999
5911 4 2 1 1 3622 2082 2094 1999
5912 4 2 1 1 2000 3690 3696 2174
5913 4 2 1 1 3690 2000 3696 3698
5914 4 2 1 1 2011 2000 3696 2174
5915 4 2 1 1 2796 2184 2185 2797
5916 4 2 1 1 2417 2409 1951 2418
5917 4 2 1 1 2000 2011 3696 3698
5918 4 2 1 1 720 2778 721 719
5919 4 2 1 1 445 364 1074 2388
5920 4 2 1 1 2333 523 2335 2334
5921 4 2 1 1 2955 2015 3707 2700
5922 4 2 1 1 2026 2330 2651 3753
5923 4 2 1 1 2840 654 1386 653
5924 4 2 1 1 2027 3579 2955 3707
5925 4 2 1 1 2734 2689 1060 623
5926 4 2 1 1 1979 3579 2027 3707
5927 4 2 1 1 2015 2027 2955 3707
5928 4 2 1 1 2015 3708 2027 3707
5929 4 2 1 1 3735 2985 3728 2945
5930 4 2 1 1 394 2259 1135 391
5931 4 2 1 1 579 2851 2861 2850
5932 4 2 1 1 3718 2034 3717 3714
5933 4 2 1 1 2023 3635 3214 1899
5934 4 2 1 1 3637 2045 3639 2032
5935 4 2 1 1 3637 3639 3714 2032
5936 4 2 1 1 174 1483 1096 2811
5937 4 2 1 1 2376 1307 406 433
5938 4 2 1 1 384 463 1247 2592
5939 4 2 1 1 2467 2966 2298 2513
5940 4 2 1 1 2190 2299 2298 2447
5941 4 2 1 1 2605 2333 2699 2700
5942 4 2 1 1 2377 758 1180 755
5943 4 2 1 1 2103 772 2899 2903
5944 4 2 1 1 2803 2045 2032 3639
5945 4 2 1 1 3100 2902 1443 964
5946 4 2 1 1 2366 3726 2725 2945
5947 4 2 1 1 2013 2900 3099 2901
5948 4 2 1 1 387 1242 2264 2850
5949 4 2 1 1 1688 3303 1716 3535
5950 4 2 1 1 3668 3680 3684 3632
5951 4 2 1 1 3744 2062 3741 2065
5952 4 2 1 1 3031 3183 575 506
5953 4 2 1 1 2380 1325 1106 1208
5954 4 2 1 1 2944 461 1144 1379
5955 4 2 1 1 2985 3737 2850 2945
5956 4 2 1 1 618 456 3113 3152
5957 4 2 1 1 2944 2726 2945 2725
5958 4 2 1 1 2326 2359 3218 2327
5959 4 2 1 1 3728 2985 3288 2945
5960 4 2 1 1 578 577 579 2850
5961 4 2 1 1 2793 2789 3207 2545
5962 4 2 1 1 2585 2493 2586 2524
5963 4 2 1 1 2980 2990 2253 2984
5964 4 2 1 1 2950 3658 1983 2643
5965 4 2 1 1 1281 130 997 2503
5966 4 2 1 1 1293 2961 1163 685
5967 4 2 1 1 2354 2506 475 3041
5968 4 2 1 1 2170 2705 3772 3677
5969 4 2 1 1 2793 1037 2545 2879
5970 4 2 1 1 3030 485 484 475
5971 4 2 1 1 2935 3030 1231 484
5972 4 2 1 1 2345 1425 3243 191
5973 4 2 1 1 2764 156 179 1195
5974 4 2 1 1 153 2584 2764 154
5975 4 2 1 1 3695 3691 3761 1998
5976 4 2 1 1 155 1388 191 2584
5977 4 2 1 1 3430 1932 2295 3559
5978 4 2 1 1 1336 1024 2504 814
5979 4 2 1 1 555 3019 823 556
5980 4 2 1 1 3492 3430 2295 3559
5981 4 2 1 1 3524 3484 2295 3492
5982 4 2 1 1 438 295 439 2381
5983 4 2 1 1 1117 2855 2978 631
5984 4 2 1 1 1205 2862 2809 2867
5985 4 2 1 1 1932 2450 2295 3559
5986 4 2 1 1 2954 687 686 2599
5987 4 2 1 1 3524 2027 2295 3537
5988 4 2 1 1 3252 3668 3682 1998
5989 4 2 1 1 2139 1292 483 2140
5990 4 2 1 1 1382 2352 972 789
5991 4 2 1 1 1025 1183 641 2828
5992 4 2 1 1 372 640 2313 1025
5993 4 2 1 1 3157 2066 2828 2070
5994 4 2 1 1 2643 2892 2006 1141
5995 4 2 1 1 1986 3662 2922 3660
5996 4 2 1 1 1499 2004 2006 689
5997 4 2 1 1 3648 3649 3646 2673
5998 4 2 1 1 2569 141 2566 765
5999 4 2 1 1 293 292 2567 2568
6000 4 2 1 1 3144 2718 2546 3682
6001 4 2 1 1 2718 2212 2546 3682
6002 4 2 1 1 2349 2765 3646 1944
6003 4 2 1 1 925 757 2377 1235
6004 4 2 1 1 2549 3144 2546 3682
6005 4 2 1 1 2347 2349 2368 2346
6006 4 2 1 1 1123 2723 2571 279
6007 4 2 1 1 563 566 2710 565
6008 4 2 1 1 3190 1359 2992 604
6009 4 2 1 1 3571 3085 3086 2933
6010 4 2 1 1 1200 570 2992 3007
6011 4 2 1 1 2549 3144 3682 3761
6012 4 2 1 1 3008 1233 586 867
6013 4 2 1 1 688 3094 2589 590
6014 4 2 1 1 2465 2248 2251 2250
6015 4 2 1 1 3770 2170 2930 3772
6016 4 2 1 1 2961 2781 3771 2962
6017 4 2 1 1 2990 3672 2253 2984
6018 4 2 1 1 2781 2183 3771 2962
6019 4 2 1 1 1156 512 1290 3024
6020 4 2 1 1 3292 1749 3291 3200
6021 4 2 1 1 3358 3421 3562 2254
6022 4 2 1 1 2310 2929 2923 3199
6023 4 2 1 1 1957 3612 1918 3650
6024 4 2 1 1 3140 2655 2872 3629
6025 4 2 1 1 1069 2680 241 1994
6026 4 2 1 1 3770 2170 3772 3769
6027 4 2 1 1 3677 1896 2142 2138
6028 4 2 1 1 3259 3260 2402 3261
6029 4 2 1 1 2169 2172 3765 2142
6030 4 2 1 1 607 3122 970 2435
6031 4 2 1 1 2283 1329 785 1115
6032 4 2 1 1 573 3164 725 3113
6033 4 2 1 1 3302 1871 1834 1548
6034 4 2 1 1 1176 3039 924 1386
6035 4 2 1 1 2646 764 817 656
6036 4 2 1 1 1384 3302 1834 1548
6037 4 2 1 1 1891 1384 1834 1548
6038 4 2 1 1 2333 2605 985 2632
6039 4 2 1 1 2800 3709 2249 2335
6040 4 2 1 1 2606 3017 2608 2938
6041 4 2 1 1 651 2332 989 2333
6042 4 2 1 1 480 914 1481 2251
6043 4 2 1 1 2603 2830 2021 2607
6044 4 2 1 1 768 2103 2900 3299
6045 4 2 1 1 372 434 2313 640
6046 4 2 1 1 2506 474 2935 459
6047 4 2 1 1 1397 1550 81 1845
6048 4 2 1 1 102 1397 81 1845
6049 4 2 1 1 2332 830 651 2329
6050 4 2 1 1 2332 830 2329 2249
6051 4 2 1 1 73 1546 1856 1133
6052 4 2 1 1 1133 2385 1856 125
6053 4 2 1 1 2880 2401 667 2395
6054 4 2 1 1 665 666 663 2948
6055 4 2 1 1 2401 955 956 667
6056 4 2 1 1 1472 2401 1085 956
6057 4 2 1 1 1963 1946 2993 660
6058 4 2 1 1 2865 2866 2864 2151
6059 4 2 1 1 1388 155 2967 2584
6060 4 2 1 1 3160 2902 2901 2019
6061 4 2 1 1 2670 2866 1159 880
6062 4 2 1 1 1546 2385 1856 1133
6063 4 2 1 1 710 797 2611 934
6064 4 2 1 1 218 3208 220 219
6065 4 2 1 1 2521 2517 2687 2457
6066 4 2 1 1 2036 3197 3266 3158
6067 4 2 1 1 3759 3691 3761 3695
6068 4 2 1 1 2810 1230 2874 2794
6069 4 2 1 1 1052 366 2838 2897
6070 4 2 1 1 3197 905 1052 1533
6071 4 2 1 1 155 2584 191 153
6072 4 2 1 1 1717 1888 3273 1867
6073 4 2 1 1 1718 1717 3273 1867
6074 4 2 1 1 1934 2036 2039 3266
6075 4 2 1 1 3160 908 3607 3599
6076 4 2 1 1 2479 3234 2481 2221
6077 4 2 1 1 900 3226 1161 717
6078 4 2 1 1 2036 1934 3158 3266
6079 4 2 1 1 790 2480 701 1467
6080 4 2 1 1 3151 2143 2342 2500
6081 4 2 1 1 2753 2409 2683 2224
6082 4 2 1 1 1420 885 972 2352
6083 4 2 1 1 326 2748 2890 2120
6084 4 2 1 1 1420 2352 972 2930
6085 4 2 1 1 2352 1451 972 2930
6086 4 2 1 1 1392 104 3277 1207
6087 4 2 1 1 2369 2536 2370 2612
6088 4 2 1 1 145 1342 2339 147
6089 4 2 1 1 2863 2862 3736 2867
6090 4 2 1 1 1307 2376 858 1227
6091 4 2 1 1 1451 2352 972 1382
6092 4 2 1 1 433 406 2379 404
6093 4 2 1 1 1322 160 158 3167
6094 4 2 1 1 3545 3479 2019 3159
6095 4 2 1 1 1219 1120 3609 94
6096 4 2 1 1 3056 1392 3277 1207
6097 4 2 1 1 2635 442 2551 531
6098 4 2 1 1 55 1541 1478 1889
6099 4 2 1 1 1345 908 2350 899
6100 4 2 1 1 3161 1120 1460 1119
6101 4 2 1 1 3193 149 151 150
6102 4 2 1 1 1545 3107 2462 1737
6103 4 2 1 1 120 55 1478 1889
6104 4 2 1 1 2793 2789 803 2794
6105 4 2 1 1 793 794 795 2599
6106 4 2 1 1 2954 2594 3264 2599
6107 4 2 1 1 1541 120 1478 1889
6108 4 2 1 1 179 1322 158 3167
6109 4 2 1 1 2438 3597 120 1889
6110 4 2 1 1 2376 2377 2375 758
6111 4 2 1 1 451 2996 3059 510
6112 4 2 1 1 1541 2438 120 1889
6113 4 2 1 1 3183 431 1228 2642
6114 4 2 1 1 2438 1541 3597 1889
6115 4 2 1 1 2056 864 1305 2462
6116 4 2 1 1 193 2326 2331 2287
6117 4 2 1 1 2329 2332 989 651
6118 4 2 1 1 2566 2384 143 2339
6119 4 2 1 1 2478 2480 2481 2221
6120 4 2 1 1 3220 3620 1900 2024
6121 4 2 1 1 2037 2033 2911 993
6122 4 2 1 1 3220 3219 1900 3620
6123 4 2 1 1 2946 802 1379 800
6124 4 2 1 1 2603 2024 1900 3214
6125 4 2 1 1 2004 1469 2541 689
6126 4 2 1 1 3 1301 1540 1884
6127 4 2 1 1 1560 123 54 1884
6128 4 2 1 1 2903 2103 3609 3159
6129 4 2 1 1 2603 3220 1900 2024
6130 4 2 1 1 2374 2739 1911 3632
6131 4 2 1 1 522 984 425 2334
6132 4 2 1 1 1274 1015 1217 2465
6133 4 2 1 1 2903 3160 2901 3159
6134 4 2 1 1 2093 2457 1911 3632
6135 4 2 1 1 1121 3297 1892 1841
6136 4 2 1 1 2863 2637 2809 2867
6137 4 2 1 1 3289 871 1531 1251
6138 4 2 1 1 2866 881 642 880
6139 4 2 1 1 555 3019 1214 1352
6140 4 2 1 1 3019 555 823 1352
6141 4 2 1 1 555 496 3021 498
6142 4 2 1 1 2771 3079 3080 3125
6143 4 2 1 1 2750 2121 2805 3178
6144 4 2 1 1 3256 1446 3156 3147
6145 4 2 1 1 3631 2093 1911 3632
6146 4 2 1 1 2117 2110 3038 1935
6147 4 2 1 1 2556 2119 2630 3037
6148 4 2 1 1 157 3215 2967 158
6149 4 2 1 1 148 2343 183 150
6150 4 2 1 1 3568 2485 2614 3563
6151 4 2 1 1 2536 2344 1020 2260
6152 4 2 1 1 2248 1398 1510 2488
6153 4 2 1 1 3681 2374 1911 3632
6154 4 2 1 1 1237 2329 926 1335
6155 4 2 1 1 2329 830 926 1335
6156 4 2 1 1 2457 3681 1911 3632
6157 4 2 1 1 2582 1013 884 514
6158 4 2 1 1 1475 1223 235 2604
6159 4 2 1 1 2329 830 651 926
6160 4 2 1 1 2457 2374 1911 3681
6161 4 2 1 1 1938 2242 1922 2196
6162 4 2 1 1 2430 2391 2758 3244
6163 4 2 1 1 2434 3622 2411 1922
6164 4 2 1 1 3622 2434 1923 1922
6165 4 2 1 1 1443 849 2901 846
6166 4 2 1 1 3215 3216 2203 2204
6167 4 2 1 1 3622 1923 1924 1922
6168 4 2 1 1 1498 1061 1235 2731
6169 4 2 1 1 1484 1066 1067 3250
6170 4 2 1 1 374 370 3139 371
6171 4 2 1 1 291 2924 272 1450
6172 4 2 1 1 945 2430 117 1368
6173 4 2 1 1 3122 544 607 970
6174 4 2 1 1 2267 544 470 545
6175 4 2 1 1 478 2424 2101 723
6176 4 2 1 1 2007 255 268 266
6177 4 2 1 1 2909 607 2927 2323
6178 4 2 1 1 2671 343 378 377
6179 4 2 1 1 1982 3466 3464 3563
6180 4 2 1 1 2500 2143 1933 3150
6181 4 2 1 1 2476 2342 1933 3240
6182 4 2 1 1 2501 2476 1933 3240
6183 4 2 1 1 2476 2501 1933 2342
6184 4 2 1 1 2077 2321 1914 2426
6185 4 2 1 1 2084 529 702 1003
6186 4 2 1 1 2084 2101 723 961
6187 4 2 1 1 2424 3221 2101 723
6188 4 2 1 1 2090 2088 3139 2773
6189 4 2 1 1 2815 2296 2101 2072
6190 4 2 1 1 3150 2501 1933 3240
6191 4 2 1 1 2022 2645 2829 2516
6192 4 2 1 1 757 2377 756 755
6193 4 2 1 1 3108 2830 2831 2016
6194 4 2 1 1 2143 2501 1933 3150
6195 4 2 1 1 3157 2070 2828 1183
6196 4 2 1 1 1937 3638 3636 3640
6197 4 2 1 1 3157 815 2070 1183
6198 4 2 1 1 2503 2807 2806 2498
6199 4 2 1 1 2219 2595 2954 2578
6200 4 2 1 1 3633 3634 1931 3635
6201 4 2 1 1 3595 3265 2960 2593
6202 4 2 1 1 2139 1036 2698 2145
6203 4 2 1 1 2052 2803 2346 2317
6204 4 2 1 1 2108 2890 3147 3156
6205 4 2 1 1 3647 3639 3636 2317
6206 4 2 1 1 2150 276 268 1286
6207 4 2 1 1 508 438 1213 2381
6208 4 2 1 1 3312 2219 3305 3313
6209 4 2 1 1 2538 2349 3646 1944
6210 4 2 1 1 1873 1564 3277 1823
6211 4 2 1 1 2539 2538 3646 1944
6212 4 2 1 1 2539 3647 2317 1944
6213 4 2 1 1 1956 2610 2433 2437
6214 4 2 1 1 243 244 2681 242
6215 4 2 1 1 2681 244 2469 242
6216 4 2 1 1 3109 493 2871 1452
6217 4 2 1 1 1123 259 279 2571
6218 4 2 1 1 2573 2567 2571 2568
6219 4 2 1 1 2477 2476 2806 2502
6220 4 2 1 1 2936 3757 2353 3758
6221 4 2 1 1 2610 2928 2432 1955
6222 4 2 1 1 2429 2721 2098 2437
6223 4 2 1 1 2075 2429 2098 2437
6224 4 2 1 1 3090 2788 2437 1961
6225 4 2 1 1 1102 1543 40 4
6226 4 2 1 1 896 706 2509 895
6227 4 2 1 1 2544 1029 957 2548
6228 4 2 1 1 2161 2792 2791 2063
6229 4 2 1 1 3683 2245 2214 2372
6230 4 2 1 1 2789 2790 3207 2545
6231 4 2 1 1 805 804 806 2789
6232 4 2 1 1 798 1464 3268 1858
6233 4 2 1 1 1706 3538 3101 3436
6234 4 2 1 1 6 1542 3101 3102
6235 4 2 1 1 2906 1124 2888 1843
6236 4 2 1 1 3392 1832 1731 1826
6237 4 2 1 1 3090 2788 2436 2437
6238 4 2 1 1 25 3 99 1540
6239 4 2 1 1 1297 1135 2634 2261
6240 4 2 1 1 2380 2907 410 2379
6241 4 2 1 1 2674 1263 2875 356
6242 4 2 1 1 3115 1982 3464 3563
6243 4 2 1 1 2788 1961 2098 2437
6244 4 2 1 1 2761 2609 1966 2762
6245 4 2 1 1 3722 3720 3721 3725
6246 4 2 1 1 2969 3296 2218 2970
6247 4 2 1 1 1568 1553 3136 1569
6248 4 2 1 1 2245 2215 2655 2247
6249 4 2 1 1 2796 353 355 356
6250 4 2 1 1 2716 2804 2097 3044
6251 4 2 1 1 2296 2815 2773 2072
6252 4 2 1 1 2587 887 877 2839
6253 4 2 1 1 20 2759 3233 2761
6254 4 2 1 1 2432 2497 3192 2762
6255 4 2 1 1 3205 89 3229 3233
6256 4 2 1 1 1248 1072 1033 2493
6257 4 2 1 1 1473 2793 546 1037
6258 4 2 1 1 805 2157 950 2160
6259 4 2 1 1 3164 1035 884 2582
6260 4 2 1 1 2789 845 2545 2793
6261 4 2 1 1 2497 2432 2758 2762
6262 4 2 1 1 2573 3716 2383 2575
6263 4 2 1 1 3652 3542 1977 3656
6264 4 2 1 1 3763 3764 3768 3765
6265 4 2 1 1 1220 269 2567 293
6266 4 2 1 1 974 775 2308 774
6267 4 2 1 1 1109 1110 2382 1093
6268 4 2 1 1 2939 2311 2511 2872
6269 4 2 1 1 3005 677 569 2564
6270 4 2 1 1 251 974 975 2563
6271 4 2 1 1 3542 1979 1977 3656
6272 4 2 1 1 177 2327 3011 3026
6273 4 2 1 1 3652 3653 3656 1977
6274 4 2 1 1 2602 944 813 943
6275 4 2 1 1 1166 1288 2331 1515
6276 4 2 1 1 742 1266 1360 3131
6277 4 2 1 1 2303 2602 2829 2375
6278 4 2 1 1 3653 1979 3656 1977
6279 4 2 1 1 3647 1930 3706 1929
6280 4 2 1 1 3108 417 418 2937
6281 4 2 1 1 3654 3542 1977 3652
6282 4 2 1 1 189 193 2331 1166
6283 4 2 1 1 2250 2641 3652 2251
6284 4 2 1 1 3031 3654 1977 3652
6285 4 2 1 1 3031 3542 1977 3654
6286 4 2 1 1 849 2902 2903 850
6287 4 2 1 1 3016 2019 2350 3449
6288 4 2 1 1 1413 2534 3258 2393
6289 4 2 1 1 2880 665 1256 2774
6290 4 2 1 1 2880 2774 1256 1964
6291 4 2 1 1 539 2337 1302 917
6292 4 2 1 1 3190 1285 1462 2619
6293 4 2 1 1 102 80 1562 1845
6294 4 2 1 1 2337 1491 1302 917
6295 4 2 1 1 2179 3190 3273 3201
6296 4 2 1 1 2179 1550 1845 1867
6297 4 2 1 1 2892 3658 1983 3660
6298 4 2 1 1 2517 2371 2372 2520
6299 4 2 1 1 2892 3675 1988 3660
6300 4 2 1 1 3657 3658 1988 3660
6301 4 2 1 1 2543 2922 2912 3660
6302 4 2 1 1 3657 1895 3660 1988
6303 4 2 1 1 3630 2730 2655 3629
6304 4 2 1 1 1140 533 2643 602
6305 4 2 1 1 3215 159 157 1289
6306 4 2 1 1 2344 486 1216 2764
6307 4 2 1 1 2655 2247 2872 3629
6308 4 2 1 1 2547 2859 1910 2520
6309 4 2 1 1 3208 218 1300 2877
6310 4 2 1 1 3663 3669 3629 3667
6311 4 2 1 1 582 247 261 2586
6312 4 2 1 1 1990 2963 3610 2010
6313 4 2 1 1 2440 2133 2636 2894
6314 4 2 1 1 3019 3126 3043 3042
6315 4 2 1 1 1311 497 3039 3004
6316 4 2 1 1 2622 340 1038 1309
6317 4 2 1 1 1990 3612 2963 2010
6318 4 2 1 1 3381 3382 3504 3552
6319 4 2 1 1 3389 2847 2010 3316
6320 4 2 1 1 3389 2848 3316 2010
6321 4 2 1 1 1992 2848 3389 2010
6322 4 2 1 1 548 1190 380 2932
6323 4 2 1 1 944 2558 2607 2021
6324 4 2 1 1 2558 944 2602 2021
6325 4 2 1 1 2648 3235 2361 817
6326 4 2 1 1 1035 1013 884 2582
6327 4 2 1 1 1429 944 2607 2021
6328 4 2 1 1 2362 2363 2360 2361
6329 4 2 1 1 2362 1344 2361 866
6330 4 2 1 1 694 1395 2823 1355
6331 4 2 1 1 952 2529 2780 857
6332 4 2 1 1 1517 2529 114 1503
6333 4 2 1 1 3169 1363 943 2021
6334 4 2 1 1 3194 3216 3187 3131
6335 4 2 1 1 317 2296 1366 2728
6336 4 2 1 1 1968 2424 2421 2425
6337 4 2 1 1 2561 2895 2273 2428
6338 4 2 1 1 2744 320 319 321
6339 4 2 1 1 2266 2559 949 2265
6340 4 2 1 1 2106 3300 3180 3092
6341 4 2 1 1 2866 643 1159 880
6342 4 2 1 1 2818 3701 2638 2379
6343 4 2 1 1 1886 3289 1841 1720
6344 4 2 1 1 2566 2569 1372 2570
6345 4 2 1 1 1363 2602 943 2021
6346 4 2 1 1 2536 179 2967 158
6347 4 2 1 1 159 3215 157 158
6348 4 2 1 1 1429 944 2021 943
6349 4 2 1 1 944 2602 2021 943
6350 4 2 1 1 1388 3153 157 923
6351 4 2 1 1 159 3215 158 160
6352 4 2 1 1 2814 1981 2813 2685
6353 4 2 1 1 1721 2463 1737 1881
6354 4 2 1 1 2803 2347 2032 2045
6355 4 2 1 1 3719 3639 2032 3717
6356 4 2 1 1 615 2605 2607 2937
6357 4 2 1 1 2855 2936 2217 2853
6358 4 2 1 1 3326 1704 3055 1705
6359 4 2 1 1 2347 3719 2032 3717
6360 4 2 1 1 3733 3647 3649 2048
6361 4 2 1 1 3719 2347 2032 3639
6362 4 2 1 1 2603 2600 2601 2021
6363 4 2 1 1 2045 2659 2032 3717
6364 4 2 1 1 2471 1442 472 898
6365 4 2 1 1 3160 907 908 1421
6366 4 2 1 1 2659 2347 2032 3717
6367 4 2 1 1 2347 2659 2032 2045
6368 4 2 1 1 3257 3227 927 1086
6369 4 2 1 1 2921 2366 3728 3725
6370 4 2 1 1 2367 3722 2596 3725
6371 4 2 1 1 2051 2766 2921 3725
6372 4 2 1 1 1090 2392 3258 2534
6373 4 2 1 1 3100 2902 964 2471
6374 4 2 1 1 3729 2595 2338 2043
6375 4 2 1 1 798 71 70 1858
6376 4 2 1 1 1464 798 70 1858
6377 4 2 1 1 2757 102 1562 1845
6378 4 2 1 1 1679 3381 1976 3519
6379 4 2 1 1 1810 2757 1562 1845
6380 4 2 1 1 2595 3729 3727 2043
6381 4 2 1 1 3726 2366 2043 3725
6382 4 2 1 1 1479 940 942 2741
6383 4 2 1 1 3727 3726 2043 3725
6384 4 2 1 1 2166 3395 3596 2846
6385 4 2 1 1 2252 2940 2886 3764
6386 4 2 1 1 2554 2505 2894 2636
6387 4 2 1 1 3184 3212 3210 2186
6388 4 2 1 1 3049 1476 3235 1221
6389 4 2 1 1 3212 2811 2186 3211
6390 4 2 1 1 3111 742 3120 3131
6391 4 2 1 1 3079 3124 822 3210
6392 4 2 1 1 823 3019 1352 1487
6393 4 2 1 1 3079 3126 3127 822
6394 4 2 1 1 2259 394 1135 2634
6395 4 2 1 1 3702 2152 2105 2054
6396 4 2 1 1 812 1050 2602 1363
6397 4 2 1 1 2755 981 513 2118
6398 4 2 1 1 3219 2650 2601 2647
6399 4 2 1 1 2961 614 554 685
6400 4 2 1 1 3702 2256 2152 2054
6401 4 2 1 1 2529 1503 2780 114
6402 4 2 1 1 16 2712 2780 2703
6403 4 2 1 1 16 2712 91 17
6404 4 2 1 1 2741 1479 1509 942
6405 4 2 1 1 1384 3302 1548 1390
6406 4 2 1 1 2763 2482 2076 2320
6407 4 2 1 1 3237 1530 90 1520
6408 4 2 1 1 2066 2069 3239 2067
6409 4 2 1 1 2066 1915 2071 2078
6410 4 2 1 1 2759 815 3238 1338
6411 4 2 1 1 3470 2013 3471 3493
6412 4 2 1 1 119 1538 1852 3289
6413 4 2 1 1 49 1121 1291 1892
6414 4 2 1 1 2900 3543 2013 3299
6415 4 2 1 1 871 768 3299 1500
6416 4 2 1 1 3302 3056 1834 1742
6417 4 2 1 1 3293 3101 1463 1866
6418 4 2 1 1 1568 1871 3279 1548
6419 4 2 1 1 2906 2888 1731 1843
6420 4 2 1 1 3506 3362 2171 2995
6421 4 2 1 1 1706 1739 3101 3293
6422 4 2 1 1 29 28 103 1548
6423 4 2 1 1 2986 2947 2306 3098
6424 4 2 1 1 2946 3098 2970 2971
6425 4 2 1 1 3265 3595 2960 3136
6426 4 2 1 1 13 1255 2704 14
6427 4 2 1 1 736 1410 3277 3054
6428 4 2 1 1 2529 1517 114 2626
6429 4 2 1 1 103 1384 1548 1390
6430 4 2 1 1 3030 2979 3764 2252
6431 4 2 1 1 2570 1080 2567 2568
6432 4 2 1 1 1579 3591 1580 1577
6433 4 2 1 1 114 2626 2704 2780
6434 4 2 1 1 1517 1255 114 2626
6435 4 2 1 1 3311 3285 3310 1576
6436 4 2 1 1 1238 3279 3136 2960
6437 4 2 1 1 1574 1575 1573 3594
6438 4 2 1 1 1761 3344 1586 1583
6439 4 2 1 1 3686 2082 1999 3685
6440 4 2 1 1 3586 2412 3341 3353
6441 4 2 1 1 3499 1597 1595 1598
6442 4 2 1 1 1424 2869 125 1557
6443 4 2 1 1 3500 3498 2094 3497
6444 4 2 1 1 3553 1780 3561 3405
6445 4 2 1 1 3553 3377 3438 3409
6446 4 2 1 1 3751 3411 2295 2294
6447 4 2 1 1 3531 2025 3492 3517
6448 4 2 1 1 3734 2152 2054 3732
6449 4 2 1 1 1838 3545 1700 1712
6450 4 2 1 1 1597 3520 1773 1601
6451 4 2 1 1 3734 2256 2054 2152
6452 4 2 1 1 3527 3458 2065 3535
6453 4 2 1 1 3183 3093 2065 3095
6454 4 2 1 1 2060 2062 3442 3742
6455 4 2 1 1 2063 3741 3742 3745
6456 4 2 1 1 1607 1803 1602 3488
6457 4 2 1 1 3601 2679 3577 3095
6458 4 2 1 1 1607 3488 1606 3522
6459 4 2 1 1 2869 2385 935 125
6460 4 2 1 1 1424 2869 935 125
6461 4 2 1 1 133 131 2698 2145
6462 4 2 1 1 133 134 2698 132
6463 4 2 1 1 3535 3601 3576 2065
6464 4 2 1 1 3433 3462 3548 1639
6465 4 2 1 1 3443 1639 3548 1625
6466 4 2 1 1 1684 3455 3379 1643
6467 4 2 1 1 2503 131 2144 2698
6468 4 2 1 1 2741 491 132 2698
6469 4 2 1 1 1755 1682 1829 3320
6470 4 2 1 1 2172 3380 3455 3444
6471 4 2 1 1 3395 3393 3394 3574
6472 4 2 1 1 1853 3604 1813 1555
6473 4 2 1 1 3597 3582 3087 3069
6474 4 2 1 1 3304 3071 3069 1745
6475 4 2 1 1 3304 3071 1745 1744
6476 4 2 1 1 1813 3604 3585 3554
6477 4 2 1 1 2741 1270 2698 2742
6478 4 2 1 1 2170 2705 3677 2974
6479 4 2 1 1 2169 3575 3548 2166
6480 4 2 1 1 1821 1814 3360 1628
6481 4 2 1 1 1639 1640 3548 1625
6482 4 2 1 1 82 1850 118 83
6483 4 2 1 1 2180 2011 2174 3375
6484 4 2 1 1 3201 3190 3007 2926
6485 4 2 1 1 148 2340 147 146
6486 4 2 1 1 1810 2620 2757 1845
6487 4 2 1 1 3448 2000 3375 3511
6488 4 2 1 1 3512 1652 3374 3511
6489 4 2 1 1 3374 1707 3554 3514
6490 4 2 1 1 3743 3032 2065 1977
6491 4 2 1 1 1604 3406 3451 1603
6492 4 2 1 1 1605 1601 3521 1602
6493 4 2 1 1 3366 1619 1773 1770
6494 4 2 1 1 1664 3330 3482 3324
6495 4 2 1 1 3399 3743 2065 1977
6496 4 2 1 1 149 2340 296 147
6497 4 2 1 1 148 2340 149 147
6498 4 2 1 1 2263 2969 2367 3728
6499 4 2 1 1 2467 1234 1498 3167
6500 4 2 1 1 1652 1675 1650 3453
6501 4 2 1 1 2058 3068 3518 3276
6502 4 2 1 1 1655 1674 1707 3363
6503 4 2 1 1 2536 179 3167 1020
6504 4 2 1 1 1810 1882 2757 3386
6505 4 2 1 1 3385 3384 1764 3386
6506 4 2 1 1 84 83 1053 1555
6507 4 2 1 1 648 2986 1225 3163
6508 4 2 1 1 155 156 157 2967
6509 4 2 1 1 3133 3098 2306 2305
6510 4 2 1 1 123 1377 2306 1209
6511 4 2 1 1 3545 3598 3159 3599
6512 4 2 1 1 3653 3619 2800 2026
6513 4 2 1 1 2902 898 3015 1276
6514 4 2 1 1 2350 2916 3464 3607
6515 4 2 1 1 3160 3545 3599 3607
6516 4 2 1 1 2966 2187 2298 3088
6517 4 2 1 1 167 170 3088 169
6518 4 2 1 1 1743 1750 3305 1830
6519 4 2 1 1 3586 2412 3584 3583
6520 4 2 1 1 169 168 1049 3088
6521 4 2 1 1 2412 2132 3584 3583
6522 4 2 1 1 1593 3534 1591 1590
6523 4 2 1 1 2000 3560 3420 3526
6524 4 2 1 1 3472 1589 3487 3390
6525 4 2 1 1 3561 3528 1925 3405
6526 4 2 1 1 3382 3032 1977 2065
6527 4 2 1 1 1928 3751 3621 2131
6528 4 2 1 1 3366 1773 3441 1770
6529 4 2 1 1 2336 2162 2718 3761
6530 4 2 1 1 2847 3341 2597 3645
6531 4 2 1 1 520 2977 2883 535
6532 4 2 1 1 3315 3593 3335 3321
6533 4 2 1 1 3314 1755 1829 3320
6534 4 2 1 1 1677 1831 3319 1682
6535 4 2 1 1 2047 2219 3321 3323
6536 4 2 1 1 3292 1723 3291 1749
6537 4 2 1 1 731 2587 2845 3033
6538 4 2 1 1 865 1022 3088 1049
6539 4 2 1 1 166 1455 2966 180
6540 4 2 1 1 2467 166 2966 180
6541 4 2 1 1 3560 2000 3420 3448
6542 4 2 1 1 3553 1691 3376 3409
6543 4 2 1 1 3423 1795 3420 1779
6544 4 2 1 1 3550 3509 3562 3510
6545 4 2 1 1 2467 1234 164 180
6546 4 2 1 1 3468 3510 3419 3562
6547 4 2 1 1 3436 3396 3539 3397
6548 4 2 1 1 1234 2467 1498 180
6549 4 2 1 1 3421 1699 1821 1806
6550 4 2 1 1 3395 3575 3393 3574
6551 4 2 1 1 2781 112 2951 2280
6552 4 2 1 1 2584 2345 3243 191
6553 4 2 1 1 1425 922 3243 191
6554 4 2 1 1 3443 2169 3548 3433
6555 4 2 1 1 1772 3359 1638 3397
6556 4 2 1 1 1945 3733 3705 2243
6557 4 2 1 1 1692 1633 3531 3559
6558 4 2 1 1 922 2584 3243 191
6559 4 2 1 1 3457 3356 1932 3496
6560 4 2 1 1 3115 2351 2916 1982
6561 4 2 1 1 1837 3601 2679 3577
6562 4 2 1 1 1543 1851 1878 2893
6563 4 2 1 1 200 201 202 2582
6564 4 2 1 1 1543 2917 2893 1878
6565 4 2 1 1 203 2488 2486 202
6566 4 2 1 1 2179 2620 2757 3201
6567 4 2 1 1 2488 203 201 202
6568 4 2 1 1 1462 1397 2619 118
6569 4 2 1 1 2488 2486 202 2582
6570 4 2 1 1 3414 1699 1698 3291
6571 4 2 1 1 1860 3281 1539 1840
6572 4 2 1 1 201 2488 202 2582
6573 4 2 1 1 3557 3556 3200 3551
6574 4 2 1 1 978 3195 2686 213
6575 4 2 1 1 1424 71 1557 72
6576 4 2 1 1 3282 3362 1877 3268
6577 4 2 1 1 2869 1424 798 1557
6578 4 2 1 1 3195 2371 2686 213
6579 4 2 1 1 3195 215 213 979
6580 4 2 1 1 1557 2385 125 1856
6581 4 2 1 1 7 2959 539 3102
6582 4 2 1 1 1685 1770 1687 3367
6583 4 2 1 1 1721 3303 1881 1819
6584 4 2 1 1 1883 3601 1716 2678
6585 4 2 1 1 2463 3162 3603 3416
6586 4 2 1 1 566 2565 773 2175
6587 4 2 1 1 215 3195 213 2371
6588 4 2 1 1 2678 1883 1537 1819
6589 4 2 1 1 3429 3546 3445 1979
6590 4 2 1 1 626 706 895 2509
6591 4 2 1 1 1558 2657 1746 1844
6592 4 2 1 1 449 511 3199 374
6593 4 2 1 1 2095 2091 1905 2088
6594 4 2 1 1 2371 2157 2686 224
6595 4 2 1 1 511 1436 517 3250
6596 4 2 1 1 2157 1244 2686 224
6597 4 2 1 1 1066 2205 3250 1484
6598 4 2 1 1 2417 2398 2407 2418
6599 4 2 1 1 3038 2580 2672 3179
6600 4 2 1 1 1938 2677 2826 2242
6601 4 2 1 1 2692 2693 2403 3262
6602 4 2 1 1 1413 1085 85 2534
6603 4 2 1 1 2532 2199 2629 2856
6604 4 2 1 1 2075 2425 1914 3232
6605 4 2 1 1 2189 2195 2857 2193
6606 4 2 1 1 1630 1657 3552 3475
6607 4 2 1 1 3534 3351 3561 2413
6608 4 2 1 1 1927 1931 1899 3620
6609 4 2 1 1 1931 3751 2024 3620
6610 4 2 1 1 2441 2442 2447 3020
6611 4 2 1 1 3230 3151 2342 2319
6612 4 2 1 1 2147 3064 2918 3710
6613 4 2 1 1 2408 1971 2406 2753
6614 4 2 1 1 2856 2756 2857 2842
6615 4 2 1 1 3176 3179 1961 2672
6616 4 2 1 1 335 2663 2112 2556
6617 4 2 1 1 359 711 1074 2229
6618 4 2 1 1 1304 2157 2371 224
6619 4 2 1 1 2223 2406 2720 2399
6620 4 2 1 1 2417 2397 2235 2400
6621 4 2 1 1 2677 2825 2826 2242
6622 4 2 1 1 3429 3483 3552 3529
6623 4 2 1 1 1535 2755 2116 2118
6624 4 2 1 1 2624 2737 3014 2122
6625 4 2 1 1 2157 1304 938 224
6626 4 2 1 1 2788 3176 2672 1936
6627 4 2 1 1 3177 1935 2579 2123
6628 4 2 1 1 2774 1960 1975 1965
6629 4 2 1 1 662 663 664 2993
6630 4 2 1 1 1949 2416 1965 2398
6631 4 2 1 1 3263 3228 3262 2694
6632 4 2 1 1 2416 2401 2534 1964
6633 4 2 1 1 1244 2157 938 224
6634 4 2 1 1 2480 1347 1089 1467
6635 4 2 1 1 918 2226 724 3013
6636 4 2 1 1 918 2752 3013 919
6637 4 2 1 1 2697 2140 2386 2039
6638 4 2 1 1 985 2333 987 2604
6639 4 2 1 1 445 446 367 2782
6640 4 2 1 1 918 724 634 3013
6641 4 2 1 1 696 695 2824 3188
6642 4 2 1 1 2633 2943 2956 2941
6643 4 2 1 1 2605 2603 2607 2608
6644 4 2 1 1 1558 2484 1848 1746
6645 4 2 1 1 3545 1700 1712 1669
6646 4 2 1 1 3546 3579 1979 3572
6647 4 2 1 1 1839 2917 1878 3568
6648 4 2 1 1 1993 2004 2002 2005
6649 4 2 1 1 2680 240 237 239
6650 4 2 1 1 1166 2331 235 1515
6651 4 2 1 1 2583 3683 1995 2247
6652 4 2 1 1 2768 2550 2002 3076
6653 4 2 1 1 2331 2333 2604 987
6654 4 2 1 1 3199 2511 517 2002
6655 4 2 1 1 3139 959 371 312
6656 4 2 1 1 2680 1994 2206 2512
6657 4 2 1 1 3399 3382 1977 2065
6658 4 2 1 1 1249 1321 502 3199
6659 4 2 1 1 3686 3666 3663 1999
6660 4 2 1 1 2489 229 2159 246
6661 4 2 1 1 2208 2209 2872 2247
6662 4 2 1 1 1982 3579 2955 2027
6663 4 2 1 1 3100 419 2937 2471
6664 4 2 1 1 1899 3213 3214 3185
6665 4 2 1 1 2351 3115 2943 1982
6666 4 2 1 1 2632 2334 2700 2941
6667 4 2 1 1 3653 3619 2491 2800
6668 4 2 1 1 2632 2334 2941 2633
6669 4 2 1 1 2685 3078 2837 2813
6670 4 2 1 1 2836 1182 912 2251
6671 4 2 1 1 984 2333 2632 2334
6672 4 2 1 1 2014 2699 2331 2647
6673 4 2 1 1 2584 155 2967 154
6674 4 2 1 1 3647 2766 3649 2048
6675 4 2 1 1 2834 3745 2163 2640
6676 4 2 1 1 2641 2834 2640 1980
6677 4 2 1 1 2155 2492 2491 2490
6678 4 2 1 1 2147 3712 2575 2383
6679 4 2 1 1 3331 1684 1709 1665
6680 4 2 1 1 3180 2152 3092 3482
6681 4 2 1 1 394 2259 393 395
6682 4 2 1 1 3702 2106 2152 3180
6683 4 2 1 1 2341 2045 2031 3714
6684 4 2 1 1 2219 3308 3595 2367
6685 4 2 1 1 3726 2366 3728 2945
6686 4 2 1 1 2844 3740 3738 3207
6687 4 2 1 1 3450 1627 3452 1650
6688 4 2 1 1 3010 3183 2065 3032
6689 4 2 1 1 3093 3183 2065 3010
6690 4 2 1 1 3571 3085 2177 3518
6691 4 2 1 1 563 2710 2523 564
6692 4 2 1 1 2078 2760 2071 2076
6693 4 2 1 1 2321 2760 2078 2076
6694 4 2 1 1 17 18 88 2316
6695 4 2 1 1 929 2627 931 678
6696 4 2 1 1 16 2703 15 939
6697 4 2 1 1 2320 2475 3240 2076
6698 4 2 1 1 3683 2583 1995 3682
6699 4 2 1 1 3411 3488 3569 3456
6700 4 2 1 1 2709 2277 2625 2739
6701 4 2 1 1 2474 2717 2739 2246
6702 4 2 1 1 781 2214 2153 2546
6703 4 2 1 1 1994 2511 2210 2872
6704 4 2 1 1 3680 3668 2655 3632
6705 4 2 1 1 3622 1923 1898 3628
6706 4 2 1 1 2211 1985 2512 2872
6707 4 2 1 1 2007 255 479 268
6708 4 2 1 1 307 309 308 2714
6709 4 2 1 1 3242 2760 2078 2083
6710 4 2 1 1 2315 2078 2083 1954
6711 4 2 1 1 1923 2474 2278 2276
6712 4 2 1 1 1246 1311 1312 2665
6713 4 2 1 1 2150 2007 479 268
6714 4 2 1 1 479 2150 268 1286
6715 4 2 1 1 2092 2091 2087 2098
6716 4 2 1 1 2774 1963 1965 1964
6717 4 2 1 1 3038 2125 1953 2126
6718 4 2 1 1 2482 2410 2411 2415
6719 4 2 1 1 2628 2631 2708 2197
6720 4 2 1 1 2479 3234 2221 3228
6721 4 2 1 1 2672 3038 1947 1965
6722 4 2 1 1 2237 2238 2708 2753
6723 4 2 1 1 2228 2231 2225 2050
6724 4 2 1 1 1908 3179 1961 2275
6725 4 2 1 1 2856 2797 2676 2857
6726 4 2 1 1 2049 2390 2388 2683
6727 4 2 1 1 1036 2139 135 138
6728 4 2 1 1 383 460 2918 459
6729 4 2 1 1 2723 1123 699 279
6730 4 2 1 1 2724 2723 279 2571
6731 4 2 1 1 2918 137 238 136
6732 4 2 1 1 699 2723 279 2724
6733 4 2 1 1 3164 725 3113 884
6734 4 2 1 1 2453 2496 2284 2454
6735 4 2 1 1 2699 2014 2650 2647
6736 4 2 1 1 1990 1895 3610 1988
6737 4 2 1 1 3510 3523 3316 2963
6738 4 2 1 1 2848 3502 3474 3389
6739 4 2 1 1 1726 1858 3268 1885
6740 4 2 1 1 3501 3523 3316 3573
6741 4 2 1 1 3461 3509 3550 3510
6742 4 2 1 1 2183 2848 3419 3474
6743 4 2 1 1 3505 3362 3357 3506
6744 4 2 1 1 2183 3360 3419 2254
6745 4 2 1 1 2914 3557 2845 2009
6746 4 2 1 1 2587 1193 1095 2925
6747 4 2 1 1 1193 2587 2924 2925
6748 4 2 1 1 3510 2848 2254 1988
6749 4 2 1 1 2925 2926 638 3051
6750 4 2 1 1 1809 3370 1766 1822
6751 4 2 1 1 2303 3212 3088 2298
6752 4 2 1 1 2932 2793 290 546
6753 4 2 1 1 3382 3381 3475 3552
6754 4 2 1 1 2450 3495 3343 3486
6755 4 2 1 1 2799 2241 2238 2228
6756 4 2 1 1 353 2796 355 352
6757 4 2 1 1 2318 905 3155 1423
6758 4 2 1 1 527 3141 3142 3025
6759 4 2 1 1 2797 2799 2676 2857
6760 4 2 1 1 2202 3104 2231 1921
6761 4 2 1 1 2801 3193 3243 2802
6762 4 2 1 1 2390 2228 2050 3084
6763 4 2 1 1 274 1037 290 2545
6764 4 2 1 1 3699 1997 3693 3081
6765 4 2 1 1 3082 2563 3081 2469
6766 4 2 1 1 3082 1997 3693 2309
6767 4 2 1 1 977 505 2590 304
6768 4 2 1 1 1458 3257 3244 927
6769 4 2 1 1 1355 1263 833 2823
6770 4 2 1 1 368 3226 1448 2783
6771 4 2 1 1 2390 2898 2389 3084
6772 4 2 1 1 2797 2799 2798 3103
6773 4 2 1 1 2793 2545 3207 2879
6774 4 2 1 1 2507 2234 946 2236
6775 4 2 1 1 2230 2223 2388 2683
6776 4 2 1 1 2237 2390 1939 2230
6777 4 2 1 1 2880 3097 1962 3132
6778 4 2 1 1 3619 3708 3752 3750
6779 4 2 1 1 1909 2717 2655 3632
6780 4 2 1 1 2215 2208 2247 2214
6781 4 2 1 1 2246 2097 1907 2090
6782 4 2 1 1 2496 1919 2286 2454
6783 4 2 1 1 3345 3342 3343 3346
6784 4 2 1 1 2103 2013 3478 3159
6785 4 2 1 1 3290 3300 3092 3283
6786 4 2 1 1 3702 3701 2104 3703
6787 4 2 1 1 2790 2859 2791 3207
6788 4 2 1 1 3702 3701 2020 2104
6789 4 2 1 1 3447 3702 2105 2104
6790 4 2 1 1 2891 1446 893 3156
6791 4 2 1 1 2391 21 2324 117
6792 4 2 1 1 2325 2435 2323 2927
6793 4 2 1 1 1974 1171 2754 1048
6794 4 2 1 1 3122 2435 2835 2323
6795 4 2 1 1 1916 1972 2410 2415
6796 4 2 1 1 2277 2474 2092 2276
6797 4 2 1 1 2135 1902 1913 2625
6798 4 2 1 1 1913 1902 2122 2625
6799 4 2 1 1 2080 2314 2083 3225
6800 4 2 1 1 1990 3665 3670 3659
6801 4 2 1 1 2292 2293 2491 2291
6802 4 2 1 1 2133 2661 2662 2134
6803 4 2 1 1 1919 1923 3631 2739
6804 4 2 1 1 3709 2800 2249 2330
6805 4 2 1 1 193 189 2331 2326
6806 4 2 1 1 1028 177 3218 3154
6807 4 2 1 1 2677 2202 2192 3216
6808 4 2 1 1 2677 2825 2231 3189
6809 4 2 1 1 1418 443 1019 3167
6810 4 2 1 1 2318 922 3243 1425
6811 4 2 1 1 2876 2875 3103 3114
6812 4 2 1 1 2826 2825 2317 3640
6813 4 2 1 1 2080 2091 1905 2311
6814 4 2 1 1 2592 302 301 2724
6815 4 2 1 1 2922 3662 2769 3076
6816 4 2 1 1 2095 2091 3630 3225
6817 4 2 1 1 255 2007 479 2005
6818 4 2 1 1 2474 2730 2092 2276
6819 4 2 1 1 2311 2767 2769 2002
6820 4 2 1 1 3377 2000 2178 3685
6821 4 2 1 1 698 595 1177 2002
6822 4 2 1 1 3403 2450 3343 3486
6823 4 2 1 1 2003 3697 3699 2008
6824 4 2 1 1 3588 3345 1581 3339
6825 4 2 1 1 3521 3544 3566 2131
6826 4 2 1 1 2241 2825 2242 3640
6827 4 2 1 1 2077 2321 2078 2076
6828 4 2 1 1 3499 3473 2131 3565
6829 4 2 1 1 2558 416 418 3108
6830 4 2 1 1 302 288 301 2724
6831 4 2 1 1 2700 2955 2335 3707
6832 4 2 1 1 1897 2155 3749 3617
6833 4 2 1 1 472 2471 898 1276
6834 4 2 1 1 984 423 2632 615
6835 4 2 1 1 1930 3647 2448 2468
6836 4 2 1 1 2592 2598 2724 301
6837 4 2 1 1 2598 287 2724 301
6838 4 2 1 1 828 2592 1393 1346
6839 4 2 1 1 2256 2637 2867 2827
6840 4 2 1 1 2152 2105 2054 3732
6841 4 2 1 1 3074 2281 2786 457
6842 4 2 1 1 2840 654 2646 1476
6843 4 2 1 1 654 1476 656 2646
6844 4 2 1 1 655 654 656 2646
6845 4 2 1 1 2281 457 2904 2786
6846 4 2 1 1 2770 2786 2661 2134
6847 4 2 1 1 2475 2071 3240 2076
6848 4 2 1 1 2482 2320 3240 2076
6849 4 2 1 1 2321 2482 3240 2076
6850 4 2 1 1 1242 577 392 2850
6851 4 2 1 1 2071 2760 3240 2076
6852 4 2 1 1 2723 2365 3040 2725
6853 4 2 1 1 2732 3168 2644 2054
6854 4 2 1 1 2760 2321 3240 2076
6855 4 2 1 1 3311 3296 3595 2367
6856 4 2 1 1 2277 2278 2276 2098
6857 4 2 1 1 2296 317 983 2713
6858 4 2 1 1 171 172 3088 169
6859 4 2 1 1 757 2377 758 759
6860 4 2 1 1 2139 2145 2698 2149
6861 4 2 1 1 2320 2387 3240 2342
6862 4 2 1 1 3192 3206 2758 3262
6863 4 2 1 1 711 358 921 2229
6864 4 2 1 1 1971 3202 2683 2694
6865 4 2 1 1 1939 2230 2400 2236
6866 4 2 1 1 335 339 2112 333
6867 4 2 1 1 2121 1908 2127 2278
6868 4 2 1 1 2091 2073 2075 3224
6869 4 2 1 1 1750 3307 1571 1569
6870 4 2 1 1 1330 2749 2952 323
6871 4 2 1 1 2559 321 322 323
6872 4 2 1 1 386 501 2725 2958
6873 4 2 1 1 1750 3307 1569 3278
6874 4 2 1 1 2420 1868 1572 1570
6875 4 2 1 1 2067 3223 2422 3221
6876 4 2 1 1 2427 1970 2437 1955
6877 4 2 1 1 852 647 1206 2422
6878 4 2 1 1 726 1183 1155 2828
6879 4 2 1 1 1183 3157 1155 2828
6880 4 2 1 1 936 3157 2828 726
6881 4 2 1 1 2749 325 2559 323
6882 4 2 1 1 2435 534 2421 2272
6883 4 2 1 1 3734 2256 3649 2054
6884 4 2 1 1 3023 2495 3020 1927
6885 4 2 1 1 2041 1901 3624 3638
6886 4 2 1 1 2154 3694 2093 3748
6887 4 2 1 1 1927 2495 3020 2442
6888 4 2 1 1 3633 3635 2017 2295
6889 4 2 1 1 2291 2290 2284 2487
6890 4 2 1 1 325 321 2559 323
6891 4 2 1 1 2709 2277 2738 2625
6892 4 2 1 1 1953 2691 2122 1913
6893 4 2 1 1 3182 2617 3022 3043
6894 4 2 1 1 2691 1912 2555 2870
6895 4 2 1 1 2621 2689 3014 3059
6896 4 2 1 1 2279 1961 2127 1951
6897 4 2 1 1 2091 2095 2216 2087
6898 4 2 1 1 2804 1369 3044 505
6899 4 2 1 1 3684 3680 3681 3632
6900 4 2 1 1 529 702 450 2312
6901 4 2 1 1 2713 310 2714 311
6902 4 2 1 1 2089 1907 2729 2087
6903 4 2 1 1 493 307 2871 1275
6904 4 2 1 1 3668 1909 3628 3629
6905 4 2 1 1 2717 3683 2655 3632
6906 4 2 1 1 1916 1972 2320 2410
6907 4 2 1 1 2476 2483 3240 2477
6908 4 2 1 1 3238 3237 3239 2761
6909 4 2 1 1 3651 2315 3670 2083
6910 4 2 1 1 3611 3657 3658 1988
6911 4 2 1 1 2554 1332 334 2505
6912 4 2 1 1 2450 3496 3486 3412
6913 4 2 1 1 1102 1543 2893 1851
6914 4 2 1 1 1421 1103 3599 110
6915 4 2 1 1 1167 947 2657 2613
6916 4 2 1 1 2025 3517 3477 3492
6917 4 2 1 1 2351 629 2615 792
6918 4 2 1 1 947 896 706 2657
6919 4 2 1 1 908 3160 3607 2350
6920 4 2 1 1 2641 2465 2251 2250
6921 4 2 1 1 1902 2282 2122 2625
6922 4 2 1 1 2277 2278 2738 2625
6923 4 2 1 1 2282 2624 2122 2625
6924 4 2 1 1 2737 2121 2625 2278
6925 4 2 1 1 3049 3039 2356 2134
6926 4 2 1 1 3060 3074 3061 2661
6927 4 2 1 1 337 1332 334 2636
6928 4 2 1 1 199 200 2582 201
6929 4 2 1 1 2628 2532 2707 349
6930 4 2 1 1 670 2752 1470 921
6931 4 2 1 1 3118 870 3075 669
6932 4 2 1 1 2232 2222 2875 2798
6933 4 2 1 1 1332 2554 334 2636
6934 4 2 1 1 2755 2664 2629 345
6935 4 2 1 1 342 2664 345 344
6936 4 2 1 1 2528 3085 2177 2934
6937 4 2 1 1 3687 2081 3669 3684
6938 4 2 1 1 3668 1909 2655 3632
6939 4 2 1 1 2081 3623 3628 3631
6940 4 2 1 1 2750 3177 3178 2120
6941 4 2 1 1 2474 1909 3628 3631
6942 4 2 1 1 533 2957 1140 2643
6943 4 2 1 1 3657 3611 3658 1987
6944 4 2 1 1 1942 3641 2079 3643
6945 4 2 1 1 1986 2543 2315 3670
6946 4 2 1 1 1263 2674 355 356
6947 4 2 1 1 2529 952 1447 857
6948 4 2 1 1 2796 2674 2875 356
6949 4 2 1 1 2674 2796 355 356
6950 4 2 1 1 2540 530 2541 2313
6951 4 2 1 1 160 3215 158 3167
6952 4 2 1 1 2344 1021 1020 2260
6953 4 2 1 1 1017 2551 3167 2370
6954 4 2 1 1 2260 2261 2258 748
6955 4 2 1 1 2260 750 748 2258
6956 4 2 1 1 750 1021 2344 2260
6957 4 2 1 1 2551 2635 2827 2644
6958 4 2 1 1 1952 2270 3178 2559
6959 4 2 1 1 2121 2275 2805 3178
6960 4 2 1 1 2427 2325 2432 1955
6961 4 2 1 1 2275 2562 2721 2098
6962 4 2 1 1 1952 2953 2749 2805
6963 4 2 1 1 2265 2561 2747 2743
6964 4 2 1 1 2075 2099 1914 2426
6965 4 2 1 1 687 1186 854 3279
6966 4 2 1 1 2139 2569 139 2383
6967 4 2 1 1 2384 2573 2566 2571
6968 4 2 1 1 2478 790 620 1324
6969 4 2 1 1 288 287 2724 279
6970 4 2 1 1 2682 446 1324 620
6971 4 2 1 1 2345 3193 2346 3243
6972 4 2 1 1 153 2584 191 2345
6973 4 2 1 1 368 2782 1324 3246
6974 4 2 1 1 2782 446 367 1324
6975 4 2 1 1 2805 3018 2747 2098
6976 4 2 1 1 995 163 2204 161
6977 4 2 1 1 1425 3193 2801 906
6978 4 2 1 1 3737 2264 2850 2945
6979 4 2 1 1 794 2599 2960 795
6980 4 2 1 1 2968 2969 2945 3165
6981 4 2 1 1 3352 3329 3331 2597
6982 4 2 1 1 2969 3165 3264 3727
6983 4 2 1 1 2724 3727 2725 3040
6984 4 2 1 1 3165 3264 3727 2592
6985 4 2 1 1 2014 2331 2601 2647
6986 4 2 1 1 758 2377 2375 759
6987 4 2 1 1 1904 2194 2200 2115
6988 4 2 1 1 3160 2902 2019 3015
6989 4 2 1 1 2558 416 2297 413
6990 4 2 1 1 2091 2099 2075 2098
6991 4 2 1 1 2092 2277 2276 2098
6992 4 2 1 1 3403 1693 3486 1767
6993 4 2 1 1 2449 2023 3706 3185
6994 4 2 1 1 3706 2514 1929 2531
6995 4 2 1 1 2089 2277 2087 2098
6996 4 2 1 1 2645 2812 2298 2447
6997 4 2 1 1 2023 2449 1899 3185
6998 4 2 1 1 3267 883 1488 2116
6999 4 2 1 1 874 3130 873 2116
7000 4 2 1 1 2278 2277 2089 2098
7001 4 2 1 1 3052 2408 2418 2409
7002 4 2 1 1 1959 1963 2774 660
7003 4 2 1 1 2110 1948 1965 2109
7004 4 2 1 1 3168 3647 2612 3646
7005 4 2 1 1 769 1325 767 2819
7006 4 2 1 1 2635 398 442 531
7007 4 2 1 1 2117 3186 2109 2107
7008 4 2 1 1 3701 2380 2819 3703
7009 4 2 1 1 2256 3734 3649 2644
7010 4 2 1 1 2358 3219 2649 2289
7011 4 2 1 1 2358 3023 2649 3219
7012 4 2 1 1 3705 3647 2023 3706
7013 4 2 1 1 3633 3751 2295 2024
7014 4 2 1 1 2190 2441 2447 2301
7015 4 2 1 1 2958 2264 389 388
7016 4 2 1 1 387 2958 389 388
7017 4 2 1 1 2958 387 389 2264
7018 4 2 1 1 3049 2840 2904 2646
7019 4 2 1 1 573 3074 456 457
7020 4 2 1 1 452 376 2623 3059
7021 4 2 1 1 2199 2114 2629 2856
7022 4 2 1 1 2007 2150 2008 2924
7023 4 2 1 1 3072 1094 2469 2382
7024 4 2 1 1 2767 2310 2002 3199
7025 4 2 1 1 255 479 1143 2005
7026 4 2 1 1 1946 1948 3036 2109
7027 4 2 1 1 2680 2681 2469 242
7028 4 2 1 1 243 2550 2681 244
7029 4 2 1 1 2550 243 2681 2680
7030 4 2 1 1 674 673 2639 411
7031 4 2 1 1 3036 1946 2109 660
7032 4 2 1 1 90 3237 3238 2761
7033 4 2 1 1 2431 3232 1966 2433
7034 4 2 1 1 2403 1967 2758 3233
7035 4 2 1 1 3186 3036 2109 660
7036 4 2 1 1 2688 2691 2120 2555
7037 4 2 1 1 2639 674 411 1170
7038 4 2 1 1 3247 2038 2481 2715
7039 4 2 1 1 2071 2316 3240 3236
7040 4 2 1 1 2147 2139 2698 2149
7041 4 2 1 1 2450 3495 3486 3496
7042 4 2 1 1 3422 2450 3486 3412
7043 4 2 1 1 3403 2450 3486 3422
7044 4 2 1 1 2475 3234 2342 2319
7045 4 2 1 1 3499 1595 3497 1592
7046 4 2 1 1 2030 3615 2079 3645
7047 4 2 1 1 1919 1897 2454 1911
7048 4 2 1 1 2691 3014 2690 2120
7049 4 2 1 1 2809 2637 411 400
7050 4 2 1 1 2639 2637 411 2809
7051 4 2 1 1 313 2727 2728 315
7052 4 2 1 1 2596 3722 3721 3725
7053 4 2 1 1 424 2471 422 472
7054 4 2 1 1 2595 2572 2043 3040
7055 4 2 1 1 2471 1442 422 472
7056 4 2 1 1 2691 2750 3014 2120
7057 4 2 1 1 2691 2750 2120 3177
7058 4 2 1 1 2953 2734 2689 2952
7059 4 2 1 1 3039 1476 924 1386
7060 4 2 1 1 3014 2689 2996 3059
7061 4 2 1 1 1919 2496 2286 2662
7062 4 2 1 1 2376 433 2379 404
7063 4 2 1 1 2282 2281 2661 3061
7064 4 2 1 1 340 2684 330 1309
7065 4 2 1 1 3060 453 2622 2623
7066 4 2 1 1 453 3060 455 454
7067 4 2 1 1 406 405 2379 404
7068 4 2 1 1 743 625 3046 835
7069 4 2 1 1 405 410 407 2379
7070 4 2 1 1 2639 2380 2379 3703
7071 4 2 1 1 2953 2737 2089 2121
7072 4 2 1 1 313 317 2728 2713
7073 4 2 1 1 1098 2208 2207 303
7074 4 2 1 1 1011 2727 315 2728
7075 4 2 1 1 2747 3018 2087 2098
7076 4 2 1 1 2208 3250 2210 2206
7077 4 2 1 1 2091 2073 2088 2087
7078 4 2 1 1 406 405 407 2379
7079 4 2 1 1 2196 2201 2447 2200
7080 4 2 1 1 2356 3039 2440 2134
7081 4 2 1 1 2540 1315 601 444
7082 4 2 1 1 2756 2631 2856 2857
7083 4 2 1 1 2125 2667 1913 2115
7084 4 2 1 1 3140 2095 3630 3225
7085 4 2 1 1 533 2540 601 444
7086 4 2 1 1 2961 2253 3771 2182
7087 4 2 1 1 2963 2082 1999 3700
7088 4 2 1 1 3665 3661 3663 2769
7089 4 2 1 1 640 434 2313 1434
7090 4 2 1 1 2322 2434 2083 1918
7091 4 2 1 1 3226 900 3266 717
7092 4 2 1 1 2778 2779 2911 3029
7093 4 2 1 1 2540 1315 444 373
7094 4 2 1 1 900 1486 1448 2838
7095 4 2 1 1 720 2910 1415 721
7096 4 2 1 1 2789 2157 2160 2791
7097 4 2 1 1 434 2540 444 373
7098 4 2 1 1 1062 258 3250 2206
7099 4 2 1 1 2580 3038 2579 1935
7100 4 2 1 1 2789 1113 2545 1489
7101 4 2 1 1 3653 3655 3652 1980
7102 4 2 1 1 1909 2474 2717 3632
7103 4 2 1 1 2155 3748 3749 3746
7104 4 2 1 1 3176 2271 2579 2672
7105 4 2 1 1 2555 3177 2120 2123
7106 4 2 1 1 2292 230 1045 1005
7107 4 2 1 1 2555 2691 2120 3177
7108 4 2 1 1 3057 3058 492 3011
7109 4 2 1 1 175 3057 173 176
7110 4 2 1 1 3169 1363 3011 492
7111 4 2 1 1 2695 2696 2772 3080
7112 4 2 1 1 3154 1487 1426 1114
7113 4 2 1 1 2616 2617 3255 2618
7114 4 2 1 1 3751 3411 2294 2131
7115 4 2 1 1 3411 3751 1932 2131
7116 4 2 1 1 2151 2866 2864 3092
7117 4 2 1 1 2256 3734 2878 3736
7118 4 2 1 1 1932 3411 2131 3456
7119 4 2 1 1 3472 1762 3365 3565
7120 4 2 1 1 2256 2867 2644 2827
7121 4 2 1 1 3330 3447 2105 3437
7122 4 2 1 1 3531 3517 3492 3559
7123 4 2 1 1 2412 3586 2042 2243
7124 4 2 1 1 1113 809 806 2544
7125 4 2 1 1 3411 3569 2131 3456
7126 4 2 1 1 471 2895 476 477
7127 4 2 1 1 2154 2063 2687 2791
7128 4 2 1 1 2738 2244 2735 2473
7129 4 2 1 1 1692 3496 3559 3412
7130 4 2 1 1 3429 3653 1977 1979
7131 4 2 1 1 3744 3741 3743 2065
7132 4 2 1 1 559 2525 733 732
7133 4 2 1 1 3107 3105 2462 3106
7134 4 2 1 1 2895 471 970 477
7135 4 2 1 1 2421 2424 532 1316
7136 4 2 1 1 2438 2439 3028 3087
7137 4 2 1 1 2793 1037 290 546
7138 4 2 1 1 3085 3571 2177 2933
7139 4 2 1 1 2176 3363 3558 2174
7140 4 2 1 1 439 2381 528 821
7141 4 2 1 1 2569 2147 2918 2575
7142 4 2 1 1 2577 2591 294 2568
7143 4 2 1 1 2525 2528 3048 3066
7144 4 2 1 1 438 295 2381 2577
7145 4 2 1 1 1862 1729 3431 2306
7146 4 2 1 1 1896 2138 3614 2142
7147 4 2 1 1 2860 2151 2985 2861
7148 4 2 1 1 2946 2851 2850 2985
7149 4 2 1 1 2946 802 1444 1379
7150 4 2 1 1 2985 2986 2861 3163
7151 4 2 1 1 643 2866 642 880
7152 4 2 1 1 2716 2804 3044 505
7153 4 2 1 1 274 273 2585 289
7154 4 2 1 1 3195 2244 3117 2455
7155 4 2 1 1 2518 3683 2372 2374
7156 4 2 1 1 2373 2374 2372 2246
7157 4 2 1 1 2544 2548 2153 2520
7158 4 2 1 1 441 500 499 2984
7159 4 2 1 1 3683 2245 2372 2246
7160 4 2 1 1 214 1278 2877 2371
7161 4 2 1 1 2877 214 2371 215
7162 4 2 1 1 614 2980 558 703
7163 4 2 1 1 1865 1769 3605 3606
7164 4 2 1 1 614 2961 554 2980
7165 4 2 1 1 1835 1865 3605 1554
7166 4 2 1 1 1832 2906 1731 1843
7167 4 2 1 1 1703 1730 3426 1702
7168 4 2 1 1 3480 1659 3426 1702
7169 4 2 1 1 126 1124 37 1843
7170 4 2 1 1 771 2899 769 770
7171 4 2 1 1 772 771 770 2899
7172 4 2 1 1 643 2865 2866 3092
7173 4 2 1 1 2902 3160 2901 2903
7174 4 2 1 1 2079 1896 3614 2142
7175 4 2 1 1 2961 2983 1163 554
7176 4 2 1 1 771 948 769 2899
7177 4 2 1 1 2639 673 2809 411
7178 4 2 1 1 3702 2637 2378 3703
7179 4 2 1 1 1934 3158 3266 2038
7180 4 2 1 1 922 2584 3188 3243
7181 4 2 1 1 2079 2847 2142 3614
7182 4 2 1 1 3193 2033 992 296
7183 4 2 1 1 993 2910 2911 3029
7184 4 2 1 1 2033 2910 993 1474
7185 4 2 1 1 3726 2969 3165 2945
7186 4 2 1 1 2343 2344 2764 2346
7187 4 2 1 1 2785 3638 3640 2242
7188 4 2 1 1 2592 3165 2724 3727
7189 4 2 1 1 391 390 389 2264
7190 4 2 1 1 3722 2034 3724 3721
7191 4 2 1 1 2810 2844 547 2793
7192 4 2 1 1 260 2548 1203 469
7193 4 2 1 1 2877 215 2371 3195
7194 4 2 1 1 1029 1380 2545 2544
7195 4 2 1 1 1230 2810 796 1507
7196 4 2 1 1 3690 1997 3006 3692
7197 4 2 1 1 2351 1334 2615 2893
7198 4 2 1 1 2351 779 2943 629
7199 4 2 1 1 779 515 2943 629
7200 4 2 1 1 2942 2701 2955 2956
7201 4 2 1 1 1569 1571 1570 3136
7202 4 2 1 1 2594 2591 2599 2954
7203 4 2 1 1 793 2599 1393 828
7204 4 2 1 1 3133 3294 2971 2305
7205 4 2 1 1 287 288 2724 301
7206 4 2 1 1 451 462 2996 510
7207 4 2 1 1 793 2599 795 1393
7208 4 2 1 1 2954 2591 2599 686
7209 4 2 1 1 793 687 794 2599
7210 4 2 1 1 838 1480 2947 2971
7211 4 2 1 1 3060 3074 3062 3061
7212 4 2 1 1 452 3060 3059 2623
7213 4 2 1 1 2847 2169 2142 3614
7214 4 2 1 1 2976 537 521 649
7215 4 2 1 1 630 738 631 2978
7216 4 2 1 1 537 2976 521 2978
7217 4 2 1 1 463 2592 301 1346
7218 4 2 1 1 2220 2855 2217 3317
7219 4 2 1 1 1751 1831 3312 1830
7220 4 2 1 1 27 122 1553 26
7221 4 2 1 1 2976 2354 649 521
7222 4 2 1 1 2354 2976 2977 521
7223 4 2 1 1 534 647 2421 532
7224 4 2 1 1 661 1963 2993 660
7225 4 2 1 1 2421 2424 2272 532
7226 4 2 1 1 1960 1959 2754 3035
7227 4 2 1 1 2909 991 2927 607
7228 4 2 1 1 1048 1171 2754 627
7229 4 2 1 1 3173 3175 3156 2108
7230 4 2 1 1 1044 589 2064 2589
7231 4 2 1 1 2544 1279 2520 2153
7232 4 2 1 1 467 683 684 2794
7233 4 2 1 1 1316 2424 532 723
7234 4 2 1 1 2026 3708 3707 3656
7235 4 2 1 1 2492 2129 2490 2155
7236 4 2 1 1 2548 2585 2549 2545
7237 4 2 1 1 3527 3303 3535 2589
7238 4 2 1 1 2792 2789 2793 2794
7239 4 2 1 1 2588 1044 2064 2589
7240 4 2 1 1 1926 2190 3184 2188
7241 4 2 1 1 2103 3543 2013 2900
7242 4 2 1 1 3212 2303 2302 2298
7243 4 2 1 1 1904 2668 2200 2494
7244 4 2 1 1 2907 2900 3099 2013
7245 4 2 1 1 2514 2022 2645 3213
7246 4 2 1 1 3633 1899 2024 3214
7247 4 2 1 1 2358 2289 2357 2291
7248 4 2 1 1 2840 1311 2636 829
7249 4 2 1 1 2642 3654 3652 2251
7250 4 2 1 1 1233 3008 2751 1333
7251 4 2 1 1 1981 2814 2837 3542
7252 4 2 1 1 3078 2701 2335 2813
7253 4 2 1 1 2134 2661 2662 2357
7254 4 2 1 1 3142 3104 3103 3114
7255 4 2 1 1 2840 2770 814 829
7256 4 2 1 1 457 3164 2904 1185
7257 4 2 1 1 2775 1149 344 377
7258 4 2 1 1 494 2671 378 377
7259 4 2 1 1 2904 655 543 1185
7260 4 2 1 1 499 2983 554 1163
7261 4 2 1 1 3755 3756 3754 2148
7262 4 2 1 1 1058 820 1254 3298
7263 4 2 1 1 2544 958 1279 2153
7264 4 2 1 1 2983 930 1293 1163
7265 4 2 1 1 1568 1099 103 3279
7266 4 2 1 1 2458 2094 2131 3497
7267 4 2 1 1 3766 3041 2148 2919
7268 4 2 1 1 1509 1270 2742 1199
7269 4 2 1 1 3500 2458 2131 3497
7270 4 2 1 1 2742 3065 3710 2028
7271 4 2 1 1 3318 1784 3320 3592
7272 4 2 1 1 2508 2628 2708 2197
7273 4 2 1 1 1279 1278 2520 2153
7274 4 2 1 1 3203 1358 1181 664
7275 4 2 1 1 2877 1278 1279 2153
7276 4 2 1 1 1113 1380 2545 1489
7277 4 2 1 1 1197 1431 3028 3087
7278 4 2 1 1 3275 3068 3069 3070
7279 4 2 1 1 3604 2176 3134 3028
7280 4 2 1 1 3068 3582 3453 3275
7281 4 2 1 1 3687 3694 3684 1998
7282 4 2 1 1 563 566 2523 2710
7283 4 2 1 1 2163 2833 2164 2160
7284 4 2 1 1 2223 2682 2693 2404
7285 4 2 1 1 2401 955 667 1525
7286 4 2 1 1 2227 2388 2229 1074
7287 4 2 1 1 661 1963 663 2993
7288 4 2 1 1 2401 2416 2395 1964
7289 4 2 1 1 2558 3108 418 2937
7290 4 2 1 1 2685 2613 2956 538
7291 4 2 1 1 3115 2614 2615 2956
7292 4 2 1 1 2329 193 2331 2287
7293 4 2 1 1 420 3100 1496 417
7294 4 2 1 1 2603 2015 2651 2024
7295 4 2 1 1 984 2632 425 2334
7296 4 2 1 1 2833 3745 2164 2160
7297 4 2 1 1 3187 1266 1265 693
7298 4 2 1 1 3745 2833 2164 2163
7299 4 2 1 1 3153 1388 3119 923
7300 4 2 1 1 3120 742 1361 1360
7301 4 2 1 1 2877 2371 2153 2372
7302 4 2 1 1 225 3208 1300 2153
7303 4 2 1 1 2825 2677 2053 3189
7304 4 2 1 1 3197 2036 3029 2802
7305 4 2 1 1 2118 1411 513 3128
7306 4 2 1 1 883 874 1488 2116
7307 4 2 1 1 1949 2397 2708 2417
7308 4 2 1 1 691 526 527 3141
7309 4 2 1 1 468 1230 2874 587
7310 4 2 1 1 696 2318 1327 3188
7311 4 2 1 1 361 2896 363 2389
7312 4 2 1 1 3083 362 363 2389
7313 4 2 1 1 3153 2203 3189 2035
7314 4 2 1 1 2143 3230 937 3151
7315 4 2 1 1 90 2759 3238 1338
7316 4 2 1 1 2710 2523 2820 2175
7317 4 2 1 1 2080 2091 2311 3225
7318 4 2 1 1 17 2500 18 2316
7319 4 2 1 1 2759 2319 18 19
7320 4 2 1 1 2902 3100 1443 2901
7321 4 2 1 1 1437 3161 1460 1119
7322 4 2 1 1 3701 2818 3099 2907
7323 4 2 1 1 2830 2829 2817 2516
7324 4 2 1 1 2819 3701 2104 2013
7325 4 2 1 1 3035 3129 2268 3174
7326 4 2 1 1 1495 892 3173 1367
7327 4 2 1 1 1952 2749 2750 2120
7328 4 2 1 1 2565 2710 2820 2175
7329 4 2 1 1 3692 2162 2309 2175
7330 4 2 1 1 2933 2162 3692 2175
7331 4 2 1 1 2493 2526 2527 2175
7332 4 2 1 1 567 2565 598 2710
7333 4 2 1 1 2814 2652 574 575
7334 4 2 1 1 566 567 598 2710
7335 4 2 1 1 2565 566 598 2710
7336 4 2 1 1 2852 508 609 2853
7337 4 2 1 1 3183 3031 3032 3655
7338 4 2 1 1 2854 2852 609 2853
7339 4 2 1 1 729 3094 730 1210
7340 4 2 1 1 2792 3740 2154 2063
7341 4 2 1 1 3619 3653 2155 3752
7342 4 2 1 1 1930 3647 2468 1929
7343 4 2 1 1 179 1019 3167 1020
7344 4 2 1 1 1930 2300 3706 2531
7345 4 2 1 1 3120 3216 3121 3131
7346 4 2 1 1 995 435 3120 2530
7347 4 2 1 1 2458 3500 2094 3497
7348 4 2 1 1 2530 3120 3121 3110
7349 4 2 1 1 2162 3760 2175 2933
7350 4 2 1 1 2405 1950 2497 3262
7351 4 2 1 1 3166 3248 3247 2784
7352 4 2 1 1 2325 2431 2762 2433
7353 4 2 1 1 2391 3259 3261 3244
7354 4 2 1 1 2162 2526 2175 3760
7355 4 2 1 1 3760 2933 2527 2175
7356 4 2 1 1 2526 3760 2527 2175
7357 4 2 1 1 728 633 2404 619
7358 4 2 1 1 633 516 2399 619
7359 4 2 1 1 2394 3052 2407 2418
7360 4 2 1 1 365 364 367 2388
7361 4 2 1 1 3238 3157 3239 3231
7362 4 2 1 1 3500 3400 3508 1599
7363 4 2 1 1 3206 1967 2758 2403
7364 4 2 1 1 3127 3210 3211 2186
7365 4 2 1 1 3127 3149 3254 3211
7366 4 2 1 1 3237 90 3238 1520
7367 4 2 1 1 1458 116 21 3244
7368 4 2 1 1 952 15 2780 114
7369 4 2 1 1 3149 3253 3254 3211
7370 4 2 1 1 2811 1483 3210 3211
7371 4 2 1 1 3127 3254 2186 3211
7372 4 2 1 1 610 2950 678 2626
7373 4 2 1 1 1956 2928 3192 2610
7374 4 2 1 1 2753 1939 2235 2708
7375 4 2 1 1 2402 3259 3261 3258
7376 4 2 1 1 24 1964 2534 1472
7377 4 2 1 1 1967 3234 3205 2403
7378 4 2 1 1 2430 2758 3233 3244
7379 4 2 1 1 1981 2814 3542 3271
7380 4 2 1 1 2814 1981 2657 3271
7381 4 2 1 1 947 1167 2657 706
7382 4 2 1 1 1607 1608 1609 3489
7383 4 2 1 1 1211 2855 1117 631
7384 4 2 1 1 1772 3359 3397 3357
7385 4 2 1 1 1726 1858 1877 3268
7386 4 2 1 1 2150 2892 1151 285
7387 4 2 1 1 1211 819 2855 631
7388 4 2 1 1 2961 614 1158 2962
7389 4 2 1 1 3293 1282 1463 3101
7390 4 2 1 1 1145 2168 1130 2849
7391 4 2 1 1 1706 1663 3396 3436
7392 4 2 1 1 3764 2885 3768 3765
7393 4 2 1 1 1662 1663 1638 3396
7394 4 2 1 1 3582 3518 3453 3585
7395 4 2 1 1 1650 1675 1863 3453
7396 4 2 1 1 3107 3417 3304 3070
7397 4 2 1 1 2233 2532 2508 2197
7398 4 2 1 1 860 3067 732 733
7399 4 2 1 1 3028 2438 712 1041
7400 4 2 1 1 2523 563 561 1071
7401 4 2 1 1 3729 3722 2596 2367
7402 4 2 1 1 3308 2219 3306 2367
7403 4 2 1 1 3341 2847 2597 3352
7404 4 2 1 1 3311 1576 3310 3328
7405 4 2 1 1 3705 3733 3343 2243
7406 4 2 1 1 2047 3729 3730 3731
7407 4 2 1 1 2047 3730 3756 3731
7408 4 2 1 1 3312 3305 1830 1705
7409 4 2 1 1 1705 3301 3055 3313
7410 4 2 1 1 2855 3755 2220 2217
7411 4 2 1 1 2047 3729 3731 2596
7412 4 2 1 1 1648 3446 3555 3437
7413 4 2 1 1 3325 2263 3324 3309
7414 4 2 1 1 2367 2596 3328 3310
7415 4 2 1 1 2104 3702 3704 2020
7416 4 2 1 1 3311 3285 2367 3310
7417 4 2 1 1 3589 3336 1753 3310
7418 4 2 1 1 3348 2847 3341 3352
7419 4 2 1 1 2532 2233 2533 2197
7420 4 2 1 1 3766 3763 2138 3767
7421 4 2 1 1 2733 3589 3337 3339
7422 4 2 1 1 3468 3523 3573 3316
7423 4 2 1 1 1590 3534 3353 3350
7424 4 2 1 1 2172 3444 3455 3548
7425 4 2 1 1 2973 2170 3677 2974
7426 4 2 1 1 2011 3673 3671 3674
7427 4 2 1 1 731 2845 473 3033
7428 4 2 1 1 3468 3502 1617 3474
7429 4 2 1 1 3282 2994 2868 3361
7430 4 2 1 1 3396 1663 1638 3397
7431 4 2 1 1 3073 3536 2868 3361
7432 4 2 1 1 2563 3082 3693 2309
7433 4 2 1 1 568 2710 565 1184
7434 4 2 1 1 1222 2986 1225 648
7435 4 2 1 1 1794 1690 3526 3420
7436 4 2 1 1 2753 2237 1939 2708
7437 4 2 1 1 3404 3370 3386 3387
7438 4 2 1 1 1642 1795 3530 3423
7439 4 2 1 1 2532 2628 2508 2197
7440 4 2 1 1 2814 2652 2509 626
7441 4 2 1 1 3542 3572 3541 3504
7442 4 2 1 1 2814 2652 3031 3519
7443 4 2 1 1 3399 3425 3475 3382
7444 4 2 1 1 1733 3271 3519 1976
7445 4 2 1 1 3579 3542 3541 2614
7446 4 2 1 1 2678 1210 2679 3095
7447 4 2 1 1 3093 3009 3743 2065
7448 4 2 1 1 2887 3578 2905 3427
7449 4 2 1 1 3578 2940 2908 3596
7450 4 2 1 1 2887 3578 2886 2908
7451 4 2 1 1 3293 2168 2908 1132
7452 4 2 1 1 2168 3293 3596 2959
7453 4 2 1 1 3605 2887 3272 3606
7454 4 2 1 1 3481 3402 2167 3401
7455 4 2 1 1 2906 3293 1832 3392
7456 4 2 1 1 3539 2951 2846 2849
7457 4 2 1 1 3644 2132 2243 1943
7458 4 2 1 1 2243 3345 3588 3339
7459 4 2 1 1 2733 3337 3338 3339
7460 4 2 1 1 2412 2132 3583 2243
7461 4 2 1 1 2532 2631 2628 2197
7462 4 2 1 1 2914 3557 3200 2915
7463 4 2 1 1 1699 3421 1671 1806
7464 4 2 1 1 3369 2062 3367 3399
7465 4 2 1 1 3109 2215 2210 2207
7466 4 2 1 1 3535 3303 1716 2678
7467 4 2 1 1 2205 3109 2210 2207
7468 4 2 1 1 1689 1721 3416 1722
7469 4 2 1 1 3576 3425 2065 3382
7470 4 2 1 1 1689 1722 3416 3372
7471 4 2 1 1 2874 2810 2794 2795
7472 4 2 1 1 814 2840 829 653
7473 4 2 1 1 3462 1662 3433 3393
7474 4 2 1 1 3443 3433 3548 1639
7475 4 2 1 1 2205 2873 2207 2210
7476 4 2 1 1 1508 982 2611 2889
7477 4 2 1 1 1777 1649 3437 1646
7478 4 2 1 1 1104 1531 1852 3299
7479 4 2 1 1 663 666 1181 2948
7480 4 2 1 1 2639 2821 2553 3703
7481 4 2 1 1 3162 3527 3416 3106
7482 4 2 1 1 3367 1685 1686 1687
7483 4 2 1 1 3399 3425 3367 3475
7484 4 2 1 1 3191 3118 3203 1181
7485 4 2 1 1 3368 1689 3416 3372
7486 4 2 1 1 1688 3303 3416 1721
7487 4 2 1 1 3608 1651 1869 3276
7488 4 2 1 1 1627 1626 3452 1650
7489 4 2 1 1 3597 3069 1511 1889
7490 4 2 1 1 3371 3373 3372 1775
7491 4 2 1 1 1358 3191 3203 1181
7492 4 2 1 1 3575 2172 3444 3503
7493 4 2 1 1 2169 3391 3580 3389
7494 4 2 1 1 3392 1703 2905 3394
7495 4 2 1 1 3575 2172 3481 3768
7496 4 2 1 1 3538 3393 3394 3596
7497 4 2 1 1 1787 3457 3365 3456
7498 4 2 1 1 2873 2216 2090 2207
7499 4 2 1 1 3532 1788 1694 3493
7500 4 2 1 1 2819 2104 3471 2013
7501 4 2 1 1 2025 3517 3485 3532
7502 4 2 1 1 1615 3468 1614 1617
7503 4 2 1 1 3351 2847 3459 3316
7504 4 2 1 1 3692 1997 3693 3689
7505 4 2 1 1 3435 3384 1670 1672
7506 4 2 1 1 2179 3190 1462 2619
7507 4 2 1 1 1462 2179 2619 1397
7508 4 2 1 1 1534 1349 2839 877
7509 4 2 1 1 2027 3524 2295 3492
7510 4 2 1 1 2685 2613 2614 2956
7511 4 2 1 1 3213 2514 3214 3706
7512 4 2 1 1 3466 3465 3449 3464
7513 4 2 1 1 3579 1982 3466 2027
7514 4 2 1 1 622 1399 2064 1044
7515 4 2 1 1 783 782 2056 864
7516 4 2 1 1 2463 3417 2462 3106
7517 4 2 1 1 2942 2701 427 2335
7518 4 2 1 1 797 2822 1251 708
7519 4 2 1 1 3567 3546 2027 3537
7520 4 2 1 1 3160 2903 1437 3599
7521 4 2 1 1 2611 710 675 708
7522 4 2 1 1 2633 2941 2938 3015
7523 4 2 1 1 1733 3271 1976 2509
7524 4 2 1 1 2484 2657 1558 1356
7525 4 2 1 1 2216 2656 2090 2207
7526 4 2 1 1 2822 797 2611 708
7527 4 2 1 1 2914 3384 3387 2012
7528 4 2 1 1 1798 3549 3423 3581
7529 4 2 1 1 2961 3771 3181 2182
7530 4 2 1 1 3384 2913 2012 2914
7531 4 2 1 1 3012 3201 3386 3051
7532 4 2 1 1 3556 2102 2009 3672
7533 4 2 1 1 2917 2484 3568 1839
7534 4 2 1 1 2485 1839 1746 1818
7535 4 2 1 1 1804 3567 1808 3563
7536 4 2 1 1 3542 1981 2614 3579
7537 4 2 1 1 3567 3546 3563 3579
7538 4 2 1 1 3031 3654 3652 2642
7539 4 2 1 1 2614 2485 3541 3540
7540 4 2 1 1 3271 1733 3541 1734
7541 4 2 1 1 1741 1804 3563 3464
7542 4 2 1 1 3593 1578 1577 1579
7543 4 2 1 1 2367 2263 2596 3310
7544 4 2 1 1 3587 1583 3588 1584
7545 4 2 1 1 3344 3340 1586 3587
7546 4 2 1 1 2572 2595 2043 2338
7547 4 2 1 1 1573 3311 3284 3295
7548 4 2 1 1 3285 1758 1752 1708
7549 4 2 1 1 3593 3322 3328 1577
7550 4 2 1 1 3595 3264 2218 2593
7551 4 2 1 1 3535 3425 3367 2065
7552 4 2 1 1 2641 2250 3652 1980
7553 4 2 1 1 2678 1883 2679 1855
7554 4 2 1 1 3672 1989 3674 3671
7555 4 2 1 1 3455 3380 2597 3331
7556 4 2 1 1 3590 3333 2042 2596
7557 4 2 1 1 2347 3719 3717 2364
7558 4 2 1 1 1906 2311 3225 2769
7559 4 2 1 1 2939 2511 2769 2002
7560 4 2 1 1 2081 3631 3632 2093
7561 4 2 1 1 2300 1930 3185 2447
7562 4 2 1 1 2321 1914 2426 2076
7563 4 2 1 1 1919 2495 2358 3620
7564 4 2 1 1 2128 1919 1923 3623
7565 4 2 1 1 3634 3705 3635 2450
7566 4 2 1 1 3634 3705 2450 2243
7567 4 2 1 1 2467 2377 2966 2513
7568 4 2 1 1 1597 1773 3441 1599
7569 4 2 1 1 3622 1923 3623 1924
7570 4 2 1 1 1594 3498 1595 3497
7571 4 2 1 1 1679 3381 3519 3504
7572 4 2 1 1 3349 1590 3353 3350
7573 4 2 1 1 3634 1931 3625 1943
7574 4 2 1 1 2766 2051 3734 3723
7575 4 2 1 1 3329 3341 2597 3352
7576 4 2 1 1 2053 2348 2346 3243
7577 4 2 1 1 1796 1797 3405 3570
7578 4 2 1 1 2294 1978 2131 3566
7579 4 2 1 1 3183 431 458 1228
7580 4 2 1 1 3264 2969 2218 2593
7581 4 2 1 1 1226 2652 575 574
7582 4 2 1 1 2837 3654 2251 3656
7583 4 2 1 1 518 595 697 2923
7584 4 2 1 1 3627 3626 3629 1999
7585 4 2 1 1 3641 1941 3642 3643
7586 4 2 1 1 1596 3500 3508 1599
7587 4 2 1 1 1956 2075 2098 2437
7588 4 2 1 1 698 2004 890 2923
7589 4 2 1 1 1469 2004 2541 890
7590 4 2 1 1 3065 3679 3677 2138
7591 4 2 1 1 2499 3063 2535 2807
7592 4 2 1 1 2807 3679 2808 2502
7593 4 2 1 1 3615 2030 3614 3711
7594 4 2 1 1 1596 3498 3508 3500
7595 4 2 1 1 3772 3677 3678 2142
7596 4 2 1 1 1604 3407 3451 3408
7597 4 2 1 1 3407 3560 2178 3526
7598 4 2 1 1 3675 3672 1988 3671
7599 4 2 1 1 2176 2174 2711 3692
7600 4 2 1 1 3661 3665 3666 3662
7601 4 2 1 1 2176 2992 2820 2711
7602 4 2 1 1 2174 2180 3375 3364
7603 4 2 1 1 2000 3424 2011 3700
7604 4 2 1 1 2174 2059 3689 3692
7605 4 2 1 1 3579 1981 3707 1979
7606 4 2 1 1 515 2943 2956 2633
7607 4 2 1 1 2465 2488 2491 2640
7608 4 2 1 1 1981 3078 2837 2685
7609 4 2 1 1 3484 3524 2295 3537
7610 4 2 1 1 530 1469 2541 1434
7611 4 2 1 1 2347 3719 2364 2673
7612 4 2 1 1 2969 3264 2218 3595
7613 4 2 1 1 2596 2733 3339 3591
7614 4 2 1 1 2645 2514 2300 2513
7615 4 2 1 1 640 2929 1192 1434
7616 4 2 1 1 3215 160 2204 3167
7617 4 2 1 1 2033 2037 2052 2346
7618 4 2 1 1 2343 148 183 1097
7619 4 2 1 1 2712 2499 2498 2502
7620 4 2 1 1 141 139 2383 140
7621 4 2 1 1 2031 3712 3714 3711
7622 4 2 1 1 3389 1992 2010 2142
7623 4 2 1 1 3230 2143 2342 3151
7624 4 2 1 1 3766 3763 3764 3768
7625 4 2 1 1 1414 640 2929 1192
7626 4 2 1 1 284 467 2164 468
7627 4 2 1 1 3653 3032 1977 3652
7628 4 2 1 1 3023 3020 2618 1900
7629 4 2 1 1 3078 1981 3707 3579
7630 4 2 1 1 1978 3653 3429 3752
7631 4 2 1 1 3576 3425 3475 1658
7632 4 2 1 1 520 2977 535 521
7633 4 2 1 1 3575 3395 3393 2166
7634 4 2 1 1 3756 2030 3731 2046
7635 4 2 1 1 797 710 2611 708
7636 4 2 1 1 2884 2887 2978 2167
7637 4 2 1 1 2976 2855 2167 2978
7638 4 2 1 1 2183 2166 3433 3397
7639 4 2 1 1 3100 420 2297 417
7640 4 2 1 1 2968 2970 2218 2593
7641 4 2 1 1 387 386 2958 388
7642 4 2 1 1 2969 2968 2218 2593
7643 4 2 1 1 2968 2969 2218 2970
7644 4 2 1 1 681 883 1169 3036
7645 4 2 1 1 1363 1050 3058 492
7646 4 2 1 1 2862 2865 1375 2809
7647 4 2 1 1 3260 3259 1408 3257
7648 4 2 1 1 3013 2752 2229 2720
7649 4 2 1 1 361 364 363 2896
7650 4 2 1 1 2226 2752 2229 3013
7651 4 2 1 1 901 2778 2838 719
7652 4 2 1 1 700 2139 140 2339
7653 4 2 1 1 2151 2865 2861 2864
7654 4 2 1 1 900 901 2838 719
7655 4 2 1 1 3197 2778 3266 2838
7656 4 2 1 1 1514 1210 730 3095
7657 4 2 1 1 967 435 1440 3110
7658 4 2 1 1 435 967 3120 3110
7659 4 2 1 1 3013 2226 2400 2229
7660 4 2 1 1 2261 751 2258 748
7661 4 2 1 1 1893 1875 1727 3299
7662 4 2 1 1 841 842 752 2258
7663 4 2 1 1 2344 750 2260 2258
7664 4 2 1 1 423 984 2632 425
7665 4 2 1 1 2019 3016 2350 3015
7666 4 2 1 1 2669 2201 1922 2240
7667 4 2 1 1 573 3164 457 1185
7668 4 2 1 1 515 2942 538 437
7669 4 2 1 1 2137 2669 1922 2240
7670 4 2 1 1 3164 1296 1185 763
7671 4 2 1 1 212 2371 213 2686
7672 4 2 1 1 775 2565 2308 774
7673 4 2 1 1 2438 969 120 968
7674 4 2 1 1 2115 2194 2200 2240
7675 4 2 1 1 2194 2115 2126 2240
7676 4 2 1 1 3183 3576 3382 3577
7677 4 2 1 1 2668 2115 2200 2240
7678 4 2 1 1 467 271 2164 2160
7679 4 2 1 1 559 489 2525 490
7680 4 2 1 1 2283 1329 3113 785
7681 4 2 1 1 2208 2209 2214 2546
7682 4 2 1 1 2336 247 582 2586
7683 4 2 1 1 1215 1241 3152 785
7684 4 2 1 1 3152 2283 3113 785
7685 4 2 1 1 2987 1337 3195 2989
7686 4 2 1 1 2706 1315 373 857
7687 4 2 1 1 1003 826 2522 597
7688 4 2 1 1 2522 2085 641 2828
7689 4 2 1 1 2810 1230 796 1187
7690 4 2 1 1 2844 2932 3050 547
7691 4 2 1 1 2115 2668 2137 2240
7692 4 2 1 1 3148 2695 3042 494
7693 4 2 1 1 546 2793 1152 547
7694 4 2 1 1 805 2157 806 807
7695 4 2 1 1 2157 808 806 807
7696 4 2 1 1 1336 1311 2636 1312
7697 4 2 1 1 1015 480 2251 913
7698 4 2 1 1 465 2159 950 1269
7699 4 2 1 1 2465 1015 2251 913
7700 4 2 1 1 1239 451 3059 510
7701 4 2 1 1 1332 332 2505 1309
7702 4 2 1 1 2789 2794 2791 2160
7703 4 2 1 1 3307 3278 2954 2960
7704 4 2 1 1 794 795 2960 818
7705 4 2 1 1 2419 2420 3136 1570
7706 4 2 1 1 2752 1470 921 2229
7707 4 2 1 1 795 3265 2960 818
7708 4 2 1 1 2770 2840 2636 829
7709 4 2 1 1 533 530 2540 444
7710 4 2 1 1 1336 2770 2636 829
7711 4 2 1 1 298 432 2251 480
7712 4 2 1 1 2664 2663 338 2556
7713 4 2 1 1 2561 2428 2273 2816
7714 4 2 1 1 2998 628 3035 3174
7715 4 2 1 1 2581 739 888 1136
7716 4 2 1 1 1376 409 2907 1416
7717 4 2 1 1 578 412 2850 2860
7718 4 2 1 1 298 2642 2251 432
7719 4 2 1 1 2917 1334 2615 792
7720 4 2 1 1 1574 3308 3594 3295
7721 4 2 1 1 3655 2642 3652 2251
7722 4 2 1 1 501 386 388 2958
7723 4 2 1 1 2264 1242 392 2850
7724 4 2 1 1 2641 3655 3652 2251
7725 4 2 1 1 2641 2642 3655 2251
7726 4 2 1 1 1039 2570 2353 840
7727 4 2 1 1 2570 1039 1100 840
7728 4 2 1 1 2964 2337 916 917
7729 4 2 1 1 1772 1663 1715 3397
7730 4 2 1 1 2570 1080 2353 840
7731 4 2 1 1 2183 2994 2171 3506
7732 4 2 1 1 3770 3506 3539 2166
7733 4 2 1 1 2168 540 1132 1282
7734 4 2 1 1 1080 2570 1100 840
7735 4 2 1 1 1015 298 2251 480
7736 4 2 1 1 2759 815 18 2316
7737 4 2 1 1 644 3001 2740 2342
7738 4 2 1 1 3242 2078 3236 2451
7739 4 2 1 1 2641 298 2251 1015
7740 4 2 1 1 1871 3278 1569 3279
7741 4 2 1 1 2878 3734 2644 2262
7742 4 2 1 1 3245 2723 2841 3040
7743 4 2 1 1 687 1186 3279 3053
7744 4 2 1 1 3734 2051 3649 2262
7745 4 2 1 1 2385 1497 862 935
7746 4 2 1 1 2869 2385 862 935
7747 4 2 1 1 2964 2869 862 935
7748 4 2 1 1 2869 2964 862 2385
7749 4 2 1 1 3203 3130 873 664
7750 4 2 1 1 3130 681 873 664
7751 4 2 1 1 2486 1002 1001 514
7752 4 2 1 1 64 1032 1855 95
7753 4 2 1 1 1857 1894 1735 3577
7754 4 2 1 1 1057 1860 76 1400
7755 4 2 1 1 2158 2290 884 2582
7756 4 2 1 1 2486 2158 884 2582
7757 4 2 1 1 2290 2158 884 3113
7758 4 2 1 1 3164 2290 884 3113
7759 4 2 1 1 2051 3648 3649 2262
7760 4 2 1 1 2920 2261 2673 2262
7761 4 2 1 1 2921 2920 2673 2262
7762 4 2 1 1 1799 1788 3493 1694
7763 4 2 1 1 2822 768 2819 3299
7764 4 2 1 1 1842 45 94 1120
7765 4 2 1 1 1567 45 94 1842
7766 4 2 1 1 904 1425 2801 906
7767 4 2 1 1 1860 1057 3281 1400
7768 4 2 1 1 2845 713 1349 550
7769 4 2 1 1 3261 2405 2758 2403
7770 4 2 1 1 2430 2609 2758 2324
7771 4 2 1 1 2719 728 3260 1408
7772 4 2 1 1 2801 904 906 3029
7773 4 2 1 1 3193 2801 906 3029
7774 4 2 1 1 3122 2267 2272 2273
7775 4 2 1 1 1302 9 2280 8
7776 4 2 1 1 7 540 8 2959
7777 4 2 1 1 1527 3227 701 690
7778 4 2 1 1 1292 2139 483 1036
7779 4 2 1 1 1342 2340 2339 147
7780 4 2 1 1 3770 2781 2951 2280
7781 4 2 1 1 134 1270 2698 491
7782 4 2 1 1 540 2849 8 2959
7783 4 2 1 1 1220 1080 2567 2570
7784 4 2 1 1 2036 2779 2039 3266
7785 4 2 1 1 156 157 2967 158
7786 4 2 1 1 2778 3197 2779 3029
7787 4 2 1 1 447 2745 928 1078
7788 4 2 1 1 2044 2052 2045 2346
7789 4 2 1 1 2538 2539 2317 1944
7790 4 2 1 1 3182 2304 3149 3135
7791 4 2 1 1 2745 2472 928 1078
7792 4 2 1 1 1373 1430 2952 1060
7793 4 2 1 1 2467 164 162 2204
7794 4 2 1 1 3216 159 161 2204
7795 4 2 1 1 2816 2429 2273 2721
7796 4 2 1 1 2811 174 175 3057
7797 4 2 1 1 3058 1363 492 3011
7798 4 2 1 1 2816 2428 2273 2429
7799 4 2 1 1 2358 1919 1903 2286
7800 4 2 1 1 2292 2329 2328 2287
7801 4 2 1 1 2326 1026 2327 3218
7802 4 2 1 1 2503 2741 2535 997
7803 4 2 1 1 2807 3064 2698 2806
7804 4 2 1 1 196 197 2287 195
7805 4 2 1 1 189 187 235 2604
7806 4 2 1 1 3579 3115 2614 3563
7807 4 2 1 1 629 2351 1232 792
7808 4 2 1 1 2703 115 939 2535
7809 4 2 1 1 193 194 2287 195
7810 4 2 1 1 2703 2499 1991 2535
7811 4 2 1 1 2987 3170 2736 3059
7812 4 2 1 1 2285 2290 2284 2291
7813 4 2 1 1 2157 1244 938 745
7814 4 2 1 1 1000 1002 1001 2486
7815 4 2 1 1 214 2877 216 215
7816 4 2 1 1 1244 210 745 2686
7817 4 2 1 1 2159 2157 745 2686
7818 4 2 1 1 2244 2738 2735 3117
7819 4 2 1 1 2286 2291 2284 2487
7820 4 2 1 1 2547 2583 2546 2153
7821 4 2 1 1 960 2815 2101 961
7822 4 2 1 1 791 2815 960 961
7823 4 2 1 1 2544 958 2153 2548
7824 4 2 1 1 2518 3683 3681 3682
7825 4 2 1 1 2312 960 2101 961
7826 4 2 1 1 702 2312 2101 961
7827 4 2 1 1 3692 2933 2175 2820
7828 4 2 1 1 225 227 2214 781
7829 4 2 1 1 974 775 975 2563
7830 4 2 1 1 1094 677 2564 1107
7831 4 2 1 1 251 974 2308 976
7832 4 2 1 1 702 960 2312 961
7833 4 2 1 1 232 233 2212 234
7834 4 2 1 1 2157 805 2789 2160
7835 4 2 1 1 2286 2285 2284 2291
7836 4 2 1 1 3074 3061 2284 3062
7837 4 2 1 1 3074 2285 2284 3061
7838 4 2 1 1 3418 3527 2057 3106
7839 4 2 1 1 816 2461 1305 1485
7840 4 2 1 1 1351 2569 765 1201
7841 4 2 1 1 3715 2573 2571 2574
7842 4 2 1 1 2338 2574 2568 2578
7843 4 2 1 1 2352 885 972 789
7844 4 2 1 1 2794 2161 2791 2160
7845 4 2 1 1 3744 3741 2063 3745
7846 4 2 1 1 2641 2642 2751 3655
7847 4 2 1 1 276 280 281 2150
7848 4 2 1 1 680 2975 679 789
7849 4 2 1 1 2964 916 935 862
7850 4 2 1 1 3675 1989 2008 2892
7851 4 2 1 1 3611 1992 1988 3658
7852 4 2 1 1 1123 541 2571 2723
7853 4 2 1 1 2713 2296 3139 983
7854 4 2 1 1 3139 959 312 983
7855 4 2 1 1 1406 2419 818 1238
7856 4 2 1 1 2591 1157 828 1264
7857 4 2 1 1 2296 959 3139 983
7858 4 2 1 1 3630 2091 2655 2092
7859 4 2 1 1 2656 306 307 305
7860 4 2 1 1 2205 1066 1452 1484
7861 4 2 1 1 215 2877 217 3195
7862 4 2 1 1 502 450 448 3199
7863 4 2 1 1 2873 2095 2090 2216
7864 4 2 1 1 2464 313 2727 2728
7865 4 2 1 1 2099 2077 1914 2426
7866 4 2 1 1 2267 2561 2265 429
7867 4 2 1 1 743 3116 744 1273
7868 4 2 1 1 215 2877 216 217
7869 4 2 1 1 1510 2488 1045 1005
7870 4 2 1 1 3267 1010 2107 2112
7871 4 2 1 1 2248 2488 1510 1005
7872 4 2 1 1 2488 2248 2249 1005
7873 4 2 1 1 2488 2292 1045 1005
7874 4 2 1 1 2292 2488 2249 1005
7875 4 2 1 1 1146 3111 1075 692
7876 4 2 1 1 504 2695 2443 2444
7877 4 2 1 1 2233 353 2796 358
7878 4 2 1 1 1979 2027 3537 2295
7879 4 2 1 1 2233 2796 2797 2236
7880 4 2 1 1 353 2233 946 358
7881 4 2 1 1 2551 551 616 1016
7882 4 2 1 1 1017 2551 616 1016
7883 4 2 1 1 3708 1979 3750 2295
7884 4 2 1 1 999 2705 107 2974
7885 4 2 1 1 1979 3708 2027 2295
7886 4 2 1 1 886 2252 1339 1130
7887 4 2 1 1 2294 1979 3522 2295
7888 4 2 1 1 3522 3445 3537 2295
7889 4 2 1 1 3146 2525 3048 3066
7890 4 2 1 1 3760 2162 3692 2933
7891 4 2 1 1 3445 1979 3537 2295
7892 4 2 1 1 3597 2438 120 968
7893 4 2 1 1 2154 3684 3682 3681
7894 4 2 1 1 1979 3445 3522 2295
7895 4 2 1 1 3280 3283 3092 3482
7896 4 2 1 1 1225 2986 2306 3163
7897 4 2 1 1 1222 2986 2306 1225
7898 4 2 1 1 401 2637 402 399
7899 4 2 1 1 531 2551 2552 553
7900 4 2 1 1 754 2377 553 2552
7901 4 2 1 1 2821 673 2639 675
7902 4 2 1 1 552 2551 2370 2634
7903 4 2 1 1 2537 3216 2466 2203
7904 4 2 1 1 1116 2865 1375 2862
7905 4 2 1 1 3078 3579 2955 2956
7906 4 2 1 1 1105 2907 3099 1416
7907 4 2 1 1 881 1377 3431 3163
7908 4 2 1 1 409 2818 2907 2297
7909 4 2 1 1 3274 2986 3431 2306
7910 4 2 1 1 1377 1225 2306 3163
7911 4 2 1 1 1022 168 3088 1049
7912 4 2 1 1 419 421 2937 422
7913 4 2 1 1 3212 2811 3057 3088
7914 4 2 1 1 2333 984 985 682
7915 4 2 1 1 1017 1061 1418 3167
7916 4 2 1 1 2114 2199 2443 2776
7917 4 2 1 1 2881 753 3124 3110
7918 4 2 1 1 446 619 620 2404
7919 4 2 1 1 2966 2303 3088 2298
7920 4 2 1 1 2719 727 633 728
7921 4 2 1 1 168 1022 3088 2966
7922 4 2 1 1 2811 170 3088 3210
7923 4 2 1 1 764 1296 655 2355
7924 4 2 1 1 2770 2840 814 2786
7925 4 2 1 1 2660 3074 2786 457
7926 4 2 1 1 2734 3045 1060 2472
7927 4 2 1 1 688 3094 953 2064
7928 4 2 1 1 3045 625 1060 2472
7929 4 2 1 1 489 2525 3048 2932
7930 4 2 1 1 962 2004 1513 963
7931 4 2 1 1 1993 1348 1177 1381
7932 4 2 1 1 962 1993 1381 1513
7933 4 2 1 1 2311 2080 2769 2767
7934 4 2 1 1 1430 2745 2952 1060
7935 4 2 1 1 1319 2924 2470 2382
7936 4 2 1 1 2150 2892 285 1492
7937 4 2 1 1 2745 2734 2952 1060
7938 4 2 1 1 1377 1222 2306 1225
7939 4 2 1 1 2810 2793 1507 2794
7940 4 2 1 1 2734 2689 2952 1060
7941 4 2 1 1 2825 2677 2317 2053
7942 4 2 1 1 2525 1407 1331 733
7943 4 2 1 1 111 1547 2509 1844
7944 4 2 1 1 2677 2825 2317 2826
7945 4 2 1 1 2594 2598 2724 2592
7946 4 2 1 1 2493 1072 1071 2523
7947 4 2 1 1 1033 1072 1071 2493
7948 4 2 1 1 2677 2537 2317 2053
7949 4 2 1 1 2652 1976 1031 3577
7950 4 2 1 1 2892 1151 2981 2982
7951 4 2 1 1 2980 2990 1154 2991
7952 4 2 1 1 3658 3771 2182 3181
7953 4 2 1 1 2984 3034 300 440
7954 4 2 1 1 2942 2633 2956 2941
7955 4 2 1 1 3708 2026 3707 3709
7956 4 2 1 1 2701 2942 2955 2335
7957 4 2 1 1 1030 897 1976 1031
7958 4 2 1 1 970 3122 2272 2435
7959 4 2 1 1 2424 2428 2421 2272
7960 4 2 1 1 1003 2084 723 961
7961 4 2 1 1 2677 2539 2317 2537
7962 4 2 1 1 1030 1976 3577 1031
7963 4 2 1 1 2925 1110 1093 2382
7964 4 2 1 1 2925 1193 1093 1110
7965 4 2 1 1 3005 571 1092 591
7966 4 2 1 1 2401 1472 2534 1964
7967 4 2 1 1 592 1095 591 2926
7968 4 2 1 1 607 2435 2927 2323
7969 4 2 1 1 2909 2427 2436 1973
7970 4 2 1 1 1567 46 1852 1104
7971 4 2 1 1 3154 3253 1114 3211
7972 4 2 1 1 47 46 1104 1852
7973 4 2 1 1 2103 768 770 1500
7974 4 2 1 1 3190 1200 1359 604
7975 4 2 1 1 2858 2710 2992 1184
7976 4 2 1 1 2536 2348 2538 2317
7977 4 2 1 1 2348 2536 2053 2317
7978 4 2 1 1 3201 2180 3007 3558
7979 4 2 1 1 3737 3735 2262 2945
7980 4 2 1 1 2264 2259 3736 2860
7981 4 2 1 1 3180 2889 2864 2809
7982 4 2 1 1 2365 699 1504 1004
7983 4 2 1 1 2863 3180 2864 2809
7984 4 2 1 1 831 2836 2249 652
7985 4 2 1 1 2932 2844 3050 3146
7986 4 2 1 1 3093 1202 590 730
7987 4 2 1 1 3183 3008 458 3010
7988 4 2 1 1 1563 1849 1374 2462
7989 4 2 1 1 1219 1490 1218 3609
7990 4 2 1 1 3094 688 953 729
7991 4 2 1 1 2789 684 803 2794
7992 4 2 1 1 3535 3303 2678 3094
7993 4 2 1 1 2544 2157 2791 2520
7994 4 2 1 1 2836 651 2335 2249
7995 4 2 1 1 3078 2701 2955 2335
7996 4 2 1 1 651 2836 652 2249
7997 4 2 1 1 896 111 895 2509
7998 4 2 1 1 2283 785 2989 1115
7999 4 2 1 1 533 2540 2643 601
8000 4 2 1 1 12 11 2930 1111
8001 4 2 1 1 1039 482 1298 2569
8002 4 2 1 1 782 783 2056 622
8003 4 2 1 1 2588 622 1044 1427
8004 4 2 1 1 1241 1532 2989 1115
8005 4 2 1 1 1187 589 2874 587
8006 4 2 1 1 918 2226 3013 2752
8007 4 2 1 1 2156 2283 2989 1115
8008 4 2 1 1 978 3195 2989 2156
8009 4 2 1 1 978 277 2156 1115
8010 4 2 1 1 1519 918 919 2752
8011 4 2 1 1 2478 3227 620 701
8012 4 2 1 1 2143 937 644 127
8013 4 2 1 1 2143 3230 644 937
8014 4 2 1 1 2479 2480 2221 2481
8015 4 2 1 1 3001 2143 644 127
8016 4 2 1 1 2483 2387 2386 2342
8017 4 2 1 1 1296 3164 1185 655
8018 4 2 1 1 108 3272 1287 1313
8019 4 2 1 1 2363 2288 2360 2361
8020 4 2 1 1 2453 2454 2284 2459
8021 4 2 1 1 2887 2888 1126 3272
8022 4 2 1 1 1131 108 1313 3272
8023 4 2 1 1 661 665 663 1963
8024 4 2 1 1 2887 1343 1126 2888
8025 4 2 1 1 665 1963 2948 663
8026 4 2 1 1 2397 3097 2235 1962
8027 4 2 1 1 2537 2536 2538 2317
8028 4 2 1 1 2308 2563 2309 2564
8029 4 2 1 1 3697 2003 3699 3698
8030 4 2 1 1 2563 1107 1108 2469
8031 4 2 1 1 2565 2309 2820 2564
8032 4 2 1 1 2536 2537 2053 2317
8033 4 2 1 1 2056 2588 3162 3106
8034 4 2 1 1 1688 1721 3416 1689
8035 4 2 1 1 3071 3067 861 1407
8036 4 2 1 1 919 2720 1137 1470
8037 4 2 1 1 2365 2255 1439 1504
8038 4 2 1 1 2720 919 1137 634
8039 4 2 1 1 699 288 1004 2724
8040 4 2 1 1 516 2720 1137 634
8041 4 2 1 1 2365 2255 699 2723
8042 4 2 1 1 1134 3292 2385 1148
8043 4 2 1 1 2821 2106 2611 2822
8044 4 2 1 1 552 617 2370 616
8045 4 2 1 1 3180 2889 3092 2864
8046 4 2 1 1 3297 2670 2611 934
8047 4 2 1 1 3292 1134 2991 1148
8048 4 2 1 1 2778 720 2999 719
8049 4 2 1 1 2037 3193 2801 2802
8050 4 2 1 1 2838 2778 3266 719
8051 4 2 1 1 3582 3068 2177 3087
8052 4 2 1 1 1825 1887 3069 1833
8053 4 2 1 1 3571 3374 3585 3554
8054 4 2 1 1 1565 3071 3069 1008
8055 4 2 1 1 559 2525 560 490
8056 4 2 1 1 2525 2528 560 490
8057 4 2 1 1 2331 2699 2328 2647
8058 4 2 1 1 2877 3209 219 217
8059 4 2 1 1 2332 2699 2328 2331
8060 4 2 1 1 977 3209 836 994
8061 4 2 1 1 618 784 785 3113
8062 4 2 1 1 1116 2865 581 868
8063 4 2 1 1 672 1205 2809 400
8064 4 2 1 1 2964 2385 3073 1148
8065 4 2 1 1 2637 397 398 399
8066 4 2 1 1 2865 1116 1375 868
8067 4 2 1 1 703 2964 3073 1148
8068 4 2 1 1 934 2670 96 1291
8069 4 2 1 1 1292 2139 700 3123
8070 4 2 1 1 2147 137 2918 136
8071 4 2 1 1 2332 2330 2328 2650
8072 4 2 1 1 982 710 2611 1159
8073 4 2 1 1 710 934 2611 1159
8074 4 2 1 1 2551 2377 553 756
8075 4 2 1 1 2377 2966 2375 759
8076 4 2 1 1 760 758 2375 759
8077 4 2 1 1 2378 2638 3703 2379
8078 4 2 1 1 1069 1993 1348 1994
8079 4 2 1 1 595 518 3199 2923
8080 4 2 1 1 890 1192 2923 1434
8081 4 2 1 1 1106 674 2639 1170
8082 4 2 1 1 798 71 1858 1557
8083 4 2 1 1 3362 1726 1877 3268
8084 4 2 1 1 3538 1706 3101 3293
8085 4 2 1 1 2380 1106 2639 1170
8086 4 2 1 1 39 1552 1463 1866
8087 4 2 1 1 2380 1208 1106 1170
8088 4 2 1 1 3171 663 1181 2948
8089 4 2 1 1 225 781 2214 2153
8090 4 2 1 1 267 282 2751 283
8091 4 2 1 1 2789 2790 2791 3207
8092 4 2 1 1 3766 2884 2978 2167
8093 4 2 1 1 1854 108 3272 1554
8094 4 2 1 1 2419 1101 872 2653
8095 4 2 1 1 1220 256 594 2567
8096 4 2 1 1 1268 108 1554 1287
8097 4 2 1 1 1058 3298 1254 3277
8098 4 2 1 1 1015 1274 913 2465
8099 4 2 1 1 1233 284 2164 586
8100 4 2 1 1 2642 432 1481 2251
8101 4 2 1 1 951 2255 1439 843
8102 4 2 1 1 3097 666 2948 1181
8103 4 2 1 1 1354 2255 842 2343
8104 4 2 1 1 2249 2332 2330 2328
8105 4 2 1 1 2329 2332 2249 2328
8106 4 2 1 1 2143 3001 2342 2386
8107 4 2 1 1 2500 3151 18 2319
8108 4 2 1 1 3230 937 3151 853
8109 4 2 1 1 2929 640 2313 1434
8110 4 2 1 1 2525 3146 3070 3066
8111 4 2 1 1 60 1563 1374 1456
8112 4 2 1 1 2706 2540 2313 373
8113 4 2 1 1 816 2056 1305 3105
8114 4 2 1 1 2463 3417 3416 1722
8115 4 2 1 1 2699 2650 2328 2647
8116 4 2 1 1 2699 2332 2328 2650
8117 4 2 1 1 636 3012 3201 875
8118 4 2 1 1 145 144 146 2339
8119 4 2 1 1 3012 2179 3201 875
8120 4 2 1 1 3042 3148 494 1214
8121 4 2 1 1 10 1420 2951 113
8122 4 2 1 1 1145 9 2849 113
8123 4 2 1 1 3126 3148 3042 1214
8124 4 2 1 1 1124 2906 1125 1132
8125 4 2 1 1 2168 1402 1130 2908
8126 4 2 1 1 3436 3539 3596 2959
8127 4 2 1 1 2906 3293 1132 799
8128 4 2 1 1 3293 2168 1132 1282
8129 4 2 1 1 3655 3010 2751 3743
8130 4 2 1 1 3303 3527 2064 2589
8131 4 2 1 1 111 1454 1547 1844
8132 4 2 1 1 1679 3504 3519 1680
8133 4 2 1 1 2679 1081 1031 3095
8134 4 2 1 1 1030 1857 1547 66
8135 4 2 1 1 2902 850 898 899
8136 4 2 1 1 144 2384 146 2339
8137 4 2 1 1 1442 3100 964 2471
8138 4 2 1 1 1245 2471 424 472
8139 4 2 1 1 1442 419 2471 422
8140 4 2 1 1 2331 1288 987 1515
8141 4 2 1 1 870 669 869 3075
8142 4 2 1 1 2851 2985 2861 2850
8143 4 2 1 1 2788 3176 2275 1961
8144 4 2 1 1 2235 1939 2400 2236
8145 4 2 1 1 3160 2019 2350 3015
8146 4 2 1 1 2986 2851 2861 648
8147 4 2 1 1 2983 2961 1163 1293
8148 4 2 1 1 997 91 2535 2498
8149 4 2 1 1 2860 3737 2861 2985
8150 4 2 1 1 2157 2159 745 1269
8151 4 2 1 1 2159 208 745 1236
8152 4 2 1 1 807 2157 1269 950
8153 4 2 1 1 1420 2931 2951 113
8154 4 2 1 1 2888 1127 1126 1125
8155 4 2 1 1 2157 1244 745 2686
8156 4 2 1 1 1994 2680 2206 239
8157 4 2 1 1 2471 3100 3015 2938
8158 4 2 1 1 13 999 14 2704
8159 4 2 1 1 856 2529 1315 601
8160 4 2 1 1 2529 856 1315 1447
8161 4 2 1 1 2902 2471 3015 898
8162 4 2 1 1 2005 2004 2002 3076
8163 4 2 1 1 2541 2004 2002 2923
8164 4 2 1 1 1469 530 2541 689
8165 4 2 1 1 962 1993 1513 2004
8166 4 2 1 1 1993 1513 2005 286
8167 4 2 1 1 2161 3744 3745 2164
8168 4 2 1 1 2565 2308 2175 2309
8169 4 2 1 1 2174 3690 3692 3689
8170 4 2 1 1 251 2307 976 2308
8171 4 2 1 1 2726 461 1444 1247
8172 4 2 1 1 709 768 767 2553
8173 4 2 1 1 2726 384 461 1247
8174 4 2 1 1 2648 1457 817 2361
8175 4 2 1 1 2902 3160 899 3015
8176 4 2 1 1 3134 746 2992 1284
8177 4 2 1 1 2179 996 1462 876
8178 4 2 1 1 3190 2179 1462 876
8179 4 2 1 1 875 2179 876 996
8180 4 2 1 1 2471 2633 2938 3015
8181 4 2 1 1 2941 3016 2938 3015
8182 4 2 1 1 2671 1246 341 2665
8183 4 2 1 1 3186 1169 671 1056
8184 4 2 1 1 2997 1959 2998 660
8185 4 2 1 1 2344 2343 1216 1258
8186 4 2 1 1 390 388 2261 1034
8187 4 2 1 1 2343 2344 842 1258
8188 4 2 1 1 2343 1354 183 1258
8189 4 2 1 1 3737 3735 2985 3736
8190 4 2 1 1 980 3195 979 1294
8191 4 2 1 1 3738 2154 3739 3207
8192 4 2 1 1 1354 2343 842 1258
8193 4 2 1 1 899 3160 2350 3015
8194 4 2 1 1 218 1300 2877 576
8195 4 2 1 1 1975 2909 2436 1973
8196 4 2 1 1 2787 2267 1973 2273
8197 4 2 1 1 534 647 851 2435
8198 4 2 1 1 2391 1090 2392 3258
8199 4 2 1 1 1926 3112 2882 3184
8200 4 2 1 1 188 1429 2604 2021
8201 4 2 1 1 3057 1051 172 173
8202 4 2 1 1 882 1487 3253 1114
8203 4 2 1 1 2377 2467 2966 1235
8204 4 2 1 1 2902 3100 3015 2471
8205 4 2 1 1 3072 3082 3081 2469
8206 4 2 1 1 1993 2680 2512 1994
8207 4 2 1 1 2550 2680 2512 1993
8208 4 2 1 1 3691 3692 3693 3689
8209 4 2 1 1 1564 1392 920 30
8210 4 2 1 1 1354 2255 2343 1306
8211 4 2 1 1 2347 2803 2032 3639
8212 4 2 1 1 3715 2384 2341 3717
8213 4 2 1 1 2260 3648 3646 2673
8214 4 2 1 1 2382 3072 2470 2469
8215 4 2 1 1 236 2307 234 237
8216 4 2 1 1 2336 247 2212 1194
8217 4 2 1 1 2212 2307 2308 976
8218 4 2 1 1 194 2326 2287 2361
8219 4 2 1 1 2845 2012 2009 3033
8220 4 2 1 1 2648 2326 194 2361
8221 4 2 1 1 2180 3201 3007 2926
8222 4 2 1 1 2925 3005 2926 3006
8223 4 2 1 1 196 194 2287 2361
8224 4 2 1 1 3735 3728 2262 2945
8225 4 2 1 1 1242 2264 392 389
8226 4 2 1 1 2936 2976 1419 1482
8227 4 2 1 1 617 552 2370 747
8228 4 2 1 1 3737 2264 3736 2860
8229 4 2 1 1 2362 196 2287 2361
8230 4 2 1 1 2936 2976 2353 1419
8231 4 2 1 1 2936 821 1482 1419
8232 4 2 1 1 3605 1554 1287 3298
8233 4 2 1 1 2359 2326 2361 2287
8234 4 2 1 1 51 1876 96 1122
8235 4 2 1 1 2166 3539 2951 2846
8236 4 2 1 1 3578 3395 2940 3596
8237 4 2 1 1 2849 2168 1130 2846
8238 4 2 1 1 2670 1876 96 1561
8239 4 2 1 1 3168 2468 1929 2612
8240 4 2 1 1 2832 2514 2020 3706
8241 4 2 1 1 2648 2326 2361 2359
8242 4 2 1 1 2376 1307 858 2817
8243 4 2 1 1 2517 2456 2374 2372
8244 4 2 1 1 3005 3006 2711 3007
8245 4 2 1 1 878 2913 1362 1150
8246 4 2 1 1 2913 639 3012 2839
8247 4 2 1 1 1876 2670 96 1122
8248 4 2 1 1 2139 1036 700 138
8249 4 2 1 1 50 1876 96 51
8250 4 2 1 1 2547 2520 2372 2153
8251 4 2 1 1 2616 3154 3011 2302
8252 4 2 1 1 3153 3215 2967 157
8253 4 2 1 1 2547 2518 2372 2520
8254 4 2 1 1 2547 2583 2153 2372
8255 4 2 1 1 2819 2822 3299 3515
8256 4 2 1 1 2887 3272 1126 1313
8257 4 2 1 1 2706 2070 2313 2542
8258 4 2 1 1 1343 2887 1126 1313
8259 4 2 1 1 2782 3246 2682 1324
8260 4 2 1 1 2336 2212 2308 976
8261 4 2 1 1 247 2336 582 1194
8262 4 2 1 1 911 2336 1084 1518
8263 4 2 1 1 2682 2478 620 1324
8264 4 2 1 1 2851 2986 2947 648
8265 4 2 1 1 394 2259 395 2635
8266 4 2 1 1 2370 552 2634 747
8267 4 2 1 1 2822 709 1251 708
8268 4 2 1 1 3246 2478 2682 1324
8269 4 2 1 1 230 2249 1335 1005
8270 4 2 1 1 2329 2249 1335 230
8271 4 2 1 1 2344 841 842 1258
8272 4 2 1 1 3297 797 1291 934
8273 4 2 1 1 2602 2558 2817 1014
8274 4 2 1 1 2249 830 1335 1005
8275 4 2 1 1 2329 830 1335 2249
8276 4 2 1 1 287 2598 1157 1346
8277 4 2 1 1 461 2726 2944 385
8278 4 2 1 1 2592 2594 1346 828
8279 4 2 1 1 28 27 1099 1568
8280 4 2 1 1 1080 1220 1100 2570
8281 4 2 1 1 3279 3053 1390 3302
8282 4 2 1 1 1025 640 2313 965
8283 4 2 1 1 2594 2598 1346 828
8284 4 2 1 1 2598 2594 1346 2592
8285 4 2 1 1 2428 2423 2273 2429
8286 4 2 1 1 2996 623 624 510
8287 4 2 1 1 3230 3151 1260 853
8288 4 2 1 1 1494 3230 1260 853
8289 4 2 1 1 510 2996 1357 624
8290 4 2 1 1 2996 3116 1357 624
8291 4 2 1 1 130 101 2144 128
8292 4 2 1 1 2499 2807 2535 2498
8293 4 2 1 1 2583 2547 2518 2372
8294 4 2 1 1 2478 790 2715 2480
8295 4 2 1 1 2044 2340 2045 2339
8296 4 2 1 1 2430 852 851 1368
8297 4 2 1 1 2906 1552 3293 799
8298 4 2 1 1 2573 3715 2383 3716
8299 4 2 1 1 1128 1127 1129 2908
8300 4 2 1 1 1129 1127 2886 2908
8301 4 2 1 1 2384 3715 2383 2573
8302 4 2 1 1 1432 2430 945 1368
8303 4 2 1 1 852 2430 1432 1368
8304 4 2 1 1 3557 3556 3415 3434
8305 4 2 1 1 112 2781 2337 2280
8306 4 2 1 1 2544 958 810 1279
8307 4 2 1 1 3208 2245 2372 2214
8308 4 2 1 1 381 1037 2545 1489
8309 4 2 1 1 2944 2946 1379 800
8310 4 2 1 1 2570 2573 2383 2575
8311 4 2 1 1 2205 1484 1452 1250
8312 4 2 1 1 2480 3230 2740 2481
8313 4 2 1 1 2566 2573 2383 2570
8314 4 2 1 1 2968 2593 1247 1526
8315 4 2 1 1 3056 1564 1392 920
8316 4 2 1 1 1480 2947 2971 2305
8317 4 2 1 1 1279 958 1438 2153
8318 4 2 1 1 744 3195 1294 1273
8319 4 2 1 1 743 3046 836 835
8320 4 2 1 1 509 2987 1239 2988
8321 4 2 1 1 1373 1168 2745 1430
8322 4 2 1 1 2247 2215 2655 2872
8323 4 2 1 1 1326 2944 1379 800
8324 4 2 1 1 2851 2947 800 648
8325 4 2 1 1 3662 3076 3077 1984
8326 4 2 1 1 3597 1824 2439 3585
8327 4 2 1 1 3571 3512 3453 3585
8328 4 2 1 1 3604 2438 1042 98
8329 4 2 1 1 3692 3082 2711 2564
8330 4 2 1 1 567 2565 2564 598
8331 4 2 1 1 2558 1370 1396 583
8332 4 2 1 1 2946 2851 2947 800
8333 4 2 1 1 603 1087 762 2813
8334 4 2 1 1 1994 1993 2002 2512
8335 4 2 1 1 3662 3661 3076 1984
8336 4 2 1 1 1186 3053 909 1390
8337 4 2 1 1 3053 1186 3279 1390
8338 4 2 1 1 3183 3095 1082 1229
8339 4 2 1 1 458 3183 1228 1229
8340 4 2 1 1 2340 2343 2658 146
8341 4 2 1 1 1384 3056 920 1891
8342 4 2 1 1 2226 2399 2400 2393
8343 4 2 1 1 3183 458 1401 1229
8344 4 2 1 1 2940 2885 2886 3764
8345 4 2 1 1 3183 1409 1228 1229
8346 4 2 1 1 2973 2975 2170 2974
8347 4 2 1 1 3093 3183 1401 1229
8348 4 2 1 1 596 529 502 2522
8349 4 2 1 1 698 2004 891 890
8350 4 2 1 1 962 698 2004 891
8351 4 2 1 1 2915 788 1353 1412
8352 4 2 1 1 2764 486 154 1195
8353 4 2 1 1 2345 153 1371 191
8354 4 2 1 1 2584 153 2764 2345
8355 4 2 1 1 689 2957 2006 1140
8356 4 2 1 1 788 894 1412 2915
8357 4 2 1 1 2991 2915 1353 1412
8358 4 2 1 1 2088 2095 2210 2074
8359 4 2 1 1 2095 2088 2210 2873
8360 4 2 1 1 2680 1069 241 239
8361 4 2 1 1 1749 3291 3200 1698
8362 4 2 1 1 2898 3084 3196 2389
8363 4 2 1 1 837 1198 2643 1492
8364 4 2 1 1 3539 2849 2846 3596
8365 4 2 1 1 2705 1451 107 2974
8366 4 2 1 1 2980 2961 554 2984
8367 4 2 1 1 2318 696 3155 2824
8368 4 2 1 1 3083 1395 2823 1423
8369 4 2 1 1 2395 2226 2400 2393
8370 4 2 1 1 3197 1052 2897 1533
8371 4 2 1 1 2399 2406 2400 2393
8372 4 2 1 1 3228 2387 3166 2694
8373 4 2 1 1 2405 2497 2758 3262
8374 4 2 1 1 20 1458 3244 927
8375 4 2 1 1 963 2004 1499 891
8376 4 2 1 1 1469 890 2541 1434
8377 4 2 1 1 2929 2310 2923 2541
8378 4 2 1 1 518 1249 3199 2923
8379 4 2 1 1 2226 724 2399 2393
8380 4 2 1 1 2970 3265 2218 2593
8381 4 2 1 1 1477 795 3265 2593
8382 4 2 1 1 123 889 1301 2306
8383 4 2 1 1 724 2226 2395 2393
8384 4 2 1 1 3309 3287 3288 2985
8385 4 2 1 1 3505 3362 3506 3102
8386 4 2 1 1 2682 2478 2404 620
8387 4 2 1 1 2961 2781 1158 1364
8388 4 2 1 1 2143 101 997 91
8389 4 2 1 1 2529 952 2780 1503
8390 4 2 1 1 3546 3579 3541 3540
8391 4 2 1 1 1160 2972 825 1445
8392 4 2 1 1 1993 1381 286 1070
8393 4 2 1 1 2080 2314 2769 2767
8394 4 2 1 1 3665 3627 1906 3663
8395 4 2 1 1 2478 3227 2404 620
8396 4 2 1 1 2719 2405 2402 2404
8397 4 2 1 1 2629 347 513 345
8398 4 2 1 1 2532 2233 2707 351
8399 4 2 1 1 351 2532 349 2707
8400 4 2 1 1 1497 2385 862 1148
8401 4 2 1 1 512 585 1290 3024
8402 4 2 1 1 3303 1721 1881 3603
8403 4 2 1 1 1557 2869 125 2385
8404 4 2 1 1 1638 3359 3433 3397
8405 4 2 1 1 2994 2253 3073 3361
8406 4 2 1 1 2463 3162 2462 3603
8407 4 2 1 1 1721 2463 3603 3416
8408 4 2 1 1 3505 1714 1715 1726
8409 4 2 1 1 1871 1750 1569 3278
8410 4 2 1 1 3278 2954 2960 3053
8411 4 2 1 1 1568 28 103 1099
8412 4 2 1 1 3278 3053 2960 3279
8413 4 2 1 1 3265 2419 3136 2960
8414 4 2 1 1 3053 1186 909 608
8415 4 2 1 1 1553 2419 3136 1570
8416 4 2 1 1 1299 1527 2479 701
8417 4 2 1 1 1753 3591 3310 3328
8418 4 2 1 1 3333 3329 3334 3332
8419 4 2 1 1 2242 2239 2415 2411
8420 4 2 1 1 3534 1593 1591 3561
8421 4 2 1 1 3583 3586 1587 3584
8422 4 2 1 1 1593 3534 3350 3561
8423 4 2 1 1 2479 1299 701 1089
8424 4 2 1 1 1695 1612 1610 3459
8425 4 2 1 1 1945 3644 1943 3624
8426 4 2 1 1 2730 3630 3628 3629
8427 4 2 1 1 3527 2062 2065 3458
8428 4 2 1 1 1765 1689 1687 3368
8429 4 2 1 1 2785 2242 2415 2411
8430 4 2 1 1 3399 3429 3552 3529
8431 4 2 1 1 1527 3227 2479 701
8432 4 2 1 1 3426 1659 3574 3394
8433 4 2 1 1 1541 1853 1478 2438
8434 4 2 1 1 1587 1590 3353 1768
8435 4 2 1 1 1853 5 1478 98
8436 4 2 1 1 3461 3516 3550 1616
8437 4 2 1 1 1611 1786 1691 3438
8438 4 2 1 1 1541 5 1478 1853
8439 4 2 1 1 2917 3568 2615 2916
8440 4 2 1 1 845 2789 2545 1489
8441 4 2 1 1 2104 2025 2105 3485
8442 4 2 1 1 2106 3447 2104 3702
8443 4 2 1 1 3733 3647 3705 2054
8444 4 2 1 1 3347 3587 3588 1584
8445 4 2 1 1 2041 3731 3724 2042
8446 4 2 1 1 845 1113 2789 1489
8447 4 2 1 1 2351 2893 2916 3607
8448 4 2 1 1 1633 3491 1632 3517
8449 4 2 1 1 1392 1564 3277 1873
8450 4 2 1 1 3297 1783 1782 1561
8451 4 2 1 1 2785 1917 2411 2415
8452 4 2 1 1 1589 3487 1590 1591
8453 4 2 1 1 3056 1564 3277 1392
8454 4 2 1 1 1780 1593 3561 1591
8455 4 2 1 1 94 1219 1218 3609
8456 4 2 1 1 3533 1678 1720 3515
8457 4 2 1 1 3543 1719 3299 1727
8458 4 2 1 1 3422 1777 3437 1646
8459 4 2 1 1 2638 3702 2378 3703
8460 4 2 1 1 3458 1688 3416 1689
8461 4 2 1 1 1531 871 3299 1218
8462 4 2 1 1 3498 3500 2094 3508
8463 4 2 1 1 1597 3520 3441 1773
8464 4 2 1 1 3289 2822 3515 3299
8465 4 2 1 1 2900 2103 3159 2013
8466 4 2 1 1 3470 1799 3493 1694
8467 4 2 1 1 2104 3532 3471 3493
8468 4 2 1 1 3289 1886 3299 3515
8469 4 2 1 1 3560 2000 3511 3513
8470 4 2 1 1 3407 3450 1653 1627
8471 4 2 1 1 1886 1875 3299 1719
8472 4 2 1 1 860 3069 1511 968
8473 4 2 1 1 1818 2485 1734 1746
8474 4 2 1 1 2613 2814 2657 706
8475 4 2 1 1 2678 3601 3094 3095
8476 4 2 1 1 2322 2321 2083 2426
8477 4 2 1 1 67 111 1454 1547
8478 4 2 1 1 1409 3183 1082 1229
8479 4 2 1 1 1894 1732 1976 1547
8480 4 2 1 1 3071 1887 3069 1745
8481 4 2 1 1 2434 2322 2083 2426
8482 4 2 1 1 2482 2322 2411 2426
8483 4 2 1 1 2482 2321 2322 2426
8484 4 2 1 1 3315 3323 3321 3320
8485 4 2 1 1 3757 2936 3754 3758
8486 4 2 1 1 2219 3312 3321 3323
8487 4 2 1 1 2100 2434 2426 2276
8488 4 2 1 1 3590 3333 2596 3335
8489 4 2 1 1 1850 1550 2619 1888
8490 4 2 1 1 3363 1707 3374 3514
8491 4 2 1 1 1717 1888 1870 2619
8492 4 2 1 1 2009 3547 3581 3387
8493 4 2 1 1 3246 790 1324 1522
8494 4 2 1 1 3450 3513 3407 3511
8495 4 2 1 1 3408 3407 2178 3526
8496 4 2 1 1 881 2866 3269 880
8497 4 2 1 1 3330 1648 3555 3437
8498 4 2 1 1 1673 1681 1664 3327
8499 4 2 1 1 368 3246 1324 1522
8500 4 2 1 1 2025 2450 2105 3485
8501 4 2 1 1 1161 3226 1522 3246
8502 4 2 1 1 3531 1633 1634 3517
8503 4 2 1 1 2378 2637 2639 3703
8504 4 2 1 1 1120 1842 3609 94
8505 4 2 1 1 2378 2639 2379 3703
8506 4 2 1 1 3226 368 1522 3246
8507 4 2 1 1 2013 2018 3493 3478
8508 4 2 1 1 2018 3490 3477 3465
8509 4 2 1 1 3447 3532 3485 3471
8510 4 2 1 1 368 3226 1522 1161
8511 4 2 1 1 2179 102 2757 1845
8512 4 2 1 1 3155 3197 2897 1533
8513 4 2 1 1 905 3197 3155 1533
8514 4 2 1 1 1611 3507 3460 3438
8515 4 2 1 1 1809 1810 3386 1764
8516 4 2 1 1 2915 2991 3551 3200
8517 4 2 1 1 2990 2102 3024 3551
8518 4 2 1 1 1723 1725 2868 1724
8519 4 2 1 1 2915 3557 3200 3551
8520 4 2 1 1 2994 3362 2171 3506
8521 4 2 1 1 1714 3505 1715 1663
8522 4 2 1 1 1659 1817 3574 3394
8523 4 2 1 1 1662 1817 1826 3393
8524 4 2 1 1 1706 1662 1826 3393
8525 4 2 1 1 3538 1706 1832 1826
8526 4 2 1 1 3538 1706 1826 3393
8527 4 2 1 1 2906 3392 1832 1731
8528 4 2 1 1 1552 2906 1832 1843
8529 4 2 1 1 2888 2887 2905 3272
8530 4 2 1 1 2099 2100 2426 2276
8531 4 2 1 1 1124 126 2888 1843
8532 4 2 1 1 126 1549 2888 1843
8533 4 2 1 1 1124 38 37 1843
8534 4 2 1 1 2928 3090 2437 1961
8535 4 2 1 1 1862 1209 3269 1544
8536 4 2 1 1 51 1876 1122 1544
8537 4 2 1 1 1865 1854 1730 3272
8538 4 2 1 1 2887 766 1287 1313
8539 4 2 1 1 3480 3402 3481 3401
8540 4 2 1 1 1705 3301 1742 3055
8541 4 2 1 1 1677 3319 1661 1682
8542 4 2 1 1 2887 2884 3427 2167
8543 4 2 1 1 2822 3289 3515 3290
8544 4 2 1 1 1970 2928 3090 2437
8545 4 2 1 1 3287 3467 3431 3163
8546 4 2 1 1 2670 3297 3283 1782
8547 4 2 1 1 3582 3068 3087 3069
8548 4 2 1 1 2058 3146 3070 3106
8549 4 2 1 1 3417 3107 3304 1738
8550 4 2 1 1 1975 3090 2436 2437
8551 4 2 1 1 1824 1541 1833 3597
8552 4 2 1 1 1923 1898 3628 2100
8553 4 2 1 1 3644 1901 1943 3624
8554 4 2 1 1 1734 3546 3541 3540
8555 4 2 1 1 2939 1985 3663 2872
8556 4 2 1 1 2216 2656 2246 2090
8557 4 2 1 1 2543 2922 2769 2542
8558 4 2 1 1 3759 2162 3761 3691
8559 4 2 1 1 456 573 618 3113
8560 4 2 1 1 2518 3683 3632 3681
8561 4 2 1 1 2489 2129 2459 2487
8562 4 2 1 1 911 1252 2493 2586
8563 4 2 1 1 2556 2112 3037 2557
8564 4 2 1 1 2194 2136 2857 2240
8565 4 2 1 1 3038 1948 3037 1947
8566 4 2 1 1 2279 2434 2426 2411
8567 4 2 1 1 2128 2137 2127 2669
8568 4 2 1 1 2843 2194 2115 2756
8569 4 2 1 1 3528 1594 1592 3497
8570 4 2 1 1 3708 3619 2026 3753
8571 4 2 1 1 3219 2358 1903 2289
8572 4 2 1 1 3623 1919 3618 1928
8573 4 2 1 1 3708 3752 3750 1979
8574 4 2 1 1 1344 1457 2361 866
8575 4 2 1 1 2022 3213 2600 2812
8576 4 2 1 1 2130 3751 3750 3621
8577 4 2 1 1 1899 2024 3214 1900
8578 4 2 1 1 2166 2170 2142 3765
8579 4 2 1 1 3473 2132 3390 3584
8580 4 2 1 1 2703 14 2780 15
8581 4 2 1 1 1502 940 2535 939
8582 4 2 1 1 3400 2060 2094 2178
8583 4 2 1 1 1961 1953 2127 1951
8584 4 2 1 1 2672 3090 2418 1951
8585 4 2 1 1 2631 2136 2756 2126
8586 4 2 1 1 2398 2416 2407 2418
8587 4 2 1 1 2427 2909 2323 1973
8588 4 2 1 1 2406 2407 2400 2393
8589 4 2 1 1 2405 2693 2407 3262
8590 4 2 1 1 1472 2 1964 1256
8591 4 2 1 1 2401 1472 1964 1256
8592 4 2 1 1 1413 1090 3258 2534
8593 4 2 1 1 1090 116 1378 3258
8594 4 2 1 1 3261 2394 2407 3258
8595 4 2 1 1 2394 2392 1969 3091
8596 4 2 1 1 23 24 3091 2392
8597 4 2 1 1 3089 1974 1975 1964
8598 4 2 1 1 23 1091 2392 3091
8599 4 2 1 1 2561 1958 2273 2265
8600 4 2 1 1 2672 1949 1951 2418
8601 4 2 1 1 2194 2756 2126 2115
8602 4 2 1 1 2091 2095 2311 3225
8603 4 2 1 1 1970 1975 2436 2437
8604 4 2 1 1 16 952 15 2780
8605 4 2 1 1 3237 3238 3239 3231
8606 4 2 1 1 2066 2069 2078 2076
8607 4 2 1 1 3542 3271 3541 2614
8608 4 2 1 1 3697 2925 3006 2001
8609 4 2 1 1 265 1109 1319 2382
8610 4 2 1 1 2718 2307 3251 3693
8611 4 2 1 1 2154 3695 3739 3761
8612 4 2 1 1 3005 570 572 3007
8613 4 2 1 1 1550 82 118 1397
8614 4 2 1 1 2681 3699 3081 2469
8615 4 2 1 1 3762 2059 3086 3691
8616 4 2 1 1 963 2004 1513 2005
8617 4 2 1 1 3252 1996 3690 3699
8618 4 2 1 1 1996 3664 3666 3699
8619 4 2 1 1 3558 3201 3364 3273
8620 4 2 1 1 2180 3201 2926 3051
8621 4 2 1 1 1838 3161 3599 1847
8622 4 2 1 1 1975 1970 3090 2437
8623 4 2 1 1 1847 3161 3599 110
8624 4 2 1 1 1556 1847 3599 110
8625 4 2 1 1 1839 2917 1543 1878
8626 4 2 1 1 2190 2195 2448 2447
8627 4 2 1 1 2041 3638 3624 3636
8628 4 2 1 1 2055 2040 2052 3640
8629 4 2 1 1 1220 269 256 2567
8630 4 2 1 1 3637 3615 2041 3638
8631 4 2 1 1 2045 2341 2141 2339
8632 4 2 1 1 2030 2138 3614 3711
8633 4 2 1 1 3726 2367 3728 3725
8634 4 2 1 1 1901 3644 1942 2041
8635 4 2 1 1 2723 2365 2841 3040
8636 4 2 1 1 2365 2366 3040 2725
8637 4 2 1 1 3719 3720 2673 2765
8638 4 2 1 1 842 2255 843 2258
8639 4 2 1 1 2169 2172 2597 3455
8640 4 2 1 1 2724 2723 3040 2725
8641 4 2 1 1 1789 3390 3354 1588
8642 4 2 1 1 2584 3153 2764 2967
8643 4 2 1 1 149 2343 150 2346
8644 4 2 1 1 1425 2345 1371 191
8645 4 2 1 1 2261 2920 2673 2258
8646 4 2 1 1 3748 2154 2060 3742
8647 4 2 1 1 2293 2292 2491 2330
8648 4 2 1 1 2373 2709 2739 2246
8649 4 2 1 1 2062 3740 3742 2060
8650 4 2 1 1 1651 3469 3276 3371
8651 4 2 1 1 2155 3748 3742 2687
8652 4 2 1 1 2307 2211 2206 2209
8653 4 2 1 1 1069 2680 1994 239
8654 4 2 1 1 2208 2215 2210 3250
8655 4 2 1 1 2195 2190 2448 2192
8656 4 2 1 1 2205 2511 3250 3199
8657 4 2 1 1 2299 2190 2448 2447
8658 4 2 1 1 826 936 1206 3222
8659 4 2 1 1 2078 2315 2451 1954
8660 4 2 1 1 1905 2080 2311 2068
8661 4 2 1 1 2274 2562 2721 2275
8662 4 2 1 1 2475 2763 2076 2320
8663 4 2 1 1 2624 2709 2453 2096
8664 4 2 1 1 2452 2624 2453 2096
8665 4 2 1 1 2717 3683 2372 2246
8666 4 2 1 1 511 3250 517 3199
8667 4 2 1 1 2562 2816 2098 2747
8668 4 2 1 1 376 452 451 3059
8669 4 2 1 1 1857 3577 1735 1566
8670 4 2 1 1 2190 2299 2448 2192
8671 4 2 1 1 2559 2270 3178 2269
8672 4 2 1 1 333 332 2505 334
8673 4 2 1 1 1007 3267 2556 2112
8674 4 2 1 1 1169 3186 660 3036
8675 4 2 1 1 2562 2265 3178 2269
8676 4 2 1 1 2622 1024 1038 1023
8677 4 2 1 1 1960 2110 2579 2672
8678 4 2 1 1 3191 2707 1441 3128
8679 4 2 1 1 2752 1519 3132 670
8680 4 2 1 1 204 2488 2489 2486
8681 4 2 1 1 207 1000 1001 2486
8682 4 2 1 1 1923 1919 3631 3623
8683 4 2 1 1 3653 2155 1980 2491
8684 4 2 1 1 229 465 1236 2159
8685 4 2 1 1 2642 3010 2751 3655
8686 4 2 1 1 2036 1934 2039 2055
8687 4 2 1 1 3063 2741 2807 2698
8688 4 2 1 1 3579 3546 3541 3572
8689 4 2 1 1 2963 2082 3530 3460
8690 4 2 1 1 3246 790 1522 2715
8691 4 2 1 1 853 3230 646 1089
8692 4 2 1 1 3202 3248 3166 2784
8693 4 2 1 1 3322 1578 1575 1577
8694 4 2 1 1 1271 2140 910 722
8695 4 2 1 1 3064 2742 2918 3710
8696 4 2 1 1 101 2143 2144 127
8697 4 2 1 1 2670 1876 1544 1122
8698 4 2 1 1 3336 3325 3310 3337
8699 4 2 1 1 3593 1578 3322 1577
8700 4 2 1 1 3337 2733 3338 3343
8701 4 2 1 1 2263 2152 3324 3309
8702 4 2 1 1 3283 3300 3092 3482
8703 4 2 1 1 781 958 2153 1438
8704 4 2 1 1 2544 1279 810 2520
8705 4 2 1 1 1304 1278 2520 1279
8706 4 2 1 1 3695 3691 3688 2178
8707 4 2 1 1 3252 3687 1998 3688
8708 4 2 1 1 2000 3686 3685 2082
8709 4 2 1 1 2082 3424 3530 3409
8710 4 2 1 1 3616 3679 3614 1896
8711 4 2 1 1 3096 3712 2918 3710
8712 4 2 1 1 3096 2918 3065 3710
8713 4 2 1 1 2807 3679 3676 3677
8714 4 2 1 1 2931 2975 2352 2170
8715 4 2 1 1 2975 3030 2972 2973
8716 4 2 1 1 2252 2975 3765 2173
8717 4 2 1 1 1403 1127 2886 1129
8718 4 2 1 1 2195 2189 2676 2193
8719 4 2 1 1 3473 3355 3365 3390
8720 4 2 1 1 2136 2799 2238 2533
8721 4 2 1 1 1975 2416 1965 2418
8722 4 2 1 1 2928 1970 3090 2418
8723 4 2 1 1 2190 2195 2447 2200
8724 4 2 1 1 2840 2770 2134 2786
8725 4 2 1 1 2300 1930 2448 2531
8726 4 2 1 1 2677 2537 2466 2448
8727 4 2 1 1 2202 2191 2192 3216
8728 4 2 1 1 1930 2468 2448 2531
8729 4 2 1 1 3584 1589 1588 3390
8730 4 2 1 1 2208 2215 3109 2207
8731 4 2 1 1 1589 1762 1588 3390
8732 4 2 1 1 3683 2245 2655 2247
8733 4 2 1 1 3140 2095 2311 2872
8734 4 2 1 1 1600 1596 3508 1599
8735 4 2 1 1 1278 1304 2371 224
8736 4 2 1 1 3406 3408 2094 3508
8737 4 2 1 1 3408 1600 3570 3508
8738 4 2 1 1 2720 2752 2229 1470
8739 4 2 1 1 3083 3155 3196 2897
8740 4 2 1 1 2796 2232 2798 2236
8741 4 2 1 1 2124 3038 3037 2125
8742 4 2 1 1 2222 2390 2798 2227
8743 4 2 1 1 3179 2580 2672 3176
8744 4 2 1 1 2825 2231 2228 1921
8745 4 2 1 1 2390 2228 3084 2798
8746 4 2 1 1 3083 2897 3196 2389
8747 4 2 1 1 830 2332 651 2249
8748 4 2 1 1 2015 2606 2651 2700
8749 4 2 1 1 2488 2248 2491 2249
8750 4 2 1 1 2331 2326 2601 2647
8751 4 2 1 1 651 2332 2335 2249
8752 4 2 1 1 3654 2642 1481 2251
8753 4 2 1 1 2063 2161 3745 2687
8754 4 2 1 1 3708 3753 2651 3750
8755 4 2 1 1 2863 2152 3736 2864
8756 4 2 1 1 390 1135 2261 2264
8757 4 2 1 1 2580 1935 2579 3177
8758 4 2 1 1 2271 3176 2436 1936
8759 4 2 1 1 1047 1974 2754 627
8760 4 2 1 1 3176 2788 2436 1936
8761 4 2 1 1 2624 2452 2453 2282
8762 4 2 1 1 2668 2200 2494 2669
8763 4 2 1 1 2281 2285 2661 2357
8764 4 2 1 1 2135 1919 2625 2128
8765 4 2 1 1 3709 2700 3707 2651
8766 4 2 1 1 3619 2155 2490 3617
8767 4 2 1 1 2294 3751 3621 3750
8768 4 2 1 1 3694 3748 3747 2093
8769 4 2 1 1 2486 1001 202 514
8770 4 2 1 1 1919 1897 1903 2286
8771 4 2 1 1 2285 2286 2357 2291
8772 4 2 1 1 3633 3635 1899 3214
8773 4 2 1 1 3220 3751 2024 3750
8774 4 2 1 1 498 3039 3021 924
8775 4 2 1 1 2677 2446 2448 2192
8776 4 2 1 1 3252 3687 3688 3685
8777 4 2 1 1 999 115 14 2704
8778 4 2 1 1 1990 2963 1999 3700
8779 4 2 1 1 3405 1797 3508 3570
8780 4 2 1 1 2363 2362 2287 2361
8781 4 2 1 1 1600 1797 3570 3508
8782 4 2 1 1 2187 3212 3184 2298
8783 4 2 1 1 2646 817 866 2361
8784 4 2 1 1 3235 2646 2361 817
8785 4 2 1 1 2330 3219 2328 2650
8786 4 2 1 1 2618 2616 3011 2302
8787 4 2 1 1 3534 3351 3350 3561
8788 4 2 1 1 1145 540 2168 2849
8789 4 2 1 1 1814 1815 3361 3357
8790 4 2 1 1 3677 3676 1991 3678
8791 4 2 1 1 1772 1814 3360 3357
8792 4 2 1 1 3424 2082 3530 2963
8793 4 2 1 1 2337 2964 916 2995
8794 4 2 1 1 2951 2931 2849 113
8795 4 2 1 1 3767 3763 2138 3765
8796 4 2 1 1 155 2584 153 154
8797 4 2 1 1 152 153 2764 154
8798 4 2 1 1 2536 179 1020 1195
8799 4 2 1 1 2803 2347 2045 2346
8800 4 2 1 1 3197 2801 3155 2802
8801 4 2 1 1 3197 2898 3196 2897
8802 4 2 1 1 2765 3647 3646 1944
8803 4 2 1 1 2033 2044 2340 2346
8804 4 2 1 1 3049 3027 3022 3021
8805 4 2 1 1 197 196 2287 2363
8806 4 2 1 1 2329 1237 2287 197
8807 4 2 1 1 2840 2133 2440 2134
8808 4 2 1 1 2133 2770 2661 2134
8809 4 2 1 1 2637 2635 2867 2827
8810 4 2 1 1 3438 2082 3530 3409
8811 4 2 1 1 3245 2723 3040 2571
8812 4 2 1 1 2370 617 747 748
8813 4 2 1 1 2365 2920 1439 2258
8814 4 2 1 1 3216 2677 2537 2466
8815 4 2 1 1 2348 2764 2346 2345
8816 4 2 1 1 3733 2733 3723 3732
8817 4 2 1 1 2365 2255 2723 2658
8818 4 2 1 1 578 579 2861 2850
8819 4 2 1 1 3349 3351 3350 3353
8820 4 2 1 1 2430 20 21 3244
8821 4 2 1 1 1091 117 22 2324
8822 4 2 1 1 2497 2394 3258 2392
8823 4 2 1 1 24 2392 2534 3091
8824 4 2 1 1 2394 2416 2534 2392
8825 4 2 1 1 1695 3459 1610 3350
8826 4 2 1 1 2497 2391 3258 3261
8827 4 2 1 1 2693 2692 2403 3261
8828 4 2 1 1 927 20 3233 3244
8829 4 2 1 1 3259 2391 3261 3258
8830 4 2 1 1 3089 1387 1164 3091
8831 4 2 1 1 116 3259 1408 1378
8832 4 2 1 1 727 2719 1378 1408
8833 4 2 1 1 2412 3586 3584 3353
8834 4 2 1 1 1927 2201 1922 2669
8835 4 2 1 1 1916 2482 2483 2415
8836 4 2 1 1 3487 3473 3584 1925
8837 4 2 1 1 1656 3477 1632 1631
8838 4 2 1 1 3491 1633 1632 1621
8839 4 2 1 1 2460 2487 2284 2459
8840 4 2 1 1 936 726 2828 3222
8841 4 2 1 1 2487 2158 2284 2459
8842 4 2 1 1 605 544 2835 2787
8843 4 2 1 1 3517 3491 1632 3477
8844 4 2 1 1 2428 2423 2421 2272
8845 4 2 1 1 3477 3490 1632 1631
8846 4 2 1 1 936 1530 1206 3231
8847 4 2 1 1 534 2272 477 532
8848 4 2 1 1 647 1206 2422 1316
8849 4 2 1 1 2082 3438 3530 3460
8850 4 2 1 1 695 922 3188 696
8851 4 2 1 1 3246 2782 2682 2784
8852 4 2 1 1 2825 2241 2446 1921
8853 4 2 1 1 2241 2825 2228 1921
8854 4 2 1 1 1930 2196 2447 2448
8855 4 2 1 1 2194 2843 2857 2756
8856 4 2 1 1 2777 2445 2772 2189
8857 4 2 1 1 3631 2081 3632 3628
8858 4 2 1 1 1898 3626 3628 2100
8859 4 2 1 1 3663 1985 3667 2872
8860 4 2 1 1 978 2156 2989 1115
8861 4 2 1 1 2423 2429 2437 2273
8862 4 2 1 1 2559 2265 2747 2560
8863 4 2 1 1 3684 2154 2093 3681
8864 4 2 1 1 2244 2373 2097 2738
8865 4 2 1 1 2457 3748 2155 2687
8866 4 2 1 1 2467 2369 2731 2612
8867 4 2 1 1 2803 2347 2346 2317
8868 4 2 1 1 2765 2349 3646 2673
8869 4 2 1 1 2536 2537 2764 2053
8870 4 2 1 1 2349 2348 2346 2317
8871 4 2 1 1 2536 2369 2466 2612
8872 4 2 1 1 2387 2483 2386 2038
8873 4 2 1 1 3491 3490 1632 3477
8874 4 2 1 1 3158 3226 3247 2784
8875 4 2 1 1 1304 2157 2520 2371
8876 4 2 1 1 2159 2157 2686 2519
8877 4 2 1 1 2129 2460 2459 2487
8878 4 2 1 1 1916 2482 2320 2483
8879 4 2 1 1 3263 2763 2320 1972
8880 4 2 1 1 2387 1916 2320 2483
8881 4 2 1 1 3503 3444 1643 3379
8882 4 2 1 1 2205 1250 2871 374
8883 4 2 1 1 450 2074 3199 502
8884 4 2 1 1 2095 3140 2655 2872
8885 4 2 1 1 2215 2216 2655 2872
8886 4 2 1 1 258 1065 1994 1069
8887 4 2 1 1 1644 3503 1643 3379
8888 4 2 1 1 1990 3675 3660 1988
8889 4 2 1 1 1065 1069 1348 1994
8890 4 2 1 1 3223 2084 2101 3221
8891 4 2 1 1 2427 1970 2436 2437
8892 4 2 1 1 3157 2067 3222 2828
8893 4 2 1 1 534 647 2435 2421
8894 4 2 1 1 640 2929 2313 965
8895 4 2 1 1 1414 1321 2929 965
8896 4 2 1 1 1684 3455 1665 3331
8897 4 2 1 1 3104 3143 3103 2676
8898 4 2 1 1 2799 2238 2533 2798
8899 4 2 1 1 2896 2898 2389 2388
8900 4 2 1 1 2237 2390 2798 2238
8901 4 2 1 1 1470 2720 1137 2229
8902 4 2 1 1 2232 359 2875 2389
8903 4 2 1 1 359 2227 2232 2229
8904 4 2 1 1 2129 2492 2687 2457
8905 4 2 1 1 2162 2526 3760 3761
8906 4 2 1 1 3391 1774 1665 3580
8907 4 2 1 1 271 2163 2160 1188
8908 4 2 1 1 468 467 2164 2794
8909 4 2 1 1 3527 3744 2795 2589
8910 4 2 1 1 804 684 803 2789
8911 4 2 1 1 3330 2152 3555 3482
8912 4 2 1 1 2932 548 3050 547
8913 4 2 1 1 2588 3740 2795 2057
8914 4 2 1 1 2663 2554 2112 2894
8915 4 2 1 1 2121 2691 2122 1953
8916 4 2 1 1 2289 2288 2357 2291
8917 4 2 1 1 2864 2151 3280 3482
8918 4 2 1 1 249 2566 2567 250
8919 4 2 1 1 2139 2569 2383 2147
8920 4 2 1 1 700 1006 1328 2339
8921 4 2 1 1 1006 142 2339 140
8922 4 2 1 1 1793 3300 1654 3555
8923 4 2 1 1 3280 2151 3467 3482
8924 4 2 1 1 244 245 2005 2470
8925 4 2 1 1 2572 2574 2571 2568
8926 4 2 1 1 3718 3715 2574 3716
8927 4 2 1 1 3319 1831 3313 3323
8928 4 2 1 1 3301 1743 3302 3305
8929 4 2 1 1 2854 3056 3277 1207
8930 4 2 1 1 3329 1827 3352 1709
8931 4 2 1 1 2591 2577 294 487
8932 4 2 1 1 244 254 245 2470
8933 4 2 1 1 3352 1820 3580 1709
8934 4 2 1 1 3093 588 590 1202
8935 4 2 1 1 3741 3744 3743 2164
8936 4 2 1 1 3664 2550 3077 2470
8937 4 2 1 1 1230 2810 2874 1187
8938 4 2 1 1 2550 3664 2681 2470
8939 4 2 1 1 3595 3265 3295 3136
8940 4 2 1 1 2420 1571 3295 3136
8941 4 2 1 1 1871 1568 3279 1569
8942 4 2 1 1 122 2419 3136 1553
8943 4 2 1 1 2598 2592 1346 301
8944 4 2 1 1 3722 3718 3245 2043
8945 4 2 1 1 3279 3278 3136 2960
8946 4 2 1 1 3279 103 1548 1390
8947 4 2 1 1 2077 2069 1914 2076
8948 4 2 1 1 1378 3259 1408 3258
8949 4 2 1 1 3202 2224 2683 2694
8950 4 2 1 1 2325 2427 2432 2927
8951 4 2 1 1 1040 990 851 2927
8952 4 2 1 1 2737 2624 3014 3059
8953 4 2 1 1 3060 2660 2623 2622
8954 4 2 1 1 245 255 2005 2470
8955 4 2 1 1 2471 419 2937 422
8956 4 2 1 1 1429 944 1224 2607
8957 4 2 1 1 2632 2605 615 2937
8958 4 2 1 1 254 255 245 2470
8959 4 2 1 1 417 419 418 2937
8960 4 2 1 1 3108 3100 2937 2938
8961 4 2 1 1 3010 3183 3032 3655
8962 4 2 1 1 1398 1274 481 2465
8963 4 2 1 1 3031 2814 3654 2642
8964 4 2 1 1 2814 507 3654 2642
8965 4 2 1 1 3228 3234 2221 2481
8966 4 2 1 1 575 3183 1228 506
8967 4 2 1 1 2862 2860 2861 2864
8968 4 2 1 1 3133 1868 3294 2305
8969 4 2 1 1 2387 3234 3228 2481
8970 4 2 1 1 3274 3133 2306 1747
8971 4 2 1 1 3619 2293 2490 2491
8972 4 2 1 1 1553 1569 1570 3136
8973 4 2 1 1 1101 2419 1846 2653
8974 4 2 1 1 1846 1101 99 25
8975 4 2 1 1 2249 2800 2491 2330
8976 4 2 1 1 2113 2755 2664 2756
8977 4 2 1 1 3504 1680 3541 3519
8978 4 2 1 1 2671 343 377 2775
8979 4 2 1 1 1246 1312 341 2665
8980 4 2 1 1 2617 3043 2494 3003
8981 4 2 1 1 2443 2114 2776 2842
8982 4 2 1 1 2663 336 2636 2665
8983 4 2 1 1 3619 2293 2491 2330
8984 4 2 1 1 2800 3619 2491 2330
8985 4 2 1 1 2799 2193 2676 2857
8986 4 2 1 1 3504 3572 3541 1680
8987 4 2 1 1 3150 2712 2498 2502
8988 4 2 1 1 1759 3329 3331 1709
8989 4 2 1 1 1684 1759 3331 1709
8990 4 2 1 1 2613 1054 538 2685
8991 4 2 1 1 1334 2351 2615 792
8992 4 2 1 1 705 2814 603 762
8993 4 2 1 1 2836 2837 2251 3656
8994 4 2 1 1 1538 1886 3289 1841
8995 4 2 1 1 1981 705 2685 2814
8996 4 2 1 1 3148 2695 3079 3080
8997 4 2 1 1 3126 786 1214 1352
8998 4 2 1 1 2695 504 3148 3079
8999 4 2 1 1 3274 2986 3288 3287
9000 4 2 1 1 3184 2188 3125 2882
9001 4 2 1 1 2712 2499 1991 2703
9002 4 2 1 1 3613 3651 3670 3610
9003 4 2 1 1 2500 3150 3240 3236
9004 4 2 1 1 2066 1915 2316 2071
9005 4 2 1 1 2319 2500 2316 18
9006 4 2 1 1 2517 2521 3681 2457
9007 4 2 1 1 3698 3690 3699 3696
9008 4 2 1 1 3451 3454 3378 2178
9009 4 2 1 1 3691 3513 3689 3688
9010 4 2 1 1 3669 3687 3684 1998
9011 4 2 1 1 3694 3687 3695 1998
9012 4 2 1 1 453 376 2622 2623
9013 4 2 1 1 1369 3046 3044 835
9014 4 2 1 1 2727 2086 2560 2729
9015 4 2 1 1 1138 1366 791 2815
9016 4 2 1 1 2472 3045 3044 2473
9017 4 2 1 1 3047 2097 3044 2473
9018 4 2 1 1 2247 3668 2872 3629
9019 4 2 1 1 2709 2453 2096 2738
9020 4 2 1 1 2745 2464 2727 2729
9021 4 2 1 1 2453 2452 2096 2738
9022 4 2 1 1 2722 2244 3047 3117
9023 4 2 1 1 3045 3046 3047 3117
9024 4 2 1 1 3676 3642 2502 3678
9025 4 2 1 1 1703 3392 1731 1826
9026 4 2 1 1 1330 2749 2690 2952
9027 4 2 1 1 2621 1175 329 2690
9028 4 2 1 1 3392 3578 3394 2905
9029 4 2 1 1 2315 2543 2451 1954
9030 4 2 1 1 2071 2475 3240 2316
9031 4 2 1 1 434 2540 373 2313
9032 4 2 1 1 3675 3204 3662 3660
9033 4 2 1 1 20 2430 1432 2761
9034 4 2 1 1 2499 3676 2502 3678
9035 4 2 1 1 2695 3148 2696 3080
9036 4 2 1 1 3679 3676 3642 2502
9037 4 2 1 1 995 3216 190 161
9038 4 2 1 1 1384 3056 1834 3302
9039 4 2 1 1 1172 3124 3125 3210
9040 4 2 1 1 3202 1971 2682 2694
9041 4 2 1 1 516 619 2404 2399
9042 4 2 1 1 2431 2325 2762 2432
9043 4 2 1 1 3298 1536 1254 3277
9044 4 2 1 1 1058 104 1524 3277
9045 4 2 1 1 1564 3056 1742 1834
9046 4 2 1 1 2896 365 366 2783
9047 4 2 1 1 3679 2807 3676 2502
9048 4 2 1 1 2367 3322 3328 2596
9049 4 2 1 1 2792 2789 2791 3207
9050 4 2 1 1 3761 2526 2524 2586
9051 4 2 1 1 1580 3589 3339 1757
9052 4 2 1 1 2789 1113 2544 2545
9053 4 2 1 1 3745 2161 2164 2160
9054 4 2 1 1 2834 3745 3743 2164
9055 4 2 1 1 3589 3336 1757 1753
9056 4 2 1 1 2738 2373 2097 2246
9057 4 2 1 1 1914 1956 2426 2076
9058 4 2 1 1 2730 1909 2655 3628
9059 4 2 1 1 2709 2373 2738 2246
9060 4 2 1 1 2514 2515 2513 2516
9061 4 2 1 1 317 313 2728 315
9062 4 2 1 1 2245 2716 2213 2097
9063 4 2 1 1 2424 1968 2428 2816
9064 4 2 1 1 2464 313 315 2727
9065 4 2 1 1 318 2727 315 1011
9066 4 2 1 1 313 2464 315 314
9067 4 2 1 1 3198 3188 3189 2035
9068 4 2 1 1 1425 3193 2345 3243
9069 4 2 1 1 3197 2801 2802 3029
9070 4 2 1 1 2321 2760 3242 2083
9071 4 2 1 1 3615 3641 1942 3638
9072 4 2 1 1 1901 1942 3638 2041
9073 4 2 1 1 3369 2062 3399 3442
9074 4 2 1 1 3078 2837 2335 3656
9075 4 2 1 1 3708 1979 3707 3656
9076 4 2 1 1 3520 1601 3544 3566
9077 4 2 1 1 3336 3338 3339 1757
9078 4 2 1 1 914 1087 2813 1394
9079 4 2 1 1 3501 1611 1612 3459
9080 4 2 1 1 2848 3468 3316 3510
9081 4 2 1 1 3658 2892 2981 1988
9082 4 2 1 1 1992 3772 3678 2142
9083 4 2 1 1 3333 3731 2597 2042
9084 4 2 1 1 2932 2844 2879 2793
9085 4 2 1 1 2058 3762 3739 2060
9086 4 2 1 1 911 1033 2175 2493
9087 4 2 1 1 2793 2932 290 2879
9088 4 2 1 1 2792 2161 2791 2794
9089 4 2 1 1 465 2159 1188 2160
9090 4 2 1 1 2556 2112 2557 2894
9091 4 2 1 1 1912 2555 2505 2112
9092 4 2 1 1 2376 2375 2513 2516
9093 4 2 1 1 2504 1332 2505 1309
9094 4 2 1 1 3062 3170 2989 3059
9095 4 2 1 1 2684 2622 2505 1309
9096 4 2 1 1 3384 3600 1764 3386
9097 4 2 1 1 2621 376 2622 340
9098 4 2 1 1 1680 1733 3541 3519
9099 4 2 1 1 504 2695 2771 3079
9100 4 2 1 1 1734 1733 3541 1680
9101 4 2 1 1 2238 2136 1940 2240
9102 4 2 1 1 1365 1172 822 3124
9103 4 2 1 1 174 2811 1096 171
9104 4 2 1 1 2150 285 1286 1492
9105 4 2 1 1 2004 2541 3076 2006
9106 4 2 1 1 2007 2150 2892 2008
9107 4 2 1 1 3204 2007 2892 2008
9108 4 2 1 1 1140 2957 2006 2643
9109 4 2 1 1 1142 1499 2006 689
9110 4 2 1 1 907 3160 899 850
9111 4 2 1 1 3160 2902 899 850
9112 4 2 1 1 3016 1982 2350 2943
9113 4 2 1 1 3012 639 638 2839
9114 4 2 1 1 585 713 2914 2845
9115 4 2 1 1 2180 3370 3404 3387
9116 4 2 1 1 3034 2102 3557 2845
9117 4 2 1 1 2925 2587 3033 2839
9118 4 2 1 1 2102 2990 3024 3034
9119 4 2 1 1 2183 2848 3771 2254
9120 4 2 1 1 3370 3385 3386 3387
9121 4 2 1 1 2219 2367 2596 3321
9122 4 2 1 1 1644 3402 3401 1660
9123 4 2 1 1 3480 1644 3401 3503
9124 4 2 1 1 2854 3056 3302 3055
9125 4 2 1 1 3413 3605 2167 3298
9126 4 2 1 1 2855 2381 2853 1280
9127 4 2 1 1 3265 1477 2971 818
9128 4 2 1 1 2419 3265 818 2960
9129 4 2 1 1 3285 3286 3288 3309
9130 4 2 1 1 2969 2968 3288 2970
9131 4 2 1 1 3264 2219 3595 2367
9132 4 2 1 1 2596 3722 3724 3721
9133 4 2 1 1 3600 1882 1836 1764
9134 4 2 1 1 2658 1073 1097 1306
9135 4 2 1 1 2863 2256 3736 2152
9136 4 2 1 1 2920 501 388 2958
9137 4 2 1 1 2635 2551 2827 2552
9138 4 2 1 1 2946 2969 2257 2945
9139 4 2 1 1 2954 3307 2960 3595
9140 4 2 1 1 1722 3608 1775 1869
9141 4 2 1 1 2595 2594 3264 2954
9142 4 2 1 1 2219 2595 3264 2954
9143 4 2 1 1 2419 2653 2971 3294
9144 4 2 1 1 3729 3722 3727 2043
9145 4 2 1 1 3336 3338 1757 1767
9146 4 2 1 1 2983 930 3181 1293
9147 4 2 1 1 2781 2961 2337 2962
9148 4 2 1 1 1896 3676 2142 3678
9149 4 2 1 1 3458 1689 3416 3368
9150 4 2 1 1 1722 3417 3416 3372
9151 4 2 1 1 3556 3557 3200 3434
9152 4 2 1 1 2183 2253 3771 2962
9153 4 2 1 1 1721 2463 3416 1722
9154 4 2 1 1 2990 3034 3672 2984
9155 4 2 1 1 2990 3034 2984 3024
9156 4 2 1 1 1890 1725 1856 2385
9157 4 2 1 1 3608 3417 1722 1775
9158 4 2 1 1 1613 1616 1786 3460
9159 4 2 1 1 3292 1890 1749 1546
9160 4 2 1 1 2786 2770 542 814
9161 4 2 1 1 2376 2377 2513 2375
9162 4 2 1 1 2496 1902 2662 2625
9163 4 2 1 1 2671 3002 3004 2665
9164 4 2 1 1 1902 1913 2133 2662
9165 4 2 1 1 346 2775 2629 2443
9166 4 2 1 1 2695 2443 2776 2842
9167 4 2 1 1 343 2671 2664 2775
9168 4 2 1 1 2770 2504 2636 2894
9169 4 2 1 1 2234 2752 3132 670
9170 4 2 1 1 3553 1796 3405 3376
9171 4 2 1 1 2515 2376 2513 2516
9172 4 2 1 1 1074 445 2229 1137
9173 4 2 1 1 2401 1472 1085 2534
9174 4 2 1 1 2377 2376 2513 2515
9175 4 2 1 1 3227 2692 2403 2479
9176 4 2 1 1 3034 2845 2009 3033
9177 4 2 1 1 3556 3557 3415 2009
9178 4 2 1 1 2102 3034 3024 2845
9179 4 2 1 1 585 512 550 2845
9180 4 2 1 1 76 1860 1559 1400
9181 4 2 1 1 1723 3292 3291 2868
9182 4 2 1 1 1974 1048 2754 627
9183 4 2 1 1 2267 2787 1973 2835
9184 4 2 1 1 544 2267 2835 2787
9185 4 2 1 1 3122 2427 2323 2835
9186 4 2 1 1 2271 3176 2269 2273
9187 4 2 1 1 2788 3176 2436 2273
9188 4 2 1 1 1594 1780 1797 3405
9189 4 2 1 1 3405 1796 3570 3376
9190 4 2 1 1 2097 2244 2473 3047
9191 4 2 1 1 3045 625 3046 743
9192 4 2 1 1 2097 2472 3044 2473
9193 4 2 1 1 505 2716 2654 3044
9194 4 2 1 1 185 189 2326 2327
9195 4 2 1 1 3145 2932 3048 3146
9196 4 2 1 1 2603 2618 2601 2600
9197 4 2 1 1 1825 3275 1745 1863
9198 4 2 1 1 2059 3571 3513 3518
9199 4 2 1 1 2588 3050 2057 3106
9200 4 2 1 1 2525 3067 733 732
9201 4 2 1 1 2058 3145 3066 3146
9202 4 2 1 1 3071 1341 2461 861
9203 4 2 1 1 2588 622 549 3050
9204 4 2 1 1 621 622 2056 3050
9205 4 2 1 1 2198 3148 2696 3043
9206 4 2 1 1 1483 1096 3210 822
9207 4 2 1 1 3057 3212 3254 3154
9208 4 2 1 1 174 1483 2811 3211
9209 4 2 1 1 2394 2416 1975 2418
9210 4 2 1 1 2763 2610 3192 2762
9211 4 2 1 1 3578 2887 2905 2908
9212 4 2 1 1 112 9 10 2280
9213 4 2 1 1 3145 2932 2879 3048
9214 4 2 1 1 1663 3505 1715 3397
9215 4 2 1 1 3658 2627 2626 3772
9216 4 2 1 1 1483 2811 3210 1096
9217 4 2 1 1 2812 2301 2298 2447
9218 4 2 1 1 3154 1487 3253 3135
9219 4 2 1 1 1028 1026 1027 3218
9220 4 2 1 1 2191 1926 2189 2192
9221 4 2 1 1 2188 1926 2882 3184
9222 4 2 1 1 148 2343 2340 146
9223 4 2 1 1 1292 3123 700 1328
9224 4 2 1 1 2659 2340 2658 2339
9225 4 2 1 1 1883 2678 1537 1855
9226 4 2 1 1 3190 3134 2992 1284
9227 4 2 1 1 563 2710 564 565
9228 4 2 1 1 3082 2563 3693 3081
9229 4 2 1 1 2176 3571 3692 2820
9230 4 2 1 1 1652 3450 1627 1653
9231 4 2 1 1 3448 3560 1690 3420
9232 4 2 1 1 1029 262 2548 2585
9233 4 2 1 1 3762 3086 3760 3691
9234 4 2 1 1 2844 2058 3145 3738
9235 4 2 1 1 2879 2061 2524 3207
9236 4 2 1 1 2061 2549 2524 3207
9237 4 2 1 1 2678 121 1859 1537
9238 4 2 1 1 2695 2443 2444 2776
9239 4 2 1 1 1811 1734 3541 1680
9240 4 2 1 1 1487 3154 3253 1114
9241 4 2 1 1 3049 3027 3217 2356
9242 4 2 1 1 3144 3761 2524 2586
9243 4 2 1 1 824 1310 1221 3217
9244 4 2 1 1 1476 3049 924 1221
9245 4 2 1 1 2599 2592 1393 828
9246 4 2 1 1 302 288 2724 1004
9247 4 2 1 1 1750 3308 3305 1830
9248 4 2 1 1 2723 699 1004 2724
9249 4 2 1 1 287 2598 1346 301
9250 4 2 1 1 2969 3726 3165 3727
9251 4 2 1 1 3447 3330 2105 2152
9252 4 2 1 1 2594 2595 3264 3727
9253 4 2 1 1 2787 2271 2269 2273
9254 4 2 1 1 2928 2610 2437 1955
9255 4 2 1 1 2788 3090 2672 1961
9256 4 2 1 1 2408 2417 2407 2418
9257 4 2 1 1 2397 1949 1965 2398
9258 4 2 1 1 1750 1574 3308 1830
9259 4 2 1 1 1018 2370 3167 1020
9260 4 2 1 1 1561 3297 1841 1892
9261 4 2 1 1 1783 3297 1841 1561
9262 4 2 1 1 2036 2779 3029 2802
9263 4 2 1 1 2537 3153 2764 2053
9264 4 2 1 1 1355 1395 2823 833
9265 4 2 1 1 2778 721 901 3029
9266 4 2 1 1 3119 3188 3189 2824
9267 4 2 1 1 2549 3144 2524 2586
9268 4 2 1 1 3046 1369 836 835
9269 4 2 1 1 3144 2549 2524 3761
9270 4 2 1 1 3739 3759 2524 3761
9271 4 2 1 1 3046 743 836 1273
9272 4 2 1 1 3752 2294 3621 3750
9273 4 2 1 1 2297 2818 3099 2831
9274 4 2 1 1 2633 2632 2937 2938
9275 4 2 1 1 2250 3653 3656 3652
9276 4 2 1 1 3220 3219 2651 2603
9277 4 2 1 1 2248 2249 2250 2491
9278 4 2 1 1 2332 2699 2335 2700
9279 4 2 1 1 3654 1481 2813 2251
9280 4 2 1 1 3759 3760 2524 3761
9281 4 2 1 1 2816 2562 2721 1958
9282 4 2 1 1 641 597 2828 726
9283 4 2 1 1 3223 2067 2828 3222
9284 4 2 1 1 3231 1530 1206 2422
9285 4 2 1 1 3657 3659 2912 3660
9286 4 2 1 1 933 678 931 2626
9287 4 2 1 1 3572 1811 3541 1680
9288 4 2 1 1 3651 2315 3613 3670
9289 4 2 1 1 1915 2066 2070 2451
9290 4 2 1 1 3658 2950 1983 2912
9291 4 2 1 1 3019 3126 1487 3135
9292 4 2 1 1 3019 3182 3149 3135
9293 4 2 1 1 1483 3127 3210 3211
9294 4 2 1 1 2304 3253 3135 3254
9295 4 2 1 1 2617 2301 3255 2812
9296 4 2 1 1 3154 178 175 1114
9297 4 2 1 1 2812 2301 3255 2302
9298 4 2 1 1 3126 3127 3211 3149
9299 4 2 1 1 2968 2946 2970 2971
9300 4 2 1 1 1759 1684 3331 3592
9301 4 2 1 1 292 2598 2567 2568
9302 4 2 1 1 1626 3451 1627 3452
9303 4 2 1 1 3571 3513 3518 3453
9304 4 2 1 1 2058 3469 3371 3276
9305 4 2 1 1 1887 3275 3069 1745
9306 4 2 1 1 3597 1825 3069 1833
9307 4 2 1 1 3069 3597 1511 968
9308 4 2 1 1 1846 2419 1570 1868
9309 4 2 1 1 3760 3759 2524 3739
9310 4 2 1 1 3594 3311 1576 1573
9311 4 2 1 1 3285 3311 1752 1576
9312 4 2 1 1 1209 1377 2306 3431
9313 4 2 1 1 1560 123 2306 1209
9314 4 2 1 1 3286 1728 1708 1748
9315 4 2 1 1 1538 119 1121 3289
9316 4 2 1 1 797 3297 2611 934
9317 4 2 1 1 3283 1783 1701 1782
9318 4 2 1 1 1561 50 96 1291
9319 4 2 1 1 1538 1121 1892 1841
9320 4 2 1 1 3283 2670 3280 3092
9321 4 2 1 1 3380 3503 3401 3379
9322 4 2 1 1 1406 2419 872 818
9323 4 2 1 1 3285 3311 3284 1752
9324 4 2 1 1 3726 2366 2725 3040
9325 4 2 1 1 2594 2595 3727 3040
9326 4 2 1 1 3030 2975 2173 3767
9327 4 2 1 1 1831 3312 1705 3313
9328 4 2 1 1 889 1222 2947 2306
9329 4 2 1 1 2958 2921 2725 2945
9330 4 2 1 1 2855 3439 3054 3326
9331 4 2 1 1 3054 3301 2217 3313
9332 4 2 1 1 1869 1745 3276 1863
9333 4 2 1 1 1651 1869 3276 1863
9334 4 2 1 1 3314 3315 3321 3320
9335 4 2 1 1 1751 1755 3321 3323
9336 4 2 1 1 394 1135 2634 1162
9337 4 2 1 1 2765 3639 1944 2317
9338 4 2 1 1 1992 1987 3678 3772
9339 4 2 1 1 2847 3351 3645 3316
9340 4 2 1 1 2412 3351 3349 3353
9341 4 2 1 1 2703 1991 2704 2535
9342 4 2 1 1 3344 3329 3352 3341
9343 4 2 1 1 3340 3344 3352 3341
9344 4 2 1 1 1827 3340 3344 3352
9345 4 2 1 1 3329 1827 3344 3352
9346 4 2 1 1 2011 2180 3440 3375
9347 4 2 1 1 1431 1197 3028 712
9348 4 2 1 1 2180 3697 3006 3696
9349 4 2 1 1 3549 1711 3448 3375
9350 4 2 1 1 3363 2174 3375 3364
9351 4 2 1 1 3560 1805 3407 1653
9352 4 2 1 1 3513 2000 3511 2174
9353 4 2 1 1 115 2703 2704 2535
9354 4 2 1 1 3604 3028 3585 3554
9355 4 2 1 1 2848 3771 2254 1988
9356 4 2 1 1 3449 1713 3607 3464
9357 4 2 1 1 1267 3600 879 2757
9358 4 2 1 1 3697 2924 2008 3674
9359 4 2 1 1 3476 3415 3547 2009
9360 4 2 1 1 1657 3572 3552 3504
9361 4 2 1 1 1417 112 10 2951
9362 4 2 1 1 3539 3506 3397 2166
9363 4 2 1 1 2510 1160 2972 2974
9364 4 2 1 1 2510 115 2704 2535
9365 4 2 1 1 1707 1813 1812 3554
9366 4 2 1 1 1794 1667 3376 3526
9367 4 2 1 1 3513 3454 3451 2178
9368 4 2 1 1 3560 3513 3407 2178
9369 4 2 1 1 3276 3469 1650 3453
9370 4 2 1 1 1765 1689 3368 1775
9371 4 2 1 1 2844 2058 2057 3106
9372 4 2 1 1 3366 3369 2060 3368
9373 4 2 1 1 1597 1596 1599 3500
9374 4 2 1 1 3373 3371 1778 1775
9375 4 2 1 1 3371 1651 1778 1775
9376 4 2 1 1 3373 3366 2060 3368
9377 4 2 1 1 3418 3371 3372 3106
9378 4 2 1 1 3608 3417 3372 3106
9379 4 2 1 1 1608 1607 1606 3522
9380 4 2 1 1 2081 3694 2094 3747
9381 4 2 1 1 3466 3524 2027 3492
9382 4 2 1 1 3410 3411 3488 3522
9383 4 2 1 1 3093 3009 2065 2589
9384 4 2 1 1 2837 3654 2813 2251
9385 4 2 1 1 3484 3524 1620 1621
9386 4 2 1 1 3524 1620 1800 1635
9387 4 2 1 1 2413 3561 2082 3438
9388 4 2 1 1 3560 1805 3526 3407
9389 4 2 1 1 1690 3560 3526 3420
9390 4 2 1 1 3549 3424 2011 3448
9391 4 2 1 1 3424 2000 2011 3448
9392 4 2 1 1 3513 3762 2178 3691
9393 4 2 1 1 3521 3488 3544 2131
9394 4 2 1 1 3691 2162 2309 3692
9395 4 2 1 1 3749 2093 3747 3746
9396 4 2 1 1 115 2510 941 2535
9397 4 2 1 1 3395 2166 3596 3393
9398 4 2 1 1 1706 3538 3436 3393
9399 4 2 1 1 2931 2166 2951 2846
9400 4 2 1 1 3538 3436 3596 3101
9401 4 2 1 1 1659 1703 1817 3394
9402 4 2 1 1 3429 3428 3522 3445
9403 4 2 1 1 1978 2458 2131 3566
9404 4 2 1 1 940 115 941 2535
9405 4 2 1 1 3355 3347 3346 3354
9406 4 2 1 1 1584 1760 3346 1771
9407 4 2 1 1 1620 1608 3537 3489
9408 4 2 1 1 2458 3748 3746 3747
9409 4 2 1 1 1739 1542 1885 3101
9410 4 2 1 1 3355 2132 3473 1932
9411 4 2 1 1 3487 3473 3528 3497
9412 4 2 1 1 1791 3546 3445 3572
9413 4 2 1 1 3355 3634 1932 2450
9414 4 2 1 1 1791 1608 1606 3445
9415 4 2 1 1 3345 3347 3588 1584
9416 4 2 1 1 3723 2766 3732 3734
9417 4 2 1 1 3325 2263 3309 3310
9418 4 2 1 1 3733 2048 3649 3732
9419 4 2 1 1 3347 3345 3588 2243
9420 4 2 1 1 3594 3322 3328 2367
9421 4 2 1 1 2041 2042 3724 2243
9422 4 2 1 1 3437 3330 3324 2105
9423 4 2 1 1 3494 3337 2105 3324
9424 4 2 1 1 1714 3101 1885 3102
9425 4 2 1 1 3362 2994 2171 2995
9426 4 2 1 1 1464 1858 3102 3268
9427 4 2 1 1 1714 1739 1885 3101
9428 4 2 1 1 3101 6 3102 7
9429 4 2 1 1 2380 1325 2553 1106
9430 4 2 1 1 3702 2256 2863 2152
9431 4 2 1 1 1800 3463 1713 1669
9432 4 2 1 1 247 260 261 2546
9433 4 2 1 1 3528 1780 3561 1591
9434 4 2 1 1 3553 3377 3405 2082
9435 4 2 1 1 2336 247 2586 2546
9436 4 2 1 1 3528 1780 1591 1594
9437 4 2 1 1 2979 2252 886 1129
9438 4 2 1 1 3770 2183 3506 2166
9439 4 2 1 1 3402 3413 1769 3606
9440 4 2 1 1 2884 3481 3427 2167
9441 4 2 1 1 3677 2973 2138 3765
9442 4 2 1 1 3662 3661 3077 3666
9443 4 2 1 1 2924 2587 3033 2925
9444 4 2 1 1 2983 2961 3181 2182
9445 4 2 1 1 2412 2847 3645 3341
9446 4 2 1 1 3370 3385 3581 1672
9447 4 2 1 1 3461 3523 3509 3510
9448 4 2 1 1 3360 3358 3562 2254
9449 4 2 1 1 2094 1925 2131 3497
9450 4 2 1 1 3756 3766 2138 2148
9451 4 2 1 1 3408 1667 3526 3376
9452 4 2 1 1 3616 3679 2808 3711
9453 4 2 1 1 1596 3498 1595 1594
9454 4 2 1 1 3463 3567 1804 3563
9455 4 2 1 1 2018 3465 3017 3466
9456 4 2 1 1 3527 3535 2065 2589
9457 4 2 1 1 2485 1818 1734 3540
9458 4 2 1 1 3579 3567 3466 3563
9459 4 2 1 1 3096 3712 3710 2138
9460 4 2 1 1 3355 3473 3365 1932
9461 4 2 1 1 1594 3498 3497 3405
9462 4 2 1 1 794 687 2960 2599
9463 4 2 1 1 3098 3133 3288 2970
9464 4 2 1 1 3756 3712 2148 2138
9465 4 2 1 1 3133 1728 1748 1747
9466 4 2 1 1 2946 2969 3288 2257
9467 4 2 1 1 3413 1736 3605 3298
9468 4 2 1 1 1343 2887 1313 766
9469 4 2 1 1 1736 3413 3605 1769
9470 4 2 1 1 2760 3242 3236 3240
9471 4 2 1 1 2139 1036 135 2698
9472 4 2 1 1 2501 3150 2502 3240
9473 4 2 1 1 3428 3572 3552 1657
9474 4 2 1 1 2143 2501 2806 2342
9475 4 2 1 1 2847 2412 3645 3351
9476 4 2 1 1 3664 2550 2681 3081
9477 4 2 1 1 2543 1986 2315 2769
9478 4 2 1 1 2170 2705 2930 3772
9479 4 2 1 1 2474 2277 2278 2276
9480 4 2 1 1 2122 1913 2625 2127
9481 4 2 1 1 3665 1986 2922 2769
9482 4 2 1 1 1898 3626 1918 3627
9483 4 2 1 1 3651 3627 1918 2083
9484 4 2 1 1 3626 3630 3225 1906
9485 4 2 1 1 2922 2541 3076 2769
9486 4 2 1 1 3644 1901 1942 1943
9487 4 2 1 1 3719 2841 3720 3717
9488 4 2 1 1 3639 2803 3640 2317
9489 4 2 1 1 3245 2384 3715 3717
9490 4 2 1 1 1937 3637 3636 3638
9491 4 2 1 1 1629 1630 3552 3529
9492 4 2 1 1 2826 2242 3640 3636
9493 4 2 1 1 2348 2344 2368 2346
9494 4 2 1 1 1895 3611 1987 3613
9495 4 2 1 1 2957 2541 2922 2912
9496 4 2 1 1 2922 2541 2542 2912
9497 4 2 1 1 2913 2012 3386 3387
9498 4 2 1 1 3676 2499 1991 3678
9499 4 2 1 1 1992 3611 1987 3658
9500 4 2 1 1 11 1420 972 2930
9501 4 2 1 1 3663 1985 3251 3667
9502 4 2 1 1 3140 2939 2311 1906
9503 4 2 1 1 2080 2077 2083 2078
9504 4 2 1 1 1957 3612 3650 2010
9505 4 2 1 1 3668 3669 3667 3629
9506 4 2 1 1 3664 2550 2512 3663
9507 4 2 1 1 3668 3680 3682 3684
9508 4 2 1 1 2082 3612 2963 1999
9509 4 2 1 1 2583 2547 2546 3682
9510 4 2 1 1 2932 289 290 2879
9511 4 2 1 1 3767 3041 3065 2138
9512 4 2 1 1 2380 2639 2553 3703
9513 4 2 1 1 1135 747 2634 1162
9514 4 2 1 1 2380 1208 2379 410
9515 4 2 1 1 760 1227 2375 758
9516 4 2 1 1 1629 1630 1657 3552
9517 4 2 1 1 3064 2147 2698 2149
9518 4 2 1 1 2742 1270 2698 2918
9519 4 2 1 1 3615 2030 3713 2041
9520 4 2 1 1 3637 3615 3713 2041
9521 4 2 1 1 3428 1629 1657 3552
9522 4 2 1 1 1818 1804 1808 3563
9523 4 2 1 1 3702 2020 2054 3704
9524 4 2 1 1 3647 3168 2612 2468
9525 4 2 1 1 3647 3706 2054 1929
9526 4 2 1 1 2851 579 800 2850
9527 4 2 1 1 2151 2860 2985 2864
9528 4 2 1 1 2259 2862 395 2867
9529 4 2 1 1 2851 2946 2850 800
9530 4 2 1 1 3065 3096 3710 2138
9531 4 2 1 1 2264 2958 2262 2261
9532 4 2 1 1 248 465 2163 1188
9533 4 2 1 1 3744 3009 3743 2164
9534 4 2 1 1 270 271 2163 2164
9535 4 2 1 1 2492 2489 2491 2487
9536 4 2 1 1 203 2488 1257 205
9537 4 2 1 1 520 535 2883 536
9538 4 2 1 1 3053 3301 2217 3054
9539 4 2 1 1 3056 1384 1834 1891
9540 4 2 1 1 3481 3402 3427 2167
9541 4 2 1 1 2172 3380 2220 3756
9542 4 2 1 1 2976 2936 2353 2919
9543 4 2 1 1 2931 2166 2846 3765
9544 4 2 1 1 2742 3063 3065 2028
9545 4 2 1 1 2166 2165 2846 3765
9546 4 2 1 1 3540 1818 1808 3563
9547 4 2 1 1 3763 3766 2138 3756
9548 4 2 1 1 1140 837 2643 1141
9549 4 2 1 1 285 2892 1198 1492
9550 4 2 1 1 236 2307 239 2206
9551 4 2 1 1 3096 2918 2575 1298
9552 4 2 1 1 2738 2089 1907 2097
9553 4 2 1 1 610 2950 611 678
9554 4 2 1 1 2738 2277 1907 2089
9555 4 2 1 1 12 2705 1451 107
9556 4 2 1 1 2070 815 3239 2316
9557 4 2 1 1 2529 1315 2706 857
9558 4 2 1 1 2216 2246 1907 2090
9559 4 2 1 1 2091 2073 2087 2098
9560 4 2 1 1 2216 2092 1907 2246
9561 4 2 1 1 2246 2738 1907 2097
9562 4 2 1 1 2277 2738 1907 2246
9563 4 2 1 1 3651 3613 3650 3610
9564 4 2 1 1 3622 1898 1918 1957
9565 4 2 1 1 1943 1901 1922 3625
9566 4 2 1 1 3259 3257 3261 3244
9567 4 2 1 1 2391 116 21 22
9568 4 2 1 1 2763 3263 3192 1972
9569 4 2 1 1 116 1090 22 3258
9570 4 2 1 1 1413 1090 1378 3258
9571 4 2 1 1 2449 2201 2196 1922
9572 4 2 1 1 3647 3168 2468 1929
9573 4 2 1 1 3647 2539 2612 3646
9574 4 2 1 1 2539 2537 2466 2612
9575 4 2 1 1 2551 2370 2644 2612
9576 4 2 1 1 2577 2381 2853 3757
9577 4 2 1 1 2260 2370 2644 2634
9578 4 2 1 1 3264 3165 2593 2592
9579 4 2 1 1 2260 3648 2644 3646
9580 4 2 1 1 2635 2867 2827 2644
9581 4 2 1 1 2224 2390 1940 2050
9582 4 2 1 1 2140 1271 910 1422
9583 4 2 1 1 2510 2973 3677 2974
9584 4 2 1 1 1940 2228 2415 2050
9585 4 2 1 1 3017 2606 2941 2938
9586 4 2 1 1 2902 3100 2901 2019
9587 4 2 1 1 2238 2241 2239 1940
9588 4 2 1 1 2241 2238 2228 1940
9589 4 2 1 1 2409 3052 1951 2418
9590 4 2 1 1 2928 3052 1951 1972
9591 4 2 1 1 3038 2126 1951 1947
9592 4 2 1 1 865 1049 3088 1449
9593 4 2 1 1 2753 2417 2708 2235
9594 4 2 1 1 166 2467 164 180
9595 4 2 1 1 2336 911 1252 1518
9596 4 2 1 1 2565 773 774 598
9597 4 2 1 1 6 1542 1 1866
9598 4 2 1 1 746 3604 3028 1041
9599 4 2 1 1 247 2336 2212 2546
9600 4 2 1 1 2528 490 3048 2527
9601 4 2 1 1 2565 566 773 598
9602 4 2 1 1 2271 2268 1973 2787
9603 4 2 1 1 2425 2075 2437 2429
9604 4 2 1 1 2722 3195 744 1273
9605 4 2 1 1 3195 223 1294 1273
9606 4 2 1 1 2485 1818 3540 3563
9607 4 2 1 1 2435 607 2835 2323
9608 4 2 1 1 2775 2695 2443 495
9609 4 2 1 1 1948 1965 2949 1947
9610 4 2 1 1 2695 2775 377 495
9611 4 2 1 1 2485 3568 1818 3563
9612 4 2 1 1 2005 3076 3077 2006
9613 4 2 1 1 1450 2924 2470 1319
9614 4 2 1 1 3079 504 503 612
9615 4 2 1 1 1289 3187 1265 923
9616 4 2 1 1 2768 2550 3076 1984
9617 4 2 1 1 3664 2550 2768 1984
9618 4 2 1 1 3111 2191 3121 3112
9619 4 2 1 1 1073 541 1306 2658
9620 4 2 1 1 2958 2944 2850 2945
9621 4 2 1 1 3661 2768 3076 1984
9622 4 2 1 1 1444 2968 1247 1526
9623 4 2 1 1 3661 3664 2768 1984
9624 4 2 1 1 2264 2958 2850 2945
9625 4 2 1 1 2259 391 393 392
9626 4 2 1 1 2946 2968 2944 1444
9627 4 2 1 1 1326 2944 1144 1379
9628 4 2 1 1 2092 2091 2655 2216
9629 4 2 1 1 2362 1391 866 2360
9630 4 2 1 1 1912 2554 2894 2112
9631 4 2 1 1 3252 3668 3251 3682
9632 4 2 1 1 335 2554 334 333
9633 4 2 1 1 2548 2547 2549 3682
9634 4 2 1 1 2547 2548 2546 3682
9635 4 2 1 1 3684 3680 3682 3681
9636 4 2 1 1 3680 3668 3682 1995
9637 4 2 1 1 262 2585 2586 2546
9638 4 2 1 1 3770 3506 2951 3539
9639 4 2 1 1 2252 2931 1339 2846
9640 4 2 1 1 3770 2951 2930 2170
9641 4 2 1 1 16 91 2703 939
9642 4 2 1 1 2150 2007 2892 2006
9643 4 2 1 1 2007 2150 479 2006
9644 4 2 1 1 2550 3664 3077 1984
9645 4 2 1 1 3699 3664 3077 2470
9646 4 2 1 1 2405 2693 2403 3261
9647 4 2 1 1 3076 2005 3077 1984
9648 4 2 1 1 3302 3056 1742 3055
9649 4 2 1 1 819 738 820 3298
9650 4 2 1 1 2903 907 1437 1243
9651 4 2 1 1 1838 1712 1874 3599
9652 4 2 1 1 3213 2603 3214 2017
9653 4 2 1 1 2022 2603 3213 2017
9654 4 2 1 1 2830 2022 2516 2017
9655 4 2 1 1 2832 2830 2516 2017
9656 4 2 1 1 111 1030 1547 66
9657 4 2 1 1 3213 2514 2017 3214
9658 4 2 1 1 2022 2514 2017 3213
9659 4 2 1 1 1860 1057 77 1539
9660 4 2 1 1 2514 2832 2516 2017
9661 4 2 1 1 78 105 1539 77
9662 4 2 1 1 2022 2514 2516 2017
9663 4 2 1 1 3679 3063 2807 2028
9664 4 2 1 1 937 2143 87 127
9665 4 2 1 1 2143 101 87 127
9666 4 2 1 1 929 2627 930 931
9667 4 2 1 1 2510 999 2974 2704
9668 4 2 1 1 3065 3679 3710 2028
9669 4 2 1 1 3679 3065 3677 2028
9670 4 2 1 1 746 2858 712 3028
9671 4 2 1 1 1853 5 98 84
9672 4 2 1 1 3063 3679 3677 2028
9673 4 2 1 1 3065 2973 3677 2028
9674 4 2 1 1 2973 3063 3677 2028
9675 4 2 1 1 3063 2973 3065 2028
9676 4 2 1 1 72 1557 125 1856
9677 4 2 1 1 2910 2033 3000 2999
9678 4 2 1 1 1725 2869 1877 1856
9679 4 2 1 1 2778 2779 3000 2911
9680 4 2 1 1 3292 1546 109 1133
9681 4 2 1 1 1431 969 2438 968
9682 4 2 1 1 3071 1879 1565 1744
9683 4 2 1 1 262 2548 2585 2546
9684 4 2 1 1 3087 3067 968 3069
9685 4 2 1 1 1879 3071 1008 1341
9686 4 2 1 1 2585 2549 2586 2546
9687 4 2 1 1 2585 2548 2549 2546
9688 4 2 1 1 3636 3639 3640 2317
9689 4 2 1 1 2033 296 1474 993
9690 4 2 1 1 2692 2478 701 3227
9691 4 2 1 1 2038 3248 2225 2050
9692 4 2 1 1 2409 2239 2414 2415
9693 4 2 1 1 274 2585 2545 2524
9694 4 2 1 1 2566 1191 143 249
9695 4 2 1 1 3761 2549 2061 3207
9696 4 2 1 1 179 156 2967 158
9697 4 2 1 1 2536 1512 2764 1195
9698 4 2 1 1 486 1512 2764 2344
9699 4 2 1 1 3137 1266 3131 3187
9700 4 2 1 1 2844 2932 2879 3145
9701 4 2 1 1 2932 2525 3048 3146
9702 4 2 1 1 3740 2844 2793 3207
9703 4 2 1 1 3079 612 3124 613
9704 4 2 1 1 3145 2844 3738 3207
9705 4 2 1 1 3145 3086 3048 3760
9706 4 2 1 1 3145 3146 3048 3066
9707 4 2 1 1 3018 2089 2087 2098
9708 4 2 1 1 3224 2073 2816 2072
9709 4 2 1 1 178 3154 1426 1114
9710 4 2 1 1 3212 2811 3088 3210
9711 4 2 1 1 1818 1741 1804 3563
9712 4 2 1 1 3223 3224 2816 2072
9713 4 2 1 1 2714 2090 3139 2773
9714 4 2 1 1 186 2566 143 249
9715 4 2 1 1 541 2384 1073 186
9716 4 2 1 1 2384 144 1073 186
9717 4 2 1 1 978 980 2989 3195
9718 4 2 1 1 2329 193 195 428
9719 4 2 1 1 1237 2329 195 428
9720 4 2 1 1 3164 1035 763 884
9721 4 2 1 1 2488 780 1510 1045
9722 4 2 1 1 2713 2296 2773 3139
9723 4 2 1 1 3139 2296 2773 2072
9724 4 2 1 1 3074 3152 2283 3113
9725 4 2 1 1 2090 2654 2729 2773
9726 4 2 1 1 1236 2159 1269 745
9727 4 2 1 1 218 3208 219 2877
9728 4 2 1 1 2716 303 2590 304
9729 4 2 1 1 3209 2804 2213 2590
9730 4 2 1 1 2804 2716 2590 505
9731 4 2 1 1 505 2716 2590 304
9732 4 2 1 1 2488 199 201 1045
9733 4 2 1 1 2080 2091 3225 2083
9734 4 2 1 1 2091 2080 2099 2083
9735 4 2 1 1 1956 2763 2426 2076
9736 4 2 1 1 3544 3520 3566 2131
9737 4 2 1 1 1993 1348 1381 1070
9738 4 2 1 1 1993 243 241 1070
9739 4 2 1 1 1932 3456 2131 3365
9740 4 2 1 1 1667 1796 3570 1797
9741 4 2 1 1 3553 1780 3405 1796
9742 4 2 1 1 3448 1690 1779 3420
9743 4 2 1 1 1616 1786 3460 3530
9744 4 2 1 1 2793 2844 2879 3207
9745 4 2 1 1 1925 2094 2131 3747
9746 4 2 1 1 2528 2525 3087 3066
9747 4 2 1 1 227 231 228 2546
9748 4 2 1 1 3623 2081 1924 3747
9749 4 2 1 1 2154 3694 3748 2060
9750 4 2 1 1 276 2150 285 1286
9751 4 2 1 1 2263 2733 3337 3732
9752 4 2 1 1 2766 2048 3732 3649
9753 4 2 1 1 638 2925 3051 2839
9754 4 2 1 1 3733 2733 3732 2105
9755 4 2 1 1 2340 3193 149 296
9756 4 2 1 1 2033 3193 2340 296
9757 4 2 1 1 296 2340 1342 147
9758 4 2 1 1 2139 3123 2141 2339
9759 4 2 1 1 3046 3045 3044 835
9760 4 2 1 1 309 310 308 2714
9761 4 2 1 1 1908 1961 2279 2098
9762 4 2 1 1 3045 3046 3044 3047
9763 4 2 1 1 3130 681 3036 2116
9764 4 2 1 1 2816 2561 2743 2747
9765 4 2 1 1 3130 874 681 2116
9766 4 2 1 1 681 883 3036 2116
9767 4 2 1 1 681 874 883 2116
9768 4 2 1 1 2414 2279 2127 1951
9769 4 2 1 1 2137 2414 2127 1951
9770 4 2 1 1 625 835 928 2472
9771 4 2 1 1 2504 1024 1023 814
9772 4 2 1 1 3568 1741 1818 3563
9773 4 2 1 1 353 2233 2796 351
9774 4 2 1 1 3191 2507 2707 3128
9775 4 2 1 1 1411 973 513 3128
9776 4 2 1 1 973 2628 3128 2707
9777 4 2 1 1 2137 2668 2127 2669
9778 4 2 1 1 2668 2135 2127 2669
9779 4 2 1 1 2898 2036 2050 3158
9780 4 2 1 1 3096 3041 2148 2138
9781 4 2 1 1 3197 1052 2838 2897
9782 4 2 1 1 2147 3712 3711 3710
9783 4 2 1 1 2223 516 2682 2404
9784 4 2 1 1 2241 2825 2225 2228
9785 4 2 1 1 100 372 373 2070
9786 4 2 1 1 2929 2541 1434 2313
9787 4 2 1 1 3662 3204 2006 3660
9788 4 2 1 1 2541 2929 2542 2313
9789 4 2 1 1 500 2980 554 2984
9790 4 2 1 1 2968 2946 802 1444
9791 4 2 1 1 2723 2365 2725 1004
9792 4 2 1 1 2968 2726 2944 1444
9793 4 2 1 1 463 1468 1247 2592
9794 4 2 1 1 2718 2336 2586 2546
9795 4 2 1 1 3279 1568 3136 1569
9796 4 2 1 1 2212 2336 2718 2546
9797 4 2 1 1 2557 2667 2666 2894
9798 4 2 1 1 2125 3038 3037 2126
9799 4 2 1 1 1077 271 2160 1188
9800 4 2 1 1 1077 467 2160 271
9801 4 2 1 1 408 1307 406 2818
9802 4 2 1 1 467 684 2160 2794
9803 4 2 1 1 684 467 2160 1077
9804 4 2 1 1 468 2874 2164 586
9805 4 2 1 1 298 297 283 2751
9806 4 2 1 1 988 2558 418 2937
9807 4 2 1 1 1233 284 270 2164
9808 4 2 1 1 2781 3770 2171 2280
9809 4 2 1 1 2183 3770 3506 2171
9810 4 2 1 1 3108 2558 2608 2937
9811 4 2 1 1 2183 2781 3770 2171
9812 4 2 1 1 539 2337 2280 1302
9813 4 2 1 1 112 1491 2280 2337
9814 4 2 1 1 2329 1288 428 926
9815 4 2 1 1 1237 2329 428 926
9816 4 2 1 1 2381 2936 2853 3757
9817 4 2 1 1 2781 2337 2280 2171
9818 4 2 1 1 2936 2217 2853 3757
9819 4 2 1 1 2296 959 960 2312
9820 4 2 1 1 511 449 3199 517
9821 4 2 1 1 9 2849 2280 8
9822 4 2 1 1 2337 1491 2280 1302
9823 4 2 1 1 529 2084 702 2312
9824 4 2 1 1 959 702 960 2312
9825 4 2 1 1 2851 648 800 579
9826 4 2 1 1 1242 387 1144 2944
9827 4 2 1 1 387 2958 385 2944
9828 4 2 1 1 2591 1264 828 686
9829 4 2 1 1 1986 2922 3659 3660
9830 4 2 1 1 2471 1245 1276 472
9831 4 2 1 1 2627 2983 3181 2182
9832 4 2 1 1 848 772 2903 847
9833 4 2 1 1 2146 2145 2698 2806
9834 4 2 1 1 130 131 128 2144
9835 4 2 1 1 2983 2627 2981 2182
9836 4 2 1 1 3658 2627 3181 2182
9837 4 2 1 1 2627 3658 2981 2182
9838 4 2 1 1 2677 2202 1921 2193
9839 4 2 1 1 1921 2241 2193 2228
9840 4 2 1 1 2804 977 2590 3209
9841 4 2 1 1 303 222 2213 2590
9842 4 2 1 1 221 222 303 2590
9843 4 2 1 1 3208 3209 2590 219
9844 4 2 1 1 3208 3209 2213 2590
9845 4 2 1 1 2446 2241 2193 1921
9846 4 2 1 1 2241 2799 2193 2228
9847 4 2 1 1 2406 1971 2683 2753
9848 4 2 1 1 2135 2125 2127 1913
9849 4 2 1 1 694 695 693 3025
9850 4 2 1 1 3137 527 693 3025
9851 4 2 1 1 3395 3575 3574 3427
9852 4 2 1 1 2876 2875 3114 2389
9853 4 2 1 1 2202 2191 3216 3143
9854 4 2 1 1 2202 3104 2193 2676
9855 4 2 1 1 2351 779 1232 1345
9856 4 2 1 1 1167 1054 707 2613
9857 4 2 1 1 1083 1167 707 2613
9858 4 2 1 1 2369 2536 3167 2370
9859 4 2 1 1 1498 2467 3167 2731
9860 4 2 1 1 995 163 2530 2204
9861 4 2 1 1 3527 3162 2057 3106
9862 4 2 1 1 621 548 549 3050
9863 4 2 1 1 2528 2525 560 732
9864 4 2 1 1 1197 2528 560 732
9865 4 2 1 1 164 2467 2530 2204
9866 4 2 1 1 163 164 2530 2204
9867 4 2 1 1 677 3005 571 1092
9868 4 2 1 1 3072 2001 2382 3699
9869 4 2 1 1 2012 3012 3386 3051
9870 4 2 1 1 1110 1109 2382 1319
9871 4 2 1 1 3120 3111 3121 3110
9872 4 2 1 1 1252 582 261 2586
9873 4 2 1 1 2212 2336 1194 976
9874 4 2 1 1 3216 995 3120 2204
9875 4 2 1 1 2208 1098 2214 303
9876 4 2 1 1 222 1098 2214 226
9877 4 2 1 1 1098 2208 2214 226
9878 4 2 1 1 474 2935 1231 484
9879 4 2 1 1 474 2935 593 1231
9880 4 2 1 1 3030 2935 1231 2972
9881 4 2 1 1 2825 2055 2225 2231
9882 4 2 1 1 3145 3738 3739 2061
9883 4 2 1 1 1184 604 2992 1284
9884 4 2 1 1 2858 2176 3134 2992
9885 4 2 1 1 985 984 2632 615
9886 4 2 1 1 2231 2036 2225 2050
9887 4 2 1 1 2605 2606 2603 2608
9888 4 2 1 1 2605 985 2632 615
9889 4 2 1 1 2649 2359 2601 2618
9890 4 2 1 1 2055 2036 2225 2231
9891 4 2 1 1 1937 2785 3638 3640
9892 4 2 1 1 2826 3636 3640 2317
9893 4 2 1 1 2533 2233 2797 2236
9894 4 2 1 1 2230 2237 2236 1939
9895 4 2 1 1 1079 3012 879 1528
9896 4 2 1 1 2227 2390 2798 2236
9897 4 2 1 1 3012 639 879 1528
9898 4 2 1 1 2230 2390 2227 2236
9899 4 2 1 1 2390 2237 2798 2236
9900 4 2 1 1 2237 2390 2230 2236
9901 4 2 1 1 3628 1909 2655 3629
9902 4 2 1 1 2997 658 1367 671
9903 4 2 1 1 1959 1047 2998 659
9904 4 2 1 1 1959 2774 1047 659
9905 4 2 1 1 3140 2095 2655 3630
9906 4 2 1 1 2730 2474 2655 1909
9907 4 2 1 1 2209 2583 2247 2214
9908 4 2 1 1 2583 3683 2247 2214
9909 4 2 1 1 2245 2215 2247 2214
9910 4 2 1 1 834 362 3083 833
9911 4 2 1 1 2233 2507 2707 946
9912 4 2 1 1 3683 2245 2247 2214
9913 4 2 1 1 2349 2347 2368 2673
9914 4 2 1 1 3719 2841 2673 3720
9915 4 2 1 1 2347 2349 2765 2673
9916 4 2 1 1 3267 3186 1056 1169
9917 4 2 1 1 346 347 2629 345
9918 4 2 1 1 2878 2867 2634 2644
9919 4 2 1 1 2366 2841 2043 3725
9920 4 2 1 1 3130 1946 2116 3036
9921 4 2 1 1 2536 2344 2260 2368
9922 4 2 1 1 2536 2260 2538 2368
9923 4 2 1 1 3426 3394 3574 3427
9924 4 2 1 1 3480 3426 3574 3427
9925 4 2 1 1 691 526 3141 692
9926 4 2 1 1 3481 3480 3574 3427
9927 4 2 1 1 753 2881 741 3110
9928 4 2 1 1 3575 3481 3574 3427
9929 4 2 1 1 2385 2991 3073 1148
9930 4 2 1 1 2991 703 3073 1148
9931 4 2 1 1 3734 2051 2262 3735
9932 4 2 1 1 2891 2108 2890 2579
9933 4 2 1 1 2266 3129 2269 2268
9934 4 2 1 1 1150 713 2914 714
9935 4 2 1 1 3281 1150 2914 714
9936 4 2 1 1 585 713 714 2914
9937 4 2 1 1 3421 2253 3536 3551
9938 4 2 1 1 573 3164 763 725
9939 4 2 1 1 3164 2290 2582 884
9940 4 2 1 1 2274 3176 2269 3178
9941 4 2 1 1 1035 3164 763 1296
9942 4 2 1 1 2271 3176 2579 3178
9943 4 2 1 1 3176 2580 2579 3178
9944 4 2 1 1 2855 819 3277 3298
9945 4 2 1 1 1058 819 3298 3277
9946 4 2 1 1 3176 2271 2269 3178
9947 4 2 1 1 3265 2970 2971 2593
9948 4 2 1 1 2259 1135 2264 2634
9949 4 2 1 1 3175 3129 2269 2581
9950 4 2 1 1 2665 3002 2440 2666
9951 4 2 1 1 394 2635 396 1162
9952 4 2 1 1 552 2635 2551 2634
9953 4 2 1 1 2959 2849 8 2280
9954 4 2 1 1 747 552 2634 1162
9955 4 2 1 1 2337 2995 2280 2171
9956 4 2 1 1 2377 754 553 755
9957 4 2 1 1 2377 2376 1180 758
9958 4 2 1 1 2376 1227 1180 758
9959 4 2 1 1 2899 2103 2900 770
9960 4 2 1 1 673 672 2809 411
9961 4 2 1 1 2995 2337 2280 539
9962 4 2 1 1 3102 2959 2280 2171
9963 4 2 1 1 915 2248 1510 1005
9964 4 2 1 1 2248 915 831 1005
9965 4 2 1 1 2995 3102 2280 2171
9966 4 2 1 1 2363 2362 2582 198
9967 4 2 1 1 3102 2959 539 2280
9968 4 2 1 1 2995 3102 539 2280
9969 4 2 1 1 2289 2293 2328 2291
9970 4 2 1 1 2326 2331 2328 2647
9971 4 2 1 1 1919 2495 2662 2358
9972 4 2 1 1 2363 2288 2291 2290
9973 4 2 1 1 2421 647 1316 532
9974 4 2 1 1 791 478 476 2428
9975 4 2 1 1 2726 2592 1247 2593
9976 4 2 1 1 3294 2653 2971 2305
9977 4 2 1 1 872 863 1477 2971
9978 4 2 1 1 838 801 802 2947
9979 4 2 1 1 1477 3265 2971 2593
9980 4 2 1 1 1213 737 2853 1280
9981 4 2 1 1 3041 3096 2148 2919
9982 4 2 1 1 2326 185 2327 1026
9983 4 2 1 1 944 1224 2607 1404
9984 4 2 1 1 2558 1014 1396 1370
9985 4 2 1 1 2649 3219 2601 2647
9986 4 2 1 1 2289 2288 2291 2363
9987 4 2 1 1 3212 2301 3255 2186
9988 4 2 1 1 2648 1457 1027 817
9989 4 2 1 1 2288 2363 2287 2361
9990 4 2 1 1 3184 2301 2186 3255
9991 4 2 1 1 2829 2303 2298 2302
9992 4 2 1 1 2716 2245 2246 2097
9993 4 2 1 1 2560 2086 2747 2729
9994 4 2 1 1 2097 2472 2654 3044
9995 4 2 1 1 2812 2645 2298 2302
9996 4 2 1 1 2472 2745 1430 1060
9997 4 2 1 1 2734 2745 2472 1060
9998 4 2 1 1 2645 2812 2600 2302
9999 4 2 1 1 2645 2829 2298 2302
10000 4 2 1 1 2829 2645 2600 2302
10001 4 2 1 1 2315 2543 2769 2542
10002 4 2 1 1 2511 2311 2769 2002
10003 4 2 1 1 2706 2070 857 373
10004 4 2 1 1 2070 100 857 373
10005 4 2 1 1 3651 3612 3670 3610
10006 4 2 1 1 2314 2315 2542 2078
10007 4 2 1 1 2314 2085 2078 2542
10008 4 2 1 1 397 2637 400 399
10009 4 2 1 1 934 2670 2611 1159
10010 4 2 1 1 2325 2432 2324 2927
10011 4 2 1 1 2391 2497 2392 2324
10012 4 2 1 1 78 1864 1118 79
10013 4 2 1 1 2609 2431 2432 2324
10014 4 2 1 1 1864 79 1267 1118
10015 4 2 1 1 2609 2430 2431 2324
10016 4 2 1 1 2432 1970 2497 2324
10017 4 2 1 1 1142 689 2006 1140
10018 4 2 1 1 2314 2085 2542 2929
10019 4 2 1 1 2929 2541 2923 1434
10020 4 2 1 1 787 1321 2929 1414
10021 4 2 1 1 900 2838 3266 719
10022 4 2 1 1 2778 2910 721 3029
10023 4 2 1 1 2392 2394 1969 2324
10024 4 2 1 1 694 695 2824 696
10025 4 2 1 1 2497 2394 2392 2324
10026 4 2 1 1 2394 1970 1969 2324
10027 4 2 1 1 1970 2394 2497 2324
10028 4 2 1 1 3745 2161 2160 2687
10029 4 2 1 1 523 600 2335 635
10030 4 2 1 1 2465 267 253 2163
10031 4 2 1 1 2834 3743 2751 2164
10032 4 2 1 1 1182 2836 600 635
10033 4 2 1 1 599 523 600 2335
10034 4 2 1 1 3153 3119 3187 923
10035 4 2 1 1 1289 3215 3187 923
10036 4 2 1 1 3215 3153 3187 923
10037 4 2 1 1 599 2333 523 2335
10038 4 2 1 1 643 2865 581 642
10039 4 2 1 1 1876 50 96 1561
10040 4 2 1 1 3737 2860 2861 2850
10041 4 2 1 1 3237 3239 2761 1966
10042 4 2 1 1 651 599 600 2335
10043 4 2 1 1 991 607 990 2927
10044 4 2 1 1 918 1519 1525 2752
10045 4 2 1 1 665 2880 667 666
10046 4 2 1 1 2398 2395 1962 3132
10047 4 2 1 1 2234 2235 1962 3132
10048 4 2 1 1 2226 918 1525 2752
10049 4 2 1 1 2752 1519 1525 3132
10050 4 2 1 1 2377 2731 1235 756
10051 4 2 1 1 190 3216 1360 3131
10052 4 2 1 1 599 651 2333 2335
10053 4 2 1 1 2347 3719 2317 3639
10054 4 2 1 1 3216 3120 3121 2204
10055 4 2 1 1 3124 3079 3125 3210
10056 4 2 1 1 2530 435 3120 3110
10057 4 2 1 1 2536 2537 2538 2612
10058 4 2 1 1 2258 2255 2673 2368
10059 4 2 1 1 2281 3074 2283 3113
10060 4 2 1 1 2452 3170 2455 2989
10061 4 2 1 1 2283 3152 2989 785
10062 4 2 1 1 3046 3045 3116 3117
10063 4 2 1 1 2244 2722 3195 3117
10064 4 2 1 1 2920 2365 2921 2673
10065 4 2 1 1 599 2333 989 682
10066 4 2 1 1 2364 2343 2658 2346
10067 4 2 1 1 2333 985 987 682
10068 4 2 1 1 2489 204 206 205
10069 4 2 1 1 2347 2364 2658 2346
10070 4 2 1 1 2340 2659 2658 2346
10071 4 2 1 1 1398 2248 2465 2488
10072 4 2 1 1 2659 2347 2658 2346
10073 4 2 1 1 152 3193 150 2346
10074 4 2 1 1 2561 2428 2816 2743
10075 4 2 1 1 2343 152 150 2346
10076 4 2 1 1 2289 2288 2359 2357
10077 4 2 1 1 2358 2289 2649 2357
10078 4 2 1 1 3082 2563 2469 2564
10079 4 2 1 1 2525 489 3048 490
10080 4 2 1 1 2493 1033 2175 1071
10081 4 2 1 1 562 2528 2523 561
10082 4 2 1 1 2288 2646 3235 2357
10083 4 2 1 1 97 1849 2462 1374
10084 4 2 1 1 3417 2463 3416 3106
10085 4 2 1 1 2359 2288 3235 2357
10086 4 2 1 1 892 2891 3172 3156
10087 4 2 1 1 2649 2359 3003 2357
10088 4 2 1 1 1175 329 2690 327
10089 4 2 1 1 2124 1935 3177 2123
10090 4 2 1 1 1912 2555 2557 3177
10091 4 2 1 1 1010 331 1055 2890
10092 4 2 1 1 3109 1066 1064 1317
10093 4 2 1 1 3626 3627 3629 1906
10094 4 2 1 1 1098 303 2207 3109
10095 4 2 1 1 2649 2289 2359 2357
10096 4 2 1 1 3740 2792 2154 3207
10097 4 2 1 1 2810 2844 2795 2588
10098 4 2 1 1 2874 2810 2795 2589
10099 4 2 1 1 1077 805 950 2160
10100 4 2 1 1 2874 3008 2164 586
10101 4 2 1 1 3720 2766 2673 2765
10102 4 2 1 1 1271 718 2999 722
10103 4 2 1 1 144 2384 143 186
10104 4 2 1 1 269 292 2567 293
10105 4 2 1 1 2260 2261 2673 2258
10106 4 2 1 1 2348 2536 2538 2368
10107 4 2 1 1 28 1568 103 1548
10108 4 2 1 1 2344 2536 2348 2368
10109 4 2 1 1 2051 3735 3728 2262
10110 4 2 1 1 1193 291 1110 2924
10111 4 2 1 1 2001 3006 3072 2382
10112 4 2 1 1 2925 3005 591 2926
10113 4 2 1 1 2924 3697 2382 2925
10114 4 2 1 1 1193 2924 1110 2925
10115 4 2 1 1 3280 1673 3482 3467
10116 4 2 1 1 50 49 1291 1561
10117 4 2 1 1 2365 2366 2921 2673
10118 4 2 1 1 1208 403 1170 2379
10119 4 2 1 1 1538 1886 1852 3289
10120 4 2 1 1 1307 2376 1227 433
10121 4 2 1 1 1227 2376 1180 433
10122 4 2 1 1 2979 1465 1196 536
10123 4 2 1 1 2380 1208 1170 2379
10124 4 2 1 1 2906 1124 1125 2888
10125 4 2 1 1 3002 2113 2842 2666
10126 4 2 1 1 3659 2543 2912 3660
10127 4 2 1 1 2550 2005 3076 1984
10128 4 2 1 1 3664 2003 3699 3077
10129 4 2 1 1 255 2007 2005 2470
10130 4 2 1 1 1993 2004 1177 2002
10131 4 2 1 1 2378 402 404 403
10132 4 2 1 1 1154 2980 704 558
10133 4 2 1 1 2667 2756 2115 3037
10134 4 2 1 1 1376 410 2379 407
10135 4 2 1 1 1376 2907 2379 410
10136 4 2 1 1 2818 1376 2379 407
10137 4 2 1 1 1974 2774 1165 1047
10138 4 2 1 1 1974 3089 1165 2774
10139 4 2 1 1 1376 2818 2379 2907
10140 4 2 1 1 2036 3197 3196 3198
10141 4 2 1 1 3019 496 3021 555
10142 4 2 1 1 3042 3019 3004 3043
10143 4 2 1 1 2770 1336 814 829
10144 4 2 1 1 556 555 3021 498
10145 4 2 1 1 1312 336 2665 2636
10146 4 2 1 1 1311 2840 3039 829
10147 4 2 1 1 468 2874 586 587
10148 4 2 1 1 2876 2222 2389 3084
10149 4 2 1 1 2789 845 2793 803
10150 4 2 1 1 2810 1187 2589 2874
10151 4 2 1 1 2589 2588 2795 2057
10152 4 2 1 1 2222 2876 2389 2875
10153 4 2 1 1 1990 3675 3662 3660
10154 4 2 1 1 3657 1983 3660 2912
10155 4 2 1 1 2230 2227 2388 2229
10156 4 2 1 1 2983 2984 2182 2982
10157 4 2 1 1 2150 3034 299 2982
10158 4 2 1 1 1209 53 52 1862
10159 4 2 1 1 2401 2534 2393 2407
10160 4 2 1 1 1781 1782 1544 3269
10161 4 2 1 1 2594 2595 2578 2954
10162 4 2 1 1 2577 2852 2578 2217
10163 4 2 1 1 2354 2506 2919 1298
10164 4 2 1 1 2566 2384 249 186
10165 4 2 1 1 2570 1220 1100 594
10166 4 2 1 1 2591 292 1264 294
10167 4 2 1 1 2434 2128 1923 1922
10168 4 2 1 1 2128 2137 1922 2414
10169 4 2 1 1 1530 3237 2422 3231
10170 4 2 1 1 747 2261 2634 748
10171 4 2 1 1 2264 390 389 388
10172 4 2 1 1 1242 2944 1144 2850
10173 4 2 1 1 1961 1956 2098 2437
10174 4 2 1 1 2944 1326 2850 800
10175 4 2 1 1 2695 2775 2443 2842
10176 4 2 1 1 1956 2928 2437 1961
10177 4 2 1 1 346 2775 344 345
10178 4 2 1 1 2928 1970 2432 1955
10179 4 2 1 1 2436 2427 2437 2273
10180 4 2 1 1 2976 2354 2353 1419
10181 4 2 1 1 1970 2427 2432 1955
10182 4 2 1 1 687 793 686 2599
10183 4 2 1 1 1468 463 1393 2592
10184 4 2 1 1 1947 2119 3037 2630
10185 4 2 1 1 317 313 983 2713
10186 4 2 1 1 2598 2572 2568 2595
10187 4 2 1 1 2004 890 2923 2541
10188 4 2 1 1 2567 2598 2571 2568
10189 4 2 1 1 307 2873 2871 2714
10190 4 2 1 1 2540 2950 2643 601
10191 4 2 1 1 1140 2643 2006 1141
10192 4 2 1 1 2598 2572 2571 2568
10193 4 2 1 1 2594 2595 2568 2578
10194 4 2 1 1 2370 2260 2644 2612
10195 4 2 1 1 2260 3648 2673 2261
10196 4 2 1 1 731 2587 1179 1308
10197 4 2 1 1 731 1534 2587 1308
10198 4 2 1 1 291 2587 1308 1179
10199 4 2 1 1 291 1193 1308 2587
10200 4 2 1 1 2924 1110 2382 1319
10201 4 2 1 1 1996 3690 3699 3698
10202 4 2 1 1 3005 3072 2382 1092
10203 4 2 1 1 3006 3005 3072 2382
10204 4 2 1 1 2749 1952 2750 3014
10205 4 2 1 1 2688 2684 2690 2111
10206 4 2 1 1 2965 2691 2122 3014
10207 4 2 1 1 2594 2598 2568 2595
10208 4 2 1 1 1330 1175 2690 327
10209 4 2 1 1 2748 892 739 525
10210 4 2 1 1 2460 2286 2284 2487
10211 4 2 1 1 2454 2453 2739 2455
10212 4 2 1 1 3597 1824 1825 1833
10213 4 2 1 1 1849 1545 59 97
10214 4 2 1 1 3071 3304 3069 3070
10215 4 2 1 1 2456 2454 2739 2455
10216 4 2 1 1 612 3079 3124 822
10217 4 2 1 1 2453 2709 2739 2455
10218 4 2 1 1 882 3126 1487 1352
10219 4 2 1 1 786 3126 882 1352
10220 4 2 1 1 2603 2830 2608 2016
10221 4 2 1 1 1259 1363 943 3169
10222 4 2 1 1 2709 2373 2739 2455
10223 4 2 1 1 1051 3057 3058 492
10224 4 2 1 1 1563 1374 1456 2462
10225 4 2 1 1 2738 3117 2455 3170
10226 4 2 1 1 2678 3094 954 1210
10227 4 2 1 1 121 953 3603 998
10228 4 2 1 1 3050 1407 3146 3070
10229 4 2 1 1 3458 3527 3416 3535
10230 4 2 1 1 3162 3527 3603 3416
10231 4 2 1 1 2453 2709 2455 2738
10232 4 2 1 1 1387 86 3091 1385
10233 4 2 1 1 2562 2274 1958 2269
10234 4 2 1 1 2709 2373 2455 2738
10235 4 2 1 1 3216 2191 3121 3131
10236 4 2 1 1 2829 2375 2516 2513
10237 4 2 1 1 2602 1014 813 1396
10238 4 2 1 1 2602 2558 1014 1396
10239 4 2 1 1 3162 2588 2057 3106
10240 4 2 1 1 1545 1849 2461 97
10241 4 2 1 1 2526 3760 3048 2527
10242 4 2 1 1 3162 2463 2462 3106
10243 4 2 1 1 2829 2966 2375 2513
10244 4 2 1 1 504 2695 3148 503
10245 4 2 1 1 2731 2732 2531 1929
10246 4 2 1 1 1106 1325 2553 767
10247 4 2 1 1 1930 3706 1929 2531
10248 4 2 1 1 3215 2536 2466 2537
10249 4 2 1 1 188 1259 943 3169
10250 4 2 1 1 3215 2369 2466 2536
10251 4 2 1 1 443 1322 1019 3167
10252 4 2 1 1 2649 2289 2328 2359
10253 4 2 1 1 2359 2326 2601 2327
10254 4 2 1 1 3708 2015 2027 2295
10255 4 2 1 1 988 2607 986 1404
10256 4 2 1 1 187 188 3026 184
10257 4 2 1 1 2369 2467 2466 2612
10258 4 2 1 1 292 293 294 2568
10259 4 2 1 1 3187 1289 1265 190
10260 4 2 1 1 2591 292 294 2568
10261 4 2 1 1 2808 2477 2806 2502
10262 4 2 1 1 3056 1392 1207 920
10263 4 2 1 1 2972 2510 2974 2973
10264 4 2 1 1 2620 2179 3273 3201
10265 4 2 1 1 3201 2179 876 875
10266 4 2 1 1 3190 1285 1359 1462
10267 4 2 1 1 3201 2620 3404 3273
10268 4 2 1 1 2890 2748 2579 2120
10269 4 2 1 1 2158 2290 2582 2487
10270 4 2 1 1 683 467 468 2794
10271 4 2 1 1 2292 2582 2291 2487
10272 4 2 1 1 2205 1066 3250 3109
10273 4 2 1 1 2292 2488 2582 2487
10274 4 2 1 1 2286 2293 2291 2487
10275 4 2 1 1 3175 3172 3173 3174
10276 4 2 1 1 3172 892 3173 1495
10277 4 2 1 1 2293 2286 2490 2487
10278 4 2 1 1 2490 2492 2491 2487
10279 4 2 1 1 2641 2250 1980 2491
10280 4 2 1 1 2891 2748 2579 2890
10281 4 2 1 1 2476 2501 2502 3240
10282 4 2 1 1 2477 2476 2502 3240
10283 4 2 1 1 1083 2484 2917 1506
10284 4 2 1 1 2484 93 2917 1506
10285 4 2 1 1 93 2484 1083 1506
10286 4 2 1 1 1255 933 2626 1517
10287 4 2 1 1 999 2705 2704 13
10288 4 2 1 1 610 2950 2626 2529
10289 4 2 1 1 610 2529 2626 1261
10290 4 2 1 1 2213 3208 2590 2214
10291 4 2 1 1 875 3012 1528 637
10292 4 2 1 1 1079 3012 1528 875
10293 4 2 1 1 3641 1941 2502 3642
10294 4 2 1 1 1454 111 2509 1844
10295 4 2 1 1 2913 1150 2914 3602
10296 4 2 1 1 1670 3435 1671 1697
10297 4 2 1 1 1860 3281 1840 1861
10298 4 2 1 1 3600 1864 1539 1836
10299 4 2 1 1 896 111 2509 1454
10300 4 2 1 1 2991 3292 3291 3200
10301 4 2 1 1 2179 1888 1867 2619
10302 4 2 1 1 3270 1285 3134 2619
10303 4 2 1 1 3190 2179 3273 2619
10304 4 2 1 1 2620 2179 2757 1845
10305 4 2 1 1 1558 2657 1844 2509
10306 4 2 1 1 1454 1558 1844 2509
10307 4 2 1 1 2657 896 2509 1356
10308 4 2 1 1 896 1454 2509 1356
10309 4 2 1 1 797 3297 1291 1121
10310 4 2 1 1 2420 1868 3294 1572
10311 4 2 1 1 3307 1574 1571 3295
10312 4 2 1 1 2420 1571 1572 3295
10313 4 2 1 1 1356 2657 1558 2509
10314 4 2 1 1 3285 2263 2367 3310
10315 4 2 1 1 3705 1945 2243 3634
10316 4 2 1 1 3342 1760 3486 3346
10317 4 2 1 1 1732 1679 1976 3519
10318 4 2 1 1 1773 3520 3566 1601
10319 4 2 1 1 3528 3487 1591 3561
10320 4 2 1 1 3487 3534 1591 3561
10321 4 2 1 1 3499 1598 1595 1785
10322 4 2 1 1 3499 1597 3544 3500
10323 4 2 1 1 1688 3458 3535 1686
10324 4 2 1 1 3488 1803 1602 3569
10325 4 2 1 1 1803 1598 1602 3569
10326 4 2 1 1 3509 3461 3550 1616
10327 4 2 1 1 1622 3509 3550 1616
10328 4 2 1 1 3377 3424 2082 3409
10329 4 2 1 1 3468 1776 3419 1617
10330 4 2 1 1 1611 3501 1612 1613
10331 4 2 1 1 1618 1624 1617 3474
10332 4 2 1 1 1611 3507 3438 1691
10333 4 2 1 1 1805 3407 1653 1627
10334 4 2 1 1 3407 1604 3451 1627
10335 4 2 1 1 1604 1626 3451 1627
10336 4 2 1 1 3582 1825 1675 1863
10337 4 2 1 1 3085 3571 3086 3518
10338 4 2 1 1 1662 1817 3462 1639
10339 4 2 1 1 1454 1356 1558 2509
10340 4 2 1 1 2450 3422 2105 3485
10341 4 2 1 1 2243 3347 3343 3346
10342 4 2 1 1 1673 3327 3482 3467
10343 4 2 1 1 3447 3532 2104 3485
10344 4 2 1 1 1777 1645 1646 3422
10345 4 2 1 1 3380 3481 3401 3503
10346 4 2 1 1 1677 3326 1676 3317
10347 4 2 1 1 3380 3318 3401 2220
10348 4 2 1 1 2855 3413 3317 2167
10349 4 2 1 1 3318 2220 3317 3401
10350 4 2 1 1 3318 3380 3401 3379
10351 4 2 1 1 2220 2855 3317 2167
10352 4 2 1 1 3564 1806 1636 3415
10353 4 2 1 1 1806 1671 1636 3415
10354 4 2 1 1 1637 1670 3476 1636
10355 4 2 1 1 3550 3564 1636 3415
10356 4 2 1 1 2859 2521 1910 2520
10357 4 2 1 1 1736 3439 1676 1704
10358 4 2 1 1 1831 3319 1682 3323
10359 4 2 1 1 3334 3314 1829 3592
10360 4 2 1 1 2521 2517 1910 2520
10361 4 2 1 1 3543 1799 3470 1694
10362 4 2 1 1 3403 3494 3437 1777
10363 4 2 1 1 2790 2859 2549 2520
10364 4 2 1 1 1677 3326 3317 3313
10365 4 2 1 1 1704 1705 1742 3055
10366 4 2 1 1 2855 3439 3277 3054
10367 4 2 1 1 3318 3319 3317 2220
10368 4 2 1 1 3402 3413 2167 3317
10369 4 2 1 1 1557 2869 1877 1858
10370 4 2 1 1 3536 2868 3361 1724
10371 4 2 1 1 2995 3362 3268 3102
10372 4 2 1 1 2994 3073 2868 3361
10373 4 2 1 1 2544 2790 2549 2520
10374 4 2 1 1 3433 3443 3474 1624
10375 4 2 1 1 3396 1638 3433 3397
10376 4 2 1 1 1725 3282 1815 1877
10377 4 2 1 1 2869 3282 1877 3268
10378 4 2 1 1 3421 3358 3361 2253
10379 4 2 1 1 1612 1807 1614 3573
10380 4 2 1 1 2833 2159 2687 2160
10381 4 2 1 1 2463 3417 1737 2462
10382 4 2 1 1 3304 3107 1744 1738
10383 4 2 1 1 2154 2792 2063 2791
10384 4 2 1 1 953 2678 121 3603
10385 4 2 1 1 2492 2833 2159 2687
10386 4 2 1 1 2969 2263 3288 3728
10387 4 2 1 1 1752 3311 3284 1573
10388 4 2 1 1 3133 1747 1748 1868
10389 4 2 1 1 2521 3748 2457 2687
10390 4 2 1 1 2377 2515 2513 2732
10391 4 2 1 1 2515 2514 2513 2732
10392 4 2 1 1 3352 3580 3331 1709
10393 4 2 1 1 1640 3455 1665 1643
10394 4 2 1 1 2732 2514 2513 2531
10395 4 2 1 1 2449 1938 2196 2448
10396 4 2 1 1 3432 1773 1790 1770
10397 4 2 1 1 3566 3529 3398 1790
10398 4 2 1 1 1773 1601 3566 1790
10399 4 2 1 1 1605 3529 3566 1790
10400 4 2 1 1 1605 1601 1790 3566
10401 4 2 1 1 2449 3647 1938 2448
10402 4 2 1 1 3432 1773 3566 1790
10403 4 2 1 1 3098 2947 2306 2305
10404 4 2 1 1 3287 1696 3431 3467
10405 4 2 1 1 2152 3337 2105 3732
10406 4 2 1 1 1209 1122 3269 1544
10407 4 2 1 1 2731 2732 2513 2531
10408 4 2 1 1 2514 2645 2516 2513
10409 4 2 1 1 3356 1787 1789 1801
10410 4 2 1 1 1634 1633 1632 3517
10411 4 2 1 1 1978 3399 3429 1977
10412 4 2 1 1 3457 1787 3356 1801
10413 4 2 1 1 2070 2066 2313 2542
10414 4 2 1 1 1792 1692 1801 3496
10415 4 2 1 1 2066 2070 2451 2542
10416 4 2 1 1 1692 1710 1801 3496
10417 4 2 1 1 1597 3520 3544 3500
10418 4 2 1 1 3399 1978 3566 3432
10419 4 2 1 1 1607 1666 1803 3410
10420 4 2 1 1 3708 3619 3753 3750
10421 4 2 1 1 3355 3390 3354 3365
10422 4 2 1 1 1858 2869 1877 3268
10423 4 2 1 1 3564 3550 3510 2254
10424 4 2 1 1 3505 3506 3357 3397
10425 4 2 1 1 2183 2994 3506 3357
10426 4 2 1 1 1626 3451 3452 3378
10427 4 2 1 1 1407 2461 3070 3105
10428 4 2 1 1 3608 3417 3304 1738
10429 4 2 1 1 3418 2062 3368 2060
10430 4 2 1 1 3378 3373 2060 3371
10431 4 2 1 1 3107 3417 1737 1738
10432 4 2 1 1 2066 2085 2313 2542
10433 4 2 1 1 1809 3370 1822 1672
10434 4 2 1 1 2085 2066 2078 2542
10435 4 2 1 1 3384 1697 3602 3434
10436 4 2 1 1 1421 3160 3599 908
10437 4 2 1 1 1838 3545 1712 3599
10438 4 2 1 1 3598 3161 3159 3599
10439 4 2 1 1 45 1842 44 1120
10440 4 2 1 1 222 2213 2590 2214
10441 4 2 1 1 2822 768 2553 2819
10442 4 2 1 1 709 768 2553 2822
10443 4 2 1 1 676 1106 2553 767
10444 4 2 1 1 7 6 3102 1283
10445 4 2 1 1 2588 2056 3050 3106
10446 4 2 1 1 1765 3373 1778 1775
10447 4 2 1 1 3107 1545 1738 1737
10448 4 2 1 1 3275 1887 1825 1745
10449 4 2 1 1 709 676 2553 767
10450 4 2 1 1 1268 1880 1254 3298
10451 4 2 1 1 3208 222 2590 2214
10452 4 2 1 1 1564 3056 3277 1823
10453 4 2 1 1 820 1268 3298 1287
10454 4 2 1 1 1012 567 569 2564
10455 4 2 1 1 104 1392 3277 1873
10456 4 2 1 1 3005 3006 2564 2711
10457 4 2 1 1 3006 3005 2564 3072
10458 4 2 1 1 31 1564 30 1392
10459 4 2 1 1 1891 1384 29 30
10460 4 2 1 1 482 383 1298 2918
10461 4 2 1 1 2309 3692 2820 2564
10462 4 2 1 1 2965 2621 2111 2623
10463 4 2 1 1 2904 2281 2134 2357
10464 4 2 1 1 2870 2770 2661 2133
10465 4 2 1 1 2660 2770 2661 2870
10466 4 2 1 1 2770 2840 2134 2133
10467 4 2 1 1 3021 3019 3135 3022
10468 4 2 1 1 3038 2580 3179 3177
10469 4 2 1 1 2133 2770 2636 2894
10470 4 2 1 1 2631 2126 3037 1947
10471 4 2 1 1 1175 1330 2690 2689
10472 4 2 1 1 2691 2965 2122 2870
10473 4 2 1 1 2691 2870 2122 1913
10474 4 2 1 1 2965 2624 2122 2282
10475 4 2 1 1 1791 1608 3445 1635
10476 4 2 1 1 2132 3355 3634 1932
10477 4 2 1 1 2011 2000 3700 3698
10478 4 2 1 1 1917 2322 3643 3650
10479 4 2 1 1 2555 2107 2112 2123
10480 4 2 1 1 2621 376 451 3059
10481 4 2 1 1 3082 3692 2309 2564
10482 4 2 1 1 1960 3175 2271 2579
10483 4 2 1 1 1239 452 3059 451
10484 4 2 1 1 2580 3179 3177 3178
10485 4 2 1 1 2965 2624 3014 2122
10486 4 2 1 1 2691 1912 3177 2555
10487 4 2 1 1 662 1169 660 3036
10488 4 2 1 1 3756 3730 3758 2046
10489 4 2 1 1 1948 1946 1965 2109
10490 4 2 1 1 1990 3659 3670 3610
10491 4 2 1 1 3613 1895 3610 3659
10492 4 2 1 1 3468 3523 3316 3510
10493 4 2 1 1 3441 3400 3500 1599
10494 4 2 1 1 3634 2132 3473 1943
10495 4 2 1 1 3554 3374 3585 1812
10496 4 2 1 1 2421 2425 2422 2433
10497 4 2 1 1 702 2084 2101 2312
10498 4 2 1 1 2073 3224 2816 2075
10499 4 2 1 1 3712 3096 3758 2148
10500 4 2 1 1 2815 478 791 2428
10501 4 2 1 1 3757 2576 2353 3758
10502 4 2 1 1 3490 3491 3484 3492
10503 4 2 1 1 1787 1803 3456 3569
10504 4 2 1 1 2018 3490 3465 3466
10505 4 2 1 1 2471 1245 424 2633
10506 4 2 1 1 2919 2353 2575 3758
10507 4 2 1 1 3634 2450 3635 1932
10508 4 2 1 1 3635 2025 2017 2295
10509 4 2 1 1 3355 3495 1932 3356
10510 4 2 1 1 3483 3521 3522 1606
10511 4 2 1 1 3487 3528 1925 3561
10512 4 2 1 1 3687 3669 1999 3685
10513 4 2 1 1 1776 3468 3562 3509
10514 4 2 1 1 3476 3550 2254 2963
10515 4 2 1 1 2011 3698 3700 3673
10516 4 2 1 1 3374 3512 3585 1812
10517 4 2 1 1 3677 3676 3678 2142
10518 4 2 1 1 2925 2924 1110 2382
10519 4 2 1 1 2001 3006 3696 3072
10520 4 2 1 1 3699 3072 3081 2469
10521 4 2 1 1 1997 3692 3693 2309
10522 4 2 1 1 3251 2307 3081 3693
10523 4 2 1 1 3698 1996 3666 3699
10524 4 2 1 1 2307 2211 2209 3251
10525 4 2 1 1 3006 3082 3696 3072
10526 4 2 1 1 3370 1809 3386 3385
10527 4 2 1 1 2449 1927 1931 1899
10528 4 2 1 1 1931 3633 3635 1899
10529 4 2 1 1 2449 3647 3706 2023
10530 4 2 1 1 2132 3634 2243 1943
10531 4 2 1 1 2187 166 167 2966
10532 4 2 1 1 1930 3647 3706 2449
10533 4 2 1 1 1931 3634 2023 3635
10534 4 2 1 1 3679 3616 3614 3711
10535 4 2 1 1 3720 2034 3724 3639
10536 4 2 1 1 2766 3720 3721 3724
10537 4 2 1 1 1901 3644 2041 3624
10538 4 2 1 1 1751 3312 3323 3321
10539 4 2 1 1 3718 3722 2034 3731
10540 4 2 1 1 3615 2030 2079 3614
10541 4 2 1 1 3720 2034 3721 3724
10542 4 2 1 1 2841 2366 2043 3040
10543 4 2 1 1 2045 2803 3640 3639
10544 4 2 1 1 2052 2803 2317 3640
10545 4 2 1 1 2241 2242 2225 3640
10546 4 2 1 1 1189 621 3050 548
10547 4 2 1 1 1189 621 816 3050
10548 4 2 1 1 622 2588 2056 3050
10549 4 2 1 1 622 621 549 3050
10550 4 2 1 1 1545 3107 2461 2462
10551 4 2 1 1 1399 783 622 2056
10552 4 2 1 1 3094 688 729 590
10553 4 2 1 1 1883 1855 1837 2679
10554 4 2 1 1 1883 2678 1716 1819
10555 4 2 1 1 2741 2510 2535 941
10556 4 2 1 1 3223 2424 1968 2425
10557 4 2 1 1 2272 478 477 532
10558 4 2 1 1 2423 1968 2428 2421
10559 4 2 1 1 1968 2424 2428 2421
10560 4 2 1 1 2067 3223 3224 3232
10561 4 2 1 1 3157 815 3239 2070
10562 4 2 1 1 3670 2315 3225 2083
10563 4 2 1 1 2080 2077 2099 2083
10564 4 2 1 1 307 309 2871 1275
10565 4 2 1 1 2713 310 3139 2714
10566 4 2 1 1 1066 493 3109 1452
10567 4 2 1 1 2121 1953 2122 2127
10568 4 2 1 1 1908 1961 2127 2279
10569 4 2 1 1 3248 2387 2415 2224
10570 4 2 1 1 2121 2750 2805 3014
10571 4 2 1 1 2148 3096 3758 2919
10572 4 2 1 1 1175 2621 2689 2690
10573 4 2 1 1 2737 2953 3014 2121
10574 4 2 1 1 2691 2965 2111 3014
10575 4 2 1 1 2691 2121 2122 3014
10576 4 2 1 1 2987 3116 1357 2996
10577 4 2 1 1 3712 3716 3758 2575
10578 4 2 1 1 2121 2737 2625 2122
10579 4 2 1 1 2279 1908 2276 2127
10580 4 2 1 1 2504 1332 337 2636
10581 4 2 1 1 3039 3021 3022 3004
10582 4 2 1 1 2290 2285 2360 2357
10583 4 2 1 1 2198 2304 3149 3043
10584 4 2 1 1 497 1311 2665 3004
10585 4 2 1 1 2441 1904 2494 2198
10586 4 2 1 1 2285 2286 2662 2357
10587 4 2 1 1 1487 3126 3253 3135
10588 4 2 1 1 3001 2140 2144 483
10589 4 2 1 1 3512 1675 3585 1812
10590 4 2 1 1 2038 2715 3266 2740
10591 4 2 1 1 2570 1039 2353 2575
10592 4 2 1 1 2501 2498 2806 2502
10593 4 2 1 1 1675 3582 3453 3585
10594 4 2 1 1 2140 2139 2145 483
10595 4 2 1 1 2503 2741 132 2698
10596 4 2 1 1 2140 483 2145 2144
10597 4 2 1 1 2702 2476 2806 2477
10598 4 2 1 1 2293 3619 2490 3617
10599 4 2 1 1 2155 3745 2687 3742
10600 4 2 1 1 3752 1978 3621 2294
10601 4 2 1 1 3653 1978 2155 3752
10602 4 2 1 1 1662 1817 3393 3462
10603 4 2 1 1 1662 3396 3433 3393
10604 4 2 1 1 3468 3502 3474 2848
10605 4 2 1 1 3523 3468 1614 1615
10606 4 2 1 1 3582 1824 3597 3585
10607 4 2 1 1 746 3604 3134 3028
10608 4 2 1 1 3068 3085 2177 3087
10609 4 2 1 1 2439 3028 3087 3585
10610 4 2 1 1 3760 2526 3048 2524
10611 4 2 1 1 3571 2176 3554 3028
10612 4 2 1 1 1565 1887 1833 3069
10613 4 2 1 1 1072 2493 488 3048
10614 4 2 1 1 3512 1675 3453 3585
10615 4 2 1 1 1675 1824 3585 1812
10616 4 2 1 1 2771 2445 2772 2776
10617 4 2 1 1 3755 2148 3758 2919
10618 4 2 1 1 362 361 2389 360
10619 4 2 1 1 358 359 2232 711
10620 4 2 1 1 3582 1824 3585 1675
10621 4 2 1 1 3578 3392 3394 3596
10622 4 2 1 1 2631 2532 2628 2856
10623 4 2 1 1 2114 2631 2629 2856
10624 4 2 1 1 2114 2856 2776 2842
10625 4 2 1 1 2206 1994 2210 2872
10626 4 2 1 1 3695 3684 1998 3682
10627 4 2 1 1 2215 2208 2872 2247
10628 4 2 1 1 2548 2547 2546 2153
10629 4 2 1 1 225 1300 781 2153
10630 4 2 1 1 3301 3053 3305 3302
10631 4 2 1 1 2233 2507 2236 2508
10632 4 2 1 1 358 2233 946 2236
10633 4 2 1 1 2036 2055 3198 2231
10634 4 2 1 1 2036 1934 2050 3158
10635 4 2 1 1 2825 2231 2225 2228
10636 4 2 1 1 3293 3538 3392 3596
10637 4 2 1 1 3248 2224 2415 2050
10638 4 2 1 1 1901 1938 3638 2242
10639 4 2 1 1 2785 1901 3638 2242
10640 4 2 1 1 2049 2782 2783 2784
10641 4 2 1 1 2482 3241 1917 2322
10642 4 2 1 1 1890 3292 2868 2385
10643 4 2 1 1 2148 3755 3758 3754
10644 4 2 1 1 2257 2986 3288 3098
10645 4 2 1 1 3734 2256 2878 2644
10646 4 2 1 1 911 2336 1252 2586
10647 4 2 1 1 1242 387 2264 389
10648 4 2 1 1 1135 2259 2264 391
10649 4 2 1 1 390 1135 2264 391
10650 4 2 1 1 2264 3737 2262 2945
10651 4 2 1 1 2099 2091 2075 3224
10652 4 2 1 1 2275 2562 2805 3178
10653 4 2 1 1 1138 1366 2815 2743
10654 4 2 1 1 196 2362 2363 198
10655 4 2 1 1 2362 252 2582 198
10656 4 2 1 1 2286 2293 1903 2291
10657 4 2 1 1 2025 3701 3099 2104
10658 4 2 1 1 2022 2645 2812 2600
10659 4 2 1 1 3753 3620 3750 2130
10660 4 2 1 1 776 2602 2375 1350
10661 4 2 1 1 2718 3252 3251 3682
10662 4 2 1 1 2212 2209 2546 3682
10663 4 2 1 1 1094 265 2469 1109
10664 4 2 1 1 2681 244 2470 2469
10665 4 2 1 1 3252 3669 3663 3667
10666 4 2 1 1 1909 3668 2655 3629
10667 4 2 1 1 2391 2430 21 3244
10668 4 2 1 1 1260 3151 19 18
10669 4 2 1 1 1967 2758 3233 2762
10670 4 2 1 1 1299 89 3229 3205
10671 4 2 1 1 20 89 3233 19
10672 4 2 1 1 1252 2493 2586 275
10673 4 2 1 1 90 20 1432 2761
10674 4 2 1 1 3237 90 1432 2761
10675 4 2 1 1 2293 2292 2328 2291
10676 4 2 1 1 3623 1928 3618 3747
10677 4 2 1 1 3745 2833 2163 2640
10678 4 2 1 1 2293 1897 1903 3617
10679 4 2 1 1 2906 3392 2908 3596
10680 4 2 1 1 2139 2147 2383 2149
10681 4 2 1 1 140 141 2339 2383
10682 4 2 1 1 2141 2139 2383 2149
10683 4 2 1 1 263 1252 2586 275
10684 4 2 1 1 141 2566 2339 2383
10685 4 2 1 1 3293 2906 2908 3596
10686 4 2 1 1 2569 2147 2575 2383
10687 4 2 1 1 2147 3064 3711 2149
10688 4 2 1 1 971 2354 2353 2919
10689 4 2 1 1 2566 2384 2339 2383
10690 4 2 1 1 2906 3293 3392 3596
10691 4 2 1 1 273 2493 275 2586
10692 4 2 1 1 2931 885 2352 2252
10693 4 2 1 1 2975 2931 2352 2252
10694 4 2 1 1 2972 2975 2973 2974
10695 4 2 1 1 2493 273 2585 2586
10696 4 2 1 1 680 2975 2352 2252
10697 4 2 1 1 885 680 2352 2252
10698 4 2 1 1 2786 2840 814 653
10699 4 2 1 1 263 273 275 2586
10700 4 2 1 1 1035 3164 2360 2582
10701 4 2 1 1 194 196 2287 195
10702 4 2 1 1 2646 2288 2361 2360
10703 4 2 1 1 3144 2718 3682 3761
10704 4 2 1 1 2859 2154 3207 2549
10705 4 2 1 1 2716 2656 2246 2245
10706 4 2 1 1 2460 1897 2454 2286
10707 4 2 1 1 2286 2460 2284 2454
10708 4 2 1 1 2128 1919 2625 2739
10709 4 2 1 1 273 263 2585 2586
10710 4 2 1 1 3282 3362 3361 1815
10711 4 2 1 1 2991 1134 704 1148
10712 4 2 1 1 3384 3435 1697 3434
10713 4 2 1 1 2183 2994 3357 3361
10714 4 2 1 1 1725 1890 2868 2385
10715 4 2 1 1 2397 3118 3097 1962
10716 4 2 1 1 2226 918 724 2395
10717 4 2 1 1 2226 2395 2400 3132
10718 4 2 1 1 2395 2401 667 1525
10719 4 2 1 1 2395 2880 1525 667
10720 4 2 1 1 2041 3645 2597 2042
10721 4 2 1 1 2041 2030 2597 3645
10722 4 2 1 1 2394 2497 3258 3261
10723 4 2 1 1 2406 2223 2693 2404
10724 4 2 1 1 2416 2401 2407 2534
10725 4 2 1 1 2406 2408 2400 2407
10726 4 2 1 1 2397 1965 2948 1962
10727 4 2 1 1 116 3259 1378 3258
10728 4 2 1 1 2237 2390 2238 2753
10729 4 2 1 1 1411 1358 1441 3128
10730 4 2 1 1 3731 2041 2597 2042
10731 4 2 1 1 1366 1011 2728 2743
10732 4 2 1 1 3237 3231 3239 3232
10733 4 2 1 1 2030 2041 2597 3731
10734 4 2 1 1 2713 2714 2773 2654
10735 4 2 1 1 2632 2606 2608 2938
10736 4 2 1 1 3224 3223 2425 3232
10737 4 2 1 1 2086 2727 2773 2729
10738 4 2 1 1 1366 1138 1011 2743
10739 4 2 1 1 1541 1813 2438 2439
10740 4 2 1 1 1813 1541 1824 2439
10741 4 2 1 1 3270 1717 2619 3273
10742 4 2 1 1 2176 3571 3554 3374
10743 4 2 1 1 3597 2439 3087 3585
10744 4 2 1 1 3604 2439 3585 3028
10745 4 2 1 1 1678 1694 3471 1647
10746 4 2 1 1 3479 2018 3493 3477
10747 4 2 1 1 3345 1756 1581 3339
10748 4 2 1 1 3403 1693 3422 3486
10749 4 2 1 1 2020 3706 2054 3704
10750 4 2 1 1 2023 3705 3704 3635
10751 4 2 1 1 3304 3071 1744 2461
10752 4 2 1 1 3107 3304 1744 2461
10753 4 2 1 1 3417 3107 2462 3106
10754 4 2 1 1 3100 3016 2938 3017
10755 4 2 1 1 782 864 1305 2056
10756 4 2 1 1 2463 1737 1881 3603
10757 4 2 1 1 1563 60 61 1456
10758 4 2 1 1 1563 1859 1881 3603
10759 4 2 1 1 2092 2277 1907 2246
10760 4 2 1 1 3100 3108 2016 2938
10761 4 2 1 1 2016 3108 2608 2938
10762 4 2 1 1 3045 625 2472 835
10763 4 2 1 1 625 2472 928 1060
10764 4 2 1 1 1718 3404 3273 3364
10765 4 2 1 1 1717 1888 2619 3273
10766 4 2 1 1 2228 2241 2415 2225
10767 4 2 1 1 2712 2500 2498 91
10768 4 2 1 1 3230 2143 644 2342
10769 4 2 1 1 2500 2143 3150 2498
10770 4 2 1 1 3234 3230 2342 2319
10771 4 2 1 1 2342 3001 2740 2386
10772 4 2 1 1 1103 1556 3607 3599
10773 4 2 1 1 1941 3641 2477 3643
10774 4 2 1 1 2336 2718 2586 3761
10775 4 2 1 1 3514 3134 3558 3273
10776 4 2 1 1 1033 1248 2493 275
10777 4 2 1 1 289 274 2879 2524
10778 4 2 1 1 775 2565 2564 2308
10779 4 2 1 1 2523 2933 2820 2175
10780 4 2 1 1 781 227 2546 1203
10781 4 2 1 1 2718 3144 2586 3761
10782 4 2 1 1 2688 2684 2505 330
10783 4 2 1 1 1024 2622 1038 1309
10784 4 2 1 1 2684 2621 2622 340
10785 4 2 1 1 1718 1674 3364 3273
10786 4 2 1 1 1024 1332 2504 1309
10787 4 2 1 1 453 3060 2622 2660
10788 4 2 1 1 453 2622 1038 1023
10789 4 2 1 1 1043 402 2552 1139
10790 4 2 1 1 2637 402 2552 2378
10791 4 2 1 1 3702 2637 2552 2378
10792 4 2 1 1 2635 398 531 2552
10793 4 2 1 1 2637 2256 3702 2552
10794 4 2 1 1 552 2635 2634 1162
10795 4 2 1 1 2544 1029 2548 2545
10796 4 2 1 1 2208 1098 2207 3109
10797 4 2 1 1 2058 3762 3086 3739
10798 4 2 1 1 2877 1278 216 576
10799 4 2 1 1 1717 1674 1718 3273
10800 4 2 1 1 3363 3558 3364 3273
10801 4 2 1 1 2548 781 2153 2546
10802 4 2 1 1 2208 233 2212 228
10803 4 2 1 1 2348 2536 2764 2053
10804 4 2 1 1 2318 922 3188 3243
10805 4 2 1 1 2299 2300 2448 2531
10806 4 2 1 1 2202 2677 2676 2193
10807 4 2 1 1 2036 3198 3196 2231
10808 4 2 1 1 2318 3188 2035 3243
10809 4 2 1 1 3647 2539 2317 2826
10810 4 2 1 1 2539 2537 2538 2317
10811 4 2 1 1 3639 3719 2317 2765
10812 4 2 1 1 3733 2733 3724 3723
10813 4 2 1 1 3145 2061 2879 3207
10814 4 2 1 1 2154 2859 3207 2791
10815 4 2 1 1 3760 2526 2524 3761
10816 4 2 1 1 2492 2833 2687 3745
10817 4 2 1 1 2547 2859 2549 1910
10818 4 2 1 1 2548 1029 2585 2545
10819 4 2 1 1 2208 2212 2209 2546
10820 4 2 1 1 2154 3739 3207 3761
10821 4 2 1 1 3172 3129 2581 1495
10822 4 2 1 1 892 2748 739 2581
10823 4 2 1 1 2270 2120 3178 2579
10824 4 2 1 1 320 318 2560 319
10825 4 2 1 1 2748 325 2559 2749
10826 4 2 1 1 2110 3175 1960 2579
10827 4 2 1 1 32 1536 1254 33
10828 4 2 1 1 295 2381 528 439
10829 4 2 1 1 3766 3755 2148 3756
10830 4 2 1 1 2354 1314 971 839
10831 4 2 1 1 3130 3203 2116 2630
10832 4 2 1 1 2976 1117 1419 1482
10833 4 2 1 1 2748 325 2581 2559
10834 4 2 1 1 2267 2895 2272 2273
10835 4 2 1 1 321 320 949 2559
10836 4 2 1 1 2119 3130 2116 2630
10837 4 2 1 1 2756 2631 3037 1947
10838 4 2 1 1 2726 302 384 2592
10839 4 2 1 1 2115 2756 2126 3037
10840 4 2 1 1 2556 2119 2116 2630
10841 4 2 1 1 384 302 301 2592
10842 4 2 1 1 463 384 301 2592
10843 4 2 1 1 2592 463 1393 1346
10844 4 2 1 1 3729 3718 3722 2043
10845 4 2 1 1 2016 2018 2017 3099
10846 4 2 1 1 2351 3115 2956 2943
10847 4 2 1 1 2026 3709 2651 2330
10848 4 2 1 1 908 2351 1345 2350
10849 4 2 1 1 3579 1982 2955 2956
10850 4 2 1 1 2685 2701 538 2956
10851 4 2 1 1 538 629 707 2615
10852 4 2 1 1 1982 3115 2956 3579
10853 4 2 1 1 1982 3115 2943 2956
10854 4 2 1 1 2624 2709 2625 2453
10855 4 2 1 1 2209 3668 2247 1995
10856 4 2 1 1 1897 1919 3620 3618
10857 4 2 1 1 2374 2373 2739 2246
10858 4 2 1 1 3631 3749 1911 2093
10859 4 2 1 1 1923 2474 3631 2739
10860 4 2 1 1 2070 2706 857 92
10861 4 2 1 1 1556 1103 3607 2893
10862 4 2 1 1 3316 3351 3645 2010
10863 4 2 1 1 3627 3651 3670 2083
10864 4 2 1 1 2314 2315 2769 2542
10865 4 2 1 1 1991 2510 2704 2535
10866 4 2 1 1 764 1391 2355 2360
10867 4 2 1 1 556 3027 3021 3135
10868 4 2 1 1 2843 1904 2440 2115
10869 4 2 1 1 2755 2556 2116 2630
10870 4 2 1 1 725 3164 763 884
10871 4 2 1 1 2291 2293 2491 2487
10872 4 2 1 1 2485 3271 2657 2614
10873 4 2 1 1 2484 2485 2657 2614
10874 4 2 1 1 1356 69 1558 1848
10875 4 2 1 1 2484 1839 1848 1746
10876 4 2 1 1 2485 3271 1734 1746
10877 4 2 1 1 2292 2291 2491 2487
10878 4 2 1 1 93 69 1356 1848
10879 4 2 1 1 2799 2136 2238 2240
10880 4 2 1 1 3042 2671 3002 3004
10881 4 2 1 1 497 496 3004 378
10882 4 2 1 1 2446 2195 2857 2240
10883 4 2 1 1 2202 3104 1921 2193
10884 4 2 1 1 3216 2191 3131 3143
10885 4 2 1 1 3094 3093 590 730
10886 4 2 1 1 2844 3740 2588 2057
10887 4 2 1 1 1721 2463 1881 3603
10888 4 2 1 1 3653 2800 2491 2250
10889 4 2 1 1 3535 3601 1716 1686
10890 4 2 1 1 1407 3050 3105 3070
10891 4 2 1 1 3107 2461 2462 3105
10892 4 2 1 1 2562 2561 2747 2265
10893 4 2 1 1 2621 2689 2690 3014
10894 4 2 1 1 2688 2684 329 2690
10895 4 2 1 1 1168 1373 2952 322
10896 4 2 1 1 2111 2621 2690 3014
10897 4 2 1 1 2830 2603 2021 2600
10898 4 2 1 1 2492 2129 2487 2490
10899 4 2 1 1 196 2362 2287 2363
10900 4 2 1 1 2362 2360 866 2361
10901 4 2 1 1 427 2701 523 2335
10902 4 2 1 1 3619 2293 2330 3753
10903 4 2 1 1 2830 2603 2608 2607
10904 4 2 1 1 2547 2518 3681 3682
10905 4 2 1 1 274 289 2585 2524
10906 4 2 1 1 3760 3086 2527 2933
10907 4 2 1 1 2545 1037 290 2879
10908 4 2 1 1 2155 3745 1980 2640
10909 4 2 1 1 2492 3745 2155 2640
10910 4 2 1 1 2563 775 1107 2564
10911 4 2 1 1 3082 1997 2309 3692
10912 4 2 1 1 3220 2603 2651 2024
10913 4 2 1 1 2523 2933 2934 2820
10914 4 2 1 1 358 2232 2236 2229
10915 4 2 1 1 365 368 2782 367
10916 4 2 1 1 3202 2682 3166 2694
10917 4 2 1 1 728 619 2404 690
10918 4 2 1 1 2388 445 2229 1074
10919 4 2 1 1 1939 2753 2235 2400
10920 4 2 1 1 3706 3705 2054 3704
10921 4 2 1 1 2348 2053 2346 2317
10922 4 2 1 1 2635 2637 2552 2827
10923 4 2 1 1 754 1043 1180 2552
10924 4 2 1 1 398 1139 2552 399
10925 4 2 1 1 2024 3220 3750 2651
10926 4 2 1 1 2141 2341 2383 2339
10927 4 2 1 1 3575 2172 3765 2169
10928 4 2 1 1 3226 3158 2783 2784
10929 4 2 1 1 2417 2408 2400 2753
10930 4 2 1 1 3202 2682 2683 2784
10931 4 2 1 1 2390 2237 1939 2753
10932 4 2 1 1 2417 1949 1951 2708
10933 4 2 1 1 486 152 1216 2764
10934 4 2 1 1 2015 2024 3750 2651
10935 4 2 1 1 2605 2603 2651 2650
10936 4 2 1 1 2343 2340 2658 2346
10937 4 2 1 1 2340 2044 2045 2346
10938 4 2 1 1 2199 2114 2856 2776
10939 4 2 1 1 2631 2533 2856 2857
10940 4 2 1 1 2756 2755 2664 2842
10941 4 2 1 1 2664 2113 2842 3002
10942 4 2 1 1 2605 2606 2651 2603
10943 4 2 1 1 2665 3002 3004 2440
10944 4 2 1 1 2649 2359 2618 3003
10945 4 2 1 1 2786 654 543 2904
10946 4 2 1 1 2667 2843 3002 2440
10947 4 2 1 1 1311 1336 2636 829
10948 4 2 1 1 3023 3003 2662 2357
10949 4 2 1 1 2660 2770 542 2786
10950 4 2 1 1 456 3060 455 457
10951 4 2 1 1 2695 2771 2772 2776
10952 4 2 1 1 908 1433 2893 3607
10953 4 2 1 1 2843 2777 2857 2842
10954 4 2 1 1 2756 2113 2842 2664
10955 4 2 1 1 2674 2796 3103 2184
10956 4 2 1 1 2194 2777 2189 2857
10957 4 2 1 1 2413 3612 1957 2010
10958 4 2 1 1 3612 1990 3670 3610
10959 4 2 1 1 2031 3714 2149 3711
10960 4 2 1 1 3658 2981 2182 1988
10961 4 2 1 1 908 1421 1433 3607
10962 4 2 1 1 3470 1678 1694 3471
10963 4 2 1 1 2018 2013 2901 3159
10964 4 2 1 1 3300 2106 3555 3290
10965 4 2 1 1 1325 2380 2819 769
10966 4 2 1 1 3003 3023 2662 2494
10967 4 2 1 1 3479 3465 3477 1656
10968 4 2 1 1 2558 1014 1370 2817
10969 4 2 1 1 3635 2025 3704 2017
10970 4 2 1 1 2668 2494 2662 2669
10971 4 2 1 1 2297 2818 2831 2817
10972 4 2 1 1 2829 2022 2516 2830
10973 4 2 1 1 2377 2966 2513 2375
10974 4 2 1 1 2367 2263 3728 3725
10975 4 2 1 1 1433 1103 2893 3607
10976 4 2 1 1 1938 3638 3636 3624
10977 4 2 1 1 2349 2348 2538 2368
10978 4 2 1 1 2349 2348 2368 2346
10979 4 2 1 1 2135 2668 2662 2669
10980 4 2 1 1 687 2954 2852 3053
10981 4 2 1 1 3056 1564 920 1891
10982 4 2 1 1 2381 438 1213 439
10983 4 2 1 1 1186 687 2852 3053
10984 4 2 1 1 584 687 2852 1186
10985 4 2 1 1 2380 3701 2818 2379
10986 4 2 1 1 1919 2495 2669 2662
10987 4 2 1 1 1664 1681 3324 3327
10988 4 2 1 1 2863 3702 2152 3180
10989 4 2 1 1 1701 1673 1654 3482
10990 4 2 1 1 2263 2152 3309 2985
10991 4 2 1 1 805 684 2789 2160
10992 4 2 1 1 3527 2589 2795 2057
10993 4 2 1 1 3093 588 2589 590
10994 4 2 1 1 3601 3576 2065 3095
10995 4 2 1 1 3535 3303 3094 2589
10996 4 2 1 1 2062 3458 3367 2065
10997 4 2 1 1 2792 3740 3744 2795
10998 4 2 1 1 3444 3575 3574 3548
10999 4 2 1 1 2906 2888 1125 2908
11000 4 2 1 1 2165 3395 2940 2885
11001 4 2 1 1 1703 1659 3426 3394
11002 4 2 1 1 1465 1403 2886 1129
11003 4 2 1 1 2228 3084 3196 2050
11004 4 2 1 1 1263 2674 2823 1355
11005 4 2 1 1 1277 366 1052 2897
11006 4 2 1 1 1448 3226 2838 2783
11007 4 2 1 1 948 1325 769 2907
11008 4 2 1 1 1325 2380 769 2907
11009 4 2 1 1 2818 408 407 406
11010 4 2 1 1 2135 1919 2669 2662
11011 4 2 1 1 2051 2766 2673 2921
11012 4 2 1 1 2506 2935 2918 459
11013 4 2 1 1 3720 3722 2043 3725
11014 4 2 1 1 2051 2766 3725 3723
11015 4 2 1 1 2503 131 2698 132
11016 4 2 1 1 479 2007 2006 2005
11017 4 2 1 1 3648 2051 3649 2673
11018 4 2 1 1 518 787 1249 2923
11019 4 2 1 1 2007 2008 3077 2470
11020 4 2 1 1 1025 2066 2085 2313
11021 4 2 1 1 2550 2768 2002 2512
11022 4 2 1 1 3101 3436 3596 2959
11023 4 2 1 1 2931 1420 1339 113
11024 4 2 1 1 3392 3538 3394 3596
11025 4 2 1 1 2168 1145 1130 1402
11026 4 2 1 1 1417 2781 112 2951
11027 4 2 1 1 1421 1103 1433 3607
11028 4 2 1 1 2173 3763 3767 3765
11029 4 2 1 1 3767 2973 3765 2138
11030 4 2 1 1 2051 2766 3649 2673
11031 4 2 1 1 3770 2781 2930 2951
11032 4 2 1 1 2183 2994 2253 2962
11033 4 2 1 1 2510 3063 3677 2973
11034 4 2 1 1 2337 2964 734 917
11035 4 2 1 1 2995 3506 3102 2171
11036 4 2 1 1 2951 10 2849 2280
11037 4 2 1 1 2994 2183 2171 2962
11038 4 2 1 1 2972 2935 593 2973
11039 4 2 1 1 593 1318 1445 2973
11040 4 2 1 1 3063 1318 2742 2973
11041 4 2 1 1 2540 2950 2912 2643
11042 4 2 1 1 2935 2742 2973 3065
11043 4 2 1 1 2980 500 1154 2984
11044 4 2 1 1 2990 2980 1154 2984
11045 4 2 1 1 1156 500 2984 1154
11046 4 2 1 1 3024 1156 2984 1154
11047 4 2 1 1 2990 3024 2984 1154
11048 4 2 1 1 1895 3657 3660 3659
11049 4 2 1 1 3101 3436 2959 3102
11050 4 2 1 1 1714 3505 3436 3102
11051 4 2 1 1 2406 2223 2400 2683
11052 4 2 1 1 3072 3082 3696 3699
11053 4 2 1 1 3697 2011 3696 2180
11054 4 2 1 1 2001 3072 3696 3699
11055 4 2 1 1 3082 3690 1997 3006
11056 4 2 1 1 2565 773 2175 774
11057 4 2 1 1 3691 2162 3692 3760
11058 4 2 1 1 2059 3571 2174 3513
11059 4 2 1 1 1429 188 2604 1224
11060 4 2 1 1 2016 3108 3099 2831
11061 4 2 1 1 419 3100 2937 417
11062 4 2 1 1 2018 2025 3099 2013
11063 4 2 1 1 2632 2633 2941 2938
11064 4 2 1 1 562 2528 1197 2934
11065 4 2 1 1 1072 490 2527 3048
11066 4 2 1 1 556 498 3021 924
11067 4 2 1 1 3039 2665 3004 2440
11068 4 2 1 1 496 497 3021 498
11069 4 2 1 1 1849 1545 2461 2462
11070 4 2 1 1 1859 1881 3603 1819
11071 4 2 1 1 1849 97 2462 2461
11072 4 2 1 1 783 864 2056 2462
11073 4 2 1 1 2285 2281 2282 3061
11074 4 2 1 1 3074 2281 2285 3061
11075 4 2 1 1 2987 3116 3170 3195
11076 4 2 1 1 2230 2753 2400 2683
11077 4 2 1 1 2563 1107 2469 2564
11078 4 2 1 1 3669 2081 1999 3629
11079 4 2 1 1 2223 2230 2400 2683
11080 4 2 1 1 1095 1193 1093 2925
11081 4 2 1 1 266 1450 2470 1319
11082 4 2 1 1 2007 2924 2008 2470
11083 4 2 1 1 2925 3697 2382 2001
11084 4 2 1 1 2227 359 2232 2389
11085 4 2 1 1 2390 2227 2389 2388
11086 4 2 1 1 2675 2856 2676 2189
11087 4 2 1 1 1934 2036 2050 2225
11088 4 2 1 1 2652 3183 3382 3577
11089 4 2 1 1 2678 1389 954 121
11090 4 2 1 1 1202 3093 1401 1229
11091 4 2 1 1 3093 3094 3095 730
11092 4 2 1 1 2753 2230 1939 2683
11093 4 2 1 1 2390 2753 1939 2683
11094 4 2 1 1 3067 2525 3070 3066
11095 4 2 1 1 3608 3417 3106 3070
11096 4 2 1 1 3608 2058 3070 3106
11097 4 2 1 1 3107 3105 3106 3070
11098 4 2 1 1 3304 3275 3069 3070
11099 4 2 1 1 2056 3162 2462 3106
11100 4 2 1 1 3050 2844 3106 3146
11101 4 2 1 1 2859 2790 2791 2520
11102 4 2 1 1 1337 3195 1294 744
11103 4 2 1 1 2230 2390 1939 2683
11104 4 2 1 1 1337 2987 3116 1357
11105 4 2 1 1 2478 3166 3247 2784
11106 4 2 1 1 3045 2735 2736 3117
11107 4 2 1 1 3202 3248 2784 2224
11108 4 2 1 1 2734 2689 2996 3014
11109 4 2 1 1 2049 2782 2784 2388
11110 4 2 1 1 1365 612 3124 822
11111 4 2 1 1 3235 2648 3218 1027
11112 4 2 1 1 2414 2137 1922 2240
11113 4 2 1 1 3112 2882 3125 3110
11114 4 2 1 1 2829 2022 2830 2600
11115 4 2 1 1 3213 1899 3214 1900
11116 4 2 1 1 544 3122 2835 2267
11117 4 2 1 1 3227 3257 927 2403
11118 4 2 1 1 24 1964 1472 2
11119 4 2 1 1 2401 724 2395 2393
11120 4 2 1 1 2401 2416 2407 2398
11121 4 2 1 1 2416 1964 2534 2392
11122 4 2 1 1 2478 2682 3166 2784
11123 4 2 1 1 2359 2616 3218 2327
11124 4 2 1 1 3127 3184 2186 3254
11125 4 2 1 1 3254 3212 2302 3255
11126 4 2 1 1 3253 3154 3135 3254
11127 4 2 1 1 3019 556 3021 3135
11128 4 2 1 1 2778 2999 3266 719
11129 4 2 1 1 2036 2898 3197 3158
11130 4 2 1 1 2387 1916 2415 2224
11131 4 2 1 1 3104 2202 3114 3142
11132 4 2 1 1 2896 365 2783 2388
11133 4 2 1 1 1277 3083 363 2897
11134 4 2 1 1 177 181 3011 176
11135 4 2 1 1 3212 3057 2302 3058
11136 4 2 1 1 2136 1920 2240 2126
11137 4 2 1 1 2022 2603 2830 2600
11138 4 2 1 1 2606 2632 2941 2938
11139 4 2 1 1 424 2471 2633 2937
11140 4 2 1 1 2227 2230 2388 2683
11141 4 2 1 1 2390 2227 2388 2683
11142 4 2 1 1 1453 673 2809 2889
11143 4 2 1 1 676 709 2553 708
11144 4 2 1 1 709 2822 2553 708
11145 4 2 1 1 2865 643 868 982
11146 4 2 1 1 2390 2230 2227 2683
11147 4 2 1 1 2224 2409 2683 2694
11148 4 2 1 1 2637 397 400 1205
11149 4 2 1 1 1358 3191 3128 3203
11150 4 2 1 1 3104 2231 1921 2228
11151 4 2 1 1 2753 1971 2683 2694
11152 4 2 1 1 3694 2458 2094 3747
11153 4 2 1 1 1347 1161 1522 2715
11154 4 2 1 1 368 2782 3246 2783
11155 4 2 1 1 2387 3263 2694 3228
11156 4 2 1 1 2223 1971 2683 2406
11157 4 2 1 1 2086 2816 2773 2743
11158 4 2 1 1 2080 2091 2099 3224
11159 4 2 1 1 2085 2522 2929 2068
11160 4 2 1 1 1956 2928 2610 2437
11161 4 2 1 1 3122 2895 970 2272
11162 4 2 1 1 2408 1971 2753 2694
11163 4 2 1 1 534 970 2272 2435
11164 4 2 1 1 3176 2788 2721 2273
11165 4 2 1 1 2409 2753 2683 2694
11166 4 2 1 1 1310 3235 1221 3217
11167 4 2 1 1 3127 3184 3210 2186
11168 4 2 1 1 3235 3049 3217 2356
11169 4 2 1 1 3246 3226 3247 2715
11170 4 2 1 1 2409 2408 2753 2694
11171 4 2 1 1 2627 2705 2704 3772
11172 4 2 1 1 1987 2626 2704 3772
11173 4 2 1 1 3694 2081 2093 3747
11174 4 2 1 1 3234 2387 2320 2342
11175 4 2 1 1 1991 1987 2704 3772
11176 4 2 1 1 3677 1991 2704 3772
11177 4 2 1 1 2705 3677 2704 3772
11178 4 2 1 1 2779 2039 3266 3000
11179 4 2 1 1 3263 2409 3262 3192
11180 4 2 1 1 3259 116 3257 3244
11181 4 2 1 1 2137 1920 2414 1951
11182 4 2 1 1 2869 2964 3282 3268
11183 4 2 1 1 3362 2994 2995 3268
11184 4 2 1 1 2994 3362 3282 3268
11185 4 2 1 1 2994 2964 2995 3268
11186 4 2 1 1 2964 2994 3282 3268
11187 4 2 1 1 3595 3307 2960 3136
11188 4 2 1 1 715 1347 2740 2715
11189 4 2 1 1 2778 2779 3266 3000
11190 4 2 1 1 3330 1648 1654 3555
11191 4 2 1 1 3289 3290 1841 1720
11192 4 2 1 1 3246 2478 2481 3247
11193 4 2 1 1 1793 1678 1720 3533
11194 4 2 1 1 1871 1743 3278 3302
11195 4 2 1 1 3054 3326 3055 3313
11196 4 2 1 1 3326 1677 1705 3313
11197 4 2 1 1 439 2381 821 1280
11198 4 2 1 1 1410 1058 1524 3277
11199 4 2 1 1 2219 2047 3313 3323
11200 4 2 1 1 2852 3053 2217 2853
11201 4 2 1 1 3326 1677 1704 1705
11202 4 2 1 1 3230 3234 2481 2479
11203 4 2 1 1 1743 3278 3302 3305
11204 4 2 1 1 2367 3322 2596 3321
11205 4 2 1 1 3326 2855 2217 3054
11206 4 2 1 1 1682 1784 1829 3320
11207 4 2 1 1 3318 1784 1682 3320
11208 4 2 1 1 1831 1751 3312 3323
11209 4 2 1 1 1751 1831 1755 3323
11210 4 2 1 1 3315 3593 3321 2596
11211 4 2 1 1 3314 3315 3335 3321
11212 4 2 1 1 1751 3312 3306 1830
11213 4 2 1 1 3455 3380 3331 3592
11214 4 2 1 1 1682 1755 3323 3320
11215 4 2 1 1 3315 3593 2596 3335
11216 4 2 1 1 3593 1579 3591 3335
11217 4 2 1 1 1755 3314 3321 3320
11218 4 2 1 1 1579 3590 3591 3335
11219 4 2 1 1 1693 3495 3496 3486
11220 4 2 1 1 3705 2450 3343 2105
11221 4 2 1 1 3337 3336 3338 3339
11222 4 2 1 1 1767 1756 1760 3342
11223 4 2 1 1 3494 1777 1683 1649
11224 4 2 1 1 2041 3644 2042 2243
11225 4 2 1 1 3473 3499 2131 3497
11226 4 2 1 1 3565 3569 2131 3544
11227 4 2 1 1 2015 3708 3750 2295
11228 4 2 1 1 2019 3545 2350 3449
11229 4 2 1 1 3425 1685 3475 1658
11230 4 2 1 1 2814 2652 3519 3271
11231 4 2 1 1 2652 3031 3519 3382
11232 4 2 1 1 3399 1978 3429 3529
11233 4 2 1 1 2715 2038 2481 2740
11234 4 2 1 1 3469 3454 2060 3378
11235 4 2 1 1 715 645 2740 646
11236 4 2 1 1 3418 2058 3738 2060
11237 4 2 1 1 3520 1597 3441 3500
11238 4 2 1 1 2058 3454 2060 3469
11239 4 2 1 1 3651 1918 3650 2083
11240 4 2 1 1 1896 3679 3614 2138
11241 4 2 1 1 3348 2847 3352 3383
11242 4 2 1 1 1895 3611 3613 3610
11243 4 2 1 1 1990 1895 3659 3610
11244 4 2 1 1 3226 2783 3266 2838
11245 4 2 1 1 3405 2094 3570 3508
11246 4 2 1 1 3762 3695 3739 2060
11247 4 2 1 1 1978 3399 3566 3529
11248 4 2 1 1 1773 3432 3441 1770
11249 4 2 1 1 3513 2000 3688 2178
11250 4 2 1 1 3546 3429 3445 3572
11251 4 2 1 1 3483 1605 3529 3566
11252 4 2 1 1 1607 3410 1803 3488
11253 4 2 1 1 3567 3579 3466 2027
11254 4 2 1 1 2783 3158 3266 2838
11255 4 2 1 1 3430 3484 1621 3559
11256 4 2 1 1 3491 3484 3492 3559
11257 4 2 1 1 3403 1777 3422 1693
11258 4 2 1 1 2169 3443 3474 3433
11259 4 2 1 1 3396 1662 3433 1638
11260 4 2 1 1 1706 3436 3396 3393
11261 4 2 1 1 3468 2848 3474 3419
11262 4 2 1 1 1821 1776 1628 3562
11263 4 2 1 1 3756 2030 2597 3731
11264 4 2 1 1 2169 2172 3455 3548
11265 4 2 1 1 3393 1817 3394 3574
11266 4 2 1 1 1640 1641 3444 1643
11267 4 2 1 1 1761 3329 1759 1709
11268 4 2 1 1 3333 3329 2597 3334
11269 4 2 1 1 3389 3391 3580 3383
11270 4 2 1 1 3329 3352 3331 1709
11271 4 2 1 1 3352 2847 3580 3383
11272 4 2 1 1 3502 3388 3383 1807
11273 4 2 1 1 3502 1807 3383 3573
11274 4 2 1 1 2847 3389 3580 3383
11275 4 2 1 1 2018 2025 3477 3492
11276 4 2 1 1 3568 1741 3563 2916
11277 4 2 1 1 2726 302 2592 2725
11278 4 2 1 1 3567 3466 3537 2027
11279 4 2 1 1 2800 3653 3656 2250
11280 4 2 1 1 2733 2263 3723 3732
11281 4 2 1 1 2025 3531 3485 3517
11282 4 2 1 1 1678 1719 1720 3515
11283 4 2 1 1 1634 1788 3532 3517
11284 4 2 1 1 2450 3403 2105 3422
11285 4 2 1 1 3473 3472 3565 3497
11286 4 2 1 1 3687 3694 3695 2178
11287 4 2 1 1 3457 3411 1932 3456
11288 4 2 1 1 2062 1978 3442 3742
11289 4 2 1 1 3748 3694 2458 2060
11290 4 2 1 1 3752 3619 3750 2130
11291 4 2 1 1 3752 2130 3750 3621
11292 4 2 1 1 3429 3572 3504 3552
11293 4 2 1 1 1928 3746 2131 3621
11294 4 2 1 1 3271 2485 3541 2614
11295 4 2 1 1 1598 3565 3544 3569
11296 4 2 1 1 2726 302 2725 385
11297 4 2 1 1 386 2958 2725 385
11298 4 2 1 1 302 386 2725 385
11299 4 2 1 1 3583 1585 1771 1588
11300 4 2 1 1 3410 3411 3430 3456
11301 4 2 1 1 1990 2963 3671 1988
11302 4 2 1 1 1774 3391 3383 3580
11303 4 2 1 1 3622 2081 1898 1999
11304 4 2 1 1 1637 3476 3581 3525
11305 4 2 1 1 1895 3611 3610 1988
11306 4 2 1 1 2944 2958 385 2725
11307 4 2 1 1 3501 3351 3459 3316
11308 4 2 1 1 3461 3523 3510 2963
11309 4 2 1 1 3746 2458 2131 3621
11310 4 2 1 1 2726 2944 385 2725
11311 4 2 1 1 3569 3565 2131 3365
11312 4 2 1 1 1648 3446 1647 3471
11313 4 2 1 1 1799 3543 3493 3478
11314 4 2 1 1 3543 2103 3478 3609
11315 4 2 1 1 3727 3726 2725 3040
11316 4 2 1 1 3598 3161 3609 3159
11317 4 2 1 1 3470 1678 3471 3515
11318 4 2 1 1 3532 2025 3493 2104
11319 4 2 1 1 2903 3161 1460 1243
11320 4 2 1 1 3532 3485 3471 1647
11321 4 2 1 1 3447 2106 3555 2152
11322 4 2 1 1 1893 1816 1842 3609
11323 4 2 1 1 2103 1490 1218 1500
11324 4 2 1 1 1490 1219 2103 3609
11325 4 2 1 1 848 3161 2903 3609
11326 4 2 1 1 768 2103 3299 1500
11327 4 2 1 1 1842 1567 3609 94
11328 4 2 1 1 2819 768 2900 3299
11329 4 2 1 1 1652 3512 3374 1812
11330 4 2 1 1 3165 3726 2725 3727
11331 4 2 1 1 3513 3454 3452 3451
11332 4 2 1 1 1824 3582 1825 1675
11333 4 2 1 1 3116 2987 2736 2996
11334 4 2 1 1 2177 3582 3585 3518
11335 4 2 1 1 3751 1931 1928 3620
11336 4 2 1 1 1598 1803 1785 3569
11337 4 2 1 1 376 2621 2622 2623
11338 4 2 1 1 3601 1883 1716 1837
11339 4 2 1 1 3483 1629 3552 3529
11340 4 2 1 1 3031 3542 3519 3382
11341 4 2 1 1 3271 2657 2509 1844
11342 4 2 1 1 64 1032 65 1566
11343 4 2 1 1 3381 3382 3577 1976
11344 4 2 1 1 3653 1978 3429 1977
11345 4 2 1 1 1582 3590 3588 1581
11346 4 2 1 1 3333 3315 2596 3335
11347 4 2 1 1 1585 1586 3587 1583
11348 4 2 1 1 1585 3586 3587 1586
11349 4 2 1 1 3329 1761 3334 3332
11350 4 2 1 1 1761 1759 3334 3332
11351 4 2 1 1 3587 3347 3588 2243
11352 4 2 1 1 3312 2219 3321 3306
11353 4 2 1 1 1838 1816 3598 3161
11354 4 2 1 1 3479 1656 3477 3493
11355 4 2 1 1 3470 1694 3493 3471
11356 4 2 1 1 3545 1838 1700 3598
11357 4 2 1 1 1838 1816 1700 3598
11358 4 2 1 1 1120 1842 3161 3609
11359 4 2 1 1 1886 1875 1852 3299
11360 4 2 1 1 1719 3470 3299 3515
11361 4 2 1 1 2660 2965 2661 2623
11362 4 2 1 1 3017 2015 2016 2017
11363 4 2 1 1 1979 3752 3750 2294
11364 4 2 1 1 2015 3708 3707 2651
11365 4 2 1 1 2605 2699 2651 2700
11366 4 2 1 1 3220 3219 3620 3753
11367 4 2 1 1 3683 3680 3632 3681
11368 4 2 1 1 3630 3626 3629 1906
11369 4 2 1 1 3683 2717 2655 2246
11370 4 2 1 1 2211 2209 2872 2206
11371 4 2 1 1 2216 2215 2655 2246
11372 4 2 1 1 3627 3612 1957 1999
11373 4 2 1 1 3627 3612 3651 1918
11374 4 2 1 1 3748 2093 3746 3747
11375 4 2 1 1 2476 2501 2806 2502
11376 4 2 1 1 3651 3242 3650 1954
11377 4 2 1 1 2499 2807 2806 2502
11378 4 2 1 1 2498 2499 2806 2502
11379 4 2 1 1 3665 3662 2769 2922
11380 4 2 1 1 3661 2768 2769 3076
11381 4 2 1 1 1986 2543 2922 2769
11382 4 2 1 1 2091 2099 2100 2083
11383 4 2 1 1 2322 1917 1918 3650
11384 4 2 1 1 3641 3642 2079 3643
11385 4 2 1 1 3658 2892 1988 3660
11386 4 2 1 1 2543 1986 2922 3659
11387 4 2 1 1 3673 1990 3666 3700
11388 4 2 1 1 2253 2183 3771 2254
11389 4 2 1 1 1990 3675 1988 3671
11390 4 2 1 1 3370 3440 1822 3581
11391 4 2 1 1 3525 2011 2009 3581
11392 4 2 1 1 1642 1798 3423 3525
11393 4 2 1 1 3694 2154 2093 3684
11394 4 2 1 1 3748 2457 2155 3749
11395 4 2 1 1 2518 2517 1910 3681
11396 4 2 1 1 2130 3619 3617 3621
11397 4 2 1 1 3751 1928 3621 3618
11398 4 2 1 1 2518 2517 3681 2374
11399 4 2 1 1 1990 3665 3666 1999
11400 4 2 1 1 1037 845 2545 1489
11401 4 2 1 1 2789 2544 2790 2545
11402 4 2 1 1 2792 3740 2793 3207
11403 4 2 1 1 2081 3631 2093 3747
11404 4 2 1 1 1601 1605 3521 3566
11405 4 2 1 1 2062 3369 3367 3368
11406 4 2 1 1 2442 2201 2447 3185
11407 4 2 1 1 3706 2514 2732 1929
11408 4 2 1 1 2878 2262 2644 2634
11409 4 2 1 1 3705 3634 3635 2023
11410 4 2 1 1 3705 2450 3704 3635
11411 4 2 1 1 1927 3620 1899 1900
11412 4 2 1 1 3751 3220 3620 3750
11413 4 2 1 1 3064 2146 3711 2149
11414 4 2 1 1 3712 3714 3711 2046
11415 4 2 1 1 491 134 132 2698
11416 4 2 1 1 3712 2147 3711 2149
11417 4 2 1 1 3715 3718 3714 3716
11418 4 2 1 1 2094 2458 2131 3747
11419 4 2 1 1 2263 2733 3310 3337
11420 4 2 1 1 2969 3726 3728 2945
11421 4 2 1 1 2364 2841 3717 2658
11422 4 2 1 1 2968 2946 3288 2970
11423 4 2 1 1 2047 3315 3321 2596
11424 4 2 1 1 3338 1756 3339 1757
11425 4 2 1 1 2263 3285 3288 3309
11426 4 2 1 1 3695 2154 3739 2060
11427 4 2 1 1 3748 1978 2155 3742
11428 4 2 1 1 3740 2062 3418 2060
11429 4 2 1 1 3488 3521 2294 2131
11430 4 2 1 1 3740 3418 3738 2060
11431 4 2 1 1 2154 3694 2060 3695
11432 4 2 1 1 2521 2154 2093 3748
11433 4 2 1 1 2517 2521 1910 3681
11434 4 2 1 1 3620 3751 3621 3618
11435 4 2 1 1 3762 3759 3760 3739
11436 4 2 1 1 2521 3748 2093 2457
11437 4 2 1 1 3617 3620 3621 3618
11438 4 2 1 1 2081 3694 2093 3684
11439 4 2 1 1 2493 2526 2586 2524
11440 4 2 1 1 274 2545 2879 2524
11441 4 2 1 1 2792 2154 3207 2791
11442 4 2 1 1 2493 1072 2523 2527
11443 4 2 1 1 2744 2559 2747 2560
11444 4 2 1 1 1190 2932 3050 3146
11445 4 2 1 1 2980 2253 2182 2984
11446 4 2 1 1 1992 3772 2142 3769
11447 4 2 1 1 2183 3770 3771 3769
11448 4 2 1 1 2009 3476 2254 2963
11449 4 2 1 1 2253 3358 3360 2254
11450 4 2 1 1 212 2371 2686 224
11451 4 2 1 1 2805 2559 2747 3018
11452 4 2 1 1 2559 2805 2747 2265
11453 4 2 1 1 2727 2086 2773 2728
11454 4 2 1 1 2747 2087 2729 2773
11455 4 2 1 1 2464 2746 2654 2729
11456 4 2 1 1 2097 2746 2729 2654
11457 4 2 1 1 2430 20 3233 2761
11458 4 2 1 1 2609 2430 3233 2761
11459 4 2 1 1 2319 3234 3229 3233
11460 4 2 1 1 2939 2311 1906 2769
11461 4 2 1 1 1906 3665 3663 2769
11462 4 2 1 1 2939 1906 3663 2769
11463 4 2 1 1 3627 1906 3225 2769
11464 4 2 1 1 3627 3665 1906 2769
11465 4 2 1 1 3249 2626 2780 2704
11466 4 2 1 1 3249 2529 2780 2626
11467 4 2 1 1 790 2478 620 701
11468 4 2 1 1 1987 3249 2780 2704
11469 4 2 1 1 2783 366 2897 2838
11470 4 2 1 1 222 3208 2590 220
11471 4 2 1 1 749 1018 1020 2370
11472 4 2 1 1 2706 2529 857 2780
11473 4 2 1 1 1991 2703 2704 2780
11474 4 2 1 1 1987 1991 2704 2780
11475 4 2 1 1 2199 2532 2629 349
11476 4 2 1 1 2467 2369 3167 2731
11477 4 2 1 1 2492 2489 2459 2687
11478 4 2 1 1 2536 1512 1020 2344
11479 4 2 1 1 1512 1021 1020 2344
11480 4 2 1 1 3745 2063 2687 3742
11481 4 2 1 1 725 1505 3113 884
11482 4 2 1 1 2456 2517 2687 2459
11483 4 2 1 1 2517 2456 2687 2457
11484 4 2 1 1 2833 3745 2160 2687
11485 4 2 1 1 2624 2282 3061 3062
11486 4 2 1 1 2801 2318 3155 2802
11487 4 2 1 1 2567 259 250 2571
11488 4 2 1 1 2318 3198 3155 2802
11489 4 2 1 1 278 2598 279 2571
11490 4 2 1 1 2052 2055 3198 2802
11491 4 2 1 1 2055 2036 3198 2802
11492 4 2 1 1 542 2786 653 543
11493 4 2 1 1 3019 3021 3004 3022
11494 4 2 1 1 2671 2664 2665 341
11495 4 2 1 1 2555 1912 2505 2870
11496 4 2 1 1 2318 3243 2035 2802
11497 4 2 1 1 2556 2113 2666 2557
11498 4 2 1 1 3198 2318 2035 2802
11499 4 2 1 1 2771 2695 2444 2776
11500 4 2 1 1 1076 504 2443 2444
11501 4 2 1 1 2443 2199 2444 2776
11502 4 2 1 1 221 222 2590 220
11503 4 2 1 1 2674 1263 466 1355
11504 4 2 1 1 2800 2249 2250 2251
11505 4 2 1 1 2771 504 613 740
11506 4 2 1 1 3654 507 2813 1481
11507 4 2 1 1 507 1087 2813 1481
11508 4 2 1 1 1182 2836 635 1394
11509 4 2 1 1 2335 2836 2813 635
11510 4 2 1 1 2813 1320 635 1394
11511 4 2 1 1 2250 2800 2251 3656
11512 4 2 1 1 1087 914 2813 1481
11513 4 2 1 1 3137 2202 3025 3189
11514 4 2 1 1 695 3119 2824 3188
11515 4 2 1 1 3119 695 2824 3025
11516 4 2 1 1 1171 605 2835 2754
11517 4 2 1 1 2895 478 476 477
11518 4 2 1 1 2909 2323 1973 2835
11519 4 2 1 1 3122 607 2835 2435
11520 4 2 1 1 2909 607 2323 2835
11521 4 2 1 1 2909 1171 607 2835
11522 4 2 1 1 2754 2909 1973 2835
11523 4 2 1 1 1171 2909 2754 2835
11524 4 2 1 1 3395 3578 3394 3596
11525 4 2 1 1 3158 3226 3266 3247
11526 4 2 1 1 2778 721 719 901
11527 4 2 1 1 3293 3101 3596 2959
11528 4 2 1 1 717 718 719 2999
11529 4 2 1 1 1560 123 1884 2306
11530 4 2 1 1 54 123 1301 1884
11531 4 2 1 1 2165 3395 2846 2940
11532 4 2 1 1 1517 2529 1503 1261
11533 4 2 1 1 3063 2510 2535 2741
11534 4 2 1 1 15 14 2780 114
11535 4 2 1 1 1101 1846 1553 26
11536 4 2 1 1 3395 2165 2846 2166
11537 4 2 1 1 3396 3436 3596 3393
11538 4 2 1 1 3293 3538 3596 3101
11539 4 2 1 1 3396 3539 2166 3596
11540 4 2 1 1 2856 2445 2857 2189
11541 4 2 1 1 1549 126 37 1843
11542 4 2 1 1 2819 2900 2013 3299
11543 4 2 1 1 2445 2777 2857 2189
11544 4 2 1 1 1376 2818 409 407
11545 4 2 1 1 2195 2446 2857 2193
11546 4 2 1 1 1849 60 1374 59
11547 4 2 1 1 2193 2446 2857 2240
11548 4 2 1 1 2776 2856 2857 2842
11549 4 2 1 1 2657 3271 1746 1844
11550 4 2 1 1 3160 3545 3159 3599
11551 4 2 1 1 3271 1733 1734 1746
11552 4 2 1 1 2777 2776 2857 2842
11553 4 2 1 1 1810 1882 1562 2757
11554 4 2 1 1 2445 2856 2857 2776
11555 4 2 1 1 1267 80 1562 102
11556 4 2 1 1 2777 2445 2857 2776
11557 4 2 1 1 2500 17 87 91
11558 4 2 1 1 2712 17 2500 91
11559 4 2 1 1 2143 2500 87 91
11560 4 2 1 1 2143 2501 3150 2498
11561 4 2 1 1 1079 2179 875 102
11562 4 2 1 1 1725 2869 2868 3282
11563 4 2 1 1 2991 3551 3291 2868
11564 4 2 1 1 3551 2991 3073 2868
11565 4 2 1 1 1890 1725 2868 1723
11566 4 2 1 1 3292 1890 2868 1723
11567 4 2 1 1 2940 1129 2908 1130
11568 4 2 1 1 2849 2846 1130 1339
11569 4 2 1 1 2940 2252 2886 1129
11570 4 2 1 1 2585 2549 2524 2586
11571 4 2 1 1 3399 3367 3398 3475
11572 4 2 1 1 2528 3085 3048 3066
11573 4 2 1 1 1543 93 1848 4
11574 4 2 1 1 2790 2545 2524 3207
11575 4 2 1 1 131 133 2698 132
11576 4 2 1 1 1036 133 135 2698
11577 4 2 1 1 131 133 483 2145
11578 4 2 1 1 133 1036 483 2145
11579 4 2 1 1 3760 3739 2524 2061
11580 4 2 1 1 2549 2790 2524 3207
11581 4 2 1 1 2340 3123 296 1342
11582 4 2 1 1 2493 1072 2527 3048
11583 4 2 1 1 2384 144 146 1073
11584 4 2 1 1 2723 541 2571 2658
11585 4 2 1 1 2764 2536 179 2967
11586 4 2 1 1 3215 2369 2536 2967
11587 4 2 1 1 166 167 2966 168
11588 4 2 1 1 1227 2376 858 2375
11589 4 2 1 1 2830 2832 2817 2831
11590 4 2 1 1 925 2377 2966 1235
11591 4 2 1 1 2545 2790 2524 2549
11592 4 2 1 1 274 2545 290 2879
11593 4 2 1 1 289 274 290 2879
11594 4 2 1 1 1010 2555 2890 3147
11595 4 2 1 1 2997 3175 3256 3156
11596 4 2 1 1 2260 749 1020 2370
11597 4 2 1 1 1443 3100 964 1496
11598 4 2 1 1 1010 893 1056 3147
11599 4 2 1 1 3172 3173 3156 2108
11600 4 2 1 1 159 3215 190 1289
11601 4 2 1 1 2891 3172 3156 2108
11602 4 2 1 1 3215 3216 190 3187
11603 4 2 1 1 3215 159 190 3216
11604 4 2 1 1 725 1505 784 3113
11605 4 2 1 1 2520 2157 2791 2687
11606 4 2 1 1 830 831 1005 2249
11607 4 2 1 1 2107 1010 1056 3147
11608 4 2 1 1 2161 2063 2791 2687
11609 4 2 1 1 2518 2517 2372 2520
11610 4 2 1 1 2160 2161 2791 2687
11611 4 2 1 1 2107 1010 3147 2555
11612 4 2 1 1 3256 2107 1056 3147
11613 4 2 1 1 2555 2123 2890 3147
11614 4 2 1 1 1337 3116 3195 744
11615 4 2 1 1 1241 2988 3152 2989
11616 4 2 1 1 977 1369 836 3209
11617 4 2 1 1 2722 223 1273 994
11618 4 2 1 1 846 849 2901 847
11619 4 2 1 1 2374 2456 2739 2455
11620 4 2 1 1 3117 2738 2736 3170
11621 4 2 1 1 2987 1239 510 1357
11622 4 2 1 1 849 2903 2901 847
11623 4 2 1 1 2899 846 2901 847
11624 4 2 1 1 2903 2899 2901 847
11625 4 2 1 1 2019 2018 3017 2901
11626 4 2 1 1 2586 247 261 2546
11627 4 2 1 1 2154 3684 3695 3682
11628 4 2 1 1 650 2511 1994 2002
11629 4 2 1 1 2541 2957 2006 689
11630 4 2 1 1 595 3199 517 2002
11631 4 2 1 1 3245 2384 2571 3715
11632 4 2 1 1 2954 2219 2578 2217
11633 4 2 1 1 269 259 256 2567
11634 4 2 1 1 3016 2019 3017 2901
11635 4 2 1 1 3100 3016 3017 2901
11636 4 2 1 1 2574 2573 2571 2568
11637 4 2 1 1 2465 1217 2751 283
11638 4 2 1 1 1333 3008 2751 3010
11639 4 2 1 1 2834 3745 1980 3743
11640 4 2 1 1 2641 3655 3743 1980
11641 4 2 1 1 3016 3100 2019 2901
11642 4 2 1 1 3093 3008 3183 3010
11643 4 2 1 1 1157 2598 278 292
11644 4 2 1 1 287 2598 278 1157
11645 4 2 1 1 2014 2605 2601 2604
11646 4 2 1 1 2600 3011 2601 2021
11647 4 2 1 1 2600 2618 2601 3011
11648 4 2 1 1 2607 2603 2601 2021
11649 4 2 1 1 698 595 2002 2923
11650 4 2 1 1 3199 2310 2002 2923
11651 4 2 1 1 3672 3034 2982 2984
11652 4 2 1 1 1156 3024 2984 440
11653 4 2 1 1 299 281 2982 300
11654 4 2 1 1 281 2150 2982 1151
11655 4 2 1 1 2981 2983 2182 2982
11656 4 2 1 1 595 3199 2002 2923
11657 4 2 1 1 2177 2176 2934 2820
11658 4 2 1 1 2815 2816 2773 2072
11659 4 2 1 1 2270 1952 3178 2120
11660 4 2 1 1 307 306 2654 308
11661 4 2 1 1 2176 2858 2934 2820
11662 4 2 1 1 326 2749 327 323
11663 4 2 1 1 2763 1956 2426 1972
11664 4 2 1 1 1197 3028 2934 3087
11665 4 2 1 1 2528 1197 2934 3087
11666 4 2 1 1 2528 2523 2527 2934
11667 4 2 1 1 3085 2528 2527 2934
11668 4 2 1 1 2744 321 322 2559
11669 4 2 1 1 331 1010 333 2555
11670 4 2 1 1 3267 2119 2556 2112
11671 4 2 1 1 339 3267 1007 2112
11672 4 2 1 1 2870 2691 2557 1913
11673 4 2 1 1 2112 2555 2123 2557
11674 4 2 1 1 2667 2125 1913 2557
11675 4 2 1 1 2523 2933 2527 2934
11676 4 2 1 1 343 2664 344 2775
11677 4 2 1 1 343 342 344 2664
11678 4 2 1 1 2775 2114 2629 2443
11679 4 2 1 1 2933 3085 2527 2934
11680 4 2 1 1 2796 2233 2185 351
11681 4 2 1 1 2370 747 2634 748
11682 4 2 1 1 2921 2366 2725 2945
11683 4 2 1 1 3226 900 1161 1448
11684 4 2 1 1 2366 2921 3728 2945
11685 4 2 1 1 2260 2370 2634 748
11686 4 2 1 1 3648 2051 2673 2262
11687 4 2 1 1 515 629 538 2956
11688 4 2 1 1 2942 515 538 2956
11689 4 2 1 1 2896 366 2897 2783
11690 4 2 1 1 629 515 2943 2956
11691 4 2 1 1 343 2775 344 377
11692 4 2 1 1 2136 2799 2857 2193
11693 4 2 1 1 1253 346 2199 2443
11694 4 2 1 1 2671 3042 2775 377
11695 4 2 1 1 3042 2671 494 377
11696 4 2 1 1 3042 2695 2775 377
11697 4 2 1 1 2695 3042 494 377
11698 4 2 1 1 2351 629 2956 2615
11699 4 2 1 1 629 2351 2956 2943
11700 4 2 1 1 156 2764 179 2967
11701 4 2 1 1 2264 391 392 389
11702 4 2 1 1 2537 2536 2764 2967
11703 4 2 1 1 3153 2537 2764 2967
11704 4 2 1 1 3153 3215 2203 2967
11705 4 2 1 1 1205 2637 2809 400
11706 4 2 1 1 2637 401 400 399
11707 4 2 1 1 2537 3153 2203 2967
11708 4 2 1 1 3297 1561 1291 1892
11709 4 2 1 1 1121 3297 1291 1892
11710 4 2 1 1 537 2976 2978 1117
11711 4 2 1 1 3108 2937 2608 2938
11712 4 2 1 1 2334 2942 2941 2633
11713 4 2 1 1 3298 3605 2167 2978
11714 4 2 1 1 2606 2632 2700 2941
11715 4 2 1 1 2558 2830 2608 2607
11716 4 2 1 1 2685 1981 2813 2837
11717 4 2 1 1 738 3605 3298 2978
11718 4 2 1 1 1897 2460 2129 2490
11719 4 2 1 1 2855 3298 2167 2978
11720 4 2 1 1 1015 2641 2465 2251
11721 4 2 1 1 1017 1018 3167 1019
11722 4 2 1 1 3215 2203 2466 2204
11723 4 2 1 1 819 2855 631 2978
11724 4 2 1 1 2855 819 3298 2978
11725 4 2 1 1 738 819 631 2978
11726 4 2 1 1 819 738 3298 2978
11727 4 2 1 1 3060 2660 455 457
11728 4 2 1 1 453 3060 2660 455
11729 4 2 1 1 2660 542 1023 455
11730 4 2 1 1 208 2159 745 2686
11731 4 2 1 1 2159 465 1236 1269
11732 4 2 1 1 2496 2286 2284 2454
11733 4 2 1 1 2895 2561 476 2428
11734 4 2 1 1 430 2561 476 2895
11735 4 2 1 1 2561 1138 476 2428
11736 4 2 1 1 2561 430 476 1138
11737 4 2 1 1 2591 2577 2578 2568
11738 4 2 1 1 716 717 3266 2999
11739 4 2 1 1 2697 2140 2039 3000
11740 4 2 1 1 1332 2554 2636 2505
11741 4 2 1 1 3074 3060 3062 3152
11742 4 2 1 1 3060 2988 3062 3152
11743 4 2 1 1 2987 1239 1357 1240
11744 4 2 1 1 454 1215 509 2988
11745 4 2 1 1 2519 2157 2520 2687
11746 4 2 1 1 3756 3766 2220 3768
11747 4 2 1 1 2141 2140 2697 3000
11748 4 2 1 1 2976 537 649 1117
11749 4 2 1 1 2033 2044 2039 3000
11750 4 2 1 1 2044 2033 2141 3000
11751 4 2 1 1 551 442 531 2551
11752 4 2 1 1 754 2377 1180 755
11753 4 2 1 1 2684 340 2622 1309
11754 4 2 1 1 2660 2770 1023 542
11755 4 2 1 1 542 2770 1023 814
11756 4 2 1 1 2044 2141 2697 3000
11757 4 2 1 1 3060 456 455 454
11758 4 2 1 1 1712 1740 3607 1713
11759 4 2 1 1 871 3289 2822 1251
11760 4 2 1 1 2376 2638 2378 2379
11761 4 2 1 1 564 562 712 2934
11762 4 2 1 1 3057 176 3011 492
11763 4 2 1 1 2176 2177 2934 3028
11764 4 2 1 1 1197 562 2934 712
11765 4 2 1 1 3028 1197 2934 712
11766 4 2 1 1 3183 1409 575 1228
11767 4 2 1 1 2605 2603 2601 2607
11768 4 2 1 1 1226 1303 575 2652
11769 4 2 1 1 2600 2618 3011 2302
11770 4 2 1 1 2650 2014 2601 2647
11771 4 2 1 1 588 3008 586 867
11772 4 2 1 1 176 181 3011 492
11773 4 2 1 1 3019 496 3004 3021
11774 4 2 1 1 1414 640 965 2929
11775 4 2 1 1 3042 3002 3043 3004
11776 4 2 1 1 3223 2067 3222 3221
11777 4 2 1 1 3039 3049 3022 3021
11778 4 2 1 1 2854 737 2853 609
11779 4 2 1 1 735 2854 609 736
11780 4 2 1 1 3053 2854 2852 608
11781 4 2 1 1 1186 3053 2852 608
11782 4 2 1 1 1384 3056 909 920
11783 4 2 1 1 2432 2497 2758 2324
11784 4 2 1 1 3049 3039 3022 2356
11785 4 2 1 1 3001 2143 2144 2386
11786 4 2 1 1 728 2719 2404 633
11787 4 2 1 1 3263 2387 2694 2224
11788 4 2 1 1 2931 885 2252 1339
11789 4 2 1 1 2617 3182 3022 2304
11790 4 2 1 1 3053 3054 2217 2853
11791 4 2 1 1 2304 3182 3022 3135
11792 4 2 1 1 2008 2924 3033 3674
11793 4 2 1 1 2070 1025 2828 1183
11794 4 2 1 1 2066 1025 2085 2828
11795 4 2 1 1 3157 936 2828 3222
11796 4 2 1 1 815 3157 1155 1183
11797 4 2 1 1 1989 2008 3033 3674
11798 4 2 1 1 596 1321 965 2929
11799 4 2 1 1 2085 1025 965 641
11800 4 2 1 1 2150 3034 1989 3033
11801 4 2 1 1 2924 3697 3033 3674
11802 4 2 1 1 2836 651 652 600
11803 4 2 1 1 3697 2924 3033 2925
11804 4 2 1 1 3051 3697 3674 3033
11805 4 2 1 1 2925 3697 3051 3033
11806 4 2 1 1 2150 1989 2008 3033
11807 4 2 1 1 2924 2150 2008 3033
11808 4 2 1 1 2654 2464 1078 3044
11809 4 2 1 1 669 3097 1181 666
11810 4 2 1 1 3118 870 669 1181
11811 4 2 1 1 2464 2472 1078 3044
11812 4 2 1 1 2472 2464 2654 3044
11813 4 2 1 1 2822 2821 2819 2553
11814 4 2 1 1 2604 2607 2601 2021
11815 4 2 1 1 402 401 403 2378
11816 4 2 1 1 2152 2151 2864 3482
11817 4 2 1 1 2866 2865 2864 3092
11818 4 2 1 1 2983 929 930 557
11819 4 2 1 1 2781 1112 1364 1293
11820 4 2 1 1 2605 2607 2601 2604
11821 4 2 1 1 2961 2781 2337 1158
11822 4 2 1 1 1369 835 3044 1262
11823 4 2 1 1 2961 1293 1364 685
11824 4 2 1 1 3084 2876 3114 2389
11825 4 2 1 1 2318 3198 3188 2824
11826 4 2 1 1 2823 1395 2824 1423
11827 4 2 1 1 3187 3137 693 3025
11828 4 2 1 1 3155 3197 3196 2897
11829 4 2 1 1 2351 908 1232 1433
11830 4 2 1 1 2472 835 928 3044
11831 4 2 1 1 819 1058 1410 3277
11832 4 2 1 1 908 2351 1232 1345
11833 4 2 1 1 707 1083 2615 792
11834 4 2 1 1 2701 2942 538 2956
11835 4 2 1 1 1934 2040 2039 2055
11836 4 2 1 1 3053 2854 3302 3055
11837 4 2 1 1 2854 3053 3054 3055
11838 4 2 1 1 736 2854 3277 1207
11839 4 2 1 1 2854 736 3277 3054
11840 4 2 1 1 3093 1202 1466 1229
11841 4 2 1 1 2642 3183 458 3010
11842 4 2 1 1 2854 3056 3055 3277
11843 4 2 1 1 3054 3326 3277 3055
11844 4 2 1 1 3008 1333 458 3010
11845 4 2 1 1 3067 3071 3069 3070
11846 4 2 1 1 3068 3085 3066 3518
11847 4 2 1 1 3623 3631 3749 3618
11848 4 2 1 1 3623 1919 3631 3618
11849 4 2 1 1 3085 3086 3066 3518
11850 4 2 1 1 750 749 2260 748
11851 4 2 1 1 3737 3735 3736 2262
11852 4 2 1 1 751 752 1383 2258
11853 4 2 1 1 2538 3646 2644 2612
11854 4 2 1 1 750 841 752 2258
11855 4 2 1 1 3067 3068 3087 3066
11856 4 2 1 1 2525 3067 3087 3066
11857 4 2 1 1 2814 705 2813 762
11858 4 2 1 1 507 2814 3654 2813
11859 4 2 1 1 3068 2058 3518 3066
11860 4 2 1 1 1084 974 2308 774
11861 4 2 1 1 2058 3086 3518 3066
11862 4 2 1 1 3661 3664 3077 3666
11863 4 2 1 1 564 2710 2523 2934
11864 4 2 1 1 2992 2710 2820 2711
11865 4 2 1 1 2058 3086 3066 3145
11866 4 2 1 1 3204 2007 2008 3077
11867 4 2 1 1 2003 3662 3077 3666
11868 4 2 1 1 203 2488 204 2486
11869 4 2 1 1 795 1477 3265 818
11870 4 2 1 1 3594 3311 3295 3595
11871 4 2 1 1 1477 872 2971 818
11872 4 2 1 1 3264 2969 2367 3595
11873 4 2 1 1 2157 2789 806 2544
11874 4 2 1 1 808 809 2544 806
11875 4 2 1 1 2157 808 2544 806
11876 4 2 1 1 3664 2003 3077 3666
11877 4 2 1 1 3675 2003 3662 3077
11878 4 2 1 1 2003 3675 2008 3077
11879 4 2 1 1 3204 3675 3662 3077
11880 4 2 1 1 3675 3204 2008 3077
11881 4 2 1 1 2187 3212 2298 3088
11882 4 2 1 1 2852 2591 686 487
11883 4 2 1 1 793 2599 828 686
11884 4 2 1 1 3212 2187 3210 3088
11885 4 2 1 1 2187 170 3210 3088
11886 4 2 1 1 2018 3017 3099 2016
11887 4 2 1 1 2899 2900 2901 3099
11888 4 2 1 1 2354 632 971 1314
11889 4 2 1 1 2899 2907 2900 3099
11890 4 2 1 1 2902 3160 2903 850
11891 4 2 1 1 3160 907 2903 850
11892 4 2 1 1 1105 420 3099 2901
11893 4 2 1 1 1712 3599 3607 1874
11894 4 2 1 1 2907 2297 3099 1416
11895 4 2 1 1 1407 3067 861 733
11896 4 2 1 1 57 56 1008 1565
11897 4 2 1 1 1341 2461 861 1485
11898 4 2 1 1 2899 1105 3099 2901
11899 4 2 1 1 1105 2899 3099 2907
11900 4 2 1 1 816 782 1305 2056
11901 4 2 1 1 2970 3265 3295 3595
11902 4 2 1 1 2594 2599 2593 3264
11903 4 2 1 1 3294 3133 2971 2970
11904 4 2 1 1 1946 1963 1965 2109
11905 4 2 1 1 2755 1535 2116 2556
11906 4 2 1 1 3203 2118 873 2116
11907 4 2 1 1 1535 1007 1488 2116
11908 4 2 1 1 3281 2914 3200 2915
11909 4 2 1 1 1440 2187 3110 2530
11910 4 2 1 1 2187 3112 3110 2530
11911 4 2 1 1 1172 753 3110 3124
11912 4 2 1 1 3292 1872 1749 1559
11913 4 2 1 1 753 1172 3110 1440
11914 4 2 1 1 922 2318 1327 1425
11915 4 2 1 1 1464 1542 3102 1858
11916 4 2 1 1 539 2959 8 2280
11917 4 2 1 1 2772 2188 3125 3080
11918 4 2 1 1 112 9 2280 1302
11919 4 2 1 1 1172 2187 3110 1440
11920 4 2 1 1 2204 2467 3121 2466
11921 4 2 1 1 2319 2759 3233 3229
11922 4 2 1 1 2530 2467 3121 2204
11923 4 2 1 1 2157 938 1269 745
11924 4 2 1 1 2157 808 938 1304
11925 4 2 1 1 324 320 2560 2265
11926 4 2 1 1 1366 2815 960 791
11927 4 2 1 1 1366 2296 960 2815
11928 4 2 1 1 959 702 2312 450
11929 4 2 1 1 738 820 3298 1287
11930 4 2 1 1 735 3056 1207 920
11931 4 2 1 1 2885 2886 2883 3427
11932 4 2 1 1 1039 971 840 2353
11933 4 2 1 1 2152 2864 3092 3482
11934 4 2 1 1 2889 2865 2864 2809
11935 4 2 1 1 2256 2827 2644 2054
11936 4 2 1 1 2878 2259 3736 2262
11937 4 2 1 1 2637 1205 2809 2867
11938 4 2 1 1 3193 2033 993 992
11939 4 2 1 1 1519 1525 3132 668
11940 4 2 1 1 2261 2260 2644 2634
11941 4 2 1 1 2920 2921 2725 2958
11942 4 2 1 1 2866 2865 642 2861
11943 4 2 1 1 2920 2365 2725 2921
11944 4 2 1 1 2255 951 1439 1504
11945 4 2 1 1 2255 2365 699 1504
11946 4 2 1 1 3653 2026 2800 3656
11947 4 2 1 1 1182 914 912 2251
11948 4 2 1 1 507 3654 2642 1481
11949 4 2 1 1 670 669 3132 869
11950 4 2 1 1 298 2641 2251 2642
11951 4 2 1 1 2234 670 3132 869
11952 4 2 1 1 3075 669 3132 3097
11953 4 2 1 1 2649 2359 2328 2647
11954 4 2 1 1 2212 247 2546 231
11955 4 2 1 1 273 2493 2585 2524
11956 4 2 1 1 1113 1380 2544 2545
11957 4 2 1 1 379 2932 289 290
11958 4 2 1 1 1252 263 2586 261
11959 4 2 1 1 2234 3075 3132 3097
11960 4 2 1 1 3075 2234 3132 869
11961 4 2 1 1 1387 3089 1164 1048
11962 4 2 1 1 2909 1387 1048 3089
11963 4 2 1 1 1387 2909 1048 1171
11964 4 2 1 1 545 544 605 2787
11965 4 2 1 1 669 3075 3132 869
11966 4 2 1 1 483 131 2144 1059
11967 4 2 1 1 3001 483 2144 1059
11968 4 2 1 1 2140 3001 1422 483
11969 4 2 1 1 3001 483 1059 1422
11970 4 2 1 1 2799 3104 2676 2193
11971 4 2 1 1 3194 3216 3131 3143
11972 4 2 1 1 3194 2202 3216 3143
11973 4 2 1 1 3142 2202 3025 3143
11974 4 2 1 1 1857 1032 3577 1566
11975 4 2 1 1 3183 2652 3095 3577
11976 4 2 1 1 3542 3429 3572 3504
11977 4 2 1 1 1032 95 2679 1855
11978 4 2 1 1 2652 1303 3095 3577
11979 4 2 1 1 3141 3142 3025 3143
11980 4 2 1 1 677 3005 1092 3072
11981 4 2 1 1 1094 677 1092 3072
11982 4 2 1 1 1543 1102 40 1851
11983 4 2 1 1 3137 3194 3131 3143
11984 4 2 1 1 42 43 1847 110
11985 4 2 1 1 908 3160 2350 899
11986 4 2 1 1 1103 1556 3599 110
11987 4 2 1 1 907 3160 1437 3599
11988 4 2 1 1 882 1483 1114 3211
11989 4 2 1 1 882 1483 3211 3127
11990 4 2 1 1 3253 3154 3254 3211
11991 4 2 1 1 3253 882 1114 3211
11992 4 2 1 1 3137 2202 3194 3143
11993 4 2 1 1 2888 1131 1126 3272
11994 4 2 1 1 3605 738 1287 766
11995 4 2 1 1 3137 3141 3025 3143
11996 4 2 1 1 2202 3137 3025 3143
11997 4 2 1 1 2559 320 949 2265
11998 4 2 1 1 430 2267 470 429
11999 4 2 1 1 2635 2551 2634 2644
12000 4 2 1 1 3061 2624 2623 2661
12001 4 2 1 1 3631 3749 3618 1911
12002 4 2 1 1 1919 3631 3618 1911
12003 4 2 1 1 3140 3630 3629 1906
12004 4 2 1 1 1253 1076 2444 1272
12005 4 2 1 1 3060 3061 2623 2661
12006 4 2 1 1 354 1253 2444 1272
12007 4 2 1 1 3061 3060 2623 3059
12008 4 2 1 1 2337 2781 1364 1158
12009 4 2 1 1 2987 2988 2989 3059
12010 4 2 1 1 1728 3274 2306 1747
12011 4 2 1 1 2866 3269 3280 3431
12012 4 2 1 1 2961 2781 1364 1293
12013 4 2 1 1 3256 2997 1367 671
12014 4 2 1 1 1010 339 3267 1529
12015 4 2 1 1 658 2997 660 671
12016 4 2 1 1 1377 881 1225 3163
12017 4 2 1 1 1567 46 1104 94
12018 4 2 1 1 3274 1696 3431 3287
12019 4 2 1 1 2378 403 404 2379
12020 4 2 1 1 1747 1884 2305 2306
12021 4 2 1 1 1747 1560 1884 2306
12022 4 2 1 1 3175 2997 2998 3174
12023 4 2 1 1 765 2569 1372 2566
12024 4 2 1 1 2569 1351 1372 2570
12025 4 2 1 1 141 2566 1191 143
12026 4 2 1 1 3035 1959 3174 2268
12027 4 2 1 1 2998 1959 3174 3035
12028 4 2 1 1 3010 3008 2751 3743
12029 4 2 1 1 1959 3175 3174 2268
12030 4 2 1 1 508 1213 609 2853
12031 4 2 1 1 820 1268 1254 3298
12032 4 2 1 1 3175 1959 3174 2998
12033 4 2 1 1 3706 1899 3214 3185
12034 4 2 1 1 3213 3706 3214 3185
12035 4 2 1 1 2645 2812 2447 3185
12036 4 2 1 1 187 1475 235 2604
12037 4 2 1 1 2605 615 2607 986
12038 4 2 1 1 1475 188 2604 187
12039 4 2 1 1 2645 3213 2812 3185
12040 4 2 1 1 2645 2514 3213 3185
12041 4 2 1 1 2514 2645 2300 3185
12042 4 2 1 1 2377 2467 1235 2731
12043 4 2 1 1 2467 1498 1235 2731
12044 4 2 1 1 757 2377 755 758
12045 4 2 1 1 2514 3213 3185 3706
12046 4 2 1 1 2300 2514 3185 3706
12047 4 2 1 1 497 2671 1246 378
12048 4 2 1 1 2674 3142 3103 3114
12049 4 2 1 1 203 2488 780 1257
12050 4 2 1 1 203 2488 205 204
12051 4 2 1 1 1398 1274 2465 915
12052 4 2 1 1 2489 205 246 2640
12053 4 2 1 1 3094 3601 2065 3095
12054 4 2 1 1 2823 3083 2824 3114
12055 4 2 1 1 2231 3104 3114 2228
12056 4 2 1 1 34 1880 1268 1554
12057 4 2 1 1 819 1058 3298 820
12058 4 2 1 1 3755 3766 2976 2167
12059 4 2 1 1 233 232 2212 228
12060 4 2 1 1 2520 2371 2372 2153
12061 4 2 1 1 3104 2876 3114 2228
12062 4 2 1 1 2202 3142 3025 3114
12063 4 2 1 1 2492 2129 2459 2489
12064 4 2 1 1 2547 2548 2549 2520
12065 4 2 1 1 2517 2371 2455 2372
12066 4 2 1 1 3557 3024 2915 2845
12067 4 2 1 1 2549 2154 3207 3761
12068 4 2 1 1 1697 1861 3602 3434
12069 4 2 1 1 1154 2991 1353 704
12070 4 2 1 1 1480 889 2305 1301
12071 4 2 1 1 177 2327 3218 3011
12072 4 2 1 1 1480 889 2947 2305
12073 4 2 1 1 1729 1560 2306 1862
12074 4 2 1 1 1222 123 1377 2306
12075 4 2 1 1 1336 2770 2504 2636
12076 4 2 1 1 1336 2504 337 2636
12077 4 2 1 1 874 1535 1488 2116
12078 4 2 1 1 3254 3212 3255 2186
12079 4 2 1 1 2723 1123 1323 699
12080 4 2 1 1 2723 2255 699 1323
12081 4 2 1 1 2255 951 699 1323
12082 4 2 1 1 3479 3545 2019 3449
12083 4 2 1 1 2917 1102 1334 1506
12084 4 2 1 1 3254 3184 2186 3255
12085 4 2 1 1 3135 3027 3254 3218
12086 4 2 1 1 3217 3027 3135 3218
12087 4 2 1 1 3568 1741 2916 1878
12088 4 2 1 1 3230 3151 3229 1260
12089 4 2 1 1 2943 3016 2941 3015
12090 4 2 1 1 3234 3205 2479 3229
12091 4 2 1 1 3016 2943 2350 3015
12092 4 2 1 1 3230 3234 2479 3229
12093 4 2 1 1 3205 1299 2479 3229
12094 4 2 1 1 3576 3601 3577 3095
12095 4 2 1 1 706 896 2509 2657
12096 4 2 1 1 1299 3230 2479 3229
12097 4 2 1 1 1494 3230 3229 1260
12098 4 2 1 1 3175 2997 3173 3156
12099 4 2 1 1 2997 3175 3173 3174
12100 4 2 1 1 3129 3175 2268 3174
12101 4 2 1 1 2108 2891 2890 3156
12102 4 2 1 1 2562 2805 3178 2265
12103 4 2 1 1 1091 86 1385 3091
12104 4 2 1 1 2719 1378 1408 3258
12105 4 2 1 1 864 97 2462 1374
12106 4 2 1 1 3303 2678 3603 1819
12107 4 2 1 1 2461 2056 2462 3105
12108 4 2 1 1 89 1494 3229 1260
12109 4 2 1 1 2483 2387 3240 2320
12110 4 2 1 1 2212 2209 2718 3251
12111 4 2 1 1 3292 1134 1412 2991
12112 4 2 1 1 75 76 1559 1400
12113 4 2 1 1 1860 3281 1559 1400
12114 4 2 1 1 2307 2212 2718 3251
12115 4 2 1 1 2212 2307 2209 3251
12116 4 2 1 1 2206 2208 2872 2210
12117 4 2 1 1 1358 3128 873 3203
12118 4 2 1 1 2396 2118 3128 3203
12119 4 2 1 1 2118 1435 1411 873
12120 4 2 1 1 1271 3001 1088 1422
12121 4 2 1 1 3251 1985 2872 3667
12122 4 2 1 1 2140 1292 910 3123
12123 4 2 1 1 2479 2480 1089 1467
12124 4 2 1 1 779 2351 1232 629
12125 4 2 1 1 3668 3684 3682 1998
12126 4 2 1 1 2209 2718 3251 1995
12127 4 2 1 1 3668 2209 3251 1995
12128 4 2 1 1 1334 2351 1232 1433
12129 4 2 1 1 2351 1334 1232 792
12130 4 2 1 1 2726 384 1247 2592
12131 4 2 1 1 2408 2406 2694 3262
12132 4 2 1 1 2946 2947 802 800
12133 4 2 1 1 2467 2731 2513 2531
12134 4 2 1 1 1022 925 2966 1455
12135 4 2 1 1 166 168 2966 1455
12136 4 2 1 1 2467 1235 180 2966
12137 4 2 1 1 729 3094 590 730
12138 4 2 1 1 2406 2408 2407 3262
12139 4 2 1 1 2406 2693 2694 3262
12140 4 2 1 1 3094 729 953 954
12141 4 2 1 1 2693 2406 2407 3262
12142 4 2 1 1 953 2678 954 121
12143 4 2 1 1 3270 3134 3514 3273
12144 4 2 1 1 872 2419 2971 818
12145 4 2 1 1 1674 3363 3364 3273
12146 4 2 1 1 3053 687 2960 3279
12147 4 2 1 1 3363 1674 3514 3273
12148 4 2 1 1 3190 3134 2619 3273
12149 4 2 1 1 883 3267 3036 2116
12150 4 2 1 1 3134 3190 3558 3273
12151 4 2 1 1 883 3267 1056 1169
12152 4 2 1 1 339 3267 1488 1007
12153 4 2 1 1 962 2004 963 891
12154 4 2 1 1 1748 3133 3294 3284
12155 4 2 1 1 3286 3133 1748 3284
12156 4 2 1 1 1748 3286 3284 1752
12157 4 2 1 1 1572 1748 3284 1752
12158 4 2 1 1 2292 2249 230 1005
12159 4 2 1 1 2248 831 2249 1005
12160 4 2 1 1 3296 2969 3288 2970
12161 4 2 1 1 2257 2969 3288 2945
12162 4 2 1 1 1572 1573 3284 3295
12163 4 2 1 1 1572 1571 1573 3295
12164 4 2 1 1 3294 2970 3295 3284
12165 4 2 1 1 2970 3294 3295 3265
12166 4 2 1 1 1572 3294 3295 3284
12167 4 2 1 1 3152 1241 2989 785
12168 4 2 1 1 3195 2987 2989 3170
12169 4 2 1 1 908 2351 2893 1433
12170 4 2 1 1 3449 3465 1713 3464
12171 4 2 1 1 1572 2420 3295 3294
12172 4 2 1 1 124 1102 2893 1851
12173 4 2 1 1 34 108 35 1554
12174 4 2 1 1 3305 3308 3306 1830
12175 4 2 1 1 3312 3305 3306 1830
12176 4 2 1 1 56 120 1511 1889
12177 4 2 1 1 1879 57 1008 1565
12178 4 2 1 1 3594 3308 3306 2367
12179 4 2 1 1 3322 3594 3306 2367
12180 4 2 1 1 1789 1762 3390 1588
12181 4 2 1 1 2450 3705 3343 2243
12182 4 2 1 1 3314 1754 3332 3334
12183 4 2 1 1 3589 3591 3310 1753
12184 4 2 1 1 3422 1693 3412 3486
12185 4 2 1 1 3534 3487 1590 3584
12186 4 2 1 1 1574 3308 3306 3594
12187 4 2 1 1 3322 1574 3306 3594
12188 4 2 1 1 3586 3340 1586 1768
12189 4 2 1 1 2855 3326 2217 3317
12190 4 2 1 1 3565 3499 1785 1598
12191 4 2 1 1 3473 3528 3497 1925
12192 4 2 1 1 3439 2855 3317 3326
12193 4 2 1 1 3439 3413 3317 2855
12194 4 2 1 1 1661 1677 1676 3317
12195 4 2 1 1 1788 1634 1632 3517
12196 4 2 1 1 3491 1633 3559 3517
12197 4 2 1 1 3449 2350 3464 3607
12198 4 2 1 1 3319 1677 1661 3317
12199 4 2 1 1 3465 3490 3463 3466
12200 4 2 1 1 1982 3579 3466 3563
12201 4 2 1 1 3402 1660 3317 3401
12202 4 2 1 1 1788 1656 3477 1632
12203 4 2 1 1 3491 3490 3484 1621
12204 4 2 1 1 3484 1609 3430 1621
12205 4 2 1 1 3484 3491 1621 3559
12206 4 2 1 1 1609 1792 3430 1621
12207 4 2 1 1 3484 1609 1621 1620
12208 4 2 1 1 3524 3490 1631 1621
12209 4 2 1 1 1623 3516 1642 1616
12210 4 2 1 1 3402 3413 3317 1660
12211 4 2 1 1 3589 3336 3310 3337
12212 4 2 1 1 3523 3461 3460 2963
12213 4 2 1 1 2596 3591 3328 3310
12214 4 2 1 1 1786 1611 3460 3438
12215 4 2 1 1 3316 2413 2963 3460
12216 4 2 1 1 2180 3440 3375 3364
12217 4 2 1 1 3082 3006 2564 3072
12218 4 2 1 1 3363 3374 3511 2174
12219 4 2 1 1 1794 1805 1667 3526
12220 4 2 1 1 1758 3285 3310 3309
12221 4 2 1 1 1876 2670 1782 1561
12222 4 2 1 1 3300 1783 1701 3283
12223 4 2 1 1 1781 1696 3467 3431
12224 4 2 1 1 2733 3589 3591 3310
12225 4 2 1 1 3582 3597 3087 3585
12226 4 2 1 1 2263 3285 3309 3310
12227 4 2 1 1 3512 1652 1675 1812
12228 4 2 1 1 2177 3582 3087 3585
12229 4 2 1 1 1732 1679 3519 1680
12230 4 2 1 1 3601 3535 1716 2678
12231 4 2 1 1 3303 3094 2064 3603
12232 4 2 1 1 1770 3369 1687 3367
12233 4 2 1 1 1688 3458 1686 1687
12234 4 2 1 1 3458 1688 1689 1687
12235 4 2 1 1 2263 2733 2596 3310
12236 4 2 1 1 3458 3367 1686 1687
12237 4 2 1 1 2913 3600 3602 3384
12238 4 2 1 1 1150 3281 2914 3602
12239 4 2 1 1 3435 1670 3547 1672
12240 4 2 1 1 3591 3589 3339 1580
12241 4 2 1 1 3384 3600 3602 1836
12242 4 2 1 1 3286 1748 1708 1752
12243 4 2 1 1 3590 3591 3339 1580
12244 4 2 1 1 2042 2243 3588 3339
12245 4 2 1 1 3590 2042 3588 3339
12246 4 2 1 1 2596 2042 3339 2243
12247 4 2 1 1 3296 2969 2367 3288
12248 4 2 1 1 1649 3330 3324 3437
12249 4 2 1 1 2822 3290 3515 3533
12250 4 2 1 1 3701 2819 2900 2013
12251 4 2 1 1 420 1105 1443 2901
12252 4 2 1 1 3447 3532 3471 2104
12253 4 2 1 1 2596 3590 3339 2042
12254 4 2 1 1 3351 3501 3350 3507
12255 4 2 1 1 108 1131 1854 3272
12256 4 2 1 1 594 2570 1372 1100
12257 4 2 1 1 537 630 631 2978
12258 4 2 1 1 1854 2888 1730 3272
12259 4 2 1 1 3501 3351 3350 3459
12260 4 2 1 1 1734 1818 1808 3540
12261 4 2 1 1 3545 1712 3449 1669
12262 4 2 1 1 2484 2485 1746 2657
12263 4 2 1 1 3542 3504 3541 3519
12264 4 2 1 1 1733 3271 3541 3519
12265 4 2 1 1 3546 1734 1808 3540
12266 4 2 1 1 3594 1575 1573 1576
12267 4 2 1 1 3348 1695 3350 3459
12268 4 2 1 1 1695 3348 3350 3349
12269 4 2 1 1 3348 3351 3459 3350
12270 4 2 1 1 3351 3348 3349 3350
12271 4 2 1 1 1815 1814 3361 1724
12272 4 2 1 1 3525 1798 3423 3581
12273 4 2 1 1 3394 3395 3574 3427
12274 4 2 1 1 376 452 2623 453
12275 4 2 1 1 1618 3388 3502 1807
12276 4 2 1 1 2847 3351 3459 3348
12277 4 2 1 1 3315 2047 2597 3731
12278 4 2 1 1 3380 2047 2597 3315
12279 4 2 1 1 1699 3421 1724 3536
12280 4 2 1 1 452 3060 2623 453
12281 4 2 1 1 3472 1589 1762 1592
12282 4 2 1 1 1594 3528 1592 1591
12283 4 2 1 1 3536 1699 1723 1724
12284 4 2 1 1 3454 3762 2060 2178
12285 4 2 1 1 3622 2413 2094 2082
12286 4 2 1 1 3424 3377 3420 3409
12287 4 2 1 1 3316 3523 3460 2963
12288 4 2 1 1 1689 1722 3372 1775
12289 4 2 1 1 3527 3303 3416 3535
12290 4 2 1 1 3303 1688 3416 3535
12291 4 2 1 1 3608 3371 3372 1775
12292 4 2 1 1 3417 3608 3372 1775
12293 4 2 1 1 2485 3271 1746 2657
12294 4 2 1 1 1839 3568 1741 1818
12295 4 2 1 1 1839 2485 3568 1818
12296 4 2 1 1 3388 3502 3383 3389
12297 4 2 1 1 3115 3568 2614 3563
12298 4 2 1 1 3271 1733 1746 1844
12299 4 2 1 1 2847 3348 3459 3383
12300 4 2 1 1 3314 1754 1829 1755
12301 4 2 1 1 3389 3316 3573 3383
12302 4 2 1 1 3389 2847 3316 3383
12303 4 2 1 1 2915 2991 3200 1412
12304 4 2 1 1 105 3281 1150 3602
12305 4 2 1 1 1539 3281 3602 1840
12306 4 2 1 1 124 1103 41 1851
12307 4 2 1 1 3115 1982 2916 3464
12308 4 2 1 1 1740 1556 1874 3607
12309 4 2 1 1 3316 3459 3573 3383
12310 4 2 1 1 1102 93 1543 4
12311 4 2 1 1 1556 1103 1851 41
12312 4 2 1 1 124 1102 1851 40
12313 4 2 1 1 3287 3309 3467 2985
12314 4 2 1 1 2670 1782 3280 3269
12315 4 2 1 1 3297 1783 3283 1782
12316 4 2 1 1 1560 1728 2306 1747
12317 4 2 1 1 2670 3297 1782 1561
12318 4 2 1 1 1782 2670 1544 3269
12319 4 2 1 1 2985 3287 3163 3467
12320 4 2 1 1 1729 1781 3269 3431
12321 4 2 1 1 3327 1664 3482 3324
12322 4 2 1 1 1410 819 3277 2855
12323 4 2 1 1 3316 2847 3459 3383
12324 4 2 1 1 31 1564 1392 1873
12325 4 2 1 1 104 31 1392 1873
12326 4 2 1 1 1301 3 1540 99
12327 4 2 1 1 889 2947 2305 2306
12328 4 2 1 1 838 863 872 2971
12329 4 2 1 1 1868 2653 3294 2305
12330 4 2 1 1 3627 3663 1999 3629
12331 4 2 1 1 3657 3658 1983 2912
12332 4 2 1 1 2892 3204 3660 2006
12333 4 2 1 1 2848 1992 3771 1988
12334 4 2 1 1 3668 3252 3667 3669
12335 4 2 1 1 2322 2321 3242 2083
12336 4 2 1 1 2763 1972 2426 2410
12337 4 2 1 1 2550 2768 2512 3663
12338 4 2 1 1 3665 3661 3666 3663
12339 4 2 1 1 1996 3664 3252 3663
12340 4 2 1 1 2311 2095 2210 2872
12341 4 2 1 1 1904 2441 2200 2198
12342 4 2 1 1 2242 2241 2239 2240
12343 4 2 1 1 3627 1906 3663 3629
12344 4 2 1 1 2939 1906 3629 3663
12345 4 2 1 1 1901 1942 1943 1922
12346 4 2 1 1 2099 2276 2426 2098
12347 4 2 1 1 3489 3411 3522 2295
12348 4 2 1 1 3565 1598 1785 3569
12349 4 2 1 1 1979 2294 3750 2295
12350 4 2 1 1 3492 3484 3430 3559
12351 4 2 1 1 1927 1931 3620 1928
12352 4 2 1 1 1919 1927 3620 1928
12353 4 2 1 1 1927 2201 2669 2442
12354 4 2 1 1 1919 2495 1927 2669
12355 4 2 1 1 2230 2753 1939 2400
12356 4 2 1 1 2408 2417 2400 2407
12357 4 2 1 1 3097 2880 1962 2948
12358 4 2 1 1 2532 2533 2856 2197
12359 4 2 1 1 2390 2224 2683 2050
12360 4 2 1 1 2408 2406 2400 2753
12361 4 2 1 1 3257 3227 3261 2403
12362 4 2 1 1 1971 2406 2693 2694
12363 4 2 1 1 3206 3228 2403 3262
12364 4 2 1 1 2672 3038 1951 1947
12365 4 2 1 1 2394 1950 2497 2407
12366 4 2 1 1 1413 727 1085 2393
12367 4 2 1 1 1950 2405 2497 2407
12368 4 2 1 1 2125 1953 2127 1913
12369 4 2 1 1 1919 2128 2669 3623
12370 4 2 1 1 2434 2128 2279 1923
12371 4 2 1 1 2631 2126 1947 2708
12372 4 2 1 1 2069 3224 2075 3232
12373 4 2 1 1 2325 647 2431 2422
12374 4 2 1 1 3052 2394 1950 3192
12375 4 2 1 1 1956 2928 1951 1972
12376 4 2 1 1 2242 2446 2240 2196
12377 4 2 1 1 2446 2195 2240 2196
12378 4 2 1 1 1949 2672 1951 1947
12379 4 2 1 1 3158 2049 2783 2784
12380 4 2 1 1 2668 1904 2200 2115
12381 4 2 1 1 2121 2122 2625 2127
12382 4 2 1 1 611 837 1198 2643
12383 4 2 1 1 2950 610 611 2643
12384 4 2 1 1 2957 2643 3660 2006
12385 4 2 1 1 3658 1992 1988 3771
12386 4 2 1 1 2253 3771 1988 2254
12387 4 2 1 1 3771 3658 2182 1988
12388 4 2 1 1 2253 3672 1988 2182
12389 4 2 1 1 1098 1068 1064 2208
12390 4 2 1 1 2208 233 1062 2206
12391 4 2 1 1 1993 650 1348 1994
12392 4 2 1 1 650 1065 1348 1994
12393 4 2 1 1 650 1436 1994 2511
12394 4 2 1 1 650 1065 1994 1436
12395 4 2 1 1 3082 3072 3081 3699
12396 4 2 1 1 500 2984 554 499
12397 4 2 1 1 243 2550 2005 1993
12398 4 2 1 1 1319 265 2382 2470
12399 4 2 1 1 2382 265 2469 2470
12400 4 2 1 1 3699 2681 2470 2469
12401 4 2 1 1 244 243 2005 245
12402 4 2 1 1 2550 243 2005 244
12403 4 2 1 1 423 2632 615 2937
12404 4 2 1 1 988 615 2937 421
12405 4 2 1 1 615 988 2937 2607
12406 4 2 1 1 1740 1713 2916 3607
12407 4 2 1 1 2903 2103 3159 2901
12408 4 2 1 1 2818 2297 3099 2907
12409 4 2 1 1 3100 420 1443 2901
12410 4 2 1 1 1712 3545 3449 3607
12411 4 2 1 1 3579 3546 1979 2027
12412 4 2 1 1 3567 3546 3579 2027
12413 4 2 1 1 1606 1608 3522 3445
12414 4 2 1 1 3488 3521 3522 2294
12415 4 2 1 1 2603 3219 2618 1900
12416 4 2 1 1 3524 3490 3484 3492
12417 4 2 1 1 2036 2055 2039 2779
12418 4 2 1 1 2682 3202 3166 2784
12419 4 2 1 1 2140 2386 2039 3000
12420 4 2 1 1 717 716 718 2999
12421 4 2 1 1 2939 3140 3629 1906
12422 4 2 1 1 718 720 719 2999
12423 4 2 1 1 2227 361 1074 359
12424 4 2 1 1 364 365 2896 2388
12425 4 2 1 1 3462 1639 3574 3548
12426 4 2 1 1 364 361 2388 2896
12427 4 2 1 1 3226 368 3246 2783
12428 4 2 1 1 3748 1978 2458 3746
12429 4 2 1 1 2069 3239 3232 2076
12430 4 2 1 1 2321 2077 1914 2076
12431 4 2 1 1 2432 2609 2758 2762
12432 4 2 1 1 3232 1914 2076 2433
12433 4 2 1 1 2413 3534 1925 3561
12434 4 2 1 1 3669 3686 1999 3685
12435 4 2 1 1 3612 3627 3670 1999
12436 4 2 1 1 3687 2081 1999 3669
12437 4 2 1 1 3626 1898 3628 3629
12438 4 2 1 1 3622 2413 1999 1957
12439 4 2 1 1 1996 3252 3688 3685
12440 4 2 1 1 3498 1797 3508 3405
12441 4 2 1 1 3686 3666 1999 3700
12442 4 2 1 1 1996 3686 3669 3685
12443 4 2 1 1 3432 3566 3398 1790
12444 4 2 1 1 3441 3520 3442 3566
12445 4 2 1 1 3432 3441 3442 3566
12446 4 2 1 1 2094 3408 3570 3508
12447 4 2 1 1 3406 1600 1603 1604
12448 4 2 1 1 2081 3623 3631 3747
12449 4 2 1 1 3366 3369 3442 2060
12450 4 2 1 1 3748 3694 3747 2458
12451 4 2 1 1 2103 2899 2900 2901
12452 4 2 1 1 2106 2819 3471 3533
12453 4 2 1 1 1634 3531 3517 3485
12454 4 2 1 1 3422 3447 3485 3437
12455 4 2 1 1 3330 3447 3555 2152
12456 4 2 1 1 420 3100 3099 2901
12457 4 2 1 1 3160 2019 2901 3159
12458 4 2 1 1 1694 3532 3493 3471
12459 4 2 1 1 1646 1634 1647 3485
12460 4 2 1 1 1904 2843 2194 2115
12461 4 2 1 1 3003 2356 3022 2494
12462 4 2 1 1 2446 2241 2242 2240
12463 4 2 1 1 2667 2135 1913 2115
12464 4 2 1 1 2125 2135 2668 2115
12465 4 2 1 1 2135 2125 1913 2115
12466 4 2 1 1 3202 1971 2683 2682
12467 4 2 1 1 2135 2125 2668 2127
12468 4 2 1 1 2115 2125 2126 2137
12469 4 2 1 1 2135 2128 2127 2669
12470 4 2 1 1 2279 2128 2414 2127
12471 4 2 1 1 1907 2090 2729 2087
12472 4 2 1 1 2434 2279 2426 2276
12473 4 2 1 1 2799 2241 2239 2238
12474 4 2 1 1 2239 2242 1922 2411
12475 4 2 1 1 2069 2077 2078 2076
12476 4 2 1 1 2172 3763 2138 3756
12477 4 2 1 1 2975 2931 3765 2170
12478 4 2 1 1 2166 2931 2170 3765
12479 4 2 1 1 2576 295 2353 1080
12480 4 2 1 1 1080 295 2353 528
12481 4 2 1 1 3096 1298 2575 2919
12482 4 2 1 1 684 805 1077 2160
12483 4 2 1 1 3606 2887 3427 2167
12484 4 2 1 1 2457 2456 2687 2459
12485 4 2 1 1 2063 2154 2687 3742
12486 4 2 1 1 2156 2455 2284 2459
12487 4 2 1 1 2885 2884 3768 3427
12488 4 2 1 1 1337 1532 3195 2989
12489 4 2 1 1 2489 207 2486 2686
12490 4 2 1 1 1278 1304 2520 2371
12491 4 2 1 1 2641 1980 2640 2491
12492 4 2 1 1 1844 1733 1976 2509
12493 4 2 1 1 2847 3352 3580 2597
12494 4 2 1 1 1160 1382 825 2974
12495 4 2 1 1 2627 3658 3181 3772
12496 4 2 1 1 3658 2181 3181 3772
12497 4 2 1 1 3770 2781 3181 2930
12498 4 2 1 1 2053 2052 2317 3640
12499 4 2 1 1 2055 2052 2053 3640
12500 4 2 1 1 3575 3444 3574 3503
12501 4 2 1 1 1112 2781 3181 1293
12502 4 2 1 1 3770 2181 2930 3181
12503 4 2 1 1 3637 3639 3640 3636
12504 4 2 1 1 2950 1983 2912 2643
12505 4 2 1 1 1938 1901 3625 1922
12506 4 2 1 1 2539 2468 2466 2448
12507 4 2 1 1 1061 1498 3167 2731
12508 4 2 1 1 3215 2537 2466 2203
12509 4 2 1 1 2202 2677 2231 3189
12510 4 2 1 1 3216 995 2204 161
12511 4 2 1 1 3215 3194 2203 3216
12512 4 2 1 1 1388 3153 2967 157
12513 4 2 1 1 3153 1388 2967 2584
12514 4 2 1 1 2548 262 260 2546
12515 4 2 1 1 2205 2873 3109 2207
12516 4 2 1 1 697 890 1192 2923
12517 4 2 1 1 1300 2877 576 1438
12518 4 2 1 1 1278 2877 2371 2153
12519 4 2 1 1 2126 2115 2137 2240
12520 4 2 1 1 3248 3158 2050 2038
12521 4 2 1 1 1971 2223 2683 2682
12522 4 2 1 1 2224 3202 2683 2784
12523 4 2 1 1 2533 2631 2856 2197
12524 4 2 1 1 2631 2532 2856 2197
12525 4 2 1 1 2233 2796 2236 358
12526 4 2 1 1 1947 2126 1951 2708
12527 4 2 1 1 1949 1947 1951 2708
12528 4 2 1 1 2797 2796 2798 2236
12529 4 2 1 1 3075 2234 2235 3097
12530 4 2 1 1 2880 1963 1965 1962
12531 4 2 1 1 3195 2877 2372 2371
12532 4 2 1 1 1641 3480 3574 3503
12533 4 2 1 1 3325 2263 3337 3324
12534 4 2 1 1 2851 2946 3098 2257
12535 4 2 1 1 3308 3594 3295 3595
12536 4 2 1 1 3294 2970 2971 3265
12537 4 2 1 1 2305 2653 99 1540
12538 4 2 1 1 1959 1960 2268 3035
12539 4 2 1 1 658 1367 3174 3173
12540 4 2 1 1 3553 3561 2082 3405
12541 4 2 1 1 1960 3175 2268 2271
12542 4 2 1 1 1959 3175 2268 1960
12543 4 2 1 1 2730 1923 2100 2276
12544 4 2 1 1 2714 2713 2773 3139
12545 4 2 1 1 2091 2099 2276 2100
12546 4 2 1 1 1908 2275 1961 2098
12547 4 2 1 1 2668 2125 2137 2127
12548 4 2 1 1 2474 1923 2730 2276
12549 4 2 1 1 2275 2788 2098 2721
12550 4 2 1 1 2091 2092 2276 2098
12551 4 2 1 1 2730 3630 2276 2100
12552 4 2 1 1 2289 2293 1903 2330
12553 4 2 1 1 2129 2460 2487 2490
12554 4 2 1 1 2699 2332 2650 2651
12555 4 2 1 1 2489 2488 2491 2487
12556 4 2 1 1 1981 3078 3707 3656
12557 4 2 1 1 205 1257 246 2640
12558 4 2 1 1 2602 2558 2021 2830
12559 4 2 1 1 3753 3220 2651 3750
12560 4 2 1 1 2326 2359 2328 2287
12561 4 2 1 1 2301 3212 2302 2298
12562 4 2 1 1 2602 2303 2829 3058
12563 4 2 1 1 2603 3213 2618 2600
12564 4 2 1 1 2424 3223 2816 2101
12565 4 2 1 1 2424 478 2101 2428
12566 4 2 1 1 2815 2816 2072 2101
12567 4 2 1 1 2424 2428 2101 2816
12568 4 2 1 1 1914 1956 2076 2433
12569 4 2 1 1 2561 2562 2816 1958
12570 4 2 1 1 478 2815 2101 2428
12571 4 2 1 1 2296 2815 2101 960
12572 4 2 1 1 1959 1960 2754 1975
12573 4 2 1 1 1959 1047 2754 3035
12574 4 2 1 1 2413 1925 2094 3405
12575 4 2 1 1 3090 2788 2672 1936
12576 4 2 1 1 2413 3561 1925 3405
12577 4 2 1 1 2761 3239 2762 1966
12578 4 2 1 1 2787 2754 1973 2835
12579 4 2 1 1 427 522 2334 523
12580 4 2 1 1 2334 2955 2335 2700
12581 4 2 1 1 3709 2332 2249 2335
12582 4 2 1 1 2333 2334 2335 2700
12583 4 2 1 1 2836 2837 2335 2813
12584 4 2 1 1 2942 2334 2955 2335
12585 4 2 1 1 2365 2255 2673 2258
12586 4 2 1 1 2347 2349 2317 2765
12587 4 2 1 1 3198 3197 3155 2802
12588 4 2 1 1 2803 2347 2317 3639
12589 4 2 1 1 696 2318 3188 2824
12590 4 2 1 1 3719 2347 2317 2765
12591 4 2 1 1 2318 3198 2035 3188
12592 4 2 1 1 3188 3153 3189 2035
12593 4 2 1 1 2281 3164 2904 457
12594 4 2 1 1 2617 3020 2618 3003
12595 4 2 1 1 2286 2358 2357 2291
12596 4 2 1 1 2668 1904 2115 2494
12597 4 2 1 1 1902 2135 1913 2662
12598 4 2 1 1 2595 3264 3727 2367
12599 4 2 1 1 2595 2219 3264 2367
12600 4 2 1 1 2970 3296 3295 3284
12601 4 2 1 1 3287 2257 3288 2985
12602 4 2 1 1 2637 401 2378 2639
12603 4 2 1 1 2082 2413 2094 3405
12604 4 2 1 1 2106 3702 2104 3703
12605 4 2 1 1 2224 3202 3166 2694
12606 4 2 1 1 2227 361 359 2389
12607 4 2 1 1 2387 2224 3166 2694
12608 4 2 1 1 2390 2224 1940 2683
12609 4 2 1 1 2896 2898 2388 2049
12610 4 2 1 1 2898 2390 2388 2049
12611 4 2 1 1 2390 2228 1940 2050
12612 4 2 1 1 727 2719 633 2399
12613 4 2 1 1 724 727 633 2399
12614 4 2 1 1 3052 2408 3262 1950
12615 4 2 1 1 3259 116 2391 3258
12616 4 2 1 1 2534 2392 3258 2393
12617 4 2 1 1 2391 116 22 3258
12618 4 2 1 1 2928 1956 1951 1961
12619 4 2 1 1 2239 2414 1922 2240
12620 4 2 1 1 2136 2194 2126 2240
12621 4 2 1 1 2195 2196 2447 2200
12622 4 2 1 1 1920 2239 1951 1940
12623 4 2 1 1 2409 1972 2224 2415
12624 4 2 1 1 2069 2067 3224 3232
12625 4 2 1 1 2432 2325 2433 1955
12626 4 2 1 1 2266 2267 2273 2265
12627 4 2 1 1 2788 2436 2437 2273
12628 4 2 1 1 2075 3224 2816 2425
12629 4 2 1 1 3223 1968 2816 2425
12630 4 2 1 1 1387 86 1164 3091
12631 4 2 1 1 3263 2409 3192 1972
12632 4 2 1 1 3561 2413 2082 3405
12633 4 2 1 1 2391 2430 2324 21
12634 4 2 1 1 3260 3227 3261 3257
12635 4 2 1 1 3260 3259 3257 3261
12636 4 2 1 1 3527 3303 3603 3416
12637 4 2 1 1 2695 504 2443 495
12638 4 2 1 1 2678 1859 3603 1819
12639 4 2 1 1 3637 2045 3640 3639
12640 4 2 1 1 2199 1253 2443 2444
12641 4 2 1 1 494 2695 377 495
12642 4 2 1 1 3106 3418 3416 3372
12643 4 2 1 1 1919 2128 1923 2739
12644 4 2 1 1 2511 2311 2210 2872
12645 4 2 1 1 2453 2709 2625 2739
12646 4 2 1 1 1919 2454 2739 1911
12647 4 2 1 1 2496 1919 2454 2739
12648 4 2 1 1 2248 1398 2465 915
12649 4 2 1 1 270 271 257 2163
12650 4 2 1 1 2465 253 481 246
12651 4 2 1 1 3271 3542 3541 3519
12652 4 2 1 1 2794 2161 2160 2164
12653 4 2 1 1 2641 298 283 2751
12654 4 2 1 1 2292 2488 2491 2249
12655 4 2 1 1 2143 3001 644 2342
12656 4 2 1 1 3527 3418 3416 3106
12657 4 2 1 1 3242 3651 3650 2083
12658 4 2 1 1 3234 3206 2320 3228
12659 4 2 1 1 2387 3263 3228 2320
12660 4 2 1 1 3368 3418 3372 3416
12661 4 2 1 1 2290 2363 2360 2582
12662 4 2 1 1 2292 199 197 2582
12663 4 2 1 1 200 1013 198 2582
12664 4 2 1 1 2363 197 198 2582
12665 4 2 1 1 2363 2362 2360 2582
12666 4 2 1 1 3164 2290 2360 2582
12667 4 2 1 1 2362 1035 2360 2582
12668 4 2 1 1 2763 1956 3192 2610
12669 4 2 1 1 1956 2763 3192 1972
12670 4 2 1 1 2763 2610 2762 2433
12671 4 2 1 1 2693 2405 2403 3262
12672 4 2 1 1 1940 2753 1951 2708
12673 4 2 1 1 3052 2409 1951 1972
12674 4 2 1 1 1010 2555 2112 333
12675 4 2 1 1 2507 3075 2396 3191
12676 4 2 1 1 3118 3171 3203 1181
12677 4 2 1 1 2238 2753 1940 2708
12678 4 2 1 1 2233 2508 2708 2197
12679 4 2 1 1 2156 2371 2455 2459
12680 4 2 1 1 2455 2453 2284 2459
12681 4 2 1 1 2159 2519 2686 2459
12682 4 2 1 1 3527 3418 3368 3416
12683 4 2 1 1 210 211 2686 212
12684 4 2 1 1 2322 3242 3650 2083
12685 4 2 1 1 161 160 162 2204
12686 4 2 1 1 163 435 2530 165
12687 4 2 1 1 3272 1730 3606 2905
12688 4 2 1 1 2888 2906 2905 2908
12689 4 2 1 1 3111 3120 3121 3131
12690 4 2 1 1 2677 3216 2192 2466
12691 4 2 1 1 3241 2322 3650 3643
12692 4 2 1 1 1898 3626 1999 3629
12693 4 2 1 1 2315 2543 2542 2451
12694 4 2 1 1 1986 3665 2922 3662
12695 4 2 1 1 698 890 697 2923
12696 4 2 1 1 2540 2541 2542 2313
12697 4 2 1 1 372 434 373 2313
12698 4 2 1 1 2070 372 373 2313
12699 4 2 1 1 2376 2377 1180 2552
12700 4 2 1 1 2638 3702 2552 2378
12701 4 2 1 1 3702 2638 2552 2515
12702 4 2 1 1 1139 402 2552 399
12703 4 2 1 1 402 2637 2552 399
12704 4 2 1 1 2638 2376 2378 2552
12705 4 2 1 1 2376 2638 2515 2552
12706 4 2 1 1 974 251 2308 2563
12707 4 2 1 1 570 568 2992 2711
12708 4 2 1 1 251 2307 2308 2563
12709 4 2 1 1 251 2680 2307 2563
12710 4 2 1 1 3571 2177 2933 2820
12711 4 2 1 1 1212 251 975 2563
12712 4 2 1 1 2595 2219 2338 2578
12713 4 2 1 1 2574 2578 3757 2568
12714 4 2 1 1 1080 1220 2567 293
12715 4 2 1 1 3718 3715 2571 2574
12716 4 2 1 1 3729 3718 2574 3730
12717 4 2 1 1 2263 2733 3723 3725
12718 4 2 1 1 3341 3586 3587 2042
12719 4 2 1 1 3495 3355 3346 3354
12720 4 2 1 1 2219 3729 2596 2367
12721 4 2 1 1 2047 3729 2596 2219
12722 4 2 1 1 1751 1578 3321 1755
12723 4 2 1 1 2047 2219 2596 3321
12724 4 2 1 1 2558 988 1404 2607
12725 4 2 1 1 2605 2607 2937 2608
12726 4 2 1 1 2015 3017 2016 2608
12727 4 2 1 1 3219 3220 1900 2603
12728 4 2 1 1 2604 1223 235 1515
12729 4 2 1 1 1026 182 2327 3218
12730 4 2 1 1 2628 347 2118 2629
12731 4 2 1 1 2756 2631 1947 2630
12732 4 2 1 1 2631 2114 2629 2756
12733 4 2 1 1 2322 3241 3650 3242
12734 4 2 1 1 2756 2843 2857 2842
12735 4 2 1 1 2674 2796 2875 3103
12736 4 2 1 1 2863 2637 2639 2809
12737 4 2 1 1 1204 2862 1375 1205
12738 4 2 1 1 1453 672 1375 2809
12739 4 2 1 1 1508 1453 982 2889
12740 4 2 1 1 2605 2014 2650 2699
12741 4 2 1 1 3220 3219 3753 2651
12742 4 2 1 1 2332 2330 2650 2651
12743 4 2 1 1 2605 2014 2603 2650
12744 4 2 1 1 2288 2290 2360 2357
12745 4 2 1 1 3049 2840 3039 2134
12746 4 2 1 1 2840 654 2904 2646
12747 4 2 1 1 2770 2660 2661 2786
12748 4 2 1 1 3074 2660 2786 2661
12749 4 2 1 1 2281 3074 2786 2661
12750 4 2 1 1 1952 2750 2805 3178
12751 4 2 1 1 2271 1960 2579 2672
12752 4 2 1 1 2278 2121 2625 2127
12753 4 2 1 1 1949 2398 2417 2418
12754 4 2 1 1 2279 1961 2426 2098
12755 4 2 1 1 3227 3260 1086 3257
12756 4 2 1 1 2782 445 2682 2388
12757 4 2 1 1 445 2223 2682 2388
12758 4 2 1 1 446 445 2682 2782
12759 4 2 1 1 619 620 2404 690
12760 4 2 1 1 3205 3227 927 2403
12761 4 2 1 1 516 446 2682 2404
12762 4 2 1 1 516 2223 2399 2404
12763 4 2 1 1 516 446 2404 619
12764 4 2 1 1 633 619 2399 2404
12765 4 2 1 1 3227 728 3260 2404
12766 4 2 1 1 2719 633 2399 2404
12767 4 2 1 1 3712 3096 2148 2138
12768 4 2 1 1 3064 2742 3710 2028
12769 4 2 1 1 3578 2940 3427 2886
12770 4 2 1 1 3611 3657 1895 1987
12771 4 2 1 1 2807 3064 3710 2028
12772 4 2 1 1 309 307 2871 2714
12773 4 2 1 1 966 2464 2654 311
12774 4 2 1 1 2716 306 505 2654
12775 4 2 1 1 3578 3395 3427 2940
12776 4 2 1 1 1611 1613 1786 3460
12777 4 2 1 1 2075 2073 2098 2816
12778 4 2 1 1 2944 1326 1144 2850
12779 4 2 1 1 2958 2944 2945 2725
12780 4 2 1 1 2592 302 2724 2725
12781 4 2 1 1 3726 3165 2725 2945
12782 4 2 1 1 2968 2726 2945 2944
12783 4 2 1 1 302 1004 2724 2725
12784 4 2 1 1 3165 2726 2592 2725
12785 4 2 1 1 386 302 2725 1004
12786 4 2 1 1 451 2689 2996 462
12787 4 2 1 1 625 3045 623 624
12788 4 2 1 1 2737 2953 2089 2735
12789 4 2 1 1 2953 2737 2734 2735
12790 4 2 1 1 2656 303 3109 2207
12791 4 2 1 1 3046 1369 3044 3209
12792 4 2 1 1 2953 2089 2735 2746
12793 4 2 1 1 2734 2745 2746 2472
12794 4 2 1 1 1373 1330 2952 322
12795 4 2 1 1 2744 1168 2952 322
12796 4 2 1 1 835 3045 3044 2472
12797 4 2 1 1 2734 2953 2735 2746
12798 4 2 1 1 1079 2179 2757 875
12799 4 2 1 1 1809 3385 1672 1764
12800 4 2 1 1 3201 3012 3386 2757
12801 4 2 1 1 636 3190 3201 2926
12802 4 2 1 1 3461 3523 3460 1613
12803 4 2 1 1 3060 3061 3062 3059
12804 4 2 1 1 2314 2315 2083 3225
12805 4 2 1 1 3627 3626 1918 2083
12806 4 2 1 1 1611 1593 3507 1691
12807 4 2 1 1 2999 717 3266 719
12808 4 2 1 1 3247 3226 3266 2715
12809 4 2 1 1 2779 2033 3000 2911
12810 4 2 1 1 716 1271 2999 2140
12811 4 2 1 1 2162 2336 2526 3761
12812 4 2 1 1 289 273 2585 2524
12813 4 2 1 1 3086 3762 3760 3739
12814 4 2 1 1 1037 2793 290 2879
12815 4 2 1 1 1279 1304 810 2520
12816 4 2 1 1 3680 3683 1995 3682
12817 4 2 1 1 2209 2583 3682 1995
12818 4 2 1 1 2583 3683 2518 3682
12819 4 2 1 1 2548 781 2546 1203
12820 4 2 1 1 3759 2162 3760 3761
12821 4 2 1 1 2583 2214 2546 2153
12822 4 2 1 1 3170 2624 2736 3059
12823 4 2 1 1 3461 3516 1616 3530
12824 4 2 1 1 366 1486 2838 1448
12825 4 2 1 1 3193 992 906 1371
12826 4 2 1 1 3198 2318 3155 2824
12827 4 2 1 1 2347 2659 2045 2346
12828 4 2 1 1 2201 2449 2196 3185
12829 4 2 1 1 3706 2023 1899 3185
12830 4 2 1 1 1930 2300 3185 3706
12831 4 2 1 1 3213 3020 2812 3185
12832 4 2 1 1 2617 3020 2447 2812
12833 4 2 1 1 2192 2677 2466 2448
12834 4 2 1 1 3424 2000 3420 3377
12835 4 2 1 1 2230 2227 2229 2236
12836 4 2 1 1 2823 1263 833 2875
12837 4 2 1 1 3649 3168 2054 2644
12838 4 2 1 1 3466 3567 3463 3563
12839 4 2 1 1 284 468 2164 586
12840 4 2 1 1 2834 2163 2751 2640
12841 4 2 1 1 1217 267 2751 283
12842 4 2 1 1 3745 3741 3743 2164
12843 4 2 1 1 3449 1712 1713 1669
12844 4 2 1 1 3535 3601 2065 3094
12845 4 2 1 1 3009 3744 3743 2065
12846 4 2 1 1 3672 3556 2253 2254
12847 4 2 1 1 3435 3547 2009 3387
12848 4 2 1 1 638 3012 2839 3051
12849 4 2 1 1 639 638 2839 877
12850 4 2 1 1 2845 731 473 550
12851 4 2 1 1 1740 2893 3607 2916
12852 4 2 1 1 1349 878 2839 877
12853 4 2 1 1 887 638 877 2839
12854 4 2 1 1 2777 2843 2857 2194
12855 4 2 1 1 2114 2631 2856 2756
12856 4 2 1 1 2775 2114 2443 2842
12857 4 2 1 1 2635 397 2867 395
12858 4 2 1 1 2637 397 2867 2635
12859 4 2 1 1 2862 1205 395 2867
12860 4 2 1 1 2865 868 1375 2809
12861 4 2 1 1 397 1205 2867 395
12862 4 2 1 1 397 2637 2867 1205
12863 4 2 1 1 2958 2264 2262 2945
12864 4 2 1 1 390 2264 2261 388
12865 4 2 1 1 841 2344 842 2258
12866 4 2 1 1 3735 2263 2985 3736
12867 4 2 1 1 1326 577 1242 2850
12868 4 2 1 1 2259 412 2862 2860
12869 4 2 1 1 1135 390 2261 1297
12870 4 2 1 1 2343 2255 2368 2364
12871 4 2 1 1 3168 3647 3649 2054
12872 4 2 1 1 3163 648 2861 580
12873 4 2 1 1 2263 2367 2596 3725
12874 4 2 1 1 3463 3465 1713 1669
12875 4 2 1 1 2821 1508 2889 673
12876 4 2 1 1 1508 1453 2889 673
12877 4 2 1 1 2865 2889 2864 3092
12878 4 2 1 1 2821 1508 2611 2889
12879 4 2 1 1 94 1104 3299 1218
12880 4 2 1 1 1567 1893 3609 3299
12881 4 2 1 1 2899 769 770 2900
12882 4 2 1 1 768 769 2819 2900
12883 4 2 1 1 2103 768 2900 770
12884 4 2 1 1 2013 2104 3471 3493
12885 4 2 1 1 1567 1104 1852 3299
12886 4 2 1 1 901 721 902 3029
12887 4 2 1 1 1982 2351 2916 2350
12888 4 2 1 1 2999 716 2386 2740
12889 4 2 1 1 2910 903 721 3029
12890 4 2 1 1 2318 2801 3243 2802
12891 4 2 1 1 3665 1986 3670 3659
12892 4 2 1 1 3501 3523 3460 3316
12893 4 2 1 1 2540 2706 2313 2542
12894 4 2 1 1 1142 1140 2006 1141
12895 4 2 1 1 2082 2413 3438 3460
12896 4 2 1 1 2070 2706 2451 2542
12897 4 2 1 1 1990 1895 3660 3659
12898 4 2 1 1 2001 3697 3699 3696
12899 4 2 1 1 2413 2082 2963 3460
12900 4 2 1 1 2413 3507 3438 3460
12901 4 2 1 1 1326 1242 1144 2850
12902 4 2 1 1 2946 2944 2850 800
12903 4 2 1 1 2726 384 385 461
12904 4 2 1 1 2413 3316 3507 3460
12905 4 2 1 1 2365 2366 2725 2921
12906 4 2 1 1 2027 1982 2941 2955
12907 4 2 1 1 2471 3100 2938 2937
12908 4 2 1 1 3016 1982 2943 2941
12909 4 2 1 1 1245 424 2633 426
12910 4 2 1 1 424 2632 2633 425
12911 4 2 1 1 3078 2701 2685 2956
12912 4 2 1 1 2942 2334 425 2633
12913 4 2 1 1 2303 2829 2966 2375
12914 4 2 1 1 2377 925 2966 759
12915 4 2 1 1 1788 3532 1694 1647
12916 4 2 1 1 1788 1634 3532 1647
12917 4 2 1 1 761 1022 759 2966
12918 4 2 1 1 1694 3532 3471 1647
12919 4 2 1 1 1022 925 759 2966
12920 4 2 1 1 3030 2173 3764 3767
12921 4 2 1 1 3041 2354 2976 2977
12922 4 2 1 1 2975 2252 3764 2173
12923 4 2 1 1 3030 2975 3764 2173
12924 4 2 1 1 2252 2979 2886 1129
12925 4 2 1 1 2173 3763 3764 3767
12926 4 2 1 1 1244 210 2686 212
12927 4 2 1 1 1648 1678 3471 1647
12928 4 2 1 1 1634 3532 1647 3485
12929 4 2 1 1 573 2281 3164 3113
12930 4 2 1 1 212 214 213 2371
12931 4 2 1 1 3446 1648 1647 1646
12932 4 2 1 1 2910 2778 3000 2911
12933 4 2 1 1 2715 716 3266 2740
12934 4 2 1 1 2033 2910 3123 2999
12935 4 2 1 1 2827 2551 2644 2732
12936 4 2 1 1 1233 3008 2164 2751
12937 4 2 1 1 3010 1333 458 297
12938 4 2 1 1 248 2163 257 1188
12939 4 2 1 1 267 2465 253 1217
12940 4 2 1 1 431 298 2642 297
12941 4 2 1 1 3019 3182 3043 3149
12942 4 2 1 1 3148 2695 2696 3043
12943 4 2 1 1 3019 3182 3135 3022
12944 4 2 1 1 2356 2440 3022 2494
12945 4 2 1 1 2356 3039 3022 2440
12946 4 2 1 1 3300 1701 1654 3482
12947 4 2 1 1 1176 3039 498 924
12948 4 2 1 1 3032 3031 3652 3655
12949 4 2 1 1 2159 2163 2640 246
12950 4 2 1 1 3031 3183 2642 3655
12951 4 2 1 1 2642 3183 3010 3655
12952 4 2 1 1 2250 3653 3652 1980
12953 4 2 1 1 3655 2641 3652 1980
12954 4 2 1 1 3653 3032 3652 3655
12955 4 2 1 1 3148 3126 3043 3149
12956 4 2 1 1 3126 3148 3043 3042
12957 4 2 1 1 2756 2114 2629 2842
12958 4 2 1 1 2617 3182 2304 3043
12959 4 2 1 1 2664 2755 2629 2842
12960 4 2 1 1 2114 2775 2629 2842
12961 4 2 1 1 3755 2855 2936 2217
12962 4 2 1 1 3053 2854 3054 2853
12963 4 2 1 1 3312 2219 3313 3323
12964 4 2 1 1 3756 2047 2220 3754
12965 4 2 1 1 2807 3063 2742 2028
12966 4 2 1 1 2918 2742 3065 3710
12967 4 2 1 1 2506 3041 3065 3767
12968 4 2 1 1 3041 2506 3065 3096
12969 4 2 1 1 3770 2183 2166 3769
12970 4 2 1 1 2931 2975 3765 2252
12971 4 2 1 1 650 1993 1177 2002
12972 4 2 1 1 2004 698 1177 2002
12973 4 2 1 1 787 518 697 2923
12974 4 2 1 1 698 2004 2923 2002
12975 4 2 1 1 2314 2080 2769 3225
12976 4 2 1 1 3670 2315 2769 3225
12977 4 2 1 1 3076 2004 2002 2769
12978 4 2 1 1 2768 2939 2769 2002
12979 4 2 1 1 120 3597 1511 1889
12980 4 2 1 1 2670 3269 3280 3092
12981 4 2 1 1 56 1565 1511 1008
12982 4 2 1 1 2670 2866 3269 3092
12983 4 2 1 1 3597 2438 968 3087
12984 4 2 1 1 2851 2946 2947 3098
12985 4 2 1 1 2986 2851 2947 3098
12986 4 2 1 1 3307 3308 3295 3595
12987 4 2 1 1 794 1238 818 2960
12988 4 2 1 1 2208 303 2214 2207
12989 4 2 1 1 2215 2208 2214 2207
12990 4 2 1 1 2656 2873 2090 2207
12991 4 2 1 1 2245 2215 2214 2207
12992 4 2 1 1 2106 2821 3092 3180
12993 4 2 1 1 742 3111 3120 1146
12994 4 2 1 1 1986 3665 3660 3659
12995 4 2 1 1 691 1266 3131 3137
12996 4 2 1 1 3665 1986 3660 3662
12997 4 2 1 1 2771 2772 2882 3125
12998 4 2 1 1 2193 2189 2676 2857
12999 4 2 1 1 2189 2856 2676 2857
13000 4 2 1 1 3269 2866 3280 3092
13001 4 2 1 1 1701 3283 3280 3482
13002 4 2 1 1 3665 1990 3660 3659
13003 4 2 1 1 2446 2677 1921 2193
13004 4 2 1 1 2232 2798 2875 3103
13005 4 2 1 1 2799 3104 3103 2676
13006 4 2 1 1 2200 2668 2240 2669
13007 4 2 1 1 2489 2159 2686 2459
13008 4 2 1 1 456 3060 3152 2988
13009 4 2 1 1 456 3074 3152 3060
13010 4 2 1 1 2624 2452 2282 3062
13011 4 2 1 1 1337 2987 1532 2989
13012 4 2 1 1 1000 1521 2486 2283
13013 4 2 1 1 1000 1329 1521 2283
13014 4 2 1 1 573 618 3113 725
13015 4 2 1 1 3527 3162 2064 2589
13016 4 2 1 1 2461 2056 1305 2462
13017 4 2 1 1 3300 3283 1701 3482
13018 4 2 1 1 3094 688 2589 2064
13019 4 2 1 1 1399 688 2064 1044
13020 4 2 1 1 3303 3527 3603 2064
13021 4 2 1 1 1788 1656 3493 3477
13022 4 2 1 1 3172 3129 1495 3174
13023 4 2 1 1 1656 1788 3493 1799
13024 4 2 1 1 658 2997 3173 3174
13025 4 2 1 1 3172 1495 3173 3174
13026 4 2 1 1 2025 3517 3532 3493
13027 4 2 1 1 2190 1926 3184 2299
13028 4 2 1 1 3154 1340 3217 3218
13029 4 2 1 1 2695 2771 3079 3080
13030 4 2 1 1 967 753 3110 1440
13031 4 2 1 1 2877 1300 2153 1438
13032 4 2 1 1 2157 2519 2520 2371
13033 4 2 1 1 1000 207 209 2686
13034 4 2 1 1 2548 2547 2153 2520
13035 4 2 1 1 2763 3234 2320 2475
13036 4 2 1 1 2387 3234 2320 3228
13037 4 2 1 1 2409 3052 3192 1972
13038 4 2 1 1 2928 2610 2432 3192
13039 4 2 1 1 2497 3192 2758 3262
13040 4 2 1 1 3228 2692 2403 3262
13041 4 2 1 1 2409 3052 3262 3192
13042 4 2 1 1 2405 1950 3262 2407
13043 4 2 1 1 3263 2763 3192 2320
13044 4 2 1 1 2763 3206 3192 2320
13045 4 2 1 1 2326 2648 1026 3218
13046 4 2 1 1 2327 2616 3218 3011
13047 4 2 1 1 3039 2840 2440 2134
13048 4 2 1 1 2201 2196 2240 2200
13049 4 2 1 1 823 3019 3135 556
13050 4 2 1 1 3217 3154 3135 1426
13051 4 2 1 1 2143 2144 2806 2498
13052 4 2 1 1 3517 2025 3477 3493
13053 4 2 1 1 3248 2387 2224 3166
13054 4 2 1 1 2497 1950 3192 3262
13055 4 2 1 1 2321 2322 3242 3240
13056 4 2 1 1 2610 2432 3192 2762
13057 4 2 1 1 2075 3224 2425 3232
13058 4 2 1 1 2410 2414 2426 2411
13059 4 2 1 1 2867 2635 2634 2644
13060 4 2 1 1 450 3199 371 448
13061 4 2 1 1 2205 511 3250 1484
13062 4 2 1 1 511 1436 3250 1067
13063 4 2 1 1 2095 2873 2210 2216
13064 4 2 1 1 1997 3082 3081 3699
13065 4 2 1 1 2391 3261 2758 3244
13066 4 2 1 1 3227 2692 2693 3261
13067 4 2 1 1 3227 2692 3261 2403
13068 4 2 1 1 3575 3462 3574 3548
13069 4 2 1 1 1817 1703 1826 3394
13070 4 2 1 1 2165 3395 3427 3575
13071 4 2 1 1 2165 3575 3427 3481
13072 4 2 1 1 1865 3605 3272 3606
13073 4 2 1 1 3542 2814 3031 3519
13074 4 2 1 1 3297 3289 2611 3290
13075 4 2 1 1 2866 2670 1159 3092
13076 4 2 1 1 2611 675 2553 708
13077 4 2 1 1 1508 710 2611 982
13078 4 2 1 1 3297 1783 3290 3283
13079 4 2 1 1 1783 3300 3290 3283
13080 4 2 1 1 2419 1868 3294 2420
13081 4 2 1 1 1477 2593 2971 1526
13082 4 2 1 1 2593 2968 2971 1526
13083 4 2 1 1 2969 3728 3288 2945
13084 4 2 1 1 1831 3312 1830 1705
13085 4 2 1 1 1750 3307 3305 3308
13086 4 2 1 1 3307 1750 3305 3278
13087 4 2 1 1 2954 3278 3305 3053
13088 4 2 1 1 2219 2954 3305 3053
13089 4 2 1 1 3388 3391 3389 3383
13090 4 2 1 1 1209 881 3269 1122
13091 4 2 1 1 3337 2263 2152 3324
13092 4 2 1 1 2946 2257 3288 3098
13093 4 2 1 1 2946 2985 2850 2945
13094 4 2 1 1 3733 2733 2105 3343
13095 4 2 1 1 3644 2412 2042 2243
13096 4 2 1 1 3587 3333 2042 3588
13097 4 2 1 1 1761 1582 1759 3332
13098 4 2 1 1 3589 3336 3337 3339
13099 4 2 1 1 3542 2814 3519 3271
13100 4 2 1 1 1807 3459 3383 3573
13101 4 2 1 1 1695 1612 3459 1807
13102 4 2 1 1 1593 1590 1610 3350
13103 4 2 1 1 3501 3523 3573 1612
13104 4 2 1 1 3502 1618 1617 3474
13105 4 2 1 1 3358 1806 1821 3562
13106 4 2 1 1 3480 3481 3574 3503
13107 4 2 1 1 3359 2183 3474 3433
13108 4 2 1 1 3468 2848 3419 3510
13109 4 2 1 1 3443 2169 3474 3389
13110 4 2 1 1 3421 3358 3562 1806
13111 4 2 1 1 2183 2166 3474 3433
13112 4 2 1 1 3502 3388 3474 3389
13113 4 2 1 1 3458 2062 3367 3368
13114 4 2 1 1 3373 3418 3368 2060
13115 4 2 1 1 3373 1765 3366 3368
13116 4 2 1 1 3418 3373 3371 2060
13117 4 2 1 1 2058 3418 3371 2060
13118 4 2 1 1 2058 3469 2060 3371
13119 4 2 1 1 1030 1857 3577 1976
13120 4 2 1 1 2652 3031 3382 3183
13121 4 2 1 1 706 2814 2657 2509
13122 4 2 1 1 1733 1732 1976 3519
13123 4 2 1 1 3542 3031 1977 3382
13124 4 2 1 1 3399 3369 3398 3367
13125 4 2 1 1 3031 3032 1977 3382
13126 4 2 1 1 3271 2652 3519 1976
13127 4 2 1 1 1679 1657 3504 1680
13128 4 2 1 1 3444 1641 3574 3503
13129 4 2 1 1 2906 3392 1731 2905
13130 4 2 1 1 1718 1809 1810 3404
13131 4 2 1 1 2620 1718 1810 3404
13132 4 2 1 1 3370 1809 1766 3404
13133 4 2 1 1 1809 1718 1766 3404
13134 4 2 1 1 1670 1637 3476 3547
13135 4 2 1 1 3564 1622 3550 1636
13136 4 2 1 1 1637 3476 1623 1636
13137 4 2 1 1 1622 3564 1806 1636
13138 4 2 1 1 3435 1670 1671 3415
13139 4 2 1 1 3415 3435 3547 2009
13140 4 2 1 1 2165 2885 3768 3427
13141 4 2 1 1 3426 3394 3427 2905
13142 4 2 1 1 3606 3426 3427 2905
13143 4 2 1 1 3481 2884 3768 2167
13144 4 2 1 1 1769 3413 3605 3606
13145 4 2 1 1 3755 2855 2220 2167
13146 4 2 1 1 1730 2888 1731 2905
13147 4 2 1 1 2104 2025 3493 2013
13148 4 2 1 1 1777 3494 3437 1649
13149 4 2 1 1 3733 3705 3343 2105
13150 4 2 1 1 1648 3330 1649 3437
13151 4 2 1 1 2106 3447 3555 3533
13152 4 2 1 1 2256 3649 2054 2644
13153 4 2 1 1 3407 1805 3526 3408
13154 4 2 1 1 3409 1795 3420 3530
13155 4 2 1 1 3549 2011 3440 3375
13156 4 2 1 1 3448 3549 3420 1779
13157 4 2 1 1 3523 3501 3460 1613
13158 4 2 1 1 3553 1780 1796 1691
13159 4 2 1 1 3561 3553 2082 3438
13160 4 2 1 1 2008 3675 3673 3671
13161 4 2 1 1 2822 2106 3290 3533
13162 4 2 1 1 3289 1886 1852 3299
13163 4 2 1 1 3330 3447 3437 3555
13164 4 2 1 1 3326 3439 1676 3317
13165 4 2 1 1 3609 94 3299 1218
13166 4 2 1 1 3480 3481 3503 3401
13167 4 2 1 1 3380 3318 3320 3592
13168 4 2 1 1 1817 3462 1639 3574
13169 4 2 1 1 3319 3318 3317 1661
13170 4 2 1 1 3490 3524 3466 3492
13171 4 2 1 1 2018 3490 3466 3492
13172 4 2 1 1 3491 3490 3477 3492
13173 4 2 1 1 3490 2018 3477 3492
13174 4 2 1 1 2015 3017 2027 3492
13175 4 2 1 1 2832 3706 2020 2017
13176 4 2 1 1 3620 1931 1899 2024
13177 4 2 1 1 1641 1659 1817 3574
13178 4 2 1 1 3444 3455 1643 3379
13179 4 2 1 1 1641 1644 3480 3503
13180 4 2 1 1 3455 1684 1665 1643
13181 4 2 1 1 3315 3314 3592 3320
13182 4 2 1 1 1641 3444 1643 3503
13183 4 2 1 1 3439 3413 1676 3317
13184 4 2 1 1 3134 3604 3514 3554
13185 4 2 1 1 3270 3604 3514 3134
13186 4 2 1 1 3370 2180 3404 3364
13187 4 2 1 1 1674 1717 3514 3273
13188 4 2 1 1 1707 1674 3514 3363
13189 4 2 1 1 1717 1674 3514 1707
13190 4 2 1 1 1707 3604 3554 3514
13191 4 2 1 1 3270 3604 1707 3514
13192 4 2 1 1 1623 3516 3550 3525
13193 4 2 1 1 3476 1623 3550 3525
13194 4 2 1 1 1623 3516 3525 1642
13195 4 2 1 1 1798 1623 3525 1642
13196 4 2 1 1 1725 3282 2868 1724
13197 4 2 1 1 3362 3282 1877 1815
13198 4 2 1 1 3360 1814 3361 3357
13199 4 2 1 1 2994 3362 3506 3357
13200 4 2 1 1 2102 3556 2009 3557
13201 4 2 1 1 3435 3384 3387 2914
13202 4 2 1 1 3384 3600 3386 3387
13203 4 2 1 1 1798 1637 3581 3525
13204 4 2 1 1 2011 3549 3440 3581
13205 4 2 1 1 2179 1550 2619 1397
13206 4 2 1 1 1888 1850 1870 2619
13207 4 2 1 1 2180 3558 3364 2174
13208 4 2 1 1 1766 3363 1668 3375
13209 4 2 1 1 3558 3363 3364 2174
13210 4 2 1 1 1717 3270 3514 3273
13211 4 2 1 1 3134 3270 2619 3273
13212 4 2 1 1 3356 3355 3365 1932
13213 4 2 1 1 3457 1787 3365 3356
13214 4 2 1 1 3411 3410 3488 3456
13215 4 2 1 1 3457 1792 1801 3496
13216 4 2 1 1 3498 1595 3497 3500
13217 4 2 1 1 1932 3473 3365 2131
13218 4 2 1 1 2847 2169 3580 3389
13219 4 2 1 1 1759 3334 1829 3592
13220 4 2 1 1 1827 1761 1709 3329
13221 4 2 1 1 3289 871 3299 1531
13222 4 2 1 1 1640 3444 3455 1643
13223 4 2 1 1 1684 1784 3379 3592
13224 4 2 1 1 3543 2103 3299 2900
13225 4 2 1 1 1575 1576 3328 1577
13226 4 2 1 1 3322 1575 3594 3328
13227 4 2 1 1 3325 1758 3310 3309
13228 4 2 1 1 1576 1577 1753 3328
13229 4 2 1 1 3325 2263 3310 3337
13230 4 2 1 1 2596 3593 3328 3591
13231 4 2 1 1 3600 1539 3602 1836
13232 4 2 1 1 1763 1836 3602 1840
13233 4 2 1 1 3384 1836 3602 1763
13234 4 2 1 1 1697 1763 3602 1840
13235 4 2 1 1 1697 3384 3602 1763
13236 4 2 1 1 1697 1861 1840 3602
13237 4 2 1 1 1861 3281 1840 3602
13238 4 2 1 1 3557 2914 3200 3434
13239 4 2 1 1 3536 3421 3551 3291
13240 4 2 1 1 1990 3665 3660 3662
13241 4 2 1 1 2541 2540 2542 2912
13242 4 2 1 1 3672 2253 1988 2254
13243 4 2 1 1 2543 2315 3613 1954
13244 4 2 1 1 1915 2071 3236 2316
13245 4 2 1 1 2315 3651 3613 1954
13246 4 2 1 1 2347 2364 3717 2658
13247 4 2 1 1 2242 2785 2225 3640
13248 4 2 1 1 1990 3673 3671 2963
13249 4 2 1 1 3716 3712 2046 3714
13250 4 2 1 1 3722 3718 3717 3245
13251 4 2 1 1 2241 2228 2415 1940
13252 4 2 1 1 2239 2409 1940 2415
13253 4 2 1 1 1927 2442 3020 1899
13254 4 2 1 1 2330 3219 2650 2651
13255 4 2 1 1 2603 2022 2830 2017
13256 4 2 1 1 1927 3023 1900 3020
13257 4 2 1 1 2025 2018 2017 3492
13258 4 2 1 1 2030 3615 3645 2041
13259 4 2 1 1 1784 1829 3320 3592
13260 4 2 1 1 2172 3380 2597 3455
13261 4 2 1 1 3351 2412 3645 2413
13262 4 2 1 1 3642 2079 1896 3614
13263 4 2 1 1 2837 2836 2335 3656
13264 4 2 1 1 1233 1333 2751 282
13265 4 2 1 1 2488 2292 2491 2487
13266 4 2 1 1 2465 2248 2250 2491
13267 4 2 1 1 2833 2492 2159 2640
13268 4 2 1 1 831 2248 2249 2251
13269 4 2 1 1 3668 3667 2872 3629
13270 4 2 1 1 2081 3668 3629 3669
13271 4 2 1 1 3668 2081 3629 3628
13272 4 2 1 1 2939 1985 2512 3663
13273 4 2 1 1 3664 3661 2768 3663
13274 4 2 1 1 2963 2254 3671 1988
13275 4 2 1 1 3771 3658 3772 2181
13276 4 2 1 1 3658 1992 3772 1987
13277 4 2 1 1 2510 115 999 2704
13278 4 2 1 1 3766 3041 2138 2148
13279 4 2 1 1 3616 3679 1896 3642
13280 4 2 1 1 1987 1991 3678 3772
13281 4 2 1 1 3679 3710 3614 2138
13282 4 2 1 1 2000 3690 3688 3698
13283 4 2 1 1 3686 2000 3688 3698
13284 4 2 1 1 3690 1996 3688 3698
13285 4 2 1 1 1996 3686 3688 3698
13286 4 2 1 1 1931 3634 1932 2131
13287 4 2 1 1 3408 3406 2094 2178
13288 4 2 1 1 3082 3690 3696 3699
13289 4 2 1 1 2011 3697 3696 3698
13290 4 2 1 1 2710 567 2564 2711
13291 4 2 1 1 2680 243 242 241
13292 4 2 1 1 3082 3690 3699 1997
13293 4 2 1 1 2680 2307 3081 2512
13294 4 2 1 1 3252 3690 3693 3699
13295 4 2 1 1 3756 2030 3711 2138
13296 4 2 1 1 2030 3756 3711 2046
13297 4 2 1 1 2138 3710 3614 3711
13298 4 2 1 1 3616 3642 1896 3614
13299 4 2 1 1 3720 2034 3639 3717
13300 4 2 1 1 3712 2031 2149 3711
13301 4 2 1 1 2045 3637 3714 2032
13302 4 2 1 1 3713 3637 3731 3714
13303 4 2 1 1 1583 1582 3588 1581
13304 4 2 1 1 3245 3722 2043 3720
13305 4 2 1 1 2366 3726 3728 3725
13306 4 2 1 1 2733 2596 3721 3725
13307 4 2 1 1 3718 2572 2043 2338
13308 4 2 1 1 2733 3733 3724 2243
13309 4 2 1 1 2157 2159 2687 2519
13310 4 2 1 1 3744 3740 2063 3742
13311 4 2 1 1 2062 3740 3744 3742
13312 4 2 1 1 1978 2062 3741 3742
13313 4 2 1 1 3744 3741 3742 2063
13314 4 2 1 1 3744 2062 3742 3741
13315 4 2 1 1 2332 3709 2330 2651
13316 4 2 1 1 2155 1897 2490 3617
13317 4 2 1 1 2942 2334 2941 2955
13318 4 2 1 1 2605 2606 2632 2700
13319 4 2 1 1 3708 3709 3707 2651
13320 4 2 1 1 2332 2699 2700 2651
13321 4 2 1 1 3763 3766 3764 3767
13322 4 2 1 1 3030 3041 3764 2977
13323 4 2 1 1 3041 3030 3764 3767
13324 4 2 1 1 3041 3766 3764 2977
13325 4 2 1 1 3766 3041 3764 3767
13326 4 2 1 1 2261 2264 2634 2262
13327 4 2 1 1 1886 1719 3299 3515
13328 4 2 1 1 1500 871 1218 3299
13329 4 2 1 1 2819 2013 3515 3299
13330 4 2 1 1 3543 3470 2013 3299
13331 4 2 1 1 3377 3405 3570 3376
13332 4 2 1 1 2807 2503 2535 2498
13333 4 2 1 1 3377 3408 3526 3376
13334 4 2 1 1 1596 1600 3508 1797
13335 4 2 1 1 1080 528 2353 840
13336 4 2 1 1 2855 2381 2936 2853
13337 4 2 1 1 3377 2094 3570 3405
13338 4 2 1 1 2703 115 15 939
13339 4 2 1 1 1667 1794 3376 1796
13340 4 2 1 1 1465 2979 886 1129
13341 4 2 1 1 1600 1667 3570 1797
13342 4 2 1 1 3484 3411 2295 3430
13343 4 2 1 1 2025 3492 2295 3559
13344 4 2 1 1 885 680 789 2352
13345 4 2 1 1 3484 1620 3537 3489
13346 4 2 1 1 3484 3524 3537 1620
13347 4 2 1 1 3466 3524 3463 3537
13348 4 2 1 1 1527 3227 690 1086
13349 4 2 1 1 3567 3466 3463 3537
13350 4 2 1 1 3444 1640 3455 3548
13351 4 2 1 1 1640 3391 3455 3548
13352 4 2 1 1 2264 2259 2634 2262
13353 4 2 1 1 2259 2878 2634 2262
13354 4 2 1 1 3260 728 1086 1408
13355 4 2 1 1 3388 1618 3443 1625
13356 4 2 1 1 644 645 646 2740
13357 4 2 1 1 3388 3391 1625 3548
13358 4 2 1 1 3496 2450 3559 3412
13359 4 2 1 1 420 2297 414 1416
13360 4 2 1 1 2551 552 2370 616
13361 4 2 1 1 2450 3531 3559 3412
13362 4 2 1 1 3457 1932 3559 3496
13363 4 2 1 1 1932 3457 3559 3430
13364 4 2 1 1 1018 617 616 2370
13365 4 2 1 1 3498 1596 3508 1797
13366 4 2 1 1 3400 3406 2094 3508
13367 4 2 1 1 3400 1600 3508 1599
13368 4 2 1 1 2376 1043 1180 433
13369 4 2 1 1 409 413 2297 414
13370 4 2 1 1 413 416 2297 414
13371 4 2 1 1 1121 49 48 1892
13372 4 2 1 1 3406 1600 3508 3400
13373 4 2 1 1 2458 3400 2094 3508
13374 4 2 1 1 1062 258 1063 3250
13375 4 2 1 1 2208 1062 1064 2206
13376 4 2 1 1 3109 1066 3250 1064
13377 4 2 1 1 2208 1068 1064 1062
13378 4 2 1 1 1062 3250 1064 2206
13379 4 2 1 1 1065 3250 1067 1063
13380 4 2 1 1 3250 1066 1067 1063
13381 4 2 1 1 3424 2011 3525 3581
13382 4 2 1 1 3424 3549 2011 3581
13383 4 2 1 1 3370 2180 3440 3581
13384 4 2 1 1 2952 2689 855 1060
13385 4 2 1 1 2180 2011 3440 3581
13386 4 2 1 1 3424 3525 3423 3581
13387 4 2 1 1 3549 3424 3423 3581
13388 4 2 1 1 3329 1759 3331 3592
13389 4 2 1 1 1759 3329 3334 3592
13390 4 2 1 1 3331 3329 3592 2597
13391 4 2 1 1 3329 3334 3592 2597
13392 4 2 1 1 3094 2678 953 3603
13393 4 2 1 1 1456 121 3603 998
13394 4 2 1 1 336 2663 341 2665
13395 4 2 1 1 1277 366 2897 363
13396 4 2 1 1 2867 2259 2878 2634
13397 4 2 1 1 864 1374 2462 998
13398 4 2 1 1 2782 446 1324 2682
13399 4 2 1 1 2462 1374 1456 998
13400 4 2 1 1 2782 2388 2682 2784
13401 4 2 1 1 2462 1456 3603 998
13402 4 2 1 1 3158 2898 2783 2049
13403 4 2 1 1 2972 593 1445 2973
13404 4 2 1 1 2975 2972 2352 2974
13405 4 2 1 1 2635 2259 2867 2634
13406 4 2 1 1 3710 3679 3614 3711
13407 4 2 1 1 2030 3615 3713 3711
13408 4 2 1 1 2172 2169 2597 3614
13409 4 2 1 1 2848 2169 2166 3769
13410 4 2 1 1 2169 2847 2597 3614
13411 4 2 1 1 2170 3677 3772 2142
13412 4 2 1 1 3705 3647 3625 2023
13413 4 2 1 1 1542 1464 6 1
13414 4 2 1 1 1945 3647 3625 3705
13415 4 2 1 1 2414 2239 1922 2411
13416 4 2 1 1 3705 3634 2023 3625
13417 4 2 1 1 3705 1945 3634 3625
13418 4 2 1 1 2825 2826 2242 3640
13419 4 2 1 1 3647 1945 3636 3639
13420 4 2 1 1 3639 1945 3636 3724
13421 4 2 1 1 3079 504 612 613
13422 4 2 1 1 2995 1283 539 3102
13423 4 2 1 1 1945 2041 3636 3724
13424 4 2 1 1 2962 2994 2995 2171
13425 4 2 1 1 112 10 2951 2280
13426 4 2 1 1 1938 1945 3624 3636
13427 4 2 1 1 3647 1945 1938 3636
13428 4 2 1 1 2009 2011 2963 3671
13429 4 2 1 1 2766 2765 3646 2673
13430 4 2 1 1 2011 3673 2963 3671
13431 4 2 1 1 2254 2009 2963 3671
13432 4 2 1 1 3649 2766 3646 2673
13433 4 2 1 1 1080 2576 2570 2353
13434 4 2 1 1 825 2972 789 679
13435 4 2 1 1 1568 3279 103 1548
13436 4 2 1 1 3302 3279 1548 1390
13437 4 2 1 1 2349 2368 3646 2673
13438 4 2 1 1 2349 2538 3646 2368
13439 4 2 1 1 2368 2260 3646 2673
13440 4 2 1 1 2538 2260 3646 2368
13441 4 2 1 1 3752 3653 1979 3656
13442 4 2 1 1 95 64 63 1855
13443 4 2 1 1 1389 95 63 1855
13444 4 2 1 1 3708 3752 1979 3656
13445 4 2 1 1 2026 3653 3752 3656
13446 4 2 1 1 1546 73 74 1133
13447 4 2 1 1 1546 1872 109 74
13448 4 2 1 1 109 1546 74 1133
13449 4 2 1 1 1853 98 1053 84
13450 4 2 1 1 3708 2026 3752 3656
13451 4 2 1 1 746 3134 1042 1284
13452 4 2 1 1 3604 746 3134 1042
13453 4 2 1 1 3140 2939 3629 2872
13454 4 2 1 1 1389 62 1537 63
13455 4 2 1 1 2211 1985 2872 3251
13456 4 2 1 1 2730 3630 2655 2092
13457 4 2 1 1 2206 2211 2512 2872
13458 4 2 1 1 2081 1898 1999 3629
13459 4 2 1 1 2172 2138 2142 3614
13460 4 2 1 1 2705 1255 13 106
13461 4 2 1 1 2627 1255 2705 106
13462 4 2 1 1 3642 3676 1896 3678
13463 4 2 1 1 2431 2325 2432 2324
13464 4 2 1 1 2827 2732 2644 2054
13465 4 2 1 1 3642 1941 3678 3643
13466 4 2 1 1 2732 2731 2644 2612
13467 4 2 1 1 3770 2181 3769 3772
13468 4 2 1 1 3123 859 1342 1328
13469 4 2 1 1 3690 2000 3689 2174
13470 4 2 1 1 2343 1216 183 150
13471 4 2 1 1 2000 3690 3689 3688
13472 4 2 1 1 2059 3513 2174 3689
13473 4 2 1 1 146 2343 2658 1097
13474 4 2 1 1 3513 2059 3691 3689
13475 4 2 1 1 159 3215 160 2204
13476 4 2 1 1 159 160 161 2204
13477 4 2 1 1 3215 159 3216 2204
13478 4 2 1 1 2467 2299 2513 2298
13479 4 2 1 1 2466 2467 2531 2612
13480 4 2 1 1 2000 3513 3689 2174
13481 4 2 1 1 3513 2000 3689 3688
13482 4 2 1 1 172 169 1049 3088
13483 4 2 1 1 1990 3673 2963 3700
13484 4 2 1 1 168 167 2966 3088
13485 4 2 1 1 167 168 169 3088
13486 4 2 1 1 3424 2082 2963 3700
13487 4 2 1 1 2081 3687 1999 2094
13488 4 2 1 1 1216 2343 183 1258
13489 4 2 1 1 2939 3663 3629 2872
13490 4 2 1 1 192 2648 2326 194
13491 4 2 1 1 3219 2289 2328 2649
13492 4 2 1 1 2731 2551 2644 2612
13493 4 2 1 1 2329 1288 2331 428
13494 4 2 1 1 3064 2146 2808 3711
13495 4 2 1 1 229 2489 206 205
13496 4 2 1 1 204 207 2486 206
13497 4 2 1 1 2489 204 2486 206
13498 4 2 1 1 2807 3679 3710 3711
13499 4 2 1 1 214 1278 216 2877
13500 4 2 1 1 219 3209 994 217
13501 4 2 1 1 218 2877 216 576
13502 4 2 1 1 1278 2877 1279 576
13503 4 2 1 1 1985 2939 2512 2872
13504 4 2 1 1 958 2544 810 957
13505 4 2 1 1 232 247 2212 231
13506 4 2 1 1 3679 2807 2808 3711
13507 4 2 1 1 482 2569 238 2918
13508 4 2 1 1 2569 482 238 1201
13509 4 2 1 1 541 2384 250 2571
13510 4 2 1 1 1123 259 2571 250
13511 4 2 1 1 2384 2566 249 250
13512 4 2 1 1 2029 3616 2808 3711
13513 4 2 1 1 256 249 2567 250
13514 4 2 1 1 287 2598 279 278
13515 4 2 1 1 3715 2384 2571 2573
13516 4 2 1 1 262 263 2586 2585
13517 4 2 1 1 2146 2029 2808 3711
13518 4 2 1 1 3064 2807 3710 3711
13519 4 2 1 1 263 262 2586 261
13520 4 2 1 1 2807 3064 2808 3711
13521 4 2 1 1 2214 227 228 2546
13522 4 2 1 1 2549 3761 2061 2524
13523 4 2 1 1 2163 248 253 246
13524 4 2 1 1 2465 2163 253 246
13525 4 2 1 1 2641 298 2751 2642
13526 4 2 1 1 2810 2588 2795 2589
13527 4 2 1 1 3008 1233 2164 586
13528 4 2 1 1 270 284 271 2164
13529 4 2 1 1 2595 2338 2568 2578
13530 4 2 1 1 2384 541 250 186
13531 4 2 1 1 2733 2596 3724 3721
13532 4 2 1 1 2716 2656 303 304
13533 4 2 1 1 2716 306 2656 304
13534 4 2 1 1 3723 2733 3724 3721
13535 4 2 1 1 3727 3722 2367 3725
13536 4 2 1 1 307 493 3109 305
13537 4 2 1 1 2921 2766 2673 3725
13538 4 2 1 1 3726 3727 2367 3725
13539 4 2 1 1 2745 314 447 316
13540 4 2 1 1 2727 318 315 316
13541 4 2 1 1 3722 3727 2043 3725
13542 4 2 1 1 1168 2745 447 316
13543 4 2 1 1 314 2745 2727 316
13544 4 2 1 1 2766 3720 3725 3721
13545 4 2 1 1 2105 3702 2054 3704
13546 4 2 1 1 2805 2559 3178 2265
13547 4 2 1 1 2688 1055 2890 2120
13548 4 2 1 1 1332 1024 2504 337
13549 4 2 1 1 3705 3647 3706 2054
13550 4 2 1 1 3705 3733 2054 2105
13551 4 2 1 1 346 347 348 2629
13552 4 2 1 1 357 351 349 2707
13553 4 2 1 1 1253 346 348 2199
13554 4 2 1 1 354 1253 348 2199
13555 4 2 1 1 2796 2232 2875 3103
13556 4 2 1 1 2104 2025 3704 2105
13557 4 2 1 1 2224 2753 1940 2683
13558 4 2 1 1 3706 2514 2054 2732
13559 4 2 1 1 3198 2231 2824 3114
13560 4 2 1 1 2875 1263 360 356
13561 4 2 1 1 2799 2533 2797 2798
13562 4 2 1 1 3734 3649 3732 2054
13563 4 2 1 1 2205 2873 3139 2871
13564 4 2 1 1 1275 309 2871 370
13565 4 2 1 1 1275 493 1452 2871
13566 4 2 1 1 3139 370 312 371
13567 4 2 1 1 3655 3653 3743 1980
13568 4 2 1 1 3745 2155 1980 3743
13569 4 2 1 1 274 273 264 2585
13570 4 2 1 1 1029 2585 2545 264
13571 4 2 1 1 263 262 264 2585
13572 4 2 1 1 263 273 2585 264
13573 4 2 1 1 3745 3741 2155 3743
13574 4 2 1 1 2155 3653 1980 3743
13575 4 2 1 1 2259 394 393 391
13576 4 2 1 1 2259 1204 393 395
13577 4 2 1 1 3755 2220 2217 3754
13578 4 2 1 1 672 2809 411 400
13579 4 2 1 1 2639 401 403 1170
13580 4 2 1 1 401 2639 411 1170
13581 4 2 1 1 1490 772 770 2103
13582 4 2 1 1 1017 1018 616 2370
13583 4 2 1 1 2551 1017 616 2370
13584 4 2 1 1 2220 2047 2217 3754
13585 4 2 1 1 2219 3730 3757 3754
13586 4 2 1 1 2219 2047 3730 3754
13587 4 2 1 1 2217 2219 3757 3754
13588 4 2 1 1 1982 3016 3466 2941
13589 4 2 1 1 2955 2015 2700 2941
13590 4 2 1 1 2047 2219 2217 3754
13591 4 2 1 1 2942 2701 538 437
13592 4 2 1 1 2547 2583 2518 3682
13593 4 2 1 1 2173 2975 3765 2973
13594 4 2 1 1 2940 2252 3765 3764
13595 4 2 1 1 1910 2547 3682 2549
13596 4 2 1 1 2885 2940 3765 3764
13597 4 2 1 1 2674 1263 355 466
13598 4 2 1 1 2885 2165 3765 2940
13599 4 2 1 1 2745 2464 447 314
13600 4 2 1 1 2551 2731 2644 2732
13601 4 2 1 1 966 2464 311 1078
13602 4 2 1 1 3680 3683 2655 2247
13603 4 2 1 1 3683 3680 2655 3632
13604 4 2 1 1 3008 3093 1401 1202
13605 4 2 1 1 3008 1333 1401 458
13606 4 2 1 1 2092 2277 2246 2655
13607 4 2 1 1 3008 867 1401 1333
13608 4 2 1 1 3095 1466 1082 1229
13609 4 2 1 1 2277 2474 2246 2655
13610 4 2 1 1 2474 2277 2092 2655
13611 4 2 1 1 809 1380 957 2544
13612 4 2 1 1 2544 809 810 957
13613 4 2 1 1 2664 2663 2666 2665
13614 4 2 1 1 3002 2843 2666 2842
13615 4 2 1 1 2667 2843 2666 3002
13616 4 2 1 1 2843 2756 2666 2842
13617 4 2 1 1 2652 1226 895 626
13618 4 2 1 1 3064 2742 2698 2918
13619 4 2 1 1 2145 2146 2698 2149
13620 4 2 1 1 2843 2667 2666 2756
13621 4 2 1 1 2741 1270 1509 491
13622 4 2 1 1 137 2139 2698 2147
13623 4 2 1 1 511 2205 3250 3199
13624 4 2 1 1 2816 2073 2773 2072
13625 4 2 1 1 981 2755 513 345
13626 4 2 1 1 2775 2664 344 345
13627 4 2 1 1 3002 2671 2666 2665
13628 4 2 1 1 2118 347 513 2629
13629 4 2 1 1 2755 2118 513 2629
13630 4 2 1 1 2362 1391 1344 866
13631 4 2 1 1 197 1237 2287 195
13632 4 2 1 1 1024 2504 1023 2622
13633 4 2 1 1 2770 1336 2504 814
13634 4 2 1 1 2671 2664 2666 2665
13635 4 2 1 1 1314 2354 1153 649
13636 4 2 1 1 2381 1213 2853 1280
13637 4 2 1 1 2664 2671 2666 3002
13638 4 2 1 1 2986 3274 3288 3098
13639 4 2 1 1 2794 2793 1507 803
13640 4 2 1 1 3133 3274 3288 3287
13641 4 2 1 1 3274 3133 3288 3098
13642 4 2 1 1 2844 2810 547 3050
13643 4 2 1 1 548 2932 380 547
13644 4 2 1 1 1198 1428 2981 832
13645 4 2 1 1 837 1492 2643 1141
13646 4 2 1 1 1989 2150 2892 2982
13647 4 2 1 1 1112 1293 3181 932
13648 4 2 1 1 1359 3190 2992 1284
13649 4 2 1 1 570 1200 2992 604
13650 4 2 1 1 567 566 565 2710
13651 4 2 1 1 2865 581 642 580
13652 4 2 1 1 2192 2191 2676 2189
13653 4 2 1 1 2986 648 2861 3163
13654 4 2 1 1 648 1225 580 3163
13655 4 2 1 1 3009 2874 2164 2795
13656 4 2 1 1 3458 3527 3368 3416
13657 4 2 1 1 2810 2588 2589 1187
13658 4 2 1 1 2529 2950 2540 601
13659 4 2 1 1 2950 610 601 2529
13660 4 2 1 1 610 856 601 2529
13661 4 2 1 1 3127 3079 822 3210
13662 4 2 1 1 2547 1910 3682 3681
13663 4 2 1 1 2859 2154 2549 3682
13664 4 2 1 1 1146 3111 741 1075
13665 4 2 1 1 3019 496 555 1214
13666 4 2 1 1 1076 504 495 2443
13667 4 2 1 1 3019 3126 1214 1352
13668 4 2 1 1 2160 2157 2687 2791
13669 4 2 1 1 2159 2157 2687 2160
13670 4 2 1 1 2745 1168 447 1430
13671 4 2 1 1 2859 2520 2791 2687
13672 4 2 1 1 2859 2521 2520 2687
13673 4 2 1 1 3013 919 2720 634
13674 4 2 1 1 724 3013 2399 634
13675 4 2 1 1 633 724 2399 634
13676 4 2 1 1 2720 3013 634 2399
13677 4 2 1 1 516 2720 634 2399
13678 4 2 1 1 3001 127 129 128
13679 4 2 1 1 716 3001 2386 2740
13680 4 2 1 1 2342 2476 2806 2386
13681 4 2 1 1 2859 2154 2687 2791
13682 4 2 1 1 3158 2898 2784 2050
13683 4 2 1 1 2476 2702 2806 2386
13684 4 2 1 1 3166 2478 2481 2221
13685 4 2 1 1 2521 2154 2687 2859
13686 4 2 1 1 2356 3027 3218 3003
13687 4 2 1 1 2646 3235 656 817
13688 4 2 1 1 2646 1476 656 3235
13689 4 2 1 1 3235 1310 656 817
13690 4 2 1 1 3049 3235 3217 1221
13691 4 2 1 1 2146 3064 2698 2149
13692 4 2 1 1 1983 3658 2981 2643
13693 4 2 1 1 832 1198 1151 2981
13694 4 2 1 1 611 1198 2981 2643
13695 4 2 1 1 1198 2892 2981 2643
13696 4 2 1 1 2147 2918 2698 136
13697 4 2 1 1 2147 3064 2698 2918
13698 4 2 1 1 2126 1920 1951 2708
13699 4 2 1 1 2384 146 2339 2658
13700 4 2 1 1 2136 1920 2126 2708
13701 4 2 1 1 1920 1940 1951 2708
13702 4 2 1 1 1920 2136 1940 2708
13703 4 2 1 1 827 859 3123 1328
13704 4 2 1 1 2970 3294 3288 3284
13705 4 2 1 1 359 358 2232 356
13706 4 2 1 1 3294 3133 3288 3284
13707 4 2 1 1 2140 1271 2999 722
13708 4 2 1 1 3133 3294 3288 2970
13709 4 2 1 1 1576 1753 3310 3328
13710 4 2 1 1 2033 2910 3000 2911
13711 4 2 1 1 2140 1292 483 910
13712 4 2 1 1 1576 1758 3310 1753
13713 4 2 1 1 489 2525 2932 1331
13714 4 2 1 1 1189 1190 3146 1331
13715 4 2 1 1 3285 1758 3310 1576
13716 4 2 1 1 1828 1758 1753 3310
13717 4 2 1 1 452 509 1239 2988
13718 4 2 1 1 2996 2737 3059 2736
13719 4 2 1 1 1241 509 2988 1240
13720 4 2 1 1 3116 2722 744 1273
13721 4 2 1 1 3046 2722 3116 1273
13722 4 2 1 1 3325 1758 1828 3310
13723 4 2 1 1 2744 3018 2729 2747
13724 4 2 1 1 2744 2745 2729 3018
13725 4 2 1 1 2560 2744 2729 2747
13726 4 2 1 1 675 676 2553 708
13727 4 2 1 1 2979 2886 536 2883
13728 4 2 1 1 1343 1178 2887 766
13729 4 2 1 1 2745 2744 2729 2560
13730 4 2 1 1 1050 812 2602 777
13731 4 2 1 1 1307 858 2817 415
13732 4 2 1 1 3212 3057 3058 3088
13733 4 2 1 1 1050 2303 777 2602
13734 4 2 1 1 1347 1089 646 2740
13735 4 2 1 1 585 2914 2915 2845
13736 4 2 1 1 2914 3557 2915 2845
13737 4 2 1 1 38 1552 799 39
13738 4 2 1 1 1124 38 1843 799
13739 4 2 1 1 38 1552 1843 799
13740 4 2 1 1 1282 6 1463 3101
13741 4 2 1 1 1347 2480 1089 2740
13742 4 2 1 1 1089 3230 646 2740
13743 4 2 1 1 2480 3230 1089 2740
13744 4 2 1 1 809 808 2544 810
13745 4 2 1 1 1117 2976 1419 649
13746 4 2 1 1 1153 485 521 2977
13747 4 2 1 1 1233 270 282 2751
13748 4 2 1 1 1880 34 1268 33
13749 4 2 1 1 2976 2354 1419 649
13750 4 2 1 1 2163 2834 2751 2164
13751 4 2 1 1 270 2163 2751 2164
13752 4 2 1 1 611 1428 2981 1198
13753 4 2 1 1 2892 1983 2981 2643
13754 4 2 1 1 479 1142 2006 1141
13755 4 2 1 1 3743 3009 2751 2164
13756 4 2 1 1 3728 2921 2262 2945
13757 4 2 1 1 3009 3008 2751 2164
13758 4 2 1 1 2343 2364 2368 2346
13759 4 2 1 1 2343 2344 2258 842
13760 4 2 1 1 3056 2854 909 735
13761 4 2 1 1 1871 3278 3279 3302
13762 4 2 1 1 3008 3009 2751 3743
13763 4 2 1 1 735 2854 909 608
13764 4 2 1 1 1967 3206 3192 2762
13765 4 2 1 1 1022 761 865 2966
13766 4 2 1 1 761 2303 865 2966
13767 4 2 1 1 761 2303 777 865
13768 4 2 1 1 2303 1050 777 865
13769 4 2 1 1 636 3201 876 875
13770 4 2 1 1 3190 636 3201 876
13771 4 2 1 1 2179 3190 3201 876
13772 4 2 1 1 2587 1534 2839 877
13773 4 2 1 1 3012 639 637 638
13774 4 2 1 1 1095 2587 2925 638
13775 4 2 1 1 2902 849 898 850
13776 4 2 1 1 419 1442 3100 964
13777 4 2 1 1 909 1384 1390 3302
13778 4 2 1 1 3279 1099 103 1390
13779 4 2 1 1 2187 170 1009 3210
13780 4 2 1 1 3053 909 1390 3302
13781 4 2 1 1 2816 2815 2773 2743
13782 4 2 1 1 2816 2747 2773 2087
13783 4 2 1 1 2816 2086 2773 2747
13784 4 2 1 1 632 2506 1298 460
13785 4 2 1 1 2388 2223 2682 2784
13786 4 2 1 1 3658 3771 3181 2181
13787 4 2 1 1 170 1172 1009 3210
13788 4 2 1 1 2741 940 942 941
13789 4 2 1 1 2050 2390 2784 2683
13790 4 2 1 1 2898 2390 2784 2050
13791 4 2 1 1 2510 2741 942 941
13792 4 2 1 1 1318 2510 942 941
13793 4 2 1 1 2510 1318 942 2741
13794 4 2 1 1 3094 729 954 1210
13795 4 2 1 1 2588 622 2064 1044
13796 4 2 1 1 1399 622 2064 2056
13797 4 2 1 1 622 2588 2064 2056
13798 4 2 1 1 2390 2049 2784 2683
13799 4 2 1 1 2678 3094 953 954
13800 4 2 1 1 849 2902 898 964
13801 4 2 1 1 2471 2902 964 898
13802 4 2 1 1 1442 2471 964 898
13803 4 2 1 1 2390 2898 2784 2049
13804 4 2 1 1 3740 2844 2795 2793
13805 4 2 1 1 2565 567 2564 2710
13806 4 2 1 1 775 2308 2564 2563
13807 4 2 1 1 2794 2161 2164 2795
13808 4 2 1 1 2161 3744 2164 2795
13809 4 2 1 1 2792 2161 2794 2795
13810 4 2 1 1 2161 2792 3744 2795
13811 4 2 1 1 2792 2793 2795 2794
13812 4 2 1 1 2503 130 2498 2144
13813 4 2 1 1 2792 3740 2795 2793
13814 4 2 1 1 3064 2146 2698 2806
13815 4 2 1 1 2146 3064 2808 2806
13816 4 2 1 1 2705 12 13 107
13817 4 2 1 1 3582 3275 3069 1825
13818 4 2 1 1 3071 1341 861 1008
13819 4 2 1 1 860 3071 861 1008
13820 4 2 1 1 2140 2697 2386 2806
13821 4 2 1 1 7 2959 8 539
13822 4 2 1 1 2697 2140 2145 2806
13823 4 2 1 1 408 413 415 2817
13824 4 2 1 1 413 408 2297 2817
13825 4 2 1 1 2759 3234 2319 3233
13826 4 2 1 1 3369 3432 3398 1770
13827 4 2 1 1 1454 67 1547 1844
13828 4 2 1 1 3205 1967 2403 3233
13829 4 2 1 1 3161 1120 1119 1551
13830 4 2 1 1 1307 408 415 2817
13831 4 2 1 1 65 1857 1030 66
13832 4 2 1 1 408 1307 2818 2817
13833 4 2 1 1 2066 3157 2828 2067
13834 4 2 1 1 2522 2085 2828 3224
13835 4 2 1 1 1556 42 1103 41
13836 4 2 1 1 3083 3155 2897 1533
13837 4 2 1 1 2037 993 2911 3029
13838 4 2 1 1 1052 901 902 2838
13839 4 2 1 1 2036 3197 3029 2779
13840 4 2 1 1 2085 2066 2828 3224
13841 4 2 1 1 3197 1052 902 2838
13842 4 2 1 1 826 1206 3221 3222
13843 4 2 1 1 1484 511 3250 1067
13844 4 2 1 1 502 1249 3199 448
13845 4 2 1 1 1065 1436 1067 3250
13846 4 2 1 1 711 359 2232 2229
13847 4 2 1 1 51 1122 52 1544
13848 4 2 1 1 2719 727 2393 2399
13849 4 2 1 1 1413 1085 2534 2393
13850 4 2 1 1 990 2435 851 2927
13851 4 2 1 1 2325 2435 2927 851
13852 4 2 1 1 1483 3127 822 3210
13853 4 2 1 1 1172 3124 3210 822
13854 4 2 1 1 3223 2522 2828 3224
13855 4 2 1 1 2881 740 613 741
13856 4 2 1 1 2771 2881 3124 3125
13857 4 2 1 1 2308 2336 2309 3693
13858 4 2 1 1 2563 3082 2309 2564
13859 4 2 1 1 1461 1212 1108 2469
13860 4 2 1 1 265 1461 1108 2469
13861 4 2 1 1 2678 1389 121 1537
13862 4 2 1 1 3600 1267 879 1118
13863 4 2 1 1 3600 1864 1267 1118
13864 4 2 1 1 1362 3600 879 1118
13865 4 2 1 1 2887 2888 2905 2908
13866 4 2 1 1 3395 2165 3427 2885
13867 4 2 1 1 1128 1132 1125 2908
13868 4 2 1 1 2012 3051 3033 2839
13869 4 2 1 1 2845 731 1349 2839
13870 4 2 1 1 2849 2931 2846 1339
13871 4 2 1 1 2908 2168 2846 1130
13872 4 2 1 1 464 2983 832 2981
13873 4 2 1 1 2587 731 2845 2839
13874 4 2 1 1 2914 2845 1349 2839
13875 4 2 1 1 2913 2914 1349 2839
13876 4 2 1 1 2845 2012 3033 2839
13877 4 2 1 1 1895 1990 3660 1988
13878 4 2 1 1 2957 533 2540 2643
13879 4 2 1 1 2892 3658 2981 1983
13880 4 2 1 1 611 1428 678 2981
13881 4 2 1 1 2984 3672 2182 2982
13882 4 2 1 1 285 2892 1151 1198
13883 4 2 1 1 2587 2845 3033 2839
13884 4 2 1 1 1472 24 85 2534
13885 4 2 1 1 24 23 85 2534
13886 4 2 1 1 23 1090 85 2534
13887 4 2 1 1 1320 2701 2813 635
13888 4 2 1 1 705 2685 2813 762
13889 4 2 1 1 600 2836 2335 635
13890 4 2 1 1 746 2858 1184 564
13891 4 2 1 1 2914 2012 2845 2839
13892 4 2 1 1 746 1184 2992 1284
13893 4 2 1 1 570 604 2992 568
13894 4 2 1 1 3190 1200 3007 2926
13895 4 2 1 1 2914 2913 2012 2839
13896 4 2 1 1 2866 2865 2861 2151
13897 4 2 1 1 387 2958 2944 2850
13898 4 2 1 1 999 1160 2974 107
13899 4 2 1 1 2958 387 2264 2850
13900 4 2 1 1 2259 2264 392 2850
13901 4 2 1 1 2431 2325 2422 2433
13902 4 2 1 1 3237 3231 3232 2422
13903 4 2 1 1 2431 3237 3232 2422
13904 4 2 1 1 2259 412 2860 2850
13905 4 2 1 1 534 970 477 2272
13906 4 2 1 1 1217 2465 253 481
13907 4 2 1 1 2465 2641 2751 2640
13908 4 2 1 1 2641 298 1015 283
13909 4 2 1 1 2641 2834 2751 2640
13910 4 2 1 1 2163 2465 2751 2640
13911 4 2 1 1 270 1233 2164 2751
13912 4 2 1 1 867 3008 1401 1202
13913 4 2 1 1 1285 3270 3134 1042
13914 4 2 1 1 3183 3031 2642 506
13915 4 2 1 1 2642 507 432 506
13916 4 2 1 1 2814 3031 506 2642
13917 4 2 1 1 1850 83 1555 1053
13918 4 2 1 1 98 3604 1053 1042
13919 4 2 1 1 1397 1550 2619 118
13920 4 2 1 1 1550 1850 2619 118
13921 4 2 1 1 1059 3001 129 128
13922 4 2 1 1 1088 3001 129 1059
13923 4 2 1 1 2689 623 462 855
13924 4 2 1 1 2660 3060 2623 2661
13925 4 2 1 1 1175 375 462 2689
13926 4 2 1 1 1066 2205 1452 3109
13927 4 2 1 1 3001 1088 129 645
13928 4 2 1 1 644 3001 129 645
13929 4 2 1 1 2259 412 2850 392
13930 4 2 1 1 370 1275 1250 2871
13931 4 2 1 1 2340 3123 1342 2339
13932 4 2 1 1 997 1502 2535 939
13933 4 2 1 1 1517 2529 1261 2626
13934 4 2 1 1 2627 1255 1501 2626
13935 4 2 1 1 1272 740 2444 1075
13936 4 2 1 1 2154 2859 3681 3682
13937 4 2 1 1 2199 2856 2444 2776
13938 4 2 1 1 1910 2859 2549 3682
13939 4 2 1 1 2695 504 2771 2444
13940 4 2 1 1 2771 2881 613 3124
13941 4 2 1 1 2340 2659 2045 2339
13942 4 2 1 1 2961 2983 554 2984
13943 4 2 1 1 10 9 2849 2280
13944 4 2 1 1 2980 703 704 558
13945 4 2 1 1 798 3268 1283 1405
13946 4 2 1 1 980 1337 3195 1294
13947 4 2 1 1 3716 3715 2383 2031
13948 4 2 1 1 212 211 2686 213
13949 4 2 1 1 978 980 3195 979
13950 4 2 1 1 3193 992 151 149
13951 4 2 1 1 1407 816 1485 2461
13952 4 2 1 1 2522 597 3222 2828
13953 4 2 1 1 1206 826 3221 1316
13954 4 2 1 1 152 153 151 2345
13955 4 2 1 1 3193 152 151 2345
13956 4 2 1 1 905 2318 2801 1327
13957 4 2 1 1 904 905 2801 1327
13958 4 2 1 1 3238 815 1155 1338
13959 4 2 1 1 1260 3151 3229 19
13960 4 2 1 1 90 2759 1338 19
13961 4 2 1 1 89 1260 3229 19
13962 4 2 1 1 2759 2319 19 3229
13963 4 2 1 1 2319 3151 19 3229
13964 4 2 1 1 2467 1234 162 164
13965 4 2 1 1 412 577 2850 392
13966 4 2 1 1 878 2913 2914 1349
13967 4 2 1 1 713 878 2914 1349
13968 4 2 1 1 2587 1534 877 887
13969 4 2 1 1 2865 642 2861 580
13970 4 2 1 1 1019 1018 3167 1020
13971 4 2 1 1 3216 3120 1360 3131
13972 4 2 1 1 3216 995 1360 3120
13973 4 2 1 1 3193 993 3029 906
13974 4 2 1 1 172 3057 173 3088
13975 4 2 1 1 3193 992 993 906
13976 4 2 1 1 3193 1425 1371 906
13977 4 2 1 1 3193 992 1371 151
13978 4 2 1 1 171 172 173 3088
13979 4 2 1 1 3057 171 173 3088
13980 4 2 1 1 2859 1910 3681 3682
13981 4 2 1 1 2811 171 173 3057
13982 4 2 1 1 174 2811 173 3057
13983 4 2 1 1 3030 2972 1231 679
13984 4 2 1 1 2811 174 173 171
13985 4 2 1 1 182 185 3026 184
13986 4 2 1 1 3169 181 3026 184
13987 4 2 1 1 944 2558 1404 2607
13988 4 2 1 1 2558 988 418 583
13989 4 2 1 1 416 2558 418 583
13990 4 2 1 1 988 2558 1404 583
13991 4 2 1 1 2558 944 1404 583
13992 4 2 1 1 3193 152 150 151
13993 4 2 1 1 1415 2910 811 1474
13994 4 2 1 1 859 827 3123 811
13995 4 2 1 1 3123 827 722 811
13996 4 2 1 1 188 1259 3169 184
13997 4 2 1 1 2862 1116 2861 2860
13998 4 2 1 1 824 1340 3217 1426
13999 4 2 1 1 1340 3154 3217 1426
14000 4 2 1 1 2865 1116 2861 2862
14001 4 2 1 1 578 579 580 2861
14002 4 2 1 1 581 578 580 2861
14003 4 2 1 1 2865 581 580 2861
14004 4 2 1 1 2159 208 1236 206
14005 4 2 1 1 229 2159 1236 206
14006 4 2 1 1 208 207 206 2686
14007 4 2 1 1 207 2489 206 2686
14008 4 2 1 1 218 2877 217 216
14009 4 2 1 1 218 2877 219 217
14010 4 2 1 1 581 2865 578 2861
14011 4 2 1 1 3208 225 2214 2153
14012 4 2 1 1 648 579 2861 580
14013 4 2 1 1 648 2851 2861 579
14014 4 2 1 1 3630 3626 3628 3629
14015 4 2 1 1 1519 2752 1470 670
14016 4 2 1 1 2752 1519 1470 919
14017 4 2 1 1 3144 2718 2586 2546
14018 4 2 1 1 2237 2533 2798 2236
14019 4 2 1 1 2507 1516 2707 946
14020 4 2 1 1 480 912 2251 913
14021 4 2 1 1 2800 2836 2251 3656
14022 4 2 1 1 3251 3668 3667 2872
14023 4 2 1 1 2209 3668 3251 2872
14024 4 2 1 1 1492 2892 2643 1141
14025 4 2 1 1 3672 2182 2982 1988
14026 4 2 1 1 2004 2005 2006 3076
14027 4 2 1 1 1178 1343 2883 1403
14028 4 2 1 1 1343 1178 2883 2887
14029 4 2 1 1 630 535 2883 2978
14030 4 2 1 1 630 1178 2883 535
14031 4 2 1 1 766 2887 2978 2883
14032 4 2 1 1 630 766 2978 2883
14033 4 2 1 1 1178 630 2883 766
14034 4 2 1 1 1032 1081 2679 95
14035 4 2 1 1 3601 1883 2679 2678
14036 4 2 1 1 2062 3527 2065 2589
14037 4 2 1 1 3601 2678 2679 3095
14038 4 2 1 1 1965 1963 2948 1962
14039 4 2 1 1 2887 1178 2883 766
14040 4 2 1 1 104 1524 3277 1207
14041 4 2 1 1 2884 3766 3768 2167
14042 4 2 1 1 1268 1880 33 1254
14043 4 2 1 1 2663 2556 2666 2894
14044 4 2 1 1 2924 1450 266 272
14045 4 2 1 1 2679 1837 1735 1566
14046 4 2 1 1 2007 2924 266 272
14047 4 2 1 1 2007 2150 2924 272
14048 4 2 1 1 1857 1894 3577 1976
14049 4 2 1 1 3381 1657 3504 1679
14050 4 2 1 1 2465 267 2751 1217
14051 4 2 1 1 1868 2419 1570 2420
14052 4 2 1 1 1571 2420 1572 1570
14053 4 2 1 1 3278 3307 1569 3136
14054 4 2 1 1 3590 1582 1579 1581
14055 4 2 1 1 2556 2663 2112 2894
14056 4 2 1 1 3494 3336 1828 1683
14057 4 2 1 1 3356 3355 3354 3365
14058 4 2 1 1 2665 2663 2666 2894
14059 4 2 1 1 2465 1015 1217 283
14060 4 2 1 1 3472 1589 1592 3487
14061 4 2 1 1 2094 3498 3405 3497
14062 4 2 1 1 3369 3432 3441 3442
14063 4 2 1 1 2060 3748 3442 2458
14064 4 2 1 1 2641 1015 2465 283
14065 4 2 1 1 1635 1608 3445 3537
14066 4 2 1 1 1607 3488 1602 1606
14067 4 2 1 1 3428 3483 3522 1606
14068 4 2 1 1 1690 1794 1779 3420
14069 4 2 1 1 2578 2577 3757 2568
14070 4 2 1 1 3523 1612 1614 3573
14071 4 2 1 1 3419 3468 1617 3474
14072 4 2 1 1 3388 3443 3474 3389
14073 4 2 1 1 3359 3433 3474 1624
14074 4 2 1 1 3521 3483 3522 2294
14075 4 2 1 1 3466 3524 3537 2027
14076 4 2 1 1 295 438 294 2577
14077 4 2 1 1 3546 1791 1808 1811
14078 4 2 1 1 1799 3543 1727 1694
14079 4 2 1 1 3447 2106 3471 3533
14080 4 2 1 1 306 2656 304 305
14081 4 2 1 1 3382 3399 1977 3475
14082 4 2 1 1 3428 3572 1657 1811
14083 4 2 1 1 2484 1839 1746 2485
14084 4 2 1 1 3577 2679 1735 1566
14085 4 2 1 1 1732 1733 1976 1844
14086 4 2 1 1 2656 303 304 305
14087 4 2 1 1 303 2656 3109 305
14088 4 2 1 1 1674 1766 3363 1668
14089 4 2 1 1 1655 1674 3363 1668
14090 4 2 1 1 319 318 2560 316
14091 4 2 1 1 318 2727 2560 316
14092 4 2 1 1 1770 1685 1790 3398
14093 4 2 1 1 3425 1685 1658 1686
14094 4 2 1 1 1630 1685 3475 3398
14095 4 2 1 1 2744 319 2560 316
14096 4 2 1 1 2745 2744 2560 316
14097 4 2 1 1 2018 3479 3493 3478
14098 4 2 1 1 3290 1793 1720 3533
14099 4 2 1 1 1783 3300 1793 3290
14100 4 2 1 1 1648 1678 1793 3533
14101 4 2 1 1 1740 1556 3607 2893
14102 4 2 1 1 1847 1556 3599 1874
14103 4 2 1 1 1838 1847 3599 1874
14104 4 2 1 1 3161 2903 3159 3599
14105 4 2 1 1 3449 3545 2350 3607
14106 4 2 1 1 2868 3282 3361 1724
14107 4 2 1 1 3536 1723 2868 1724
14108 4 2 1 1 2253 3536 3073 3361
14109 4 2 1 1 2749 1330 327 323
14110 4 2 1 1 1330 2749 327 2690
14111 4 2 1 1 1791 3428 1811 3572
14112 4 2 1 1 1629 3428 1811 1791
14113 4 2 1 1 1629 3428 1657 1811
14114 4 2 1 1 2265 2559 3178 2269
14115 4 2 1 1 3469 3452 1650 3453
14116 4 2 1 1 3454 3469 3453 3452
14117 4 2 1 1 3068 3582 2177 3518
14118 4 2 1 1 1652 3512 1675 3453
14119 4 2 1 1 3582 3068 3453 3518
14120 4 2 1 1 1626 3469 3452 1650
14121 4 2 1 1 3338 1756 1767 3342
14122 4 2 1 1 1828 3336 1753 1757
14123 4 2 1 1 3038 2110 2579 1935
14124 4 2 1 1 2688 328 326 327
14125 4 2 1 1 1945 3644 2041 2243
14126 4 2 1 1 342 981 2664 338
14127 4 2 1 1 2755 2664 338 2556
14128 4 2 1 1 981 2755 338 2556
14129 4 2 1 1 2755 981 338 2664
14130 4 2 1 1 2628 347 2629 349
14131 4 2 1 1 2532 2628 2629 349
14132 4 2 1 1 3355 3495 3356 3354
14133 4 2 1 1 3329 3333 3344 3332
14134 4 2 1 1 2243 3345 3339 3343
14135 4 2 1 1 3584 3355 3390 3354
14136 4 2 1 1 2875 359 360 2389
14137 4 2 1 1 3161 1437 3599 110
14138 4 2 1 1 3466 3449 2350 3464
14139 4 2 1 1 1982 3115 3579 3563
14140 4 2 1 1 3567 3546 1635 1808
14141 4 2 1 1 359 361 360 2389
14142 4 2 1 1 3567 1635 1804 1808
14143 4 2 1 1 3579 2614 3540 3563
14144 4 2 1 1 1791 3546 3572 1811
14145 4 2 1 1 834 3083 2823 833
14146 4 2 1 1 1766 1711 1822 3440
14147 4 2 1 1 3370 1766 1822 3440
14148 4 2 1 1 3199 374 371 448
14149 4 2 1 1 2312 959 371 3139
14150 4 2 1 1 3597 1541 1833 1889
14151 4 2 1 1 969 2438 120 1478
14152 4 2 1 1 450 959 371 2312
14153 4 2 1 1 3597 1833 3069 1889
14154 4 2 1 1 3199 2074 371 3139
14155 4 2 1 1 68 1454 1558 1844
14156 4 2 1 1 68 67 1454 1844
14157 4 2 1 1 450 2074 371 3199
14158 4 2 1 1 2312 2074 3139 371
14159 4 2 1 1 1032 1857 65 1566
14160 4 2 1 1 3183 1303 1082 3095
14161 4 2 1 1 450 2074 2312 371
14162 4 2 1 1 2663 2665 2636 2894
14163 4 2 1 1 2678 95 2679 1210
14164 4 2 1 1 3425 3535 3576 2065
14165 4 2 1 1 474 2506 460 459
14166 4 2 1 1 1552 1739 3293 1866
14167 4 2 1 1 1542 6 3101 1866
14168 4 2 1 1 1739 1542 3101 1866
14169 4 2 1 1 1199 2918 459 382
14170 4 2 1 1 2505 2504 2894 2636
14171 4 2 1 1 1726 3362 1877 1815
14172 4 2 1 1 460 2506 2918 459
14173 4 2 1 1 412 2259 393 392
14174 4 2 1 1 73 72 125 1856
14175 4 2 1 1 1546 1890 1856 2385
14176 4 2 1 1 3421 2253 3361 3536
14177 4 2 1 1 3282 1815 3361 1724
14178 4 2 1 1 2179 1550 1867 1888
14179 4 2 1 1 3363 3514 3558 3273
14180 4 2 1 1 2619 1888 1867 3273
14181 4 2 1 1 2620 2179 1845 1867
14182 4 2 1 1 412 1204 393 2259
14183 4 2 1 1 2620 1718 3273 1867
14184 4 2 1 1 3620 1899 1900 2024
14185 4 2 1 1 3213 3020 1899 1900
14186 4 2 1 1 3023 3219 3620 1900
14187 4 2 1 1 3213 3020 3185 1899
14188 4 2 1 1 3020 2442 3185 1899
14189 4 2 1 1 2441 2617 2447 2301
14190 4 2 1 1 2196 1930 2447 3185
14191 4 2 1 1 2201 2196 2447 3185
14192 4 2 1 1 3252 1998 3682 2718
14193 4 2 1 1 3684 2081 3632 2093
14194 4 2 1 1 1909 3668 3628 3632
14195 4 2 1 1 2859 2521 3681 1910
14196 4 2 1 1 2521 2457 2093 3681
14197 4 2 1 1 2081 3668 3684 3632
14198 4 2 1 1 2677 2825 2446 1921
14199 4 2 1 1 3104 1921 2193 2228
14200 4 2 1 1 2222 2232 2875 2389
14201 4 2 1 1 2162 2336 2718 3693
14202 4 2 1 1 3142 2823 3025 3114
14203 4 2 1 1 2136 2799 2533 2857
14204 4 2 1 1 2184 2796 3103 2797
14205 4 2 1 1 3635 3633 1932 2295
14206 4 2 1 1 3489 3484 2295 3537
14207 4 2 1 1 2075 2099 2426 2098
14208 4 2 1 1 2442 2495 2494 2669
14209 4 2 1 1 1945 3624 1943 3625
14210 4 2 1 1 3634 1945 1943 3625
14211 4 2 1 1 2136 2799 2193 2240
14212 4 2 1 1 3647 2449 1938 3625
14213 4 2 1 1 1901 1938 2242 1922
14214 4 2 1 1 2162 3691 2309 3693
14215 4 2 1 1 2078 2066 2451 2542
14216 4 2 1 1 2870 2504 2894 2505
14217 4 2 1 1 1915 2070 3236 2451
14218 4 2 1 1 2482 2483 3240 2320
14219 4 2 1 1 2929 2085 2542 2313
14220 4 2 1 1 1963 665 2948 2880
14221 4 2 1 1 2880 2416 2398 1965
14222 4 2 1 1 2110 3038 2672 1965
14223 4 2 1 1 2110 1948 3038 1965
14224 4 2 1 1 111 1030 1976 1547
14225 4 2 1 1 111 897 1976 1030
14226 4 2 1 1 2814 2652 3271 2509
14227 4 2 1 1 2814 3271 2657 2509
14228 4 2 1 1 706 2814 2509 626
14229 4 2 1 1 111 897 895 1976
14230 4 2 1 1 1226 2652 895 897
14231 4 2 1 1 2887 3606 3427 2905
14232 4 2 1 1 1991 3677 3678 3772
14233 4 2 1 1 2950 3658 2981 2626
14234 4 2 1 1 2703 91 2535 939
14235 4 2 1 1 2499 3676 1991 3677
14236 4 2 1 1 999 2705 2974 2704
14237 4 2 1 1 2181 3770 2930 3772
14238 4 2 1 1 2154 2549 3682 3761
14239 4 2 1 1 1107 1094 2469 2564
14240 4 2 1 1 3668 3669 3684 1998
14241 4 2 1 1 3668 3252 3669 1998
14242 4 2 1 1 3695 3759 3739 3761
14243 4 2 1 1 3145 2061 2524 2879
14244 4 2 1 1 231 260 2546 1203
14245 4 2 1 1 2585 2545 2524 2549
14246 4 2 1 1 3510 3611 1988 3610
14247 4 2 1 1 2848 3510 2254 3419
14248 4 2 1 1 2963 3461 3460 3530
14249 4 2 1 1 2848 2183 3419 2254
14250 4 2 1 1 2024 2015 3750 2295
14251 4 2 1 1 3702 2638 2515 2020
14252 4 2 1 1 2638 2832 2515 2020
14253 4 2 1 1 2638 3701 2020 3702
14254 4 2 1 1 2832 3701 2020 2638
14255 4 2 1 1 3226 3158 3266 2783
14256 4 2 1 1 3715 2341 2383 2031
14257 4 2 1 1 3715 3716 3714 2031
14258 4 2 1 1 3637 2034 3731 3714
14259 4 2 1 1 3691 3688 3689 3693
14260 4 2 1 1 3691 3252 3688 3693
14261 4 2 1 1 3712 3716 2575 2383
14262 4 2 1 1 2412 3586 3341 2042
14263 4 2 1 1 3344 3341 3587 2042
14264 4 2 1 1 3333 3344 3587 2042
14265 4 2 1 1 3344 3333 3341 2042
14266 4 2 1 1 3338 1756 1757 1767
14267 4 2 1 1 2596 2733 3724 2243
14268 4 2 1 1 3355 3347 2243 3346
14269 4 2 1 1 2876 2228 3084 3114
14270 4 2 1 1 2378 2376 2379 404
14271 4 2 1 1 2446 2195 2448 2192
14272 4 2 1 1 2536 2260 2370 2612
14273 4 2 1 1 2347 2349 2346 2317
14274 4 2 1 1 2260 2258 2673 2368
14275 4 2 1 1 3094 3093 2589 590
14276 4 2 1 1 3032 3183 2065 3382
14277 4 2 1 1 589 588 2589 2874
14278 4 2 1 1 688 589 2064 1044
14279 4 2 1 1 2092 2091 2216 2087
14280 4 2 1 1 2816 2075 2429 2098
14281 4 2 1 1 2121 2089 3018 2098
14282 4 2 1 1 3630 2730 2276 2092
14283 4 2 1 1 2128 1923 2276 2279
14284 4 2 1 1 1138 2815 2428 2743
14285 4 2 1 1 2097 2654 2729 2090
14286 4 2 1 1 2559 2744 2747 3018
14287 4 2 1 1 2266 2265 2273 2269
14288 4 2 1 1 2464 2713 2773 2654
14289 4 2 1 1 1923 2128 2276 2278
14290 4 2 1 1 317 1011 315 2728
14291 4 2 1 1 2296 317 2713 2728
14292 4 2 1 1 949 2266 2265 429
14293 4 2 1 1 1366 2296 2815 2743
14294 4 2 1 1 320 949 2265 429
14295 4 2 1 1 2788 2275 2098 1961
14296 4 2 1 1 1043 2376 404 433
14297 4 2 1 1 2713 2464 2773 2728
14298 4 2 1 1 2205 2871 3139 3199
14299 4 2 1 1 2714 2873 2090 2654
14300 4 2 1 1 2089 2277 1907 2087
14301 4 2 1 1 2745 2746 2729 3018
14302 4 2 1 1 306 2716 2656 2654
14303 4 2 1 1 331 2555 1055 2890
14304 4 2 1 1 2117 3175 2579 2123
14305 4 2 1 1 2748 2749 2559 2120
14306 4 2 1 1 2269 2271 2579 3178
14307 4 2 1 1 2997 3256 1367 3156
14308 4 2 1 1 2376 1043 404 2378
14309 4 2 1 1 2631 2756 3037 2126
14310 4 2 1 1 661 2774 660 659
14311 4 2 1 1 662 681 1169 3036
14312 4 2 1 1 2235 2397 2708 2949
14313 4 2 1 1 2631 2136 2708 2533
14314 4 2 1 1 2117 2124 3038 3037
14315 4 2 1 1 3075 3118 2396 3191
14316 4 2 1 1 2125 2115 2126 3037
14317 4 2 1 1 3620 2293 3617 3753
14318 4 2 1 1 3219 2330 3753 2651
14319 4 2 1 1 3484 3411 3489 2295
14320 4 2 1 1 3634 3473 1932 2131
14321 4 2 1 1 2293 3620 1903 3753
14322 4 2 1 1 3716 3712 2149 2383
14323 4 2 1 1 1270 2741 2698 491
14324 4 2 1 1 2045 2341 2031 2141
14325 4 2 1 1 3712 2147 2149 2383
14326 4 2 1 1 2718 3252 3761 3693
14327 4 2 1 1 1161 3246 1522 2715
14328 4 2 1 1 3718 3729 3731 2046
14329 4 2 1 1 2034 3718 3731 3714
14330 4 2 1 1 3252 3691 3761 3693
14331 4 2 1 1 3447 2106 2152 3702
14332 4 2 1 1 3336 3494 3324 3337
14333 4 2 1 1 3347 3345 3343 3346
14334 4 2 1 1 3447 3422 2105 3437
14335 4 2 1 1 229 2489 205 246
14336 4 2 1 1 2492 2155 2491 2640
14337 4 2 1 1 2465 1274 481 1217
14338 4 2 1 1 415 1014 1350 2817
14339 4 2 1 1 2489 2492 2491 2640
14340 4 2 1 1 2292 2249 2491 2330
14341 4 2 1 1 1014 2602 1350 2817
14342 4 2 1 1 1668 1655 3511 3375
14343 4 2 1 1 2000 2011 3448 3375
14344 4 2 1 1 3448 3560 3511 1690
14345 4 2 1 1 3560 1653 3511 1690
14346 4 2 1 1 3363 1655 1668 3375
14347 4 2 1 1 1766 3363 3375 3364
14348 4 2 1 1 2184 2797 2856 2185
14349 4 2 1 1 2233 2796 2185 2797
14350 4 2 1 1 2797 2533 2856 2185
14351 4 2 1 1 2533 2532 2856 2185
14352 4 2 1 1 2533 2233 2185 2797
14353 4 2 1 1 2532 2233 2185 2533
14354 4 2 1 1 2537 2539 2466 2448
14355 4 2 1 1 2192 2299 2448 2466
14356 4 2 1 1 2195 2196 2448 2447
14357 4 2 1 1 2466 2467 2448 2531
14358 4 2 1 1 2242 2239 1922 2240
14359 4 2 1 1 1930 3647 2449 2448
14360 4 2 1 1 2873 2088 2210 2205
14361 4 2 1 1 2211 2209 3251 2872
14362 4 2 1 1 2215 2245 2655 2246
14363 4 2 1 1 2212 2307 2206 2209
14364 4 2 1 1 2208 2212 2206 2209
14365 4 2 1 1 233 2208 2212 2206
14366 4 2 1 1 2307 233 2212 2206
14367 4 2 1 1 104 1873 3277 1536
14368 4 2 1 1 2220 3319 3313 3323
14369 4 2 1 1 3053 2954 2852 2217
14370 4 2 1 1 2219 2954 3053 2217
14371 4 2 1 1 3053 3301 3305 2217
14372 4 2 1 1 2219 3053 3305 2217
14373 4 2 1 1 2222 2227 2798 2232
14374 4 2 1 1 2797 2533 2857 2856
14375 4 2 1 1 2797 2856 2676 2675
14376 4 2 1 1 2136 2193 2857 2240
14377 4 2 1 1 2390 2238 1940 2228
14378 4 2 1 1 2409 2417 1951 2753
14379 4 2 1 1 1949 2417 1951 2418
14380 4 2 1 1 2239 1920 1951 2414
14381 4 2 1 1 2036 1934 2055 2225
14382 4 2 1 1 1937 3637 3640 3636
14383 4 2 1 1 2836 2800 2335 3656
14384 4 2 1 1 3078 1981 2837 3656
14385 4 2 1 1 3707 3078 2335 3656
14386 4 2 1 1 2248 2465 2251 913
14387 4 2 1 1 2836 2837 2813 2251
14388 4 2 1 1 394 2259 2635 2634
14389 4 2 1 1 2867 2256 2644 2878
14390 4 2 1 1 2635 394 2634 1162
14391 4 2 1 1 747 1297 2634 2261
14392 4 2 1 1 2260 2538 2644 2612
14393 4 2 1 1 3122 2895 2272 2267
14394 4 2 1 1 2274 1958 2273 2721
14395 4 2 1 1 2427 3122 2323 2272
14396 4 2 1 1 2558 3108 2830 2817
14397 4 2 1 1 3074 573 3113 2281
14398 4 2 1 1 2603 3219 2651 2650
14399 4 2 1 1 3620 3220 3753 3750
14400 4 2 1 1 3428 1791 3445 3572
14401 4 2 1 1 3428 1606 3522 3445
14402 4 2 1 1 3274 2986 2306 3098
14403 4 2 1 1 1560 1209 2306 1862
14404 4 2 1 1 1747 3133 2306 2305
14405 4 2 1 1 1301 123 2306 1884
14406 4 2 1 1 815 2759 3239 2316
14407 4 2 1 1 2162 2718 3761 3693
14408 4 2 1 1 2500 2143 2498 91
14409 4 2 1 1 2143 2500 1933 2342
14410 4 2 1 1 940 2741 2535 941
14411 4 2 1 1 2319 2759 18 2316
14412 4 2 1 1 2759 2319 3239 2316
14413 4 2 1 1 1224 1429 2607 2604
14414 4 2 1 1 2605 2333 985 2604
14415 4 2 1 1 2331 189 235 2604
14416 4 2 1 1 1288 2329 2331 989
14417 4 2 1 1 2333 2332 2331 2699
14418 4 2 1 1 2605 2014 2699 2604
14419 4 2 1 1 2329 2332 2331 2333
14420 4 2 1 1 2354 3041 2976 2919
14421 4 2 1 1 2936 3755 2217 3754
14422 4 2 1 1 3729 2219 3730 2338
14423 4 2 1 1 2219 3729 2595 2338
14424 4 2 1 1 2366 3726 2043 3040
14425 4 2 1 1 2920 501 2958 2725
14426 4 2 1 1 3718 3729 2338 2043
14427 4 2 1 1 2365 2723 2841 2658
14428 4 2 1 1 2723 3245 2658 2571
14429 4 2 1 1 2723 2255 1323 2658
14430 4 2 1 1 2841 3245 3717 2658
14431 4 2 1 1 2365 2841 2364 2658
14432 4 2 1 1 2723 3245 2841 2658
14433 4 2 1 1 2288 2363 2360 2290
14434 4 2 1 1 1344 196 2361 194
14435 4 2 1 1 194 2648 2361 524
14436 4 2 1 1 2638 2832 2831 2817
14437 4 2 1 1 2646 764 866 817
14438 4 2 1 1 764 2646 866 2360
14439 4 2 1 1 425 2942 2633 426
14440 4 2 1 1 2648 1457 2361 524
14441 4 2 1 1 2359 2288 2361 3235
14442 4 2 1 1 2517 2518 1910 2520
14443 4 2 1 1 2548 2544 2549 2520
14444 4 2 1 1 2859 2547 2549 2520
14445 4 2 1 1 2789 2792 2791 2794
14446 4 2 1 1 244 2550 2681 2470
14447 4 2 1 1 2007 2005 3077 2006
14448 4 2 1 1 427 2942 425 426
14449 4 2 1 1 1092 1109 2382 1093
14450 4 2 1 1 1092 2382 591 1093
14451 4 2 1 1 2563 975 1108 1107
14452 4 2 1 1 1461 265 244 2469
14453 4 2 1 1 3259 3260 3258 2402
14454 4 2 1 1 1385 2909 3138 3091
14455 4 2 1 1 1387 2909 3091 3089
14456 4 2 1 1 3205 3227 2403 2479
14457 4 2 1 1 3234 3206 3228 2403
14458 4 2 1 1 2692 2479 3228 2403
14459 4 2 1 1 2479 3234 3228 2403
14460 4 2 1 1 3205 3234 2479 2403
14461 4 2 1 1 2282 1902 2133 2662
14462 4 2 1 1 3691 2162 3761 3693
14463 4 2 1 1 2495 1927 2669 2442
14464 4 2 1 1 1956 2075 1914 2426
14465 4 2 1 1 1920 2137 2414 2240
14466 4 2 1 1 2423 1968 2429 2428
14467 4 2 1 1 606 3035 2754 627
14468 4 2 1 1 545 606 2787 605
14469 4 2 1 1 2325 2427 2437 1955
14470 4 2 1 1 2423 2421 2437 2429
14471 4 2 1 1 1171 607 2835 605
14472 4 2 1 1 605 2754 2787 2835
14473 4 2 1 1 3020 2442 2447 3185
14474 4 2 1 1 865 2303 1449 3088
14475 4 2 1 1 1050 2303 1449 865
14476 4 2 1 1 3457 3356 3365 1932
14477 4 2 1 1 3411 3488 2294 2131
14478 4 2 1 1 3569 1598 1602 3544
14479 4 2 1 1 3644 2412 1925 2413
14480 4 2 1 1 3748 3749 3746 2093
14481 4 2 1 1 2132 3644 1925 1943
14482 4 2 1 1 3749 2155 3621 3617
14483 4 2 1 1 3620 1919 1928 3618
14484 4 2 1 1 254 255 2470 266
14485 4 2 1 1 2550 244 2005 2470
14486 4 2 1 1 2924 2001 2470 2382
14487 4 2 1 1 2008 2924 3699 2470
14488 4 2 1 1 2887 3272 3606 2905
14489 4 2 1 1 1107 1094 1108 2469
14490 4 2 1 1 3394 3395 3427 2905
14491 4 2 1 1 1094 265 1108 2469
14492 4 2 1 1 790 1347 2480 1467
14493 4 2 1 1 2479 1089 701 1467
14494 4 2 1 1 3202 3248 2224 3166
14495 4 2 1 1 3234 2387 2342 2481
14496 4 2 1 1 3395 3578 3427 2905
14497 4 2 1 1 3578 3395 3394 2905
14498 4 2 1 1 2358 2286 1903 2291
14499 4 2 1 1 2293 1897 2490 2286
14500 4 2 1 1 1897 2460 2490 2286
14501 4 2 1 1 2293 2289 2328 2330
14502 4 2 1 1 2650 3219 2328 2647
14503 4 2 1 1 2356 3003 2662 2494
14504 4 2 1 1 2289 2358 1903 2291
14505 4 2 1 1 2140 3001 2144 2386
14506 4 2 1 1 2479 3230 2480 2481
14507 4 2 1 1 3241 1941 2477 3643
14508 4 2 1 1 2316 2500 3240 3236
14509 4 2 1 1 3214 3635 3704 2017
14510 4 2 1 1 3242 1954 2451 3236
14511 4 2 1 1 595 650 1177 2002
14512 4 2 1 1 2091 2095 2655 2216
14513 4 2 1 1 2858 2710 2934 2820
14514 4 2 1 1 1033 773 2175 1071
14515 4 2 1 1 2336 2162 2175 2309
14516 4 2 1 1 3692 2176 2820 2711
14517 4 2 1 1 566 773 2523 2175
14518 4 2 1 1 1033 911 2175 773
14519 4 2 1 1 2417 2398 2400 2407
14520 4 2 1 1 2409 2239 1951 2414
14521 4 2 1 1 1085 2401 2534 2393
14522 4 2 1 1 2692 2478 2693 2694
14523 4 2 1 1 2682 2478 3166 2694
14524 4 2 1 1 24 1964 2 3089
14525 4 2 1 1 24 1964 3091 2534
14526 4 2 1 1 380 2932 290 546
14527 4 2 1 1 2545 2879 2524 3207
14528 4 2 1 1 3761 3739 2061 2524
14529 4 2 1 1 2113 2755 2756 2556
14530 4 2 1 1 2663 2113 2556 2664
14531 4 2 1 1 2113 2755 2556 2664
14532 4 2 1 1 2685 1054 538 1174
14533 4 2 1 1 2701 1173 1320 1174
14534 4 2 1 1 2125 1913 2557 3177
14535 4 2 1 1 2691 1912 2557 3177
14536 4 2 1 1 269 259 2567 278
14537 4 2 1 1 3193 2033 2346 2037
14538 4 2 1 1 278 259 2567 2571
14539 4 2 1 1 2576 2574 3757 2568
14540 4 2 1 1 2577 2576 3757 2568
14541 4 2 1 1 2574 2572 2338 2568
14542 4 2 1 1 3756 3712 2046 3758
14543 4 2 1 1 2936 3755 3754 3758
14544 4 2 1 1 2595 2572 2568 2338
14545 4 2 1 1 1080 293 2567 2568
14546 4 2 1 1 295 2576 2568 1080
14547 4 2 1 1 295 1080 2568 293
14548 4 2 1 1 3008 3009 2589 2874
14549 4 2 1 1 3008 3093 2589 3009
14550 4 2 1 1 3576 3183 2065 3095
14551 4 2 1 1 3010 3093 3743 2065
14552 4 2 1 1 3425 3399 2065 3382
14553 4 2 1 1 588 3008 2589 2874
14554 4 2 1 1 3008 588 2589 3093
14555 4 2 1 1 1340 3217 3218 1027
14556 4 2 1 1 1223 1475 1224 2604
14557 4 2 1 1 1224 1223 2604 986
14558 4 2 1 1 797 3289 2611 3297
14559 4 2 1 1 3289 797 2611 2822
14560 4 2 1 1 673 674 2639 675
14561 4 2 1 1 2965 2660 2870 2622
14562 4 2 1 1 2554 1912 2505 2112
14563 4 2 1 1 2554 333 2112 2505
14564 4 2 1 1 2870 2770 2504 2622
14565 4 2 1 1 2660 2770 2870 2622
14566 4 2 1 1 2701 2685 538 1174
14567 4 2 1 1 424 425 2633 426
14568 4 2 1 1 515 1245 2633 426
14569 4 2 1 1 2893 1740 1878 2916
14570 4 2 1 1 837 1140 2643 602
14571 4 2 1 1 611 610 602 2643
14572 4 2 1 1 2980 2961 2182 2253
14573 4 2 1 1 2627 929 2983 2981
14574 4 2 1 1 2150 2892 2982 1151
14575 4 2 1 1 2781 3770 3181 2181
14576 4 2 1 1 3034 2984 300 2982
14577 4 2 1 1 3034 1989 3672 2982
14578 4 2 1 1 2727 2745 2729 2560
14579 4 2 1 1 2089 2746 3018 2729
14580 4 2 1 1 1369 2804 3044 3209
14581 4 2 1 1 2472 2746 2097 2654
14582 4 2 1 1 2472 2464 2746 2654
14583 4 2 1 1 2716 2097 2090 2654
14584 4 2 1 1 2088 2090 2087 2773
14585 4 2 1 1 2663 2554 2636 336
14586 4 2 1 1 1912 2870 2557 2894
14587 4 2 1 1 1913 2870 2894 2557
14588 4 2 1 1 2184 2856 2675 2185
14589 4 2 1 1 2797 2184 2675 3103
14590 4 2 1 1 3706 3214 3704 2017
14591 4 2 1 1 3706 3635 3704 3214
14592 4 2 1 1 2675 2797 3103 2676
14593 4 2 1 1 2020 3706 3704 2017
14594 4 2 1 1 2796 2797 2798 3103
14595 4 2 1 1 978 3195 2156 2686
14596 4 2 1 1 2987 1337 1532 1240
14597 4 2 1 1 1740 1741 1878 2916
14598 4 2 1 1 3718 3716 2046 3714
14599 4 2 1 1 1740 1712 3607 1874
14600 4 2 1 1 2350 1982 3464 2916
14601 4 2 1 1 2742 2918 459 1199
14602 4 2 1 1 3734 2263 3725 3728
14603 4 2 1 1 593 2742 459 1199
14604 4 2 1 1 2935 2742 2918 459
14605 4 2 1 1 357 973 2707 349
14606 4 2 1 1 445 2720 2229 1137
14607 4 2 1 1 2935 593 2742 459
14608 4 2 1 1 2234 2752 670 921
14609 4 2 1 1 2209 2583 2214 2546
14610 4 2 1 1 3140 3630 2655 3629
14611 4 2 1 1 3664 3252 3663 3081
14612 4 2 1 1 2307 2308 3081 3693
14613 4 2 1 1 3664 2681 3699 3081
14614 4 2 1 1 2307 2680 3081 2563
14615 4 2 1 1 2095 2091 2655 3630
14616 4 2 1 1 2548 2549 2546 3682
14617 4 2 1 1 2296 2312 2072 3139
14618 4 2 1 1 370 2871 374 3139
14619 4 2 1 1 2746 2745 2952 3018
14620 4 2 1 1 2953 2121 3018 2805
14621 4 2 1 1 2953 2746 2952 3018
14622 4 2 1 1 2086 2727 2743 2728
14623 4 2 1 1 2709 2277 2739 2246
14624 4 2 1 1 2277 2474 2739 2246
14625 4 2 1 1 2453 2496 2454 2739
14626 4 2 1 1 2496 2453 2625 2739
14627 4 2 1 1 2278 2128 2625 2739
14628 4 2 1 1 2474 2128 2278 2739
14629 4 2 1 1 2277 2278 2625 2739
14630 4 2 1 1 2277 2474 2278 2739
14631 4 2 1 1 2117 2112 2123 2557
14632 4 2 1 1 2125 3179 1953 3177
14633 4 2 1 1 3179 2121 3178 2275
14634 4 2 1 1 1446 3256 1056 3147
14635 4 2 1 1 2756 2667 2557 3037
14636 4 2 1 1 2121 2691 1953 3177
14637 4 2 1 1 2121 3179 2750 3177
14638 4 2 1 1 2691 1953 3177 1913
14639 4 2 1 1 2663 2113 2666 2556
14640 4 2 1 1 3151 3230 3229 2319
14641 4 2 1 1 3230 3234 3229 2319
14642 4 2 1 1 2610 2432 2762 2433
14643 4 2 1 1 20 1458 21 3244
14644 4 2 1 1 89 3229 3233 19
14645 4 2 1 1 2266 1136 470 429
14646 4 2 1 1 2198 2441 2772 2188
14647 4 2 1 1 882 1483 3127 822
14648 4 2 1 1 2771 2695 2772 3080
14649 4 2 1 1 3126 3079 3127 3080
14650 4 2 1 1 3158 3197 3266 2838
14651 4 2 1 1 900 1486 2838 901
14652 4 2 1 1 366 1486 1052 2838
14653 4 2 1 1 3226 900 1448 2838
14654 4 2 1 1 3243 2037 2035 2802
14655 4 2 1 1 1486 901 1052 2838
14656 4 2 1 1 1230 468 2874 2794
14657 4 2 1 1 1230 683 468 2794
14658 4 2 1 1 3744 3741 3745 2164
14659 4 2 1 1 467 284 2164 271
14660 4 2 1 1 2163 271 2160 2164
14661 4 2 1 1 2641 3655 2751 3743
14662 4 2 1 1 2560 2265 2747 2743
14663 4 2 1 1 2086 2560 2747 2743
14664 4 2 1 1 2734 2953 2689 3014
14665 4 2 1 1 2267 2266 470 429
14666 4 2 1 1 2121 3179 3178 2750
14667 4 2 1 1 2087 2090 2729 2773
14668 4 2 1 1 2953 2089 2746 3018
14669 4 2 1 1 320 324 429 2265
14670 4 2 1 1 3129 2266 2269 2581
14671 4 2 1 1 2266 2559 2265 2269
14672 4 2 1 1 2482 2763 2426 2410
14673 4 2 1 1 2637 2256 2552 2827
14674 4 2 1 1 2539 2538 2612 3646
14675 4 2 1 1 3702 2256 2827 2552
14676 4 2 1 1 1929 2731 2612 2531
14677 4 2 1 1 545 2266 1136 470
14678 4 2 1 1 2783 3158 2838 2897
14679 4 2 1 1 2898 2036 3196 2050
14680 4 2 1 1 366 2896 2897 363
14681 4 2 1 1 540 2168 2849 2959
14682 4 2 1 1 2168 540 1282 2959
14683 4 2 1 1 3506 2959 2171 2280
14684 4 2 1 1 579 1326 800 2850
14685 4 2 1 1 1116 412 578 2860
14686 4 2 1 1 412 1116 2862 2860
14687 4 2 1 1 2860 2151 2861 2864
14688 4 2 1 1 1242 387 2944 2850
14689 4 2 1 1 787 1414 2929 2923
14690 4 2 1 1 310 309 3139 2714
14691 4 2 1 1 1908 2279 2276 2098
14692 4 2 1 1 2088 2873 3139 2205
14693 4 2 1 1 2714 2873 3139 2090
14694 4 2 1 1 2799 3104 2193 2228
14695 4 2 1 1 3141 3137 3131 3143
14696 4 2 1 1 2196 2195 2240 2200
14697 4 2 1 1 1334 2351 1433 2893
14698 4 2 1 1 124 1334 1433 2893
14699 4 2 1 1 124 1102 1334 2893
14700 4 2 1 1 1102 2917 1334 2893
14701 4 2 1 1 124 1103 2893 1433
14702 4 2 1 1 654 655 2904 2646
14703 4 2 1 1 2667 2115 2440 2494
14704 4 2 1 1 2115 1904 2440 2494
14705 4 2 1 1 2661 2281 2134 2904
14706 4 2 1 1 2135 1919 2662 2625
14707 4 2 1 1 2980 2990 2991 3073
14708 4 2 1 1 3414 1671 3434 1698
14709 4 2 1 1 3292 2991 2868 2385
14710 4 2 1 1 2914 3281 3200 3602
14711 4 2 1 1 1861 3281 3200 1559
14712 4 2 1 1 2991 2990 3024 3551
14713 4 2 1 1 2964 2869 3282 2868
14714 4 2 1 1 570 3005 2992 3007
14715 4 2 1 1 3051 2925 3033 2839
14716 4 2 1 1 2267 2266 545 470
14717 4 2 1 1 2926 3012 638 3051
14718 4 2 1 1 2180 3006 2926 3007
14719 4 2 1 1 570 1200 572 3007
14720 4 2 1 1 1095 2925 591 2926
14721 4 2 1 1 2925 1095 591 1093
14722 4 2 1 1 421 988 418 2937
14723 4 2 1 1 944 2558 1396 583
14724 4 2 1 1 424 423 2937 2632
14725 4 2 1 1 1257 2465 481 246
14726 4 2 1 1 1257 1398 481 2465
14727 4 2 1 1 2893 2917 2916 1878
14728 4 2 1 1 3130 1946 2993 3203
14729 4 2 1 1 2917 3568 2916 1878
14730 4 2 1 1 181 1259 3169 492
14731 4 2 1 1 3293 1282 3101 2959
14732 4 2 1 1 3293 2168 1282 2959
14733 4 2 1 1 2908 2940 2846 3596
14734 4 2 1 1 2168 2908 2846 3596
14735 4 2 1 1 2849 3539 2959 3596
14736 4 2 1 1 2940 3395 2846 3596
14737 4 2 1 1 3436 3396 3596 3539
14738 4 2 1 1 3308 3594 3595 2367
14739 4 2 1 1 838 2947 802 2971
14740 4 2 1 1 3594 3311 3595 2367
14741 4 2 1 1 2419 2420 2971 3265
14742 4 2 1 1 2419 3265 2971 818
14743 4 2 1 1 863 1477 2971 1526
14744 4 2 1 1 2419 2653 872 2971
14745 4 2 1 1 2150 299 281 2982
14746 4 2 1 1 2182 2981 2982 1988
14747 4 2 1 1 3034 299 2982 300
14748 4 2 1 1 557 929 832 2981
14749 4 2 1 1 2983 557 832 2981
14750 4 2 1 1 2983 929 557 2981
14751 4 2 1 1 2626 1255 114 2704
14752 4 2 1 1 2627 929 2981 678
14753 4 2 1 1 2427 1970 2432 2927
14754 4 2 1 1 2926 3005 572 3007
14755 4 2 1 1 3190 3201 3007 3558
14756 4 2 1 1 746 2858 2992 1184
14757 4 2 1 1 2858 746 2992 3134
14758 4 2 1 1 2358 2495 2662 3023
14759 4 2 1 1 3235 2356 3217 3218
14760 4 2 1 1 1028 182 1026 3218
14761 4 2 1 1 3254 3212 2186 3211
14762 4 2 1 1 3253 3126 3149 3135
14763 4 2 1 1 3126 3019 3149 3135
14764 4 2 1 1 2359 2616 2618 3003
14765 4 2 1 1 2616 2617 2618 3003
14766 4 2 1 1 2135 2667 1913 2662
14767 4 2 1 1 2281 2661 2134 2357
14768 4 2 1 1 2304 3253 3149 3135
14769 4 2 1 1 3042 496 378 3004
14770 4 2 1 1 2244 3045 3117 2735
14771 4 2 1 1 2722 3046 3116 3117
14772 4 2 1 1 2987 3116 2736 3170
14773 4 2 1 1 2823 527 3142 3025
14774 4 2 1 1 694 527 2823 3025
14775 4 2 1 1 3198 3155 3196 3114
14776 4 2 1 1 696 3155 2824 1423
14777 4 2 1 1 786 3079 503 612
14778 4 2 1 1 3137 1266 3187 693
14779 4 2 1 1 2119 3267 2556 2116
14780 4 2 1 1 1960 2110 1965 2109
14781 4 2 1 1 2583 2214 2153 2372
14782 4 2 1 1 3683 2717 2372 2374
14783 4 2 1 1 2734 3045 2472 2473
14784 4 2 1 1 2244 2738 2097 2473
14785 4 2 1 1 1050 2602 1363 3058
14786 4 2 1 1 1050 2303 2602 3058
14787 4 2 1 1 1259 1363 3169 492
14788 4 2 1 1 3068 3582 3275 3069
14789 4 2 1 1 3597 3087 968 3069
14790 4 2 1 1 3597 120 1511 968
14791 4 2 1 1 3067 2525 1407 3070
14792 4 2 1 1 3050 3105 3070 3106
14793 4 2 1 1 3068 3067 3087 3069
14794 4 2 1 1 2198 3148 3149 3080
14795 4 2 1 1 3148 2198 2696 3080
14796 4 2 1 1 851 1040 2927 2324
14797 4 2 1 1 2392 1964 2534 3091
14798 4 2 1 1 1464 1542 70 1
14799 4 2 1 1 1964 2416 3091 2392
14800 4 2 1 1 2416 2394 1975 3091
14801 4 2 1 1 3506 3362 2995 3102
14802 4 2 1 1 3539 3506 2959 3102
14803 4 2 1 1 3505 3506 3539 3102
14804 4 2 1 1 3436 3539 2959 3102
14805 4 2 1 1 3436 3505 3539 3102
14806 4 2 1 1 2460 2457 2459 2454
14807 4 2 1 1 2281 2285 2290 3113
14808 4 2 1 1 3126 3148 1214 503
14809 4 2 1 1 1521 2486 2283 3113
14810 4 2 1 1 1521 1002 2486 3113
14811 4 2 1 1 2457 2456 2459 2454
14812 4 2 1 1 2371 2517 2455 2459
14813 4 2 1 1 3126 882 3127 822
14814 4 2 1 1 786 3126 1214 503
14815 4 2 1 1 967 753 741 3110
14816 4 2 1 1 3723 2263 3725 3734
14817 4 2 1 1 3184 3127 3125 3080
14818 4 2 1 1 3210 2811 3211 2186
14819 4 2 1 1 3079 2771 3124 3125
14820 4 2 1 1 3127 3184 3125 3210
14821 4 2 1 1 823 824 3135 1426
14822 4 2 1 1 3127 3184 3254 3080
14823 4 2 1 1 3154 1487 3135 1426
14824 4 2 1 1 1487 823 3135 1426
14825 4 2 1 1 2304 3253 3254 3149
14826 4 2 1 1 3212 2811 3210 2186
14827 4 2 1 1 289 2493 3048 488
14828 4 2 1 1 1248 2493 289 488
14829 4 2 1 1 2336 911 2175 2586
14830 4 2 1 1 3086 3085 3048 2527
14831 4 2 1 1 2461 3107 3070 3105
14832 4 2 1 1 490 1072 488 3048
14833 4 2 1 1 2036 2037 2779 2802
14834 4 2 1 1 695 694 2824 3025
14835 4 2 1 1 2896 2898 3196 2389
14836 4 2 1 1 3119 3187 3025 3189
14837 4 2 1 1 905 3197 2801 3155
14838 4 2 1 1 2318 905 2801 3155
14839 4 2 1 1 3263 3206 3262 3228
14840 4 2 1 1 2387 3248 2481 3166
14841 4 2 1 1 790 1347 2715 2480
14842 4 2 1 1 3230 3234 2342 2481
14843 4 2 1 1 2124 3038 3177 1935
14844 4 2 1 1 2749 2690 2120 327
14845 4 2 1 1 2110 2117 2579 1935
14846 4 2 1 1 3014 2749 2690 2120
14847 4 2 1 1 3175 2117 2579 2110
14848 4 2 1 1 2688 2555 2890 1055
14849 4 2 1 1 2318 922 1327 3188
14850 4 2 1 1 3119 1388 3188 923
14851 4 2 1 1 1388 922 3188 923
14852 4 2 1 1 1388 3153 3188 2584
14853 4 2 1 1 922 1388 3188 2584
14854 4 2 1 1 3193 1425 2801 3243
14855 4 2 1 1 1425 2318 2801 3243
14856 4 2 1 1 2344 2348 2764 2346
14857 4 2 1 1 2768 2939 2002 2512
14858 4 2 1 1 2427 1970 2927 1969
14859 4 2 1 1 1986 3665 3670 2769
14860 4 2 1 1 2310 2767 2074 3199
14861 4 2 1 1 2471 2633 2937 2938
14862 4 2 1 1 374 3199 371 3139
14863 4 2 1 1 1993 650 1994 2002
14864 4 2 1 1 2772 2771 3080 3125
14865 4 2 1 1 170 2187 1009 167
14866 4 2 1 1 2882 2881 3125 3110
14867 4 2 1 1 3079 3127 3125 3210
14868 4 2 1 1 2633 2943 2941 3015
14869 4 2 1 1 1172 170 1096 3210
14870 4 2 1 1 170 2811 1096 3210
14871 4 2 1 1 2425 3232 2422 2433
14872 4 2 1 1 2424 3223 2422 2425
14873 4 2 1 1 2425 3223 2422 3232
14874 4 2 1 1 2421 2424 2422 2425
14875 4 2 1 1 2421 647 2422 1316
14876 4 2 1 1 597 726 3222 2828
14877 4 2 1 1 2610 2432 2433 1955
14878 4 2 1 1 3232 2431 2422 2433
14879 4 2 1 1 2424 1316 2422 3221
14880 4 2 1 1 3223 2067 2422 3232
14881 4 2 1 1 647 852 2431 2422
14882 4 2 1 1 3223 2424 2422 3221
14883 4 2 1 1 2522 826 3222 597
14884 4 2 1 1 2584 3153 2035 2053
14885 4 2 1 1 2801 2037 2802 3029
14886 4 2 1 1 3212 2301 2302 3255
14887 4 2 1 1 3217 3235 3218 1027
14888 4 2 1 1 2648 2359 3235 3218
14889 4 2 1 1 863 838 802 2971
14890 4 2 1 1 3098 3133 2971 2305
14891 4 2 1 1 2653 1480 2971 2305
14892 4 2 1 1 3279 687 2960 854
14893 4 2 1 1 2592 2599 1393 2593
14894 4 2 1 1 2969 3165 2593 3264
14895 4 2 1 1 2599 1468 2593 795
14896 4 2 1 1 3165 2726 2593 2592
14897 4 2 1 1 2969 2968 2593 3165
14898 4 2 1 1 3469 3454 3453 3518
14899 4 2 1 1 3469 1626 3452 3378
14900 4 2 1 1 3407 3450 1627 3452
14901 4 2 1 1 3451 3407 1627 3452
14902 4 2 1 1 3451 3454 3452 3378
14903 4 2 1 1 1626 1651 3469 1650
14904 4 2 1 1 2748 326 2890 525
14905 4 2 1 1 2891 2748 2890 525
14906 4 2 1 1 3286 3133 3288 3287
14907 4 2 1 1 1681 1696 1708 3287
14908 4 2 1 1 3286 1728 3287 1708
14909 4 2 1 1 1728 1696 3287 1708
14910 4 2 1 1 1728 3274 3287 1696
14911 4 2 1 1 3133 1728 3287 3286
14912 4 2 1 1 1728 3133 3287 3274
14913 4 2 1 1 3056 1564 1742 1823
14914 4 2 1 1 3439 1704 1823 3277
14915 4 2 1 1 1873 1536 1823 3277
14916 4 2 1 1 1880 1835 1536 3298
14917 4 2 1 1 3605 1835 1554 3298
14918 4 2 1 1 1880 1268 1554 3298
14919 4 2 1 1 1835 1880 1554 3298
14920 4 2 1 1 2263 3309 3288 2985
14921 4 2 1 1 2946 3098 3288 2970
14922 4 2 1 1 1758 3285 3309 1708
14923 4 2 1 1 1681 1758 3309 1708
14924 4 2 1 1 1708 3286 3309 3287
14925 4 2 1 1 3285 3286 3309 1708
14926 4 2 1 1 3319 3318 3320 2220
14927 4 2 1 1 3580 3391 2597 3331
14928 4 2 1 1 3315 2047 3323 3320
14929 4 2 1 1 2220 2047 3320 3323
14930 4 2 1 1 2047 3380 3320 3315
14931 4 2 1 1 3380 3318 2220 3320
14932 4 2 1 1 2047 3380 2220 3320
14933 4 2 1 1 1684 1759 1829 3592
14934 4 2 1 1 1827 1820 3352 1709
14935 4 2 1 1 892 2748 2891 525
14936 4 2 1 1 3444 3380 3455 3379
14937 4 2 1 1 535 2977 2883 2978
14938 4 2 1 1 2042 3587 3588 2243
14939 4 2 1 1 1465 2979 2886 536
14940 4 2 1 1 3584 3583 3354 1588
14941 4 2 1 1 3345 1584 3588 1581
14942 4 2 1 1 3333 3590 2042 3588
14943 4 2 1 1 3340 3341 3349 3353
14944 4 2 1 1 3340 3586 3341 3353
14945 4 2 1 1 3351 3534 3353 2413
14946 4 2 1 1 2412 3351 3353 2413
14947 4 2 1 1 1587 3586 3353 3584
14948 4 2 1 1 1674 1766 3364 3363
14949 4 2 1 1 1674 1718 3364 1766
14950 4 2 1 1 3370 1766 3364 3404
14951 4 2 1 1 1766 3370 3364 3440
14952 4 2 1 1 3512 3450 1652 3511
14953 4 2 1 1 2000 2174 3375 3511
14954 4 2 1 1 1655 3363 3511 3375
14955 4 2 1 1 3513 3560 3407 3511
14956 4 2 1 1 3571 3512 3374 3511
14957 4 2 1 1 3363 2174 3511 3375
14958 4 2 1 1 3571 3513 3511 2174
14959 4 2 1 1 2913 3012 2012 3051
14960 4 2 1 1 2913 3600 3384 3387
14961 4 2 1 1 2012 3386 3387 3051
14962 4 2 1 1 3362 2994 3361 3357
14963 4 2 1 1 3282 1725 1815 1724
14964 4 2 1 1 2994 2183 2253 3361
14965 4 2 1 1 1796 1780 3405 1797
14966 4 2 1 1 1794 1795 3376 1796
14967 4 2 1 1 1473 2793 803 1152
14968 4 2 1 1 3472 3487 1592 3497
14969 4 2 1 1 2943 1245 3015 2633
14970 4 2 1 1 3468 3502 1614 1617
14971 4 2 1 1 3502 3468 1614 3573
14972 4 2 1 1 3468 1776 3562 3419
14973 4 2 1 1 1776 1622 3509 3562
14974 4 2 1 1 2009 3672 3674 3671
14975 4 2 1 1 3419 3360 3562 2254
14976 4 2 1 1 3338 2733 3339 3343
14977 4 2 1 1 2902 1276 3015 899
14978 4 2 1 1 1609 1608 1620 3489
14979 4 2 1 1 3457 1666 1792 3430
14980 4 2 1 1 2458 3746 2131 3747
14981 4 2 1 1 3495 2450 1932 3496
14982 4 2 1 1 3517 3491 3492 3559
14983 4 2 1 1 1666 1792 3430 1609
14984 4 2 1 1 3410 1666 3430 1609
14985 4 2 1 1 3366 3400 3441 1599
14986 4 2 1 1 1600 3406 1603 3400
14987 4 2 1 1 3499 3565 3544 1598
14988 4 2 1 1 3441 3520 3500 3442
14989 4 2 1 1 3748 2060 3442 3742
14990 4 2 1 1 3432 3369 3441 1770
14991 4 2 1 1 3369 3366 3441 1770
14992 4 2 1 1 3085 3068 2177 3518
14993 4 2 1 1 3407 3513 3452 3451
14994 4 2 1 1 3450 3513 3452 3407
14995 4 2 1 1 3524 1635 1800 3463
14996 4 2 1 1 3546 3567 1635 3537
14997 4 2 1 1 1631 3524 1800 3463
14998 4 2 1 1 3465 3017 3466 3449
14999 4 2 1 1 908 2351 3607 2893
15000 4 2 1 1 3017 3016 3466 3449
15001 4 2 1 1 3465 3463 1713 3464
15002 4 2 1 1 2183 2848 3474 2166
15003 4 2 1 1 2166 2169 3474 3433
15004 4 2 1 1 2848 2169 3474 2166
15005 4 2 1 1 3388 1618 3502 3474
15006 4 2 1 1 1618 3388 3443 3474
15007 4 2 1 1 1645 3422 3485 1646
15008 4 2 1 1 2450 3531 3412 3485
15009 4 2 1 1 3437 3446 3485 1646
15010 4 2 1 1 3422 3437 3485 1646
15011 4 2 1 1 1634 1645 3485 1646
15012 4 2 1 1 1634 3531 3485 1645
15013 4 2 1 1 3422 2450 3412 3485
15014 4 2 1 1 1792 3430 1621 3559
15015 4 2 1 1 1633 1692 1792 3559
15016 4 2 1 1 2025 3531 3492 3559
15017 4 2 1 1 2025 3531 3559 2450
15018 4 2 1 1 1792 1692 3496 3559
15019 4 2 1 1 3411 2294 3522 2295
15020 4 2 1 1 3457 1792 3559 3430
15021 4 2 1 1 2980 500 554 558
15022 4 2 1 1 3586 1586 1587 1768
15023 4 2 1 1 1612 1611 1610 3459
15024 4 2 1 1 3762 2058 3086 3518
15025 4 2 1 1 2058 3762 3454 3518
15026 4 2 1 1 3275 3582 3453 1863
15027 4 2 1 1 3068 3276 3453 3518
15028 4 2 1 1 3276 3275 3453 1863
15029 4 2 1 1 1630 1629 1605 3529
15030 4 2 1 1 1629 3483 1605 3529
15031 4 2 1 1 3381 1657 1658 3475
15032 4 2 1 1 1630 3529 1790 3398
15033 4 2 1 1 3483 2294 3566 3529
15034 4 2 1 1 3429 3504 1977 3552
15035 4 2 1 1 1605 1630 3529 1790
15036 4 2 1 1 3428 3483 3552 3429
15037 4 2 1 1 1601 3521 3544 3566
15038 4 2 1 1 1605 3483 3521 3566
15039 4 2 1 1 3567 3546 1808 3563
15040 4 2 1 1 2916 1741 3563 3464
15041 4 2 1 1 3463 1804 3464 3563
15042 4 2 1 1 500 2980 1154 558
15043 4 2 1 1 1245 2471 3015 2633
15044 4 2 1 1 2385 1497 1133 1148
15045 4 2 1 1 2964 2994 3073 2868
15046 4 2 1 1 3358 1814 3361 3360
15047 4 2 1 1 703 2991 704 1148
15048 4 2 1 1 1622 3564 3550 3562
15049 4 2 1 1 3509 1622 3550 3562
15050 4 2 1 1 3556 3672 2009 2254
15051 4 2 1 1 3556 3421 2254 3564
15052 4 2 1 1 3421 3556 2254 2253
15053 4 2 1 1 3415 3556 2009 2254
15054 4 2 1 1 1820 3348 3352 3383
15055 4 2 1 1 3388 1774 3383 1807
15056 4 2 1 1 1820 1774 3383 3580
15057 4 2 1 1 2848 3389 3316 3573
15058 4 2 1 1 2848 3502 3389 3573
15059 4 2 1 1 1774 1820 3383 1807
15060 4 2 1 1 3388 3391 3383 1774
15061 4 2 1 1 3100 3016 3015 2938
15062 4 2 1 1 3356 1787 3365 1789
15063 4 2 1 1 1589 3472 1762 3390
15064 4 2 1 1 3411 3457 3430 3456
15065 4 2 1 1 1585 3583 1587 1588
15066 4 2 1 1 2471 1245 3015 1276
15067 4 2 1 1 3565 1787 3365 3569
15068 4 2 1 1 3487 1589 3584 3390
15069 4 2 1 1 3347 1771 3346 3354
15070 4 2 1 1 3473 3487 3584 3390
15071 4 2 1 1 1572 1748 3294 3284
15072 4 2 1 1 687 2954 2960 2599
15073 4 2 1 1 3286 3285 3284 1752
15074 4 2 1 1 1572 1752 3284 1573
15075 4 2 1 1 2968 2726 1247 2593
15076 4 2 1 1 2594 3264 2593 2592
15077 4 2 1 1 1769 3402 3606 1702
15078 4 2 1 1 3402 1769 1660 1702
15079 4 2 1 1 1924 2081 2094 3747
15080 4 2 1 1 2294 1978 3621 2131
15081 4 2 1 1 2440 2667 2494 2662
15082 4 2 1 1 2330 2293 1903 3753
15083 4 2 1 1 3620 2293 1903 3617
15084 4 2 1 1 1897 3620 1903 3617
15085 4 2 1 1 2730 1923 3628 2100
15086 4 2 1 1 3630 2730 3628 2100
15087 4 2 1 1 3626 3630 3628 2100
15088 4 2 1 1 1923 2474 3628 3631
15089 4 2 1 1 2474 1923 3628 2730
15090 4 2 1 1 1923 3623 3631 3628
15091 4 2 1 1 1923 3622 3623 3628
15092 4 2 1 1 2041 3637 3638 3636
15093 4 2 1 1 1945 3647 2048 3639
15094 4 2 1 1 2041 2034 3724 3731
15095 4 2 1 1 2766 2051 3649 3734
15096 4 2 1 1 2766 3647 3649 3646
15097 4 2 1 1 3733 3649 2054 3732
15098 4 2 1 1 3706 2732 2054 1929
15099 4 2 1 1 2733 3337 3732 2105
15100 4 2 1 1 2862 2259 3736 2867
15101 4 2 1 1 2551 2370 2634 2644
15102 4 2 1 1 3649 3648 3646 2644
15103 4 2 1 1 2922 2957 2912 3660
15104 4 2 1 1 3661 2768 3663 2769
15105 4 2 1 1 2543 1986 3659 3670
15106 4 2 1 1 3204 3675 2892 3660
15107 4 2 1 1 3658 3657 1983 3660
15108 4 2 1 1 2413 3622 1999 2082
15109 4 2 1 1 3613 2543 3659 3670
15110 4 2 1 1 2315 2543 3613 3670
15111 4 2 1 1 2456 2457 3681 2374
15112 4 2 1 1 2517 2456 3681 2374
15113 4 2 1 1 2456 2517 3681 2457
15114 4 2 1 1 3631 2474 3632 2739
15115 4 2 1 1 3683 2518 3632 2374
15116 4 2 1 1 2308 2307 2718 3693
15117 4 2 1 1 3690 1997 3689 3693
15118 4 2 1 1 2059 3691 3689 3692
15119 4 2 1 1 3252 2718 3251 3693
15120 4 2 1 1 3760 3086 2933 3692
15121 4 2 1 1 3691 3086 3760 3692
15122 4 2 1 1 3690 1997 3692 3689
15123 4 2 1 1 3571 2059 2174 3692
15124 4 2 1 1 2059 3086 3691 3692
15125 4 2 1 1 3701 2380 3703 2379
15126 4 2 1 1 2819 2380 2553 3703
15127 4 2 1 1 2821 3180 3703 2639
15128 4 2 1 1 2821 2106 3703 3180
15129 4 2 1 1 2106 2821 3703 2819
15130 4 2 1 1 2819 3701 3703 2104
15131 4 2 1 1 2106 2819 3703 2104
15132 4 2 1 1 2659 2341 2658 3717
15133 4 2 1 1 3720 2841 2673 3725
15134 4 2 1 1 2841 2366 2673 3725
15135 4 2 1 1 2045 2659 3717 2341
15136 4 2 1 1 2034 3722 3717 3720
15137 4 2 1 1 2384 3245 2658 3717
15138 4 2 1 1 2045 2341 3717 3714
15139 4 2 1 1 2048 2766 3723 3724
15140 4 2 1 1 2766 3720 3724 3639
15141 4 2 1 1 2048 2766 3724 3639
15142 4 2 1 1 2259 2264 3736 2262
15143 4 2 1 1 3734 2263 3736 2152
15144 4 2 1 1 2264 3737 3736 2262
15145 4 2 1 1 2867 2259 3736 2878
15146 4 2 1 1 2860 3737 2985 3736
15147 4 2 1 1 3735 3737 2985 2945
15148 4 2 1 1 2946 2968 2945 2944
15149 4 2 1 1 2261 2260 2634 748
15150 4 2 1 1 3734 2051 3735 3728
15151 4 2 1 1 3473 2132 1925 1943
15152 4 2 1 1 3612 2413 1957 1999
15153 4 2 1 1 2155 3749 3621 3746
15154 4 2 1 1 3751 3620 1928 3618
15155 4 2 1 1 3499 3565 2131 3544
15156 4 2 1 1 1978 3748 2155 3746
15157 4 2 1 1 2936 2353 2919 3758
15158 4 2 1 1 2573 2570 2574 3758
15159 4 2 1 1 2353 2570 2575 3758
15160 4 2 1 1 2219 2217 3757 2578
15161 4 2 1 1 3730 2219 3757 2578
15162 4 2 1 1 2338 2574 2578 3757
15163 4 2 1 1 3730 2338 2578 3757
15164 4 2 1 1 3730 2574 2338 3757
15165 4 2 1 1 2173 3763 3765 3764
15166 4 2 1 1 2885 2884 3764 3768
15167 4 2 1 1 2977 3766 3764 3768
15168 4 2 1 1 2884 2977 3764 3768
15169 4 2 1 1 2884 3766 2977 3768
15170 4 2 1 1 567 2711 569 2564
15171 4 2 1 1 567 568 569 2711
15172 4 2 1 1 2875 362 2389 360
15173 4 2 1 1 2151 2985 2861 3163
15174 4 2 1 1 2851 2986 2861 2985
15175 4 2 1 1 2628 2508 2708 2949
15176 4 2 1 1 2382 2925 591 1093
15177 4 2 1 1 3005 2925 591 2382
15178 4 2 1 1 601 2950 2643 602
15179 4 2 1 1 2950 610 2643 602
15180 4 2 1 1 610 2950 601 602
15181 4 2 1 1 1947 2631 2708 2949
15182 4 2 1 1 2631 1947 2630 2949
15183 4 2 1 1 3079 2771 613 3124
15184 4 2 1 1 504 2771 613 3079
15185 4 2 1 1 2508 2628 3128 2949
15186 4 2 1 1 3116 744 1357 624
15187 4 2 1 1 3116 743 744 624
15188 4 2 1 1 2701 1173 635 1320
15189 4 2 1 1 523 2701 635 2335
15190 4 2 1 1 2701 523 635 1173
15191 4 2 1 1 2478 3246 2481 2715
15192 4 2 1 1 3001 716 645 2740
15193 4 2 1 1 2998 658 657 3174
15194 4 2 1 1 628 2998 657 3174
15195 4 2 1 1 628 658 657 2998
15196 4 2 1 1 3129 1495 3174 657
15197 4 2 1 1 2631 2628 2708 2949
15198 4 2 1 1 3289 797 2822 1251
15199 4 2 1 1 628 3035 3174 657
15200 4 2 1 1 2551 553 1016 756
15201 4 2 1 1 628 606 3035 657
15202 4 2 1 1 3035 3129 3174 657
15203 4 2 1 1 606 3129 3035 657
15204 4 2 1 1 667 2880 1525 668
15205 4 2 1 1 2880 666 668 667
15206 4 2 1 1 3097 2880 668 3132
15207 4 2 1 1 2880 3097 668 666
15208 4 2 1 1 2975 2972 679 789
15209 4 2 1 1 2972 2975 2352 789
15210 4 2 1 1 2975 680 2352 789
15211 4 2 1 1 2628 2631 2630 2949
15212 4 2 1 1 3265 795 2960 2593
15213 4 2 1 1 790 2478 701 2480
15214 4 2 1 1 3227 728 2404 690
15215 4 2 1 1 620 3227 2404 690
15216 4 2 1 1 795 2599 2960 2593
15217 4 2 1 1 3264 2954 2960 3595
15218 4 2 1 1 3227 620 701 690
15219 4 2 1 1 2478 2692 701 2480
15220 4 2 1 1 2480 2479 701 1467
15221 4 2 1 1 2692 2479 701 2480
15222 4 2 1 1 2599 2954 2960 3264
15223 4 2 1 1 2940 2908 2846 1130
15224 4 2 1 1 3264 3595 2960 2593
15225 4 2 1 1 2599 3264 2960 2593
15226 4 2 1 1 2946 2947 3098 2971
15227 4 2 1 1 2947 2946 802 2971
15228 4 2 1 1 3221 2084 2101 723
15229 4 2 1 1 1330 1175 855 2689
15230 4 2 1 1 1523 2084 3221 723
15231 4 2 1 1 1316 2424 723 3221
15232 4 2 1 1 1523 1316 723 3221
15233 4 2 1 1 2964 2980 734 703
15234 4 2 1 1 2337 2962 1158 734
15235 4 2 1 1 2337 2964 2962 734
15236 4 2 1 1 2980 2964 734 2962
15237 4 2 1 1 614 2980 734 2962
15238 4 2 1 1 210 208 745 2686
15239 4 2 1 1 2946 2968 802 2971
15240 4 2 1 1 802 863 2971 1444
15241 4 2 1 1 2968 802 2971 1444
15242 4 2 1 1 3675 2892 1988 2982
15243 4 2 1 1 3672 3675 1988 2982
15244 4 2 1 1 2551 2377 756 2731
15245 4 2 1 1 1061 2551 756 2731
15246 4 2 1 1 768 2819 767 2553
15247 4 2 1 1 768 769 767 2819
15248 4 2 1 1 1989 3675 2982 2892
15249 4 2 1 1 3675 1989 2982 3672
15250 4 2 1 1 669 3097 666 668
15251 4 2 1 1 1525 2880 3132 668
15252 4 2 1 1 3097 669 3132 668
15253 4 2 1 1 776 2602 778 777
15254 4 2 1 1 2602 812 778 777
15255 4 2 1 1 2352 1382 2974 789
15256 4 2 1 1 2972 2352 2974 789
15257 4 2 1 1 3203 3171 2993 664
15258 4 2 1 1 3130 3203 2993 664
15259 4 2 1 1 720 2910 811 1415
15260 4 2 1 1 2999 720 811 722
15261 4 2 1 1 2705 12 1111 106
15262 4 2 1 1 3123 2999 811 722
15263 4 2 1 1 3123 2910 811 2999
15264 4 2 1 1 2910 720 811 2999
15265 4 2 1 1 2396 3171 2993 3203
15266 4 2 1 1 1091 23 2392 22
15267 4 2 1 1 1090 2391 2392 22
15268 4 2 1 1 23 1090 2392 22
15269 4 2 1 1 1880 1536 33 1254
15270 4 2 1 1 3326 3439 3277 1704
15271 4 2 1 1 3126 786 822 3079
15272 4 2 1 1 1880 1536 1254 3298
15273 4 2 1 1 786 3126 822 882
15274 4 2 1 1 3161 1437 110 1119
15275 4 2 1 1 1395 834 2823 833
15276 4 2 1 1 1946 2396 2993 3203
15277 4 2 1 1 3043 3002 2440 3004
15278 4 2 1 1 3043 3182 3004 3022
15279 4 2 1 1 56 120 1889 55
15280 4 2 1 1 1833 1565 3069 1889
15281 4 2 1 1 3182 3019 3004 3022
15282 4 2 1 1 3019 3182 3004 3043
15283 4 2 1 1 1276 1345 3015 899
15284 4 2 1 1 842 2255 844 843
15285 4 2 1 1 1354 2255 844 842
15286 4 2 1 1 1373 2952 855 1060
15287 4 2 1 1 2689 1330 2952 855
15288 4 2 1 1 1330 1373 2952 855
15289 4 2 1 1 100 2070 857 92
15290 4 2 1 1 2070 100 88 92
15291 4 2 1 1 2152 2864 2985 3736
15292 4 2 1 1 1344 194 2361 524
15293 4 2 1 1 2362 196 2361 1344
15294 4 2 1 1 2653 1101 872 99
15295 4 2 1 1 1480 2653 872 99
15296 4 2 1 1 1457 1344 2361 524
15297 4 2 1 1 2351 1345 2350 3015
15298 4 2 1 1 2943 2351 2350 3015
15299 4 2 1 1 1345 779 1276 3015
15300 4 2 1 1 3016 2019 3449 3017
15301 4 2 1 1 3466 3016 2350 3449
15302 4 2 1 1 44 43 1119 1551
15303 4 2 1 1 779 2351 3015 1345
15304 4 2 1 1 1563 61 1859 1456
15305 4 2 1 1 97 864 2462 2461
15306 4 2 1 1 2741 1281 132 491
15307 4 2 1 1 2918 1270 2698 136
15308 4 2 1 1 2503 1281 132 2741
15309 4 2 1 1 2503 130 131 132
15310 4 2 1 1 1281 130 2503 132
15311 4 2 1 1 887 2587 638 2839
15312 4 2 1 1 141 2566 143 142
15313 4 2 1 1 639 2913 878 877
15314 4 2 1 1 606 545 2787 888
15315 4 2 1 1 3129 606 2787 888
15316 4 2 1 1 2351 779 3015 2943
15317 4 2 1 1 164 163 2530 165
15318 4 2 1 1 2187 166 165 167
15319 4 2 1 1 2467 164 2530 165
15320 4 2 1 1 2467 166 164 165
15321 4 2 1 1 2187 2467 2530 165
15322 4 2 1 1 166 2467 2187 165
15323 4 2 1 1 3154 3057 3011 2302
15324 4 2 1 1 3449 1712 3607 1713
15325 4 2 1 1 3057 1051 176 492
15326 4 2 1 1 2893 2917 2615 2916
15327 4 2 1 1 187 185 184 3026
15328 4 2 1 1 3160 907 899 908
15329 4 2 1 1 3123 827 910 722
15330 4 2 1 1 2140 3123 910 722
15331 4 2 1 1 189 185 187 3026
15332 4 2 1 1 2227 359 1074 2229
15333 4 2 1 1 2234 1516 946 921
15334 4 2 1 1 1516 2234 869 921
15335 4 2 1 1 2627 1501 932 931
15336 4 2 1 1 208 210 209 2686
15337 4 2 1 1 211 277 209 2686
15338 4 2 1 1 210 211 209 2686
15339 4 2 1 1 2627 930 931 932
15340 4 2 1 1 106 2627 932 1111
15341 4 2 1 1 1501 2627 932 106
15342 4 2 1 1 1068 2208 228 233
15343 4 2 1 1 185 189 2327 3026
15344 4 2 1 1 187 188 2604 3026
15345 4 2 1 1 2212 232 231 228
15346 4 2 1 1 188 3169 2604 3026
15347 4 2 1 1 2678 95 1210 954
15348 4 2 1 1 2678 1389 95 954
15349 4 2 1 1 2604 3169 2601 3026
15350 4 2 1 1 2680 240 242 1212
15351 4 2 1 1 248 2163 253 257
15352 4 2 1 1 2163 271 257 1188
15353 4 2 1 1 381 274 264 2545
15354 4 2 1 1 274 2585 264 2545
15355 4 2 1 1 2556 2119 3037 2112
15356 4 2 1 1 2522 596 641 965
15357 4 2 1 1 911 1033 2493 275
15358 4 2 1 1 1252 911 2493 275
15359 4 2 1 1 2085 2522 641 965
15360 4 2 1 1 2112 2117 3037 2557
15361 4 2 1 1 236 2307 237 239
15362 4 2 1 1 2119 2117 3037 2112
15363 4 2 1 1 1143 245 2005 286
15364 4 2 1 1 1513 1143 2005 286
15365 4 2 1 1 2307 237 976 234
15366 4 2 1 1 2307 251 976 237
15367 4 2 1 1 2642 3010 458 297
15368 4 2 1 1 431 2642 458 297
15369 4 2 1 1 311 310 2714 308
15370 4 2 1 1 966 311 2654 308
15371 4 2 1 1 306 966 2654 308
15372 4 2 1 1 2744 321 319 322
15373 4 2 1 1 318 2727 1011 2560
15374 4 2 1 1 320 324 2560 318
15375 4 2 1 1 2110 1948 2119 3037
15376 4 2 1 1 1948 2110 3038 3037
15377 4 2 1 1 2688 328 329 330
15378 4 2 1 1 2684 2688 329 330
15379 4 2 1 1 328 331 330 2688
15380 4 2 1 1 2604 1223 1515 987
15381 4 2 1 1 331 2688 2555 330
15382 4 2 1 1 2671 343 2664 341
15383 4 2 1 1 343 342 2664 341
15384 4 2 1 1 2117 2110 2119 3037
15385 4 2 1 1 1007 981 338 2556
15386 4 2 1 1 2110 2117 3038 3037
15387 4 2 1 1 2862 2860 2864 3736
15388 4 2 1 1 2331 2604 1515 987
15389 4 2 1 1 351 2796 352 2185
15390 4 2 1 1 353 2796 352 351
15391 4 2 1 1 365 2896 366 363
15392 4 2 1 1 365 364 2896 363
15393 4 2 1 1 2896 2898 2783 2897
15394 4 2 1 1 2390 2222 3084 2389
15395 4 2 1 1 1277 362 363 3083
15396 4 2 1 1 2331 2604 235 1515
15397 4 2 1 1 2755 2556 2630 3037
15398 4 2 1 1 2756 2755 2630 3037
15399 4 2 1 1 1249 449 3199 448
15400 4 2 1 1 511 2205 3199 374
15401 4 2 1 1 2205 511 1250 374
15402 4 2 1 1 953 2064 3603 998
15403 4 2 1 1 953 1399 2064 998
15404 4 2 1 1 1399 783 2064 998
15405 4 2 1 1 2755 2756 2556 3037
15406 4 2 1 1 2530 435 1009 165
15407 4 2 1 1 442 2635 1162 396
15408 4 2 1 1 398 2635 442 396
15409 4 2 1 1 1440 435 1009 2530
15410 4 2 1 1 2530 2187 165 1009
15411 4 2 1 1 2376 2818 2379 406
15412 4 2 1 1 2818 406 407 2379
15413 4 2 1 1 2187 167 165 1009
15414 4 2 1 1 3145 3760 3048 2061
15415 4 2 1 1 2558 416 1370 583
15416 4 2 1 1 1017 1418 1019 3167
15417 4 2 1 1 1234 1418 3167 443
15418 4 2 1 1 1303 2652 1031 3577
15419 4 2 1 1 2652 897 1031 1976
15420 4 2 1 1 2652 1303 1031 897
15421 4 2 1 1 2559 320 2265 2560
15422 4 2 1 1 430 2561 2267 429
15423 4 2 1 1 512 3034 3024 440
15424 4 2 1 1 1156 512 3024 440
15425 4 2 1 1 3034 299 473 1179
15426 4 2 1 1 512 3034 473 2845
15427 4 2 1 1 2521 2517 2520 2687
15428 4 2 1 1 3170 2987 2989 3059
15429 4 2 1 1 2988 3060 3062 3059
15430 4 2 1 1 2996 2987 2736 3059
15431 4 2 1 1 2621 2111 2623 3014
15432 4 2 1 1 623 2689 1060 855
15433 4 2 1 1 1285 3270 1042 1053
15434 4 2 1 1 3713 3714 3711 3773
15435 4 2 1 1 16 92 2780 3774
15436 4 2 1 1 17 92 16 3774
15437 4 2 1 1 16 2780 2712 3774
15438 4 2 1 1 2316 92 17 3774
15439 4 2 1 1 857 2780 92 2706
15440 4 2 1 1 1295 1272 354 3775
15441 4 2 1 1 1147 1272 1295 3775
15442 4 2 1 1 2444 1253 354 2199
15443 4 2 1 1 354 1272 2444 3775
15444 4 2 1 1 466 526 436 3776
15445 4 2 1 1 527 526 466 3776
15446 4 2 1 1 526 1147 436 3777
15447 4 2 1 1 1147 1295 436 3778
15448 4 2 1 1 3775 1295 1147 3778
15449 4 2 1 1 692 1147 526 3779
15450 4 2 1 1 3142 3141 527 3780
15451 4 2 1 1 742 692 691 3781
15452 4 2 1 1 1146 692 742 3781
15453 4 2 1 1 691 692 3141 3781
15454 4 2 1 1 692 1146 3111 3781
15455 4 2 1 1 740 1075 741 3782
15456 4 2 1 1 2444 1075 740 3782
15457 4 2 1 1 741 2881 740 3782
15458 4 2 1 1 741 1075 3111 3782
15459 4 2 1 1 3111 1146 742 3781
15460 4 2 1 1 2415 2785 1917 3783
15461 4 2 1 1 2482 2411 1917 2415
15462 4 2 1 1 2785 3638 1917 3784
15463 4 2 1 1 1937 3638 2785 3784
15464 4 2 1 1 2038 2039 1934 2040
15465 4 2 1 1 2045 3637 1937 3785
15466 4 2 1 1 3714 3637 2045 3785
15467 4 2 1 1 2785 3640 1937 2225
15468 4 2 1 1 3637 3638 1937 3641
15469 4 2 1 1 2502 3642 1941 3678
15470 4 2 1 1 3678 3643 1941 3650
15471 4 2 1 1 3643 3241 1941 3650
15472 4 2 1 1 3650 3613 1954 3787
15473 4 2 1 1 2451 3236 1954 2706
15474 4 2 1 1 2451 1954 2543 2706
15475 4 2 1 1 3658 3657 1987 2912
15476 4 2 1 1 3678 1991 1987 2712
15477 4 2 1 1 1991 2780 1987 2712
15478 4 2 1 1 2499 2712 1991 3678
15479 4 2 1 1 2142 3678 1992 3650
15480 4 2 1 1 1992 2010 2142 3650
15481 4 2 1 1 1992 3678 3611 3650
15482 4 2 1 1 3650 2079 2010 2142
15483 4 2 1 1 2146 2808 2029 2806
15484 4 2 1 1 3616 3711 2029 3791
15485 4 2 1 1 3614 3711 3616 3791
15486 4 2 1 1 2149 3714 2031 3773
15487 4 2 1 1 2225 3248 2038 2415
15488 4 2 1 1 2697 2044 2040 2045
15489 4 2 1 1 2697 2141 2044 2045
15490 4 2 1 1 2149 2141 2139 2145
15491 4 2 1 1 2146 2149 2145 3773
15492 4 2 1 1 3711 3714 2149 3773
15493 4 2 1 1 2675 3103 2184 3793
15494 4 2 1 1 2184 3103 2674 3793
15495 4 2 1 1 2199 2856 2185 2444
15496 4 2 1 1 2856 2675 2185 2445
15497 4 2 1 1 2445 2772 2189 3794
15498 4 2 1 1 2771 2772 2445 3794
15499 4 2 1 1 3111 3121 2191 3131
15500 4 2 1 1 2476 2702 2386 2483
15501 4 2 1 1 2445 2856 2444 2185
15502 4 2 1 1 2542 2706 2451 2543
15503 4 2 1 1 2477 2702 2476 2483
15504 4 2 1 1 2483 3240 2477 3241
15505 4 2 1 1 3641 2502 2477 3795
15506 4 2 1 1 3241 3240 2482 2483
15507 4 2 1 1 3678 2502 2499 2712
15508 4 2 1 1 2706 2540 2529 2912
15509 4 2 1 1 2529 2950 3249 2912
15510 4 2 1 1 2540 2950 2529 2912
15511 4 2 1 1 2706 2542 2540 2912
15512 4 2 1 1 2543 2912 2542 2706
15513 4 2 1 1 2881 2882 2771 3794
15514 4 2 1 1 2882 2772 2771 3794
15515 4 2 1 1 3110 2882 2881 3796
15516 4 2 1 1 3658 2950 2912 1987
15517 4 2 1 1 3659 3657 2912 1987
15518 4 2 1 1 3111 3112 3110 3794
15519 4 2 1 1 3241 3242 3240 3789
15520 4 2 1 1 3613 3650 3610 3611
15521 4 2 1 1 3616 3642 3614 3791
15522 4 2 1 1 3615 3711 3614 3791
15523 4 2 1 1 3711 3615 3713 3791
15524 4 2 1 1 3641 3638 3615 3637
15525 4 2 1 1 3637 3714 3713 3785
15526 4 2 1 1 3111 1075 2444 3782
15527 4 2 1 1 3638 1937 3641 3784
15528 4 2 1 1 1937 3637 3641 3785
15529 4 2 1 1 1941 2502 3678 3786
15530 4 2 1 1 3236 1954 2706 3788
15531 4 2 1 1 1987 3249 2950 2912
15532 4 2 1 1 2185 2445 2675 2444
15533 4 2 1 1 3150 3241 3240 3789
15534 4 2 1 1 2529 2706 2912 3790
15535 4 2 1 1 3249 2529 2912 3790
15536 4 2 1 1 2912 2706 2543 3790
15537 4 2 1 1 3236 2706 2780 3788
15538 4 2 1 1 1987 3249 2912 3790
15539 4 2 1 1 2712 17 16 3774
15540 4 2 1 1 3773 3711 3713 2029
15541 4 2 1 1 526 436 3776 3777
15542 4 2 1 1 526 1147 3777 3779
15543 4 2 1 1 1147 436 3777 3778
15544 4 2 1 1 436 2674 3777 3778
15545 4 2 1 1 2029 3791 3711 3713
15546 4 2 1 1 3793 2674 2184 3777
15547 4 2 1 1 2184 2674 3778 3777
15548 4 2 1 1 2477 3641 3795 3784
15549 4 2 1 1 2881 2882 3794 3796
15550 4 2 1 1 1937 3641 3784 3785
15551 4 2 1 1 3236 1954 3788 3789
15552 4 2 1 1 2029 2477 3795 3784
15553 4 2 1 1 2483 3797 2415 3783
15554 4 2 1 1 2502 3150 3786 3789
15555 4 2 1 1 1147 3779 2444 3777
15556 4 2 1 1 2675 2184 3777 3793
15557 4 2 1 1 2029 3784 3785 3797
15558 4 2 1 1 1917 3783 2785 3784
15559 4 2 1 1 3782 2881 3794 3796
15560 4 2 1 1 2674 3793 3780 3777
15561 4 2 1 1 3797 1937 3784 3785
15562 4 2 1 1 2483 2702 3798 3799
15563 4 2 1 1 3798 2040 3800 3801
15564 4 2 1 1 1987 3788 3790 3802
15565 4 2 1 1 3789 1954 3788 3802
15566 4 2 1 1 3798 3801 3800 3804
15567 4 2 1 1 3799 3803 2697 3804
15568 4 2 1 1 1975 1969 2436 2909
15569 4 2 1 1 1975 2436 1969 1970
15570 4 2 1 1 2427 2436 1969 2909
15571 4 2 1 1 2427 1969 2436 1970
15572 4 2 1 1 2015 3492 2017 3017
15573 4 2 1 1 2624 2736 2737 2096
15574 4 2 1 1 2737 2736 2624 3059
15575 4 2 1 1 2455 2244 2738 2373
15576 4 2 1 1 2455 2738 2244 3117
15577 4 2 1 1 3034 1179 280 299
15578 4 2 1 1 280 1179 3034 3033
15579 4 2 1 1 1141 2150 479 1286
15580 4 2 1 1 1141 479 2150 2006
15581 4 2 1 1 1174 762 2685 1054
15582 4 2 1 1 2813 1174 2685 2701
15583 4 2 1 1 2813 2685 1174 762
15584 4 2 1 1 655 3164 2904 2355
15585 4 2 1 1 655 2904 3164 1185
15586 4 2 1 1 2452 2284 2455 2453
15587 4 2 1 1 2455 2284 2452 2989
15588 4 2 1 1 3239 2319 3234 2475
15589 4 2 1 1 3239 3234 2319 2759
15590 4 2 1 1 1960 2109 1963 1959
15591 4 2 1 1 1963 2109 1960 1965
15592 4 2 1 1 1963 2774 1960 1959
15593 4 2 1 1 1960 2774 1963 1965
15594 4 2 1 1 1767 3403 3494 3338
15595 4 2 1 1 3494 3336 1767 3338
15596 4 2 1 1 1767 3336 3494 1683
15597 4 2 1 1 869 870 2707 1516
15598 4 2 1 1 2707 870 869 3075
15599 4 2 1 1 2707 2507 869 1516
15600 4 2 1 1 869 2507 2707 3075
15601 4 2 1 1 3041 475 3030 2506
15602 4 2 1 1 3041 3030 475 485
15603 4 2 1 1 2076 2482 2426 2321
15604 4 2 1 1 2076 2426 2482 2763
15605 4 2 1 1 928 3044 1078 2472
15606 4 2 1 1 1078 3044 928 1262
15607 4 2 1 1 330 2505 1309 2684
15608 4 2 1 1 330 1309 2505 332
15609 4 2 1 1 3740 3744 2057 2062
15610 4 2 1 1 3740 2057 3744 2795
15611 4 2 1 1 3527 2057 3744 2062
15612 4 2 1 1 3527 3744 2057 2795
15613 4 2 1 1 981 2664 345 342
15614 4 2 1 1 981 345 2664 2755
15615 4 2 1 1 2541 2310 2002 2767
15616 4 2 1 1 2541 2002 2310 2923
15617 4 2 1 1 3189 2203 2053 2035
15618 4 2 1 1 3153 2203 2053 2537
15619 4 2 1 1 3153 2053 2203 2035
15620 4 2 1 1 2119 3036 1946 1948
15621 4 2 1 1 1946 3036 2119 2116
15622 4 2 1 1 2119 3130 1946 2116
15623 4 2 1 1 2984 300 464 441
15624 4 2 1 1 464 300 2984 2982
15625 4 2 1 1 3123 700 2339 2139
15626 4 2 1 1 2339 700 3123 1328
15627 4 2 1 1 2069 3224 2099 2075
15628 4 2 1 1 2069 1914 2099 2077
15629 4 2 1 1 2099 1914 2069 2075
15630 4 2 1 1 2602 2021 3011 3058
15631 4 2 1 1 3011 1363 2602 3058
15632 4 2 1 1 2601 3011 3169 2021
15633 4 2 1 1 2772 2188 2195 2189
15634 4 2 1 1 1926 2188 2195 2190
15635 4 2 1 1 1926 2195 2188 2189
15636 4 2 1 1 2693 3227 2478 2692
15637 4 2 1 1 2693 2478 3227 2404
15638 4 2 1 1 2305 1868 1540 1747
15639 4 2 1 1 2305 1540 1868 2653
15640 4 2 1 1 3027 924 556 3021
15641 4 2 1 1 2413 2010 3645 3351
15642 4 2 1 1 3645 2010 2413 1957
15643 4 2 1 1 104 1536 32 1873
15644 4 2 1 1 32 1536 104 1254
15645 4 2 1 1 2258 501 1034 2920
15646 4 2 1 1 2258 1034 501 1383
15647 4 2 1 1 3218 182 177 1028
15648 4 2 1 1 3218 177 182 2327
15649 4 2 1 1 3548 1641 3574 3444
15650 4 2 1 1 3548 3574 1641 1639
15651 4 2 1 1 3037 2667 2125 2115
15652 4 2 1 1 3037 2125 2667 2557
15653 4 2 1 1 3024 1353 1154 2991
15654 4 2 1 1 1154 1353 3024 1290
15655 4 2 1 1 2337 1364 112 1491
15656 4 2 1 1 2337 112 1364 2781
15657 4 2 1 1 829 3039 1386 2840
15658 4 2 1 1 829 1386 3039 1176
15659 4 2 1 1 2877 1438 1279 576
15660 4 2 1 1 1279 1438 2877 2153
15661 4 2 1 1 3057 1449 172 1051
15662 4 2 1 1 172 1449 3057 3088
15663 4 2 1 1 661 2774 1046 665
15664 4 2 1 1 1256 2774 1046 1165
15665 4 2 1 1 1256 1046 2774 665
15666 4 2 1 1 1050 1449 3058 1051
15667 4 2 1 1 1050 3058 1449 2303
15668 4 2 1 1 3057 3058 1449 1051
15669 4 2 1 1 2511 2210 3199 2205
15670 4 2 1 1 1946 2949 2119 1948
15671 4 2 1 1 2579 3175 3147 2123
15672 4 2 1 1 852 3237 2422 1530
15673 4 2 1 1 852 2422 3237 2431
15674 4 2 1 1 2365 1004 501 2725
15675 4 2 1 1 2365 501 1004 1504
15676 4 2 1 1 3562 1806 1622 3564
15677 4 2 1 1 3562 1622 1806 1776
15678 4 2 1 1 2370 2536 1020 2260
15679 4 2 1 1 2370 1020 2536 3167
15680 4 2 1 1 1730 3606 1865 3272
15681 4 2 1 1 1865 3606 1730 1702
15682 4 2 1 1 2370 2369 2551 3167
15683 4 2 1 1 2370 2551 2369 2612
15684 4 2 1 1 2731 2551 2369 3167
15685 4 2 1 1 2731 2369 2551 2612
15686 4 2 1 1 1584 3342 1756 3345
15687 4 2 1 1 1584 1756 3342 1760
15688 4 2 1 1 1130 2252 2846 2940
15689 4 2 1 1 1130 2846 2252 1339
15690 4 2 1 1 2054 2827 2552 3702
15691 4 2 1 1 2552 2827 2054 2732
15692 4 2 1 1 2552 2515 2054 3702
15693 4 2 1 1 2054 2515 2552 2732
15694 4 2 1 1 781 2548 958 1459
15695 4 2 1 1 781 958 2548 2153
15696 4 2 1 1 3252 3699 3664 1996
15697 4 2 1 1 3664 3699 3252 3081
15698 4 2 1 1 1356 1848 2484 93
15699 4 2 1 1 2484 1848 1356 1558
15700 4 2 1 1 2281 2290 2360 3164
15701 4 2 1 1 2360 2290 2281 2285
15702 4 2 1 1 2360 2904 2281 3164
15703 4 2 1 1 1669 3463 1631 1800
15704 4 2 1 1 1669 1631 3463 3465
15705 4 2 1 1 2198 2200 2772 2441
15706 4 2 1 1 2772 2200 2198 2696
15707 4 2 1 1 1727 3609 3299 3543
15708 4 2 1 1 1727 3299 3609 1893
15709 4 2 1 1 3576 1716 1837 3601
15710 4 2 1 1 3576 1837 1716 1802
15711 4 2 1 1 1592 3565 1762 3472
15712 4 2 1 1 1592 1762 3565 1785
15713 4 2 1 1 1694 3543 1719 3470
15714 4 2 1 1 1694 1719 3543 1727
15715 4 2 1 1 3200 894 1400 3281
15716 4 2 1 1 3200 1400 894 1412
15717 4 2 1 1 2154 2687 3748 2521
15718 4 2 1 1 3748 2687 2154 3742
15719 4 2 1 1 3433 1625 1624 1638
15720 4 2 1 1 3433 1624 1625 3443
15721 4 2 1 1 2401 1525 918 955
15722 4 2 1 1 918 1525 2401 2395
15723 4 2 1 1 918 724 2401 955
15724 4 2 1 1 2401 724 918 2395
15725 4 2 1 1 831 2251 913 2248
15726 4 2 1 1 913 2251 831 912
15727 4 2 1 1 2346 2037 3243 3193
15728 4 2 1 1 3091 2909 1974 3089
15729 4 2 1 1 1974 1975 3091 3089
15730 4 2 1 1 2949 1946 1965 1948
15731 4 2 1 1 2949 1965 1946 2993
15732 4 2 1 1 1539 1118 3600 105
15733 4 2 1 1 1539 3600 1118 1864
15734 4 2 1 1 3195 2372 2373 2455
15735 4 2 1 1 2373 2244 3195 2455
15736 4 2 1 1 3243 2584 2764 2345
15737 4 2 1 1 2764 2348 3243 2345
15738 4 2 1 1 989 2331 987 2333
15739 4 2 1 1 989 987 2331 1288
15740 4 2 1 1 2741 1318 2742 3063
15741 4 2 1 1 2123 3175 3256 2117
15742 4 2 1 1 3256 3175 2123 3147
15743 4 2 1 1 3256 2107 2123 2117
15744 4 2 1 1 2123 2107 3256 3147
15745 4 2 1 1 2904 2360 2646 2355
15746 4 2 1 1 3254 2304 3027 3135
15747 4 2 1 1 3022 2304 3027 2356
15748 4 2 1 1 3022 3027 2304 3135
15749 4 2 1 1 3113 2285 2283 2281
15750 4 2 1 1 3074 2283 2285 2281
15751 4 2 1 1 3074 2285 2283 2284
15752 4 2 1 1 2156 1329 1115 277
15753 4 2 1 1 2156 1115 1329 2283
15754 4 2 1 1 2855 3413 3298 3439
15755 4 2 1 1 2855 3298 3413 2167
15756 4 2 1 1 2711 570 569 3005
15757 4 2 1 1 2711 569 570 568
15758 4 2 1 1 3348 1807 1820 1695
15759 4 2 1 1 1820 1807 3348 3383
15760 4 2 1 1 3480 1660 1702 3402
15761 4 2 1 1 3480 1702 1660 1659
15762 4 2 1 1 2223 2229 2400 2230
15763 4 2 1 1 1787 3565 1762 1785
15764 4 2 1 1 1787 1762 3565 3365
15765 4 2 1 1 2157 2520 808 1304
15766 4 2 1 1 2157 808 2520 2544
15767 4 2 1 1 810 808 2520 1304
15768 4 2 1 1 810 2520 808 2544
15769 4 2 1 1 3584 1590 1587 1589
15770 4 2 1 1 3584 1587 1590 3353
15771 4 2 1 1 2494 2115 2662 2667
15772 4 2 1 1 2494 2662 2115 2668
15773 4 2 1 1 2135 2662 2115 2667
15774 4 2 1 1 2135 2115 2662 2668
15775 4 2 1 1 1691 3409 1786 1795
15776 4 2 1 1 1691 1786 3409 3438
15777 4 2 1 1 170 3088 171 2811
15778 4 2 1 1 171 3088 170 169
15779 4 2 1 1 2579 2890 3147 2108
15780 4 2 1 1 2579 3147 2890 2123
15781 4 2 1 1 1691 3561 1780 1593
15782 4 2 1 1 1691 1780 3561 3553
15783 4 2 1 1 3747 1928 1925 1924
15784 4 2 1 1 3747 1925 1928 2131
15785 4 2 1 1 3473 1928 1925 2131
15786 4 2 1 1 2074 3139 2205 2088
15787 4 2 1 1 2205 3139 2074 3199
15788 4 2 1 1 2205 2210 2074 2088
15789 4 2 1 1 2074 2210 2205 3199
15790 4 2 1 1 1827 3344 1586 1761
15791 4 2 1 1 1586 3344 1827 3340
15792 4 2 1 1 1039 2919 1298 971
15793 4 2 1 1 1298 2919 1039 2575
15794 4 2 1 1 2202 2192 2676 2677
15795 4 2 1 1 2193 2677 2192 2446
15796 4 2 1 1 2192 2677 2193 2676
15797 4 2 1 1 2192 2195 2193 2446
15798 4 2 1 1 2193 2195 2192 2676
15799 4 2 1 1 927 3233 89 3205
15800 4 2 1 1 927 89 3233 20
15801 4 2 1 1 2109 2117 3036 3186
15802 4 2 1 1 1056 3267 1010 2107
15803 4 2 1 1 1056 1010 3267 1529
15804 4 2 1 1 2039 2044 2052 2040
15805 4 2 1 1 2052 2044 2039 2779
15806 4 2 1 1 2052 2055 2039 2040
15807 4 2 1 1 2039 2055 2052 2779
15808 4 2 1 1 3474 1628 1617 3419
15809 4 2 1 1 3474 1617 1628 1624
15810 4 2 1 1 3099 2832 2016 2831
15811 4 2 1 1 3099 2016 2832 2017
15812 4 2 1 1 2830 2016 2832 2831
15813 4 2 1 1 2830 2832 2016 2017
15814 4 2 1 1 3183 1303 575 1409
15815 4 2 1 1 3183 575 1303 2652
15816 4 2 1 1 1011 2560 324 318
15817 4 2 1 1 324 2560 1011 2743
15818 4 2 1 1 2762 3233 3239 2761
15819 4 2 1 1 2762 3239 3233 3234
15820 4 2 1 1 2759 3239 3233 2761
15821 4 2 1 1 2759 3233 3239 3234
15822 4 2 1 1 188 2021 943 1429
15823 4 2 1 1 943 2021 188 3169
15824 4 2 1 1 1046 659 2774 661
15825 4 2 1 1 3358 1724 1814 1821
15826 4 2 1 1 1814 1724 3358 3361
15827 4 2 1 1 1962 2398 2400 2397
15828 4 2 1 1 2400 2398 1962 3132
15829 4 2 1 1 2400 2235 1962 2397
15830 4 2 1 1 1962 2235 2400 3132
15831 4 2 1 1 2748 2749 326 325
15832 4 2 1 1 326 2749 2748 2120
15833 4 2 1 1 2486 2487 2582 2488
15834 4 2 1 1 2486 2582 2487 2158
15835 4 2 1 1 915 2465 913 1274
15836 4 2 1 1 915 913 2465 2248
15837 4 2 1 1 2271 1973 1960 2436
15838 4 2 1 1 2271 1960 1973 2754
15839 4 2 1 1 1975 1960 1973 2436
15840 4 2 1 1 1975 1973 1960 2754
15841 4 2 1 1 2581 2269 2559 2266
15842 4 2 1 1 2581 2559 2269 2270
15843 4 2 1 1 1153 3041 2977 2354
15844 4 2 1 1 1153 2977 3041 485
15845 4 2 1 1 3555 3482 2106 3300
15846 4 2 1 1 3555 2106 3482 2152
15847 4 2 1 1 3180 2106 3482 3300
15848 4 2 1 1 3180 3482 2106 2152
15849 4 2 1 1 2357 2646 2360 2288
15850 4 2 1 1 3376 1795 1691 1796
15851 4 2 1 1 3376 1691 1795 3409
15852 4 2 1 1 3239 2475 2316 2319
15853 4 2 1 1 3239 2316 2475 2071
15854 4 2 1 1 2325 647 2435 851
15855 4 2 1 1 2325 2435 647 2421
15856 4 2 1 1 2491 2155 3619 3653
15857 4 2 1 1 2491 3619 2155 2490
15858 4 2 1 1 1410 737 3054 736
15859 4 2 1 1 2854 3054 737 736
15860 4 2 1 1 2854 737 3054 2853
15861 4 2 1 1 2853 508 2381 2852
15862 4 2 1 1 2853 2381 508 1213
15863 4 2 1 1 1782 3280 1701 3283
15864 4 2 1 1 1782 1701 3280 1781
15865 4 2 1 1 3577 1894 1732 1976
15866 4 2 1 1 3577 1732 1894 1735
15867 4 2 1 1 3036 2117 2107 3186
15868 4 2 1 1 2107 3267 3036 3186
15869 4 2 1 1 3036 3267 2107 2116
15870 4 2 1 1 361 2388 1074 364
15871 4 2 1 1 1074 2388 361 2227
15872 4 2 1 1 2926 637 638 3012
15873 4 2 1 1 2926 638 637 592
15874 4 2 1 1 3062 2284 2282 3061
15875 4 2 1 1 2285 2284 2282 2496
15876 4 2 1 1 2285 2282 2284 3061
15877 4 2 1 1 2453 2282 2284 2496
15878 4 2 1 1 1199 2741 1318 2742
15879 4 2 1 1 1199 1318 2741 942
15880 4 2 1 1 2058 2844 3146 3106
15881 4 2 1 1 2058 3146 2844 3145
15882 4 2 1 1 3334 1754 1829 3314
15883 4 2 1 1 3334 1829 1754 1759
15884 4 2 1 1 3003 2616 3218 2359
15885 4 2 1 1 3384 1836 1764 3600
15886 4 2 1 1 1764 1836 3384 1763
15887 4 2 1 1 1799 3479 3493 1656
15888 4 2 1 1 1799 3493 3479 3478
15889 4 2 1 1 2094 3685 2178 3687
15890 4 2 1 1 2094 2178 3685 3377
15891 4 2 1 1 1787 3457 1666 1801
15892 4 2 1 1 1787 1666 3457 3456
15893 4 2 1 1 3608 1745 1738 3304
15894 4 2 1 1 1738 1745 3608 1869
15895 4 2 1 1 1616 3550 1623 3516
15896 4 2 1 1 1616 1623 3550 1622
15897 4 2 1 1 2848 1988 3611 1992
15898 4 2 1 1 3611 1988 2848 3510
15899 4 2 1 1 3191 2508 2396 2507
15900 4 2 1 1 2345 2346 152 2764
15901 4 2 1 1 2345 152 2346 3193
15902 4 2 1 1 2033 2141 2339 2044
15903 4 2 1 1 2339 2141 2033 3123
15904 4 2 1 1 2339 2340 2033 2044
15905 4 2 1 1 2033 2340 2339 3123
15906 4 2 1 1 1964 1965 1975 2416
15907 4 2 1 1 1964 1975 1965 2774
15908 4 2 1 1 1962 1965 2398 2397
15909 4 2 1 1 1962 2398 1965 2880
15910 4 2 1 1 2252 1129 1130 886
15911 4 2 1 1 1130 1129 2252 2940
15912 4 2 1 1 2312 2073 3139 2088
15913 4 2 1 1 2312 3139 2073 2072
15914 4 2 1 1 2773 3139 2073 2088
15915 4 2 1 1 2773 2073 3139 2072
15916 4 2 1 1 252 2582 1035 2362
15917 4 2 1 1 252 1035 2582 1013
15918 4 2 1 1 2402 2719 2407 2405
15919 4 2 1 1 1728 3431 2306 3274
15920 4 2 1 1 2306 3431 1728 1729
15921 4 2 1 1 2536 3167 2967 2369
15922 4 2 1 1 2536 2967 3167 158
15923 4 2 1 1 3215 2967 3167 2369
15924 4 2 1 1 3215 3167 2967 158
15925 4 2 1 1 1683 3324 1649 1664
15926 4 2 1 1 1683 1649 3324 3494
15927 4 2 1 1 1754 3593 1579 1578
15928 4 2 1 1 1579 3593 1754 3335
15929 4 2 1 1 2452 2455 2738 2453
15930 4 2 1 1 2738 2455 2452 3170
15931 4 2 1 1 2371 2156 3195 2686
15932 4 2 1 1 3195 2156 2371 2455
15933 4 2 1 1 3027 3255 2304 3254
15934 4 2 1 1 2462 783 3603 2056
15935 4 2 1 1 2462 3603 783 998
15936 4 2 1 1 2064 3603 783 2056
15937 4 2 1 1 2064 783 3603 998
15938 4 2 1 1 2196 1922 2240 2242
15939 4 2 1 1 2196 2240 1922 2201
15940 4 2 1 1 3101 1706 1714 1739
15941 4 2 1 1 3101 1714 1706 3436
15942 4 2 1 1 1693 3422 1645 1777
15943 4 2 1 1 1645 3422 1693 3412
15944 4 2 1 1 1707 3374 1812 1655
15945 4 2 1 1 1812 3374 1707 3554
15946 4 2 1 1 3221 826 2084 1523
15947 4 2 1 1 3221 2084 826 3222
15948 4 2 1 1 2522 826 2084 3222
15949 4 2 1 1 3543 1799 1816 3478
15950 4 2 1 1 3543 1816 1799 1727
15951 4 2 1 1 2596 2042 3731 3333
15952 4 2 1 1 3731 2042 2596 3724
15953 4 2 1 1 3373 1619 3400 3366
15954 4 2 1 1 3400 1619 3373 1778
15955 4 2 1 1 2154 3740 2060 3742
15956 4 2 1 1 2154 2060 3740 3738
15957 4 2 1 1 2914 2009 3435 3557
15958 4 2 1 1 3435 2009 2914 3387
15959 4 2 1 1 3511 1655 1652 3374
15960 4 2 1 1 3511 1652 1655 1653
15961 4 2 1 1 547 2844 546 2793
15962 4 2 1 1 2932 546 2844 2793
15963 4 2 1 1 932 3181 930 1293
15964 4 2 1 1 932 930 3181 2627
15965 4 2 1 1 2584 3243 2053 2035
15966 4 2 1 1 2138 3712 3711 3756
15967 4 2 1 1 2138 3711 3712 3710
15968 4 2 1 1 965 2313 2085 2929
15969 4 2 1 1 965 2085 2313 1025
15970 4 2 1 1 2886 536 1403 1465
15971 4 2 1 1 1403 536 2886 2883
15972 4 2 1 1 1977 1978 3743 3653
15973 4 2 1 1 1977 3743 1978 3399
15974 4 2 1 1 3741 1978 3743 3399
15975 4 2 1 1 3039 498 497 1176
15976 4 2 1 1 497 498 3039 3021
15977 4 2 1 1 2304 3254 2198 3149
15978 4 2 1 1 2304 2198 3254 3255
15979 4 2 1 1 3080 2198 3254 3149
15980 4 2 1 1 3080 3254 2198 3255
15981 4 2 1 1 3492 3017 3466 2018
15982 4 2 1 1 3492 3466 3017 2027
15983 4 2 1 1 2017 2295 2015 2024
15984 4 2 1 1 2017 2015 2295 3492
15985 4 2 1 1 1501 2626 931 2627
15986 4 2 1 1 931 2626 1501 933
15987 4 2 1 1 87 3151 2143 937
15988 4 2 1 1 87 2143 3151 2500
15989 4 2 1 1 2038 3158 3247 3248
15990 4 2 1 1 2038 3247 3158 3266
15991 4 2 1 1 1103 1851 2893 1556
15992 4 2 1 1 1103 2893 1851 124
15993 4 2 1 1 3113 1329 1521 784
15994 4 2 1 1 3113 1521 1329 2283
15995 4 2 1 1 1922 2411 1957 3622
15996 4 2 1 1 1957 1924 1922 3622
15997 4 2 1 1 1922 1924 1957 1943
15998 4 2 1 1 2128 1923 1924 3623
15999 4 2 1 1 1924 1923 2128 1922
16000 4 2 1 1 2245 2656 2213 2716
16001 4 2 1 1 303 2213 2656 2716
16002 4 2 1 1 2581 2108 3175 3172
16003 4 2 1 1 3175 2108 2581 2579
16004 4 2 1 1 1047 2998 3035 1959
16005 4 2 1 1 1047 3035 2998 628
16006 4 2 1 1 2762 2071 2076 3239
16007 4 2 1 1 2475 2071 2762 3239
16008 4 2 1 1 3234 2762 2475 2763
16009 4 2 1 1 3234 2475 2762 3239
16010 4 2 1 1 2848 2010 3510 3316
16011 4 2 1 1 2848 3510 2010 3610
16012 4 2 1 1 2963 3510 2010 3316
16013 4 2 1 1 2963 2010 3510 3610
16014 4 2 1 1 2010 2963 2413 3612
16015 4 2 1 1 2010 2413 2963 3316
16016 4 2 1 1 3610 3650 1992 3611
16017 4 2 1 1 1992 3650 3610 2010
16018 4 2 1 1 1992 2848 3610 3611
16019 4 2 1 1 3610 2848 1992 2010
16020 4 2 1 1 1363 2021 3011 2602
16021 4 2 1 1 3011 2021 1363 3169
16022 4 2 1 1 828 2598 2591 2594
16023 4 2 1 1 828 2591 2598 1157
16024 4 2 1 1 1773 3366 1599 1619
16025 4 2 1 1 1773 1599 3366 3441
16026 4 2 1 1 1686 3576 1658 3425
16027 4 2 1 1 1686 1658 3576 1802
16028 4 2 1 1 1705 3305 1743 3301
16029 4 2 1 1 1705 1743 3305 1830
16030 4 2 1 1 2582 202 514 2486
16031 4 2 1 1 2582 514 202 200
16032 4 2 1 1 1537 121 62 1389
16033 4 2 1 1 1537 62 121 1859
16034 4 2 1 1 2013 3515 3471 2819
16035 4 2 1 1 2013 3471 3515 3470
16036 4 2 1 1 2600 3011 3058 2302
16037 4 2 1 1 3058 3011 2600 2021
16038 4 2 1 1 3058 2829 2600 2302
16039 4 2 1 1 2600 2829 3058 2021
16040 4 2 1 1 2779 3197 3266 2036
16041 4 2 1 1 2779 3266 3197 2778
16042 4 2 1 1 149 2343 2340 148
16043 4 2 1 1 149 2340 2343 2346
16044 4 2 1 1 2459 2686 2371 2519
16045 4 2 1 1 2459 2371 2686 2156
16046 4 2 1 1 2245 2207 2246 2215
16047 4 2 1 1 2245 2246 2207 2656
16048 4 2 1 1 2216 2246 2207 2215
16049 4 2 1 1 2216 2207 2246 2656
16050 4 2 1 1 2212 976 234 2307
16051 4 2 1 1 234 976 2212 1194
16052 4 2 1 1 323 2952 2559 2749
16053 4 2 1 1 323 2559 2952 322
16054 4 2 1 1 2762 3239 3232 1966
16055 4 2 1 1 2762 3232 3239 2076
16056 4 2 1 1 2067 3224 2828 2066
16057 4 2 1 1 2067 2828 3224 3223
16058 4 2 1 1 1356 2484 947 93
16059 4 2 1 1 1356 947 2484 2657
16060 4 2 1 1 2636 334 336 2554
16061 4 2 1 1 2636 336 334 337
16062 4 2 1 1 2568 295 294 2577
16063 4 2 1 1 2568 294 295 293
16064 4 2 1 1 2053 3189 2231 2825
16065 4 2 1 1 2231 3189 2053 2035
16066 4 2 1 1 2053 3198 2231 2035
16067 4 2 1 1 2904 2357 2646 2360
16068 4 2 1 1 2646 2357 2904 2134
16069 4 2 1 1 2282 2662 2285 2496
16070 4 2 1 1 2285 2662 2282 2661
16071 4 2 1 1 2109 2117 3175 2110
16072 4 2 1 1 2109 3175 2117 3256
16073 4 2 1 1 2233 2507 2532 2707
16074 4 2 1 1 2233 2532 2507 2508
16075 4 2 1 1 2628 2532 2507 2707
16076 4 2 1 1 2628 2507 2532 2508
16077 4 2 1 1 2117 2109 2119 2110
16078 4 2 1 1 2117 2119 2109 3036
16079 4 2 1 1 1948 2119 2109 2110
16080 4 2 1 1 1948 2109 2119 3036
16081 4 2 1 1 3088 3058 1449 3057
16082 4 2 1 1 3088 1449 3058 2303
16083 4 2 1 1 246 2159 248 229
16084 4 2 1 1 246 248 2159 2163
16085 4 2 1 1 3389 1992 2169 2848
16086 4 2 1 1 3389 2169 1992 2142
16087 4 2 1 1 3769 2169 1992 2848
16088 4 2 1 1 3769 1992 2169 2142
16089 4 2 1 1 462 2996 623 2689
16090 4 2 1 1 623 2996 462 510
16091 4 2 1 1 2917 792 1083 1506
16092 4 2 1 1 1083 792 2917 2615
16093 4 2 1 1 2775 495 1149 377
16094 4 2 1 1 1149 495 2775 2443
16095 4 2 1 1 1184 2710 564 2858
16096 4 2 1 1 1184 564 2710 565
16097 4 2 1 1 2319 2500 2342 2475
16098 4 2 1 1 2319 2342 2500 3151
16099 4 2 1 1 575 2814 506 574
16100 4 2 1 1 575 506 2814 3031
16101 4 2 1 1 2852 609 608 2854
16102 4 2 1 1 2852 608 609 508
16103 4 2 1 1 2927 2324 1970 2432
16104 4 2 1 1 3231 3157 1520 3238
16105 4 2 1 1 3231 3237 1520 1530
16106 4 2 1 1 1520 3237 3231 3238
16107 4 2 1 1 3360 1821 3562 3358
16108 4 2 1 1 3360 3562 1821 1628
16109 4 2 1 1 1679 3576 1658 1802
16110 4 2 1 1 1679 1658 3576 3381
16111 4 2 1 1 2210 2207 2216 2873
16112 4 2 1 1 2210 2216 2207 2215
16113 4 2 1 1 1181 3191 870 1358
16114 4 2 1 1 1181 870 3191 3118
16115 4 2 1 1 3350 1768 1695 3349
16116 4 2 1 1 3350 1695 1768 1610
16117 4 2 1 1 1761 3332 1583 1582
16118 4 2 1 1 1583 3332 1761 3344
16119 4 2 1 1 1584 3587 1585 3347
16120 4 2 1 1 1584 1585 3587 1583
16121 4 2 1 1 2240 2193 2241 2799
16122 4 2 1 1 2240 2241 2193 2446
16123 4 2 1 1 2752 2236 921 2234
16124 4 2 1 1 921 2236 2752 2229
16125 4 2 1 1 2229 2236 2400 2230
16126 4 2 1 1 2229 2223 2406 2720
16127 4 2 1 1 2406 2223 2229 2400
16128 4 2 1 1 1737 3603 1563 1881
16129 4 2 1 1 1563 3603 1737 2462
16130 4 2 1 1 1046 1047 2774 659
16131 4 2 1 1 1046 2774 1047 1165
16132 4 2 1 1 2486 884 3113 1505
16133 4 2 1 1 2486 3113 884 2158
16134 4 2 1 1 2273 2272 2428 2895
16135 4 2 1 1 2273 2428 2272 2423
16136 4 2 1 1 788 3024 1353 1290
16137 4 2 1 1 788 1353 3024 2915
16138 4 2 1 1 2337 916 539 2995
16139 4 2 1 1 539 916 2337 917
16140 4 2 1 1 2273 2272 2427 2423
16141 4 2 1 1 2273 2427 2272 3122
16142 4 2 1 1 3209 2245 3208 2213
16143 4 2 1 1 3209 3208 2245 2372
16144 4 2 1 1 961 2815 478 791
16145 4 2 1 1 961 478 2815 2101
16146 4 2 1 1 3139 983 310 2713
16147 4 2 1 1 310 983 3139 312
16148 4 2 1 1 3209 836 1273 3046
16149 4 2 1 1 1273 836 3209 994
16150 4 2 1 1 2273 1973 2271 2436
16151 4 2 1 1 2273 2271 1973 2787
16152 4 2 1 1 2513 2298 2829 2966
16153 4 2 1 1 2513 2829 2298 2645
16154 4 2 1 1 507 2813 603 2814
16155 4 2 1 1 603 2813 507 1087
16156 4 2 1 1 642 3163 881 2866
16157 4 2 1 1 881 3163 642 1225
16158 4 2 1 1 2467 2298 2187 2299
16159 4 2 1 1 2187 2298 2467 2966
16160 4 2 1 1 2929 2522 965 596
16161 4 2 1 1 2929 965 2522 2085
16162 4 2 1 1 1099 1553 27 122
16163 4 2 1 1 1099 27 1553 1568
16164 4 2 1 1 3400 2458 3500 3508
16165 4 2 1 1 3400 3500 2458 3442
16166 4 2 1 1 2540 689 530 533
16167 4 2 1 1 530 689 2540 2541
16168 4 2 1 1 2406 2407 2404 2693
16169 4 2 1 1 2405 2407 2404 2719
16170 4 2 1 1 2405 2404 2407 2693
16171 4 2 1 1 2402 2404 3261 3260
16172 4 2 1 1 2402 3261 2404 2405
16173 4 2 1 1 2693 2404 3261 2405
16174 4 2 1 1 3332 1759 1754 1582
16175 4 2 1 1 3332 1754 1759 3334
16176 4 2 1 1 1631 3477 3465 1656
16177 4 2 1 1 1631 3465 3477 3490
16178 4 2 1 1 1770 3366 1765 3369
16179 4 2 1 1 1770 1765 3366 1619
16180 4 2 1 1 1722 3608 1738 3417
16181 4 2 1 1 1722 1738 3608 1869
16182 4 2 1 1 2818 3099 2638 3701
16183 4 2 1 1 2818 2638 3099 2831
16184 4 2 1 1 2832 2638 3099 3701
16185 4 2 1 1 2832 3099 2638 2831
16186 4 2 1 1 1544 1209 52 1862
16187 4 2 1 1 1544 52 1209 1122
16188 4 2 1 1 1973 2273 2427 2436
16189 4 2 1 1 2427 2273 1973 2835
16190 4 2 1 1 1964 1975 3091 2416
16191 4 2 1 1 1964 3091 1975 3089
16192 4 2 1 1 1975 1969 2394 1970
16193 4 2 1 1 2394 1969 1975 3091
16194 4 2 1 1 2433 2076 2762 2763
16195 4 2 1 1 2433 2762 2076 3232
16196 4 2 1 1 2204 3121 2192 2466
16197 4 2 1 1 2192 3216 2204 2466
16198 4 2 1 1 358 2796 356 353
16199 4 2 1 1 358 356 2796 2232
16200 4 2 1 1 2407 3261 2402 2405
16201 4 2 1 1 2407 2402 3261 3258
16202 4 2 1 1 2284 2452 2282 2453
16203 4 2 1 1 2284 2282 2452 3062
16204 4 2 1 1 2737 2625 2096 2738
16205 4 2 1 1 2096 2625 2737 2122
16206 4 2 1 1 2137 1951 1953 2126
16207 4 2 1 1 1953 1951 2137 2127
16208 4 2 1 1 1953 2125 2137 2126
16209 4 2 1 1 2137 2125 1953 2127
16210 4 2 1 1 2453 2282 2625 2624
16211 4 2 1 1 2625 2282 2453 2496
16212 4 2 1 1 2661 2870 2282 2965
16213 4 2 1 1 2661 2282 2870 2133
16214 4 2 1 1 1902 2282 2870 2965
16215 4 2 1 1 1902 2870 2282 2133
16216 4 2 1 1 2357 3003 3235 2359
16217 4 2 1 1 2357 3235 3003 2356
16218 4 2 1 1 3218 3235 3003 2359
16219 4 2 1 1 3218 3003 3235 2356
16220 4 2 1 1 2156 2459 2486 2489
16221 4 2 1 1 2487 2459 2486 2158
16222 4 2 1 1 2487 2486 2459 2489
16223 4 2 1 1 3317 1660 1661 3401
16224 4 2 1 1 3317 1661 1660 1676
16225 4 2 1 1 3459 1611 3350 3501
16226 4 2 1 1 3459 3350 1611 1610
16227 4 2 1 1 3507 3350 1611 3501
16228 4 2 1 1 2909 1385 991 1387
16229 4 2 1 1 991 1385 2909 3138
16230 4 2 1 1 1299 3230 1089 2479
16231 4 2 1 1 1299 1089 3230 1494
16232 4 2 1 1 2715 716 715 717
16233 4 2 1 1 2715 715 716 2740
16234 4 2 1 1 3731 3713 2046 2030
16235 4 2 1 1 3731 2046 3713 3714
16236 4 2 1 1 3711 2046 3713 2030
16237 4 2 1 1 3711 3713 2046 3714
16238 4 2 1 1 2324 22 2392 2391
16239 4 2 1 1 2324 2392 22 1091
16240 4 2 1 1 2695 503 494 3148
16241 4 2 1 1 494 503 2695 495
16242 4 2 1 1 326 2688 1055 328
16243 4 2 1 1 326 1055 2688 2120
16244 4 2 1 1 2072 3224 2084 3223
16245 4 2 1 1 2522 2084 3224 3223
16246 4 2 1 1 2522 3224 2084 2068
16247 4 2 1 1 2310 2074 2929 3199
16248 4 2 1 1 2310 2929 2074 2068
16249 4 2 1 1 2522 2074 2929 2068
16250 4 2 1 1 2974 825 789 1382
16251 4 2 1 1 2974 789 825 2972
16252 4 2 1 1 2984 464 499 441
16253 4 2 1 1 2984 499 464 2983
16254 4 2 1 1 1775 3608 1651 1869
16255 4 2 1 1 1775 1651 3608 3371
16256 4 2 1 1 894 2915 714 3281
16257 4 2 1 1 714 2915 894 788
16258 4 2 1 1 2245 2097 2372 2246
16259 4 2 1 1 2245 2372 2097 3047
16260 4 2 1 1 2373 2372 2097 2246
16261 4 2 1 1 2617 3255 2198 2304
16262 4 2 1 1 2198 3043 2617 2304
16263 4 2 1 1 1734 1811 3546 1808
16264 4 2 1 1 1389 1855 2678 95
16265 4 2 1 1 2678 1855 1389 1537
16266 4 2 1 1 1766 3375 1711 3440
16267 4 2 1 1 1711 3375 1766 1668
16268 4 2 1 1 3203 1946 2630 3130
16269 4 2 1 1 3203 2630 1946 2949
16270 4 2 1 1 2119 2630 1946 3130
16271 4 2 1 1 2119 1946 2630 2949
16272 4 2 1 1 2203 2677 3216 3194
16273 4 2 1 1 2203 3216 2677 2537
16274 4 2 1 1 2617 2812 2600 3020
16275 4 2 1 1 2600 2812 2617 3255
16276 4 2 1 1 2600 2618 2617 3020
16277 4 2 1 1 2617 2618 2600 3255
16278 4 2 1 1 1576 3594 3328 3311
16279 4 2 1 1 1576 3328 3594 1575
16280 4 2 1 1 2865 982 3092 643
16281 4 2 1 1 3092 982 2865 2889
16282 4 2 1 1 1942 3615 2079 3641
16283 4 2 1 1 1942 2079 3615 3645
16284 4 2 1 1 1811 3541 3546 3572
16285 4 2 1 1 1811 3546 3541 1734
16286 4 2 1 1 3051 3674 3387 2012
16287 4 2 1 1 3051 3387 3674 3697
16288 4 2 1 1 3450 1650 3453 1652
16289 4 2 1 1 3453 1650 3450 3452
16290 4 2 1 1 2131 3473 1943 3634
16291 4 2 1 1 1943 3473 2131 1928
16292 4 2 1 1 1943 1931 2131 3634
16293 4 2 1 1 2131 1931 1943 1928
16294 4 2 1 1 3496 1710 1693 1692
16295 4 2 1 1 3496 1693 1710 3495
16296 4 2 1 1 3415 1806 3421 3564
16297 4 2 1 1 3415 3421 1806 1671
16298 4 2 1 1 1736 3605 1835 1769
16299 4 2 1 1 1835 3605 1736 3298
16300 4 2 1 1 3747 3631 3749 3623
16301 4 2 1 1 3747 3749 3631 2093
16302 4 2 1 1 3732 2263 2152 3337
16303 4 2 1 1 3732 2152 2263 3734
16304 4 2 1 1 2100 2434 1898 1918
16305 4 2 1 1 2100 1898 2434 1923
16306 4 2 1 1 3622 1898 2434 1918
16307 4 2 1 1 3622 2434 1898 1923
16308 4 2 1 1 3258 2407 2392 2394
16309 4 2 1 1 3258 2392 2407 2393
16310 4 2 1 1 2534 2392 2407 2394
16311 4 2 1 1 2534 2407 2392 2393
16312 4 2 1 1 2754 2787 2268 3035
16313 4 2 1 1 2268 2787 2754 1973
16314 4 2 1 1 2754 2271 2268 1973
16315 4 2 1 1 1444 2944 461 2726
16316 4 2 1 1 461 2944 1444 1379
16317 4 2 1 1 2978 521 535 2977
16318 4 2 1 1 2978 535 521 537
16319 4 2 1 1 3701 2025 2020 2104
16320 4 2 1 1 3701 2020 2025 2017
16321 4 2 1 1 3704 2020 2025 2104
16322 4 2 1 1 3704 2025 2020 2017
16323 4 2 1 1 2523 564 562 563
16324 4 2 1 1 2523 562 564 2934
16325 4 2 1 1 3036 2119 2107 2117
16326 4 2 1 1 3036 2107 2119 2116
16327 4 2 1 1 3267 2119 2107 2116
16328 4 2 1 1 101 2144 997 130
16329 4 2 1 1 101 997 2144 2143
16330 4 2 1 1 2498 997 2144 130
16331 4 2 1 1 2498 2144 997 2143
16332 4 2 1 1 547 2932 546 2844
16333 4 2 1 1 547 546 2932 380
16334 4 2 1 1 1535 2118 874 1435
16335 4 2 1 1 874 2118 1535 2116
16336 4 2 1 1 2268 2269 3175 3129
16337 4 2 1 1 2268 3175 2269 2271
16338 4 2 1 1 3215 923 157 3153
16339 4 2 1 1 157 923 3215 1289
16340 4 2 1 1 1922 2414 2279 2128
16341 4 2 1 1 2279 2414 1922 2411
16342 4 2 1 1 2279 2434 1922 2128
16343 4 2 1 1 1922 2434 2279 2411
16344 4 2 1 1 2973 1445 2510 1318
16345 4 2 1 1 2973 2510 1445 2972
16346 4 2 1 1 1160 2510 1445 1318
16347 4 2 1 1 1160 1445 2510 2972
16348 4 2 1 1 1499 2006 963 1142
16349 4 2 1 1 1499 963 2006 2004
16350 4 2 1 1 2602 1396 944 2558
16351 4 2 1 1 944 1396 2602 813
16352 4 2 1 1 2581 2579 2748 2270
16353 4 2 1 1 2581 2579 2269 3175
16354 4 2 1 1 2581 2269 2579 2270
16355 4 2 1 1 3174 1367 1495 3173
16356 4 2 1 1 3174 1495 1367 657
16357 4 2 1 1 1639 3433 1662 1638
16358 4 2 1 1 1639 1662 3433 3462
16359 4 2 1 1 3322 1751 1574 1575
16360 4 2 1 1 1574 1751 3322 3306
16361 4 2 1 1 660 2109 671 2997
16362 4 2 1 1 660 671 2109 3186
16363 4 2 1 1 3256 671 2109 2997
16364 4 2 1 1 3256 2109 671 3186
16365 4 2 1 1 2413 3645 1942 2412
16366 4 2 1 1 1942 3645 2413 1957
16367 4 2 1 1 1942 3644 2413 2412
16368 4 2 1 1 2413 3644 1942 1957
16369 4 2 1 1 2076 2475 2762 2763
16370 4 2 1 1 2076 2762 2475 2071
16371 4 2 1 1 3224 2069 2080 2068
16372 4 2 1 1 2078 2069 2080 2077
16373 4 2 1 1 2078 2080 2069 2068
16374 4 2 1 1 3585 1813 1824 2439
16375 4 2 1 1 3585 1824 1813 1812
16376 4 2 1 1 2195 2188 2200 2190
16377 4 2 1 1 2195 2200 2188 2772
16378 4 2 1 1 2441 2200 2188 2190
16379 4 2 1 1 2441 2188 2200 2772
16380 4 2 1 1 2231 2055 2053 2825
16381 4 2 1 1 2231 2053 2055 3198
16382 4 2 1 1 2017 3701 3099 2025
16383 4 2 1 1 2017 3099 3701 2832
16384 4 2 1 1 2292 2363 197 2287
16385 4 2 1 1 2292 197 2363 2582
16386 4 2 1 1 751 2261 1034 1297
16387 4 2 1 1 1034 2261 751 2258
16388 4 2 1 1 2360 1296 1035 1391
16389 4 2 1 1 2360 1035 1296 3164
16390 4 2 1 1 2582 2291 2363 2292
16391 4 2 1 1 2582 2363 2291 2290
16392 4 2 1 1 2764 1216 2343 152
16393 4 2 1 1 2764 2343 1216 2344
16394 4 2 1 1 687 2852 686 584
16395 4 2 1 1 686 2852 687 2954
16396 4 2 1 1 1199 2918 1270 2742
16397 4 2 1 1 1199 1270 2918 382
16398 4 2 1 1 460 2918 1298 383
16399 4 2 1 1 460 1298 2918 2506
16400 4 2 1 1 2929 2310 2314 2085
16401 4 2 1 1 2068 2310 2314 2767
16402 4 2 1 1 2068 2314 2310 2085
16403 4 2 1 1 2310 2541 2542 2767
16404 4 2 1 1 2542 2541 2310 2929
16405 4 2 1 1 2542 2314 2310 2767
16406 4 2 1 1 2310 2314 2542 2929
16407 4 2 1 1 2973 593 2742 2935
16408 4 2 1 1 2973 2742 593 1318
16409 4 2 1 1 1988 2963 3610 1990
16410 4 2 1 1 1988 3610 2963 3510
16411 4 2 1 1 2188 2441 3080 2198
16412 4 2 1 1 2188 3080 2441 3184
16413 4 2 1 1 2199 349 350 2532
16414 4 2 1 1 350 349 2199 348
16415 4 2 1 1 2236 2235 2507 2234
16416 4 2 1 1 2236 2507 2235 2508
16417 4 2 1 1 3075 2507 2235 2234
16418 4 2 1 1 2312 2073 2084 2072
16419 4 2 1 1 2312 2084 2073 2068
16420 4 2 1 1 3224 2084 2073 2072
16421 4 2 1 1 3224 2073 2084 2068
16422 4 2 1 1 1858 2869 798 1557
16423 4 2 1 1 1858 798 2869 3268
16424 4 2 1 1 2715 717 1161 3226
16425 4 2 1 1 2715 1161 717 715
16426 4 2 1 1 3572 1657 1680 3504
16427 4 2 1 1 3572 1680 1657 1811
16428 4 2 1 1 3463 1635 1804 3567
16429 4 2 1 1 3463 1804 1635 1800
16430 4 2 1 1 1693 3495 1760 1710
16431 4 2 1 1 1693 1760 3495 3486
16432 4 2 1 1 2017 3017 2018 2016
16433 4 2 1 1 2017 2018 3017 3492
16434 4 2 1 1 3379 1644 3401 1784
16435 4 2 1 1 3379 3401 1644 3503
16436 4 2 1 1 3569 1785 1787 1803
16437 4 2 1 1 3569 1787 1785 3565
16438 4 2 1 1 3700 2000 2082 3686
16439 4 2 1 1 3700 2082 2000 3424
16440 4 2 1 1 2372 3047 2722 2244
16441 4 2 1 1 2372 2722 3047 3209
16442 4 2 1 1 3544 1597 1601 3520
16443 4 2 1 1 3544 1601 1597 1598
16444 4 2 1 1 3418 3738 2057 3740
16445 4 2 1 1 3418 2057 3738 2058
16446 4 2 1 1 2844 2057 3738 3740
16447 4 2 1 1 2844 3738 2057 2058
16448 4 2 1 1 2055 2802 2037 2036
16449 4 2 1 1 2037 2802 2055 2052
16450 4 2 1 1 2037 2779 2055 2036
16451 4 2 1 1 2055 2779 2037 2052
16452 4 2 1 1 2203 2677 2053 2537
16453 4 2 1 1 2203 2053 2677 3189
16454 4 2 1 1 2195 2857 2194 2189
16455 4 2 1 1 2195 2194 2777 2189
16456 4 2 1 1 2777 2194 2195 2200
16457 4 2 1 1 2195 2777 2772 2189
16458 4 2 1 1 2772 2777 2195 2200
16459 4 2 1 1 2901 3017 3099 2018
16460 4 2 1 1 2901 3099 3017 3100
16461 4 2 1 1 2537 2967 3215 2536
16462 4 2 1 1 3215 2967 2537 2203
16463 4 2 1 1 3123 2999 2140 3000
16464 4 2 1 1 3123 2140 2999 722
16465 4 2 1 1 2039 2697 2044 2040
16466 4 2 1 1 2039 2044 2697 3000
16467 4 2 1 1 2617 3027 3255 2304
16468 4 2 1 1 3255 3027 2617 3003
16469 4 2 1 1 1526 2971 1444 2968
16470 4 2 1 1 1526 1444 2971 863
16471 4 2 1 1 109 1559 75 1872
16472 4 2 1 1 75 1559 109 1400
16473 4 2 1 1 2467 3121 2187 2530
16474 4 2 1 1 2187 2192 2466 2299
16475 4 2 1 1 2466 2192 2187 3121
16476 4 2 1 1 2466 2467 2187 2299
16477 4 2 1 1 2187 2467 2466 3121
16478 4 2 1 1 1059 2144 128 131
16479 4 2 1 1 1059 128 2144 3001
16480 4 2 1 1 3267 1169 3036 3186
16481 4 2 1 1 3036 1169 3267 883
16482 4 2 1 1 2289 2363 2287 2288
16483 4 2 1 1 2287 2359 2289 2288
16484 4 2 1 1 2289 2359 2287 2328
16485 4 2 1 1 3135 3218 3154 3217
16486 4 2 1 1 3154 3218 3135 3254
16487 4 2 1 1 1494 3229 1299 89
16488 4 2 1 1 1494 1299 3229 3230
16489 4 2 1 1 893 2891 525 892
16490 4 2 1 1 893 525 2891 2890
16491 4 2 1 1 3017 3449 2018 2019
16492 4 2 1 1 3017 2018 3449 3465
16493 4 2 1 1 3479 2018 3449 2019
16494 4 2 1 1 3479 3449 2018 3465
16495 4 2 1 1 1574 3306 1830 1751
16496 4 2 1 1 1830 3306 1574 3308
16497 4 2 1 1 1621 3490 1632 3491
16498 4 2 1 1 1621 1632 3490 1631
16499 4 2 1 1 3384 1670 1697 3435
16500 4 2 1 1 1697 1670 3384 1763
16501 4 2 1 1 1672 3384 1764 3385
16502 4 2 1 1 1672 1764 3384 1763
16503 4 2 1 1 1362 3602 2913 3600
16504 4 2 1 1 2913 3602 1362 1150
16505 4 2 1 1 2981 464 1151 832
16506 4 2 1 1 2981 1151 464 2982
16507 4 2 1 1 2085 3224 2069 2066
16508 4 2 1 1 2069 3224 2085 2068
16509 4 2 1 1 2069 2078 2085 2066
16510 4 2 1 1 2085 2078 2069 2068
16511 4 2 1 1 2244 2372 2097 2373
16512 4 2 1 1 2097 2372 2244 3047
16513 4 2 1 1 2244 2372 3195 2722
16514 4 2 1 1 3195 2372 2244 2373
16515 4 2 1 1 1681 3287 3467 1696
16516 4 2 1 1 3467 3287 1681 3309
16517 4 2 1 1 1681 3327 3467 3309
16518 4 2 1 1 1960 2268 2754 2271
16519 4 2 1 1 2754 2268 1960 3035
16520 4 2 1 1 1940 2390 2753 2238
16521 4 2 1 1 1940 2753 2390 2683
16522 4 2 1 1 2414 2426 1972 2410
16523 4 2 1 1 1972 2426 2414 1951
16524 4 2 1 1 2414 2409 1972 1951
16525 4 2 1 1 2682 445 516 2223
16526 4 2 1 1 2682 516 445 446
16527 4 2 1 1 2756 2857 2136 2631
16528 4 2 1 1 2756 2136 2857 2194
16529 4 2 1 1 2779 2033 2052 2044
16530 4 2 1 1 2779 2052 2033 2911
16531 4 2 1 1 3000 2141 3123 2033
16532 4 2 1 1 3000 3123 2141 2140
16533 4 2 1 1 2386 2039 3266 2038
16534 4 2 1 1 3266 2039 2386 3000
16535 4 2 1 1 2403 927 3244 3257
16536 4 2 1 1 2403 3244 927 3205
16537 4 2 1 1 556 824 3135 823
16538 4 2 1 1 1574 3295 1573 1571
16539 4 2 1 1 1573 3295 1574 3594
16540 4 2 1 1 2954 3305 3307 2219
16541 4 2 1 1 2954 3307 3305 3278
16542 4 2 1 1 1648 3437 1646 3446
16543 4 2 1 1 1646 3437 1648 1649
16544 4 2 1 1 2142 2847 2010 3389
16545 4 2 1 1 2142 2010 2847 2079
16546 4 2 1 1 2669 1927 1943 1922
16547 4 2 1 1 1927 1943 2449 1931
16548 4 2 1 1 1927 2449 1943 1922
16549 4 2 1 1 2449 1943 3625 1931
16550 4 2 1 1 2449 3625 1943 1922
16551 4 2 1 1 3515 1886 1720 3289
16552 4 2 1 1 3515 1720 1886 1719
16553 4 2 1 1 3059 2689 451 2621
16554 4 2 1 1 3059 451 2689 2996
16555 4 2 1 1 2172 3614 2030 2138
16556 4 2 1 1 2030 3614 2172 2597
16557 4 2 1 1 2030 3756 2172 2138
16558 4 2 1 1 2172 3756 2030 2597
16559 4 2 1 1 3614 2847 2030 2079
16560 4 2 1 1 3614 2030 2847 2597
16561 4 2 1 1 3645 2030 2847 2079
16562 4 2 1 1 3645 2847 2030 2597
16563 4 2 1 1 1931 3625 2023 3634
16564 4 2 1 1 1931 2023 3625 2449
16565 4 2 1 1 3724 3636 2034 2041
16566 4 2 1 1 3724 2034 3636 3639
16567 4 2 1 1 3637 2034 3636 2041
16568 4 2 1 1 3637 3636 2034 3639
16569 4 2 1 1 2407 2400 2395 2398
16570 4 2 1 1 2395 2400 2407 2393
16571 4 2 1 1 2395 2401 2407 2398
16572 4 2 1 1 2407 2401 2395 2393
16573 4 2 1 1 2204 3120 2530 995
16574 4 2 1 1 2204 2530 3120 3121
16575 4 2 1 1 2287 2289 2291 2363
16576 4 2 1 1 2291 2289 2287 2328
16577 4 2 1 1 2291 2292 2287 2363
16578 4 2 1 1 2287 2292 2291 2328
16579 4 2 1 1 137 2918 2569 2147
16580 4 2 1 1 2569 2918 137 238
16581 4 2 1 1 2629 348 349 347
16582 4 2 1 1 2629 349 348 2199
16583 4 2 1 1 3743 2155 1978 3741
16584 4 2 1 1 3743 1978 2155 3653
16585 4 2 1 1 3045 623 1060 625
16586 4 2 1 1 1060 623 3045 2734
16587 4 2 1 1 1828 3310 3336 3325
16588 4 2 1 1 3336 3310 1828 1753
16589 4 2 1 1 3230 646 644 853
16590 4 2 1 1 644 646 3230 2740
16591 4 2 1 1 3206 1967 2763 2762
16592 4 2 1 1 3206 2763 1967 2320
16593 4 2 1 1 3234 2763 1967 2762
16594 4 2 1 1 3234 1967 2763 2320
16595 4 2 1 1 932 3181 1111 2627
16596 4 2 1 1 932 1111 3181 1112
16597 4 2 1 1 2839 731 1534 2587
16598 4 2 1 1 2839 1534 731 1349
16599 4 2 1 1 2701 427 437 2942
16600 4 2 1 1 437 427 2701 1173
16601 4 2 1 1 1284 3190 1285 1359
16602 4 2 1 1 1284 1285 3190 3134
16603 4 2 1 1 502 2074 2929 2522
16604 4 2 1 1 502 2929 2074 3199
16605 4 2 1 1 147 2339 146 2340
16606 4 2 1 1 147 146 2339 145
16607 4 2 1 1 1405 2869 798 3268
16608 4 2 1 1 1405 798 2869 935
16609 4 2 1 1 2345 151 1371 153
16610 4 2 1 1 2345 1371 151 3193
16611 4 2 1 1 2461 861 1407 3071
16612 4 2 1 1 1407 861 2461 1485
16613 4 2 1 1 1327 2801 1425 2318
16614 4 2 1 1 1327 1425 2801 904
16615 4 2 1 1 2686 206 2159 2489
16616 4 2 1 1 2686 2159 206 208
16617 4 2 1 1 2546 261 262 260
16618 4 2 1 1 2546 262 261 2586
16619 4 2 1 1 1466 3093 730 1202
16620 4 2 1 1 1466 730 3093 3095
16621 4 2 1 1 1606 3521 1605 3483
16622 4 2 1 1 1606 1605 3521 1602
16623 4 2 1 1 316 2744 1168 2745
16624 4 2 1 1 316 1168 2744 319
16625 4 2 1 1 3470 1719 1678 3515
16626 4 2 1 1 3470 1678 1719 1694
16627 4 2 1 1 2688 327 329 328
16628 4 2 1 1 329 327 2688 2690
16629 4 2 1 1 338 2664 341 2663
16630 4 2 1 1 338 341 2664 342
16631 4 2 1 1 359 2875 356 2232
16632 4 2 1 1 356 2875 359 360
16633 4 2 1 1 2875 833 2389 362
16634 4 2 1 1 2875 2389 833 2823
16635 4 2 1 1 3083 2389 833 362
16636 4 2 1 1 3083 833 2389 2823
16637 4 2 1 1 2411 2242 1917 2785
16638 4 2 1 1 2411 1917 2242 1922
16639 4 2 1 1 1901 1917 2242 2785
16640 4 2 1 1 1901 2242 1917 1922
16641 4 2 1 1 3772 2930 3181 2705
16642 4 2 1 1 3772 3181 2930 2181
16643 4 2 1 1 1932 2295 3751 3411
16644 4 2 1 1 1932 3751 2295 3633
16645 4 2 1 1 2411 1917 1957 1918
16646 4 2 1 1 3650 1917 1957 1942
16647 4 2 1 1 3650 1957 1917 1918
16648 4 2 1 1 1942 1922 1957 1943
16649 4 2 1 1 2427 2272 2421 2423
16650 4 2 1 1 618 3152 785 1215
16651 4 2 1 1 785 3152 618 3113
16652 4 2 1 1 1028 3154 1340 178
16653 4 2 1 1 1340 3154 1028 3218
16654 4 2 1 1 177 3026 181 182
16655 4 2 1 1 181 3026 177 3011
16656 4 2 1 1 1918 2411 3622 1957
16657 4 2 1 1 1918 3622 2411 2434
16658 4 2 1 1 3132 2235 2226 2234
16659 4 2 1 1 3132 2226 2235 2400
16660 4 2 1 1 2752 2226 2235 2234
16661 4 2 1 1 278 2567 292 2598
16662 4 2 1 1 278 292 2567 269
16663 4 2 1 1 675 2639 2553 674
16664 4 2 1 1 675 2553 2639 2821
16665 4 2 1 1 2943 1245 515 779
16666 4 2 1 1 2943 515 1245 2633
16667 4 2 1 1 2301 2441 3184 2190
16668 4 2 1 1 2280 3770 3506 2951
16669 4 2 1 1 2280 3506 3770 2171
16670 4 2 1 1 2194 2240 2195 2200
16671 4 2 1 1 2195 2240 2194 2857
16672 4 2 1 1 424 2937 422 2471
16673 4 2 1 1 424 422 2937 423
16674 4 2 1 1 2628 3128 347 973
16675 4 2 1 1 2628 347 3128 2118
16676 4 2 1 1 513 347 3128 973
16677 4 2 1 1 513 3128 347 2118
16678 4 2 1 1 2281 2357 2360 2285
16679 4 2 1 1 2360 2357 2281 2904
16680 4 2 1 1 2624 3170 2096 2452
16681 4 2 1 1 2624 2096 3170 2736
16682 4 2 1 1 2738 2096 3170 2452
16683 4 2 1 1 2738 3170 2096 2736
16684 4 2 1 1 3091 2392 2324 1091
16685 4 2 1 1 2324 2392 3091 1969
16686 4 2 1 1 2324 3138 3091 1091
16687 4 2 1 1 3091 3138 2324 1969
16688 4 2 1 1 503 3126 3079 786
16689 4 2 1 1 503 3079 3126 3148
16690 4 2 1 1 332 2555 330 331
16691 4 2 1 1 330 2555 332 2505
16692 4 2 1 1 923 3188 695 922
16693 4 2 1 1 923 695 3188 3119
16694 4 2 1 1 2074 2210 2511 2311
16695 4 2 1 1 2511 2210 2074 3199
16696 4 2 1 1 1287 1554 3272 108
16697 4 2 1 1 1287 3272 1554 3605
16698 4 2 1 1 3622 1924 2413 1957
16699 4 2 1 1 1924 2413 1943 1925
16700 4 2 1 1 1924 1943 2413 1957
16701 4 2 1 1 1943 2413 3644 1925
16702 4 2 1 1 1943 3644 2413 1957
16703 4 2 1 1 3375 1690 1711 3448
16704 4 2 1 1 3375 1711 1690 1668
16705 4 2 1 1 1690 3526 1805 1794
16706 4 2 1 1 1690 1805 3526 3560
16707 4 2 1 1 1600 3408 1604 3406
16708 4 2 1 1 1604 3408 1600 1667
16709 4 2 1 1 3692 3086 3571 2059
16710 4 2 1 1 3692 3571 3086 2933
16711 4 2 1 1 1943 1925 1928 1924
16712 4 2 1 1 1943 1928 1925 3473
16713 4 2 1 1 624 3045 743 625
16714 4 2 1 1 624 743 3045 3116
16715 4 2 1 1 2993 2396 2397 3171
16716 4 2 1 1 2993 2397 2396 2949
16717 4 2 1 1 660 1946 662 3036
16718 4 2 1 1 660 662 1946 2993
16719 4 2 1 1 3130 662 1946 3036
16720 4 2 1 1 3130 1946 662 2993
16721 4 2 1 1 2910 3123 1474 2033
16722 4 2 1 1 1474 3123 2910 811
16723 4 2 1 1 1536 1823 3298 1736
16724 4 2 1 1 1536 3298 1823 3277
16725 4 2 1 1 3439 3298 1823 1736
16726 4 2 1 1 3439 1823 3298 3277
16727 4 2 1 1 1556 110 42 1847
16728 4 2 1 1 42 110 1556 1103
16729 4 2 1 1 3015 779 1245 2943
16730 4 2 1 1 3015 1245 779 1276
16731 4 2 1 1 2339 1328 1342 1006
16732 4 2 1 1 2339 1342 1328 3123
16733 4 2 1 1 888 2787 2266 545
16734 4 2 1 1 888 2266 2787 3129
16735 4 2 1 1 182 2327 185 1026
16736 4 2 1 1 185 2327 182 3026
16737 4 2 1 1 1224 2607 986 2604
16738 4 2 1 1 1224 986 2607 1404
16739 4 2 1 1 2604 3026 189 187
16740 4 2 1 1 3026 2601 189 2327
16741 4 2 1 1 3026 189 2601 2604
16742 4 2 1 1 2326 189 2601 2327
16743 4 2 1 1 2326 2601 189 2604
16744 4 2 1 1 3026 2601 3011 3169
16745 4 2 1 1 3026 3011 2601 2327
16746 4 2 1 1 2467 2369 2204 3167
16747 4 2 1 1 2467 2204 2369 2466
16748 4 2 1 1 3215 2204 2369 3167
16749 4 2 1 1 3215 2369 2204 2466
16750 4 2 1 1 3236 2500 3774 2316
16751 4 2 1 1 17 2500 3774 2712
16752 4 2 1 1 17 3774 2500 2316
16753 4 2 1 1 1295 3778 352 436
16754 4 2 1 1 352 3778 1295 2185
16755 4 2 1 1 3778 355 352 436
16756 4 2 1 1 352 355 3778 2185
16757 4 2 1 1 3778 2674 355 436
16758 4 2 1 1 2771 3794 3782 2881
16759 4 2 1 1 2771 740 3782 2444
16760 4 2 1 1 3782 740 2771 2881
16761 4 2 1 1 1934 3797 1937 2225
16762 4 2 1 1 1937 3797 1934 2040
16763 4 2 1 1 1934 1937 3640 2225
16764 4 2 1 1 3640 1937 1934 2040
16765 4 2 1 1 1934 3640 2055 2225
16766 4 2 1 1 2055 3640 1934 2040
16767 4 2 1 1 2142 3650 3643 3678
16768 4 2 1 1 3643 3650 2142 2079
16769 4 2 1 1 2142 3643 3642 3678
16770 4 2 1 1 3642 3643 2142 2079
16771 4 2 1 1 2142 3642 1896 3678
16772 4 2 1 1 1896 3642 2142 2079
16773 4 2 1 1 3794 2882 1926 3112
16774 4 2 1 1 2191 3794 1926 3112
16775 4 2 1 1 2191 1926 3794 2189
16776 4 2 1 1 3111 3794 2191 3112
16777 4 2 1 1 3111 2191 3794 2189
16778 4 2 1 1 3659 1987 1895 3657
16779 4 2 1 1 1895 1987 3659 3613
16780 4 2 1 1 3642 3791 3615 3614
16781 4 2 1 1 3615 3791 3642 3641
16782 4 2 1 1 3615 2079 3642 3614
16783 4 2 1 1 3642 2079 3615 3641
16784 4 2 1 1 2316 3774 2780 92
16785 4 2 1 1 2780 3774 2316 3236
16786 4 2 1 1 2316 2780 2706 92
16787 4 2 1 1 2706 2780 2316 3236
16788 4 2 1 1 2316 2706 2070 92
16789 4 2 1 1 2070 2706 2316 3236
16790 4 2 1 1 2199 354 1295 350
16791 4 2 1 1 1295 2185 2199 350
16792 4 2 1 1 3141 3793 692 526
16793 4 2 1 1 3141 3781 3131 691
16794 4 2 1 1 742 3131 3781 691
16795 4 2 1 1 742 3781 3131 3111
16796 4 2 1 1 3784 3643 2477 3641
16797 4 2 1 1 1942 3784 3643 1917
16798 4 2 1 1 1942 3643 3784 3641
16799 4 2 1 1 3638 3784 1942 1917
16800 4 2 1 1 3638 1942 3784 3641
16801 4 2 1 1 3789 3242 3236 1954
16802 4 2 1 1 2712 3678 3786 1987
16803 4 2 1 1 3786 3678 2712 2502
16804 4 2 1 1 2712 3150 3786 2502
16805 4 2 1 1 3795 2477 2808 2502
16806 4 2 1 1 3795 2808 2477 2029
16807 4 2 1 1 3616 3795 2808 2502
16808 4 2 1 1 3616 2808 3795 2029
16809 4 2 1 1 3791 3616 3795 2029
16810 4 2 1 1 3711 3773 2146 2029
16811 4 2 1 1 2146 3773 3711 2149
16812 4 2 1 1 3773 2031 2045 3714
16813 4 2 1 1 3785 3792 2045 3714
16814 4 2 1 1 3792 3773 2045 3714
16815 4 2 1 1 3792 2045 3773 2697
16816 4 2 1 1 2045 3773 2141 2031
16817 4 2 1 1 2045 2141 3773 2697
16818 4 2 1 1 2149 2141 3773 2031
16819 4 2 1 1 2145 3773 2141 2697
16820 4 2 1 1 2141 3773 2145 2149
16821 4 2 1 1 3131 2676 3143 2191
16822 4 2 1 1 3131 3143 2676 3141
16823 4 2 1 1 3790 2912 3659 2543
16824 4 2 1 1 3659 2912 3790 1987
16825 4 2 1 1 3659 3613 3790 2543
16826 4 2 1 1 3790 3613 3659 1987
16827 4 2 1 1 3791 3637 3615 3713
16828 4 2 1 1 3791 3615 3637 3641
16829 4 2 1 1 2029 3785 3791 3713
16830 4 2 1 1 3785 3637 3791 3713
16831 4 2 1 1 3785 3791 3637 3641
16832 4 2 1 1 3775 354 2199 2444
16833 4 2 1 1 3775 2199 354 1295
16834 4 2 1 1 2185 3775 2199 2444
16835 4 2 1 1 2185 2199 3775 1295
16836 4 2 1 1 3778 2185 3775 1295
16837 4 2 1 1 3643 3784 3241 1917
16838 4 2 1 1 3643 3241 3784 2477
16839 4 2 1 1 3650 3787 3611 3613
16840 4 2 1 1 3611 3787 3650 3678
16841 4 2 1 1 3787 1987 3611 3613
16842 4 2 1 1 3611 1987 3787 3678
16843 4 2 1 1 3774 1987 2780 2712
16844 4 2 1 1 2500 3774 3150 3236
16845 4 2 1 1 2500 3150 3774 2712
16846 4 2 1 1 2780 3788 3774 3236
16847 4 2 1 1 3774 3788 2780 1987
16848 4 2 1 1 3788 3150 3774 3236
16849 4 2 1 1 3788 3789 3150 3236
16850 4 2 1 1 2771 2445 3782 3794
16851 4 2 1 1 2771 3782 2445 2444
16852 4 2 1 1 2445 3111 3782 3794
16853 4 2 1 1 2445 3782 3111 2444
16854 4 2 1 1 527 3793 3141 526
16855 4 2 1 1 3141 3793 527 3780
16856 4 2 1 1 526 3779 3793 692
16857 4 2 1 1 3793 3779 526 3777
16858 4 2 1 1 3793 2675 3779 3777
16859 4 2 1 1 2675 2444 3779 3777
16860 4 2 1 1 2706 3790 1954 2543
16861 4 2 1 1 2706 1954 3790 3788
16862 4 2 1 1 3613 1954 3790 2543
16863 4 2 1 1 3777 2444 2185 2675
16864 4 2 1 1 2185 2184 3777 2675
16865 4 2 1 1 3777 2184 2185 3778
16866 4 2 1 1 3788 2706 2529 3790
16867 4 2 1 1 3788 2529 2706 2780
16868 4 2 1 1 3249 3788 2529 3790
16869 4 2 1 1 3249 2529 3788 2780
16870 4 2 1 1 1987 3788 3249 3790
16871 4 2 1 1 1987 3249 3788 2780
16872 4 2 1 1 3794 3110 2882 3112
16873 4 2 1 1 3794 2882 3110 3796
16874 4 2 1 1 3783 3797 2785 3784
16875 4 2 1 1 1937 3797 2785 2225
16876 4 2 1 1 1937 2785 3797 3784
16877 4 2 1 1 3787 3678 1941 3650
16878 4 2 1 1 3787 1941 3678 3786
16879 4 2 1 1 3241 3787 1941 3650
16880 4 2 1 1 1917 3241 3783 3784
16881 4 2 1 1 3797 2477 2029 3784
16882 4 2 1 1 3241 3797 2477 2483
16883 4 2 1 1 3241 2477 3797 3784
16884 4 2 1 1 3783 3797 3241 2483
16885 4 2 1 1 3783 3241 3797 3784
16886 4 2 1 1 3789 3786 3788 3150
16887 4 2 1 1 3788 3786 3774 3150
16888 4 2 1 1 3788 3774 3786 1987
16889 4 2 1 1 3774 3786 2712 3150
16890 4 2 1 1 3774 2712 3786 1987
16891 4 2 1 1 2444 1147 1272 1075
16892 4 2 1 1 2444 1272 1147 3775
16893 4 2 1 1 1147 3775 3777 2444
16894 4 2 1 1 1147 3777 3775 3778
16895 4 2 1 1 2185 3777 3775 2444
16896 4 2 1 1 2185 3775 3777 3778
16897 4 2 1 1 3786 3789 1941 2502
16898 4 2 1 1 1941 3789 3150 2502
16899 4 2 1 1 1941 3150 3789 3241
16900 4 2 1 1 3240 1941 3150 2502
16901 4 2 1 1 3240 3150 1941 3241
16902 4 2 1 1 2477 1941 3240 2502
16903 4 2 1 1 2477 3240 1941 3241
16904 4 2 1 1 1355 3780 2823 527
16905 4 2 1 1 1355 2823 3780 2674
16906 4 2 1 1 2823 3780 3142 527
16907 4 2 1 1 2823 3142 3780 2674
16908 4 2 1 1 466 3776 1355 527
16909 4 2 1 1 3776 3780 1355 527
16910 4 2 1 1 2029 3792 3713 3773
16911 4 2 1 1 2029 3713 3792 3785
16912 4 2 1 1 3714 3713 3792 3773
16913 4 2 1 1 3714 3792 3713 3785
16914 4 2 1 1 1355 3780 466 2674
16915 4 2 1 1 1355 466 3780 3776
16916 4 2 1 1 3796 3794 3111 3110
16917 4 2 1 1 3796 3111 3794 3782
16918 4 2 1 1 741 3796 3111 3110
16919 4 2 1 1 741 3111 3796 3782
16920 4 2 1 1 2881 3796 741 3110
16921 4 2 1 1 2881 741 3796 3782
16922 4 2 1 1 2045 1937 3792 3785
16923 4 2 1 1 3798 2483 2386 2702
16924 4 2 1 1 3798 2386 2483 2038
16925 4 2 1 1 2039 2386 3798 2038
16926 4 2 1 1 2040 2039 3798 2038
16927 4 2 1 1 2225 2483 1934 3797
16928 4 2 1 1 2225 1934 2483 2038
16929 4 2 1 1 2415 2483 2225 3797
16930 4 2 1 1 2415 2225 2483 2038
16931 4 2 1 1 3798 1934 2040 2038
16932 4 2 1 1 2483 1934 3798 2038
16933 4 2 1 1 2040 3800 1937 3797
16934 4 2 1 1 2040 3800 1934 3798
16935 4 2 1 1 2040 1934 3800 3797
16936 4 2 1 1 1934 3800 2483 3798
16937 4 2 1 1 1934 2483 3800 3797
16938 4 2 1 1 3801 3804 3803 3800
16939 4 2 1 1 3803 3804 3801 2697
16940 4 2 1 1 2040 3801 3803 3800
16941 4 2 1 1 3803 3801 2040 2697
16942 4 2 1 1 2697 2039 3801 2040
16943 4 2 1 1 3798 3801 2039 2040
16944 4 2 1 1 1954 3802 3790 3788
16945 4 2 1 1 3802 3786 3788 3789
16946 4 2 1 1 3802 3788 3786 1987
16947 4 2 1 1 3804 3799 3800 3798
16948 4 2 1 1 3804 3800 3799 3803
16949 4 2 1 1 2909 1975 3091 1974
16950 4 2 1 1 3091 1975 2909 1969
16951 4 2 1 1 3125 3110 1172 2187
16952 4 2 1 1 3125 1172 3110 3124
16953 4 2 1 1 3175 2108 3147 3156
16954 4 2 1 1 3175 3147 2108 2579
16955 4 2 1 1 3254 2616 3027 3255
16956 4 2 1 1 3254 3027 2616 3218
16957 4 2 1 1 3003 3027 2616 3255
16958 4 2 1 1 3003 2616 3027 3218
16959 4 2 1 1 2396 3128 2508 3191
16960 4 2 1 1 2508 3128 2396 2949
16961 4 2 1 1 3209 2213 3047 2245
16962 4 2 1 1 3209 3047 2213 2804
16963 4 2 1 1 2097 3047 2213 2245
16964 4 2 1 1 2097 2213 3047 2804
16965 4 2 1 1 2415 1972 2414 2409
16966 4 2 1 1 2415 2414 1972 2410
16967 4 2 1 1 3443 2169 3388 3548
16968 4 2 1 1 3443 3388 2169 3389
16969 4 2 1 1 3391 3388 2169 3548
16970 4 2 1 1 3391 2169 3388 3389
16971 4 2 1 1 2107 2112 2119 3267
16972 4 2 1 1 2107 2119 2112 2117
16973 4 2 1 1 1927 1928 1943 1931
16974 4 2 1 1 1943 1928 1927 2669
16975 4 2 1 1 2284 2989 3062 2452
16976 4 2 1 1 2038 2387 2415 3248
16977 4 2 1 1 2038 2415 2387 2483
16978 4 2 1 1 2494 2198 2617 2441
16979 4 2 1 1 2494 2617 2198 3043
16980 4 2 1 1 2579 2891 2581 2748
16981 4 2 1 1 2579 2581 2891 2108
16982 4 2 1 1 2323 2272 2421 2427
16983 4 2 1 1 2421 2272 2323 2435
16984 4 2 1 1 2421 2325 2323 2427
16985 4 2 1 1 2323 2325 2421 2435
16986 4 2 1 1 2284 3152 2989 2283
16987 4 2 1 1 2284 2989 3152 3062
16988 4 2 1 1 2356 2134 2646 3049
16989 4 2 1 1 2646 2134 2356 2357
16990 4 2 1 1 2646 3235 2356 3049
16991 4 2 1 1 2356 3235 2646 2357
16992 4 2 1 1 2737 2278 2089 2121
16993 4 2 1 1 2089 2278 2737 2738
16994 4 2 1 1 2094 1924 2413 3622
16995 4 2 1 1 2094 2413 1924 1925
16996 4 2 1 1 3171 1962 3097 3118
16997 4 2 1 1 3097 1962 3171 2948
16998 4 2 1 1 3097 1181 3171 3118
16999 4 2 1 1 3171 1181 3097 2948
17000 4 2 1 1 2192 3121 1926 2187
17001 4 2 1 1 2192 1926 3121 2191
17002 4 2 1 1 3112 1926 3121 2187
17003 4 2 1 1 3112 3121 1926 2191
17004 4 2 1 1 3011 3218 3154 2616
17005 4 2 1 1 3011 3154 3218 177
17006 4 2 1 1 3243 2037 2053 2035
17007 4 2 1 1 2037 2053 2802 2052
17008 4 2 1 1 2037 2802 2053 2035
17009 4 2 1 1 2802 2053 3198 2052
17010 4 2 1 1 2802 3198 2053 2035
17011 4 2 1 1 3110 1146 3120 3111
17012 4 2 1 1 3110 3120 1146 967
17013 4 2 1 1 3135 3217 556 3027
17014 4 2 1 1 3135 556 3217 824
17015 4 2 1 1 1221 3217 556 824
17016 4 2 1 1 190 3131 1266 3187
17017 4 2 1 1 1266 3131 190 1360
17018 4 2 1 1 1969 2927 2324 1970
17019 4 2 1 1 1969 2324 2927 3138
17020 4 2 1 1 2035 2584 3188 3153
17021 4 2 1 1 2035 3188 2584 3243
17022 4 2 1 1 2950 1987 2626 3249
17023 4 2 1 1 2950 2626 1987 3658
17024 4 2 1 1 2806 2029 2477 2808
17025 4 2 1 1 2806 2477 2029 2702
17026 4 2 1 1 3778 2184 355 2674
17027 4 2 1 1 3778 355 2184 2185
17028 4 2 1 1 2796 355 2184 2674
17029 4 2 1 1 2796 2184 355 2185
17030 4 2 1 1 1926 3794 2188 2882
17031 4 2 1 1 1926 2188 3794 2189
17032 4 2 1 1 2772 2188 3794 2882
17033 4 2 1 1 2772 3794 2188 2189
17034 4 2 1 1 3240 3789 3236 3150
17035 4 2 1 1 3236 3789 3240 3242
17036 4 2 1 1 3111 2445 2189 3794
17037 4 2 1 1 3797 2415 2785 2225
17038 4 2 1 1 3797 2785 2415 3783
17039 4 2 1 1 3791 3795 3785 2029
17040 4 2 1 1 3791 3785 3795 3641
17041 4 2 1 1 3784 3785 3795 2029
17042 4 2 1 1 3784 3795 3785 3641
17043 4 2 1 1 3799 2697 2029 2702
17044 4 2 1 1 2806 2029 2697 2702
17045 4 2 1 1 2806 2697 2029 3792
17046 4 2 1 1 1987 3786 3787 3678
17047 4 2 1 1 1987 3787 3786 3802
17048 4 2 1 1 3800 3803 2029 3799
17049 4 2 1 1 3800 2029 3803 3792
17050 4 2 1 1 2697 2029 3803 3799
17051 4 2 1 1 2697 3803 2029 3792
17052 4 2 1 1 3494 1767 1777 3403
17053 4 2 1 1 1777 1767 3494 1683
17054 4 2 1 1 217 2722 223 3195
17055 4 2 1 1 2722 2877 217 3209
17056 4 2 1 1 217 2877 2722 3195
17057 4 2 1 1 2722 2372 2877 3209
17058 4 2 1 1 2877 2372 2722 3195
17059 4 2 1 1 2099 2069 2080 3224
17060 4 2 1 1 2080 2069 2099 2077
17061 4 2 1 1 2053 2764 3243 2584
17062 4 2 1 1 3243 2764 2053 2348
17063 4 2 1 1 2158 2283 2486 3113
17064 4 2 1 1 2290 2285 2158 3113
17065 4 2 1 1 2290 2158 2285 2284
17066 4 2 1 1 2285 2283 2158 3113
17067 4 2 1 1 2285 2158 2283 2284
17068 4 2 1 1 3171 2397 3118 2396
17069 4 2 1 1 3118 2397 3171 1962
17070 4 2 1 1 2676 2202 2191 2192
17071 4 2 1 1 2191 2202 2676 3143
17072 4 2 1 1 737 3054 2855 1410
17073 4 2 1 1 737 2855 3054 2853
17074 4 2 1 1 2397 2235 2396 2949
17075 4 2 1 1 2508 2396 2235 2949
17076 4 2 1 1 2719 2407 3258 2402
17077 4 2 1 1 2719 3258 2407 2393
17078 4 2 1 1 826 2084 1003 2522
17079 4 2 1 1 826 1003 2084 1523
17080 4 2 1 1 2669 2128 1924 3623
17081 4 2 1 1 2669 1928 1924 1943
17082 4 2 1 1 1924 1928 2669 3623
17083 4 2 1 1 1922 1924 2669 2128
17084 4 2 1 1 1922 2669 1924 1943
17085 4 2 1 1 2656 303 2214 2213
17086 4 2 1 1 2214 303 2656 2207
17087 4 2 1 1 2214 2245 2656 2213
17088 4 2 1 1 2656 2245 2214 2207
17089 4 2 1 1 1520 3231 936 3157
17090 4 2 1 1 936 3231 1520 1530
17091 4 2 1 1 2229 2400 2720 2406
17092 4 2 1 1 2229 2720 2400 3013
17093 4 2 1 1 2399 2720 2400 2406
17094 4 2 1 1 2399 2400 2720 3013
17095 4 2 1 1 2407 2404 2393 2406
17096 4 2 1 1 2407 2393 2404 2719
17097 4 2 1 1 2399 2393 2404 2406
17098 4 2 1 1 2399 2404 2393 2719
17099 4 2 1 1 2404 3261 3227 2693
17100 4 2 1 1 2404 3227 3261 3260
17101 4 2 1 1 3121 2192 3216 2204
17102 4 2 1 1 3121 3216 2192 2191
17103 4 2 1 1 3350 1611 1593 3507
17104 4 2 1 1 3350 1593 1611 1610
17105 4 2 1 1 2198 2617 3080 3255
17106 4 2 1 1 3080 2617 2198 2441
17107 4 2 1 1 2617 3184 3080 3255
17108 4 2 1 1 3080 3184 2617 2441
17109 4 2 1 1 2617 2301 3184 3255
17110 4 2 1 1 3184 2301 2617 2441
17111 4 2 1 1 2507 2235 2396 3075
17112 4 2 1 1 2507 2396 2235 2508
17113 4 2 1 1 3003 3027 2304 2356
17114 4 2 1 1 2304 3027 3003 2617
17115 4 2 1 1 2304 3022 3003 2356
17116 4 2 1 1 3003 3022 2304 2617
17117 4 2 1 1 3467 1681 1673 3327
17118 4 2 1 1 1673 1681 3467 1696
17119 4 2 1 1 2158 2283 2156 2486
17120 4 2 1 1 2156 2283 2158 2284
17121 4 2 1 1 2156 2459 2158 2486
17122 4 2 1 1 2158 2459 2156 2284
17123 4 2 1 1 529 2084 502 2522
17124 4 2 1 1 502 2084 529 2312
17125 4 2 1 1 2084 2074 502 2522
17126 4 2 1 1 502 2074 2084 2312
17127 4 2 1 1 2084 2068 2074 2522
17128 4 2 1 1 2074 2068 2084 2312
17129 4 2 1 1 1917 1957 1922 2411
17130 4 2 1 1 1917 1922 1957 1942
17131 4 2 1 1 2229 2226 2236 2752
17132 4 2 1 1 2229 2236 2226 2400
17133 4 2 1 1 2235 2236 2226 2752
17134 4 2 1 1 2235 2226 2236 2400
17135 4 2 1 1 3128 2949 2118 2396
17136 4 2 1 1 3203 2118 2949 2396
17137 4 2 1 1 3203 2949 2118 2630
17138 4 2 1 1 2628 2118 2949 2630
17139 4 2 1 1 2949 2118 2628 3128
17140 4 2 1 1 3199 2767 2311 2002
17141 4 2 1 1 2311 2767 3199 2074
17142 4 2 1 1 2311 2511 3199 2002
17143 4 2 1 1 3199 2511 2311 2074
17144 4 2 1 1 3616 3795 3642 3791
17145 4 2 1 1 3616 3642 3795 2502
17146 4 2 1 1 3641 3642 3795 3791
17147 4 2 1 1 3641 3795 3642 2502
17148 4 2 1 1 2676 3111 2191 3131
17149 4 2 1 1 2676 2191 3111 2189
17150 4 2 1 1 2676 3103 3793 3141
17151 4 2 1 1 3793 3103 2676 2675
17152 4 2 1 1 3793 692 2676 3141
17153 4 2 1 1 2676 692 3781 3141
17154 4 2 1 1 3781 692 2676 3111
17155 4 2 1 1 3781 3131 2676 3141
17156 4 2 1 1 2676 3131 3781 3111
17157 4 2 1 1 2445 2675 3111 2189
17158 4 2 1 1 2676 3111 2675 2189
17159 4 2 1 1 3111 2444 2675 2445
17160 4 2 1 1 526 3793 3776 527
17161 4 2 1 1 526 3776 3793 3777
17162 4 2 1 1 3780 3776 3793 527
17163 4 2 1 1 3780 3793 3776 3777
17164 4 2 1 1 3779 3793 2676 2675
17165 4 2 1 1 2676 3793 3779 692
17166 4 2 1 1 3779 2676 3111 2675
17167 4 2 1 1 3111 2676 3779 692
17168 4 2 1 1 3779 3111 2444 2675
17169 4 2 1 1 3773 3792 2806 2029
17170 4 2 1 1 3773 2146 2806 2145
17171 4 2 1 1 2806 2146 3773 2029
17172 4 2 1 1 3142 3103 3780 2674
17173 4 2 1 1 3142 3780 3103 3141
17174 4 2 1 1 3793 3780 3103 2674
17175 4 2 1 1 3793 3103 3780 3141
17176 4 2 1 1 3241 3783 2482 1917
17177 4 2 1 1 3241 2482 3783 2483
17178 4 2 1 1 2415 2482 3783 1917
17179 4 2 1 1 2415 3783 2482 2483
17180 4 2 1 1 3777 3776 2674 436
17181 4 2 1 1 3777 2674 3776 3780
17182 4 2 1 1 466 2674 3776 436
17183 4 2 1 1 466 3776 2674 3780
17184 4 2 1 1 3799 2483 3800 3798
17185 4 2 1 1 2702 3799 2477 2029
17186 4 2 1 1 2477 3799 2702 2483
17187 4 2 1 1 3799 3797 2477 2029
17188 4 2 1 1 2477 3797 3799 2483
17189 4 2 1 1 3799 3800 3797 2029
17190 4 2 1 1 3797 3800 3799 2483
17191 4 2 1 1 2386 2697 3799 2702
17192 4 2 1 1 3799 3798 2386 2702
17193 4 2 1 1 3800 1937 3785 3792
17194 4 2 1 1 3785 1937 3800 3797
17195 4 2 1 1 3785 2029 3800 3792
17196 4 2 1 1 3800 2029 3785 3797
17197 4 2 1 1 2045 2040 3792 1937
17198 4 2 1 1 2045 3792 2040 2697
17199 4 2 1 1 3803 2040 3792 2697
17200 4 2 1 1 3792 3800 2040 3803
17201 4 2 1 1 2040 3800 3792 1937
17202 4 2 1 1 3802 1954 3613 3787
17203 4 2 1 1 3613 1954 3802 3790
17204 4 2 1 1 3613 1987 3802 3787
17205 4 2 1 1 3802 1987 3613 3790
17206 4 2 1 1 2386 2697 3804 3799
17207 4 2 1 1 3804 3798 2386 3799
17208 4 2 1 1 3798 3801 2386 2039
17209 4 2 1 1 3798 2386 3801 3804
17210 4 2 1 1 2697 2386 3801 2039
17211 4 2 1 1 2697 3801 2386 3804
17212 4 2 1 1 3779 3111 1075 2444
17213 4 2 1 1 1075 3111 3779 692
17214 4 2 1 1 1075 1147 3779 2444
17215 4 2 1 1 3779 1147 1075 692
17216 4 2 1 1 1941 3787 3789 3786
17217 4 2 1 1 1941 3789 3787 3241
17218 4 2 1 1 2037 2053 2346 3243
17219 4 2 1 1 2037 2346 2053 2052
17220 4 2 1 1 3049 3217 924 1221
17221 4 2 1 1 3049 924 3217 3027
17222 4 2 1 1 556 924 3217 1221
17223 4 2 1 1 556 3217 924 3027
17224 4 2 1 1 217 2722 994 223
17225 4 2 1 1 217 994 2722 3209
17226 4 2 1 1 3097 2235 3118 2397
17227 4 2 1 1 3097 3118 2235 3075
17228 4 2 1 1 2396 3118 2235 2397
17229 4 2 1 1 2396 2235 3118 3075
17230 4 2 1 1 2806 3773 2697 3792
17231 4 2 1 1 2697 3773 2806 2145
17232 4 2 1 1 3789 3802 3787 1954
17233 4 2 1 1 3787 3802 3789 3786
17234 4 2 1 1 3787 3650 3789 1954
17235 4 2 1 1 3787 3789 3650 3241
17236 4 2 1 1 3242 3789 3650 1954
17237 4 2 1 1 3242 3650 3789 3241
$EndElements
