0.000000000000000000e+00 2.000000000000000000e+01 -5.253099060058593750e+01 2.391847038269042969e+01
1.000000000000000000e+00 2.000000000000000000e+01 5.175699218750000000e+03 1.939015007019042969e+01
2.000000000000000000e+00 2.000000000000000000e+01 2.739253417968750000e+03 4.254932022094726562e+01
3.000000000000000000e+00 2.000000000000000000e+01 4.534222167968750000e+03 5.969326782226562500e+01
4.000000000000000000e+00 2.000000000000000000e+01 1.292776123046875000e+03 6.623448944091796875e+01
5.000000000000000000e+00 2.000000000000000000e+01 1.116725463867187500e+03 6.876943969726562500e+01
6.000000000000000000e+00 2.000000000000000000e+01 1.093306030273437500e+03 7.034983062744140625e+01
7.000000000000000000e+00 2.000000000000000000e+01 9.782561645507812500e+02 7.050920867919921875e+01
8.000000000000000000e+00 2.000000000000000000e+01 9.034442749023437500e+02 7.015383911132812500e+01
9.000000000000000000e+00 2.000000000000000000e+01 7.952105102539062500e+02 6.903234100341796875e+01
1.000000000000000000e+01 2.000000000000000000e+01 7.124338378906250000e+02 6.705260467529296875e+01
1.100000000000000000e+01 2.000000000000000000e+01 6.466691894531250000e+02 6.483107757568359375e+01
1.200000000000000000e+01 2.000000000000000000e+01 5.879932861328125000e+02 6.240050125122070312e+01
1.300000000000000000e+01 2.000000000000000000e+01 5.379993286132812500e+02 5.997117996215820312e+01
1.400000000000000000e+01 2.000000000000000000e+01 4.956285095214843750e+02 5.771811676025390625e+01
1.500000000000000000e+01 2.000000000000000000e+01 4.539472045898437500e+02 5.544573593139648438e+01
1.600000000000000000e+01 2.000000000000000000e+01 4.234998779296875000e+02 5.330711746215820312e+01
1.700000000000000000e+01 2.000000000000000000e+01 3.953784484863281250e+02 5.110340118408203125e+01
1.800000000000000000e+01 2.000000000000000000e+01 3.680316467285156250e+02 4.867341232299804688e+01
1.900000000000000000e+01 2.000000000000000000e+01 3.381576538085937500e+02 4.640625762939453125e+01
2.000000000000000000e+01 2.000000000000000000e+01 3.073952331542968750e+02 4.449417114257812500e+01
2.100000000000000000e+01 2.000000000000000000e+01 2.856636657714843750e+02 4.270402145385742188e+01
2.200000000000000000e+01 2.000000000000000000e+01 2.689843139648437500e+02 4.106745529174804688e+01
2.300000000000000000e+01 2.000000000000000000e+01 2.544692077636718750e+02 3.945117950439453125e+01
2.400000000000000000e+01 2.000000000000000000e+01 2.431473541259765625e+02 3.785729598999023438e+01
2.500000000000000000e+01 2.000000000000000000e+01 2.328000793457031250e+02 3.639086151123046875e+01
2.600000000000000000e+01 2.000000000000000000e+01 2.195897521972656250e+02 3.517284774780273438e+01
2.700000000000000000e+01 2.000000000000000000e+01 1.998742828369140625e+02 3.390194702148437500e+01
2.800000000000000000e+01 2.000000000000000000e+01 1.802594909667968750e+02 3.281557846069335938e+01
2.900000000000000000e+01 2.000000000000000000e+01 1.686385955810546875e+02 3.188891983032226562e+01
3.000000000000000000e+01 2.000000000000000000e+01 1.638151550292968750e+02 3.083638572692871094e+01
3.100000000000000000e+01 2.000000000000000000e+01 1.639808959960937500e+02 2.986657142639160156e+01
3.200000000000000000e+01 2.000000000000000000e+01 1.564453125000000000e+02 2.889860534667968750e+01
3.300000000000000000e+01 2.000000000000000000e+01 1.425740509033203125e+02 2.793771743774414062e+01
3.400000000000000000e+01 2.000000000000000000e+01 1.347051239013671875e+02 2.700519371032714844e+01
3.500000000000000000e+01 2.000000000000000000e+01 1.310758666992187500e+02 2.616090774536132812e+01
3.600000000000000000e+01 2.000000000000000000e+01 1.238323593139648438e+02 2.524668693542480469e+01
3.700000000000000000e+01 2.000000000000000000e+01 1.138784790039062500e+02 2.443025779724121094e+01
3.800000000000000000e+01 2.000000000000000000e+01 1.060125350952148438e+02 2.379731559753417969e+01
3.900000000000000000e+01 2.000000000000000000e+01 1.015963745117187500e+02 2.328447151184082031e+01
4.000000000000000000e+01 2.000000000000000000e+01 9.690968322753906250e+01 2.273961448669433594e+01
4.100000000000000000e+01 2.000000000000000000e+01 9.465924072265625000e+01 2.215790367126464844e+01
4.200000000000000000e+01 2.000000000000000000e+01 9.461679840087890625e+01 2.159067153930664062e+01
4.300000000000000000e+01 2.000000000000000000e+01 8.964163970947265625e+01 2.109688377380371094e+01
4.400000000000000000e+01 2.000000000000000000e+01 8.260249328613281250e+01 2.075745964050292969e+01
4.500000000000000000e+01 2.000000000000000000e+01 8.155352783203125000e+01 2.049054145812988281e+01
4.600000000000000000e+01 2.000000000000000000e+01 7.770680236816406250e+01 2.016790962219238281e+01
4.700000000000000000e+01 2.000000000000000000e+01 7.516362762451171875e+01 1.978108787536621094e+01
4.800000000000000000e+01 2.000000000000000000e+01 7.309683227539062500e+01 1.945666122436523438e+01
4.900000000000000000e+01 2.000000000000000000e+01 6.986005401611328125e+01 1.917696380615234375e+01
5.000000000000000000e+01 2.000000000000000000e+01 6.841275024414062500e+01 1.894286346435546875e+01
5.100000000000000000e+01 2.000000000000000000e+01 6.880806732177734375e+01 1.870457458496093750e+01
5.200000000000000000e+01 2.000000000000000000e+01 6.900279235839843750e+01 1.848370170593261719e+01
5.300000000000000000e+01 2.000000000000000000e+01 6.785265350341796875e+01 1.829178237915039062e+01
5.400000000000000000e+01 2.000000000000000000e+01 6.316147994995117188e+01 1.805857467651367188e+01
5.500000000000000000e+01 2.000000000000000000e+01 6.117347717285156250e+01 1.784800338745117188e+01
5.600000000000000000e+01 2.000000000000000000e+01 6.182228851318359375e+01 1.761397933959960938e+01
5.700000000000000000e+01 2.000000000000000000e+01 6.029802322387695312e+01 1.731385231018066406e+01
5.800000000000000000e+01 2.000000000000000000e+01 5.655149841308593750e+01 1.697058677673339844e+01
5.900000000000000000e+01 2.000000000000000000e+01 5.580047607421875000e+01 1.666352653503417969e+01
6.000000000000000000e+01 2.000000000000000000e+01 5.497962188720703125e+01 1.642663383483886719e+01
6.100000000000000000e+01 2.000000000000000000e+01 5.144472885131835938e+01 1.627151679992675781e+01
6.200000000000000000e+01 2.000000000000000000e+01 4.941620635986328125e+01 1.621243286132812500e+01
6.300000000000000000e+01 2.000000000000000000e+01 4.711578750610351562e+01 1.617326164245605469e+01
6.400000000000000000e+01 2.000000000000000000e+01 4.785035324096679688e+01 1.621337509155273438e+01
6.500000000000000000e+01 2.000000000000000000e+01 4.961478805541992188e+01 1.630170822143554688e+01
6.600000000000000000e+01 2.000000000000000000e+01 4.831217956542968750e+01 1.637228965759277344e+01
6.700000000000000000e+01 2.000000000000000000e+01 4.629468154907226562e+01 1.632909202575683594e+01
6.800000000000000000e+01 2.000000000000000000e+01 4.603282546997070312e+01 1.627071952819824219e+01
6.900000000000000000e+01 2.000000000000000000e+01 4.516509628295898438e+01 1.617737770080566406e+01
7.000000000000000000e+01 2.000000000000000000e+01 4.578687286376953125e+01 1.611107635498046875e+01
7.100000000000000000e+01 2.000000000000000000e+01 4.698624801635742188e+01 1.608191108703613281e+01
7.200000000000000000e+01 2.000000000000000000e+01 4.858119964599609375e+01 1.608282279968261719e+01
7.300000000000000000e+01 2.000000000000000000e+01 5.000015640258789062e+01 1.607658767700195312e+01
7.400000000000000000e+01 2.000000000000000000e+01 4.945973968505859375e+01 1.603894615173339844e+01
7.500000000000000000e+01 2.000000000000000000e+01 4.772658920288085938e+01 1.597037982940673828e+01
7.600000000000000000e+01 2.000000000000000000e+01 4.454727554321289062e+01 1.588433742523193359e+01
7.700000000000000000e+01 2.000000000000000000e+01 4.302188491821289062e+01 1.581549358367919922e+01
7.800000000000000000e+01 2.000000000000000000e+01 4.273515701293945312e+01 1.570689678192138672e+01
7.900000000000000000e+01 2.000000000000000000e+01 4.198209381103515625e+01 1.555869770050048828e+01
8.000000000000000000e+01 2.000000000000000000e+01 4.210319137573242188e+01 1.541263771057128906e+01
8.100000000000000000e+01 2.000000000000000000e+01 4.141489410400390625e+01 1.530561828613281250e+01
8.200000000000000000e+01 2.000000000000000000e+01 3.838262939453125000e+01 1.515893459320068359e+01
8.300000000000000000e+01 2.000000000000000000e+01 3.878890228271484375e+01 1.502243328094482422e+01
8.400000000000000000e+01 2.000000000000000000e+01 4.331378936767578125e+01 1.494419384002685547e+01
8.500000000000000000e+01 2.000000000000000000e+01 4.420519638061523438e+01 1.489033985137939453e+01
8.600000000000000000e+01 2.000000000000000000e+01 4.080765151977539062e+01 1.485030841827392578e+01
8.700000000000000000e+01 2.000000000000000000e+01 4.015330505371093750e+01 1.481415271759033203e+01
8.800000000000000000e+01 2.000000000000000000e+01 3.843223190307617188e+01 1.478823089599609375e+01
8.900000000000000000e+01 2.000000000000000000e+01 3.877125549316406250e+01 1.473183155059814453e+01
9.000000000000000000e+01 2.000000000000000000e+01 4.024358367919921875e+01 1.470062732696533203e+01
9.100000000000000000e+01 2.000000000000000000e+01 3.792305374145507812e+01 1.470643520355224609e+01
9.200000000000000000e+01 2.000000000000000000e+01 3.668043136596679688e+01 1.469172954559326172e+01
9.300000000000000000e+01 2.000000000000000000e+01 3.711692810058593750e+01 1.460946178436279297e+01
9.400000000000000000e+01 2.000000000000000000e+01 3.833024215698242188e+01 1.454264736175537109e+01
9.500000000000000000e+01 2.000000000000000000e+01 4.030406951904296875e+01 1.447514343261718750e+01
9.600000000000000000e+01 2.000000000000000000e+01 4.169666671752929688e+01 1.446869659423828125e+01
9.700000000000000000e+01 2.000000000000000000e+01 3.979357147216796875e+01 1.446539974212646484e+01
9.800000000000000000e+01 2.000000000000000000e+01 3.914086151123046875e+01 1.448667335510253906e+01
9.900000000000000000e+01 2.000000000000000000e+01 3.873143386840820312e+01 1.445878505706787109e+01
1.000000000000000000e+02 2.000000000000000000e+01 3.766690063476562500e+01 1.431843757629394531e+01
1.010000000000000000e+02 2.000000000000000000e+01 3.689796066284179688e+01 1.416116046905517578e+01
1.020000000000000000e+02 2.000000000000000000e+01 3.652596664428710938e+01 1.406696033477783203e+01
1.030000000000000000e+02 2.000000000000000000e+01 3.592340087890625000e+01 1.403838634490966797e+01
1.040000000000000000e+02 2.000000000000000000e+01 3.554144287109375000e+01 1.400686359405517578e+01
1.050000000000000000e+02 2.000000000000000000e+01 3.241370773315429688e+01 1.395043182373046875e+01
1.060000000000000000e+02 2.000000000000000000e+01 3.152578926086425781e+01 1.387384319305419922e+01
1.070000000000000000e+02 2.000000000000000000e+01 3.577757644653320312e+01 1.382403564453125000e+01
1.080000000000000000e+02 2.000000000000000000e+01 3.851027679443359375e+01 1.380134105682373047e+01
1.090000000000000000e+02 2.000000000000000000e+01 3.810235595703125000e+01 1.379982471466064453e+01
1.100000000000000000e+02 2.000000000000000000e+01 3.723994064331054688e+01 1.381690692901611328e+01
1.110000000000000000e+02 2.000000000000000000e+01 3.953626251220703125e+01 1.380852031707763672e+01
1.120000000000000000e+02 2.000000000000000000e+01 4.104249572753906250e+01 1.374014472961425781e+01
1.130000000000000000e+02 2.000000000000000000e+01 3.931443786621093750e+01 1.362871265411376953e+01
1.140000000000000000e+02 2.000000000000000000e+01 3.663822174072265625e+01 1.353387737274169922e+01
1.150000000000000000e+02 2.000000000000000000e+01 3.896745681762695312e+01 1.345476722717285156e+01
1.160000000000000000e+02 2.000000000000000000e+01 3.882208251953125000e+01 1.344839191436767578e+01
1.170000000000000000e+02 2.000000000000000000e+01 3.678268432617187500e+01 1.350004005432128906e+01
1.180000000000000000e+02 2.000000000000000000e+01 3.782676315307617188e+01 1.353494167327880859e+01
1.190000000000000000e+02 2.000000000000000000e+01 3.693643951416015625e+01 1.346242427825927734e+01
1.200000000000000000e+02 2.000000000000000000e+01 3.594488906860351562e+01 1.336969280242919922e+01
1.210000000000000000e+02 2.000000000000000000e+01 3.558030700683593750e+01 1.330455017089843750e+01
1.220000000000000000e+02 2.000000000000000000e+01 3.602429199218750000e+01 1.327151203155517578e+01
1.230000000000000000e+02 2.000000000000000000e+01 3.668125915527343750e+01 1.326920509338378906e+01
1.240000000000000000e+02 2.000000000000000000e+01 3.676126098632812500e+01 1.329957485198974609e+01
1.250000000000000000e+02 2.000000000000000000e+01 3.913523101806640625e+01 1.328931903839111328e+01
1.260000000000000000e+02 2.000000000000000000e+01 3.828422164916992188e+01 1.324528694152832031e+01
1.270000000000000000e+02 2.000000000000000000e+01 3.458849334716796875e+01 1.322409343719482422e+01
1.280000000000000000e+02 2.000000000000000000e+01 3.656214904785156250e+01 1.324407672882080078e+01
1.290000000000000000e+02 2.000000000000000000e+01 3.884927749633789062e+01 1.325344371795654297e+01
1.300000000000000000e+02 2.000000000000000000e+01 3.459142684936523438e+01 1.323388957977294922e+01
1.310000000000000000e+02 2.000000000000000000e+01 3.334417343139648438e+01 1.321851062774658203e+01
1.320000000000000000e+02 2.000000000000000000e+01 3.801390838623046875e+01 1.327130794525146484e+01
1.330000000000000000e+02 2.000000000000000000e+01 3.973672103881835938e+01 1.340490627288818359e+01
1.340000000000000000e+02 2.000000000000000000e+01 3.564152908325195312e+01 1.352884101867675781e+01
1.350000000000000000e+02 2.000000000000000000e+01 3.436114883422851562e+01 1.359619140625000000e+01
1.360000000000000000e+02 2.000000000000000000e+01 3.673392868041992188e+01 1.364427947998046875e+01
1.370000000000000000e+02 2.000000000000000000e+01 3.971495819091796875e+01 1.366804027557373047e+01
1.380000000000000000e+02 2.000000000000000000e+01 4.125751876831054688e+01 1.369317054748535156e+01
1.390000000000000000e+02 2.000000000000000000e+01 4.129864120483398438e+01 1.367596149444580078e+01
1.400000000000000000e+02 2.000000000000000000e+01 3.828533935546875000e+01 1.358735942840576172e+01
1.410000000000000000e+02 2.000000000000000000e+01 3.802083969116210938e+01 1.347827434539794922e+01
1.420000000000000000e+02 2.000000000000000000e+01 3.832226943969726562e+01 1.334603309631347656e+01
1.430000000000000000e+02 2.000000000000000000e+01 3.781835937500000000e+01 1.318234729766845703e+01
1.440000000000000000e+02 2.000000000000000000e+01 3.782428359985351562e+01 1.302811431884765625e+01
1.450000000000000000e+02 2.000000000000000000e+01 3.558538436889648438e+01 1.289018440246582031e+01
1.460000000000000000e+02 2.000000000000000000e+01 3.716721725463867188e+01 1.279108905792236328e+01
1.470000000000000000e+02 2.000000000000000000e+01 3.914479064941406250e+01 1.267152118682861328e+01
1.480000000000000000e+02 2.000000000000000000e+01 3.643579864501953125e+01 1.255938816070556641e+01
1.490000000000000000e+02 2.000000000000000000e+01 3.664116287231445312e+01 1.250113582611083984e+01
1.500000000000000000e+02 2.000000000000000000e+01 3.939343261718750000e+01 1.248857879638671875e+01
1.510000000000000000e+02 2.000000000000000000e+01 3.983189392089843750e+01 1.255163669586181641e+01
1.520000000000000000e+02 2.000000000000000000e+01 3.580508041381835938e+01 1.263241767883300781e+01
1.530000000000000000e+02 2.000000000000000000e+01 3.439028167724609375e+01 1.267765522003173828e+01
1.540000000000000000e+02 2.000000000000000000e+01 3.713492202758789062e+01 1.268767070770263672e+01
1.550000000000000000e+02 2.000000000000000000e+01 3.907109832763671875e+01 1.263204193115234375e+01
1.560000000000000000e+02 2.000000000000000000e+01 3.674941253662109375e+01 1.258289813995361328e+01
1.570000000000000000e+02 2.000000000000000000e+01 3.526417541503906250e+01 1.251103687286376953e+01
1.580000000000000000e+02 2.000000000000000000e+01 3.544359970092773438e+01 1.254635524749755859e+01
1.590000000000000000e+02 2.000000000000000000e+01 3.806137466430664062e+01 1.261465263366699219e+01
1.600000000000000000e+02 2.000000000000000000e+01 3.784709548950195312e+01 1.271385574340820312e+01
1.610000000000000000e+02 2.000000000000000000e+01 3.720342254638671875e+01 1.268566036224365234e+01
1.620000000000000000e+02 2.000000000000000000e+01 3.514731597900390625e+01 1.262172317504882812e+01
1.630000000000000000e+02 2.000000000000000000e+01 3.273413848876953125e+01 1.250651073455810547e+01
1.640000000000000000e+02 2.000000000000000000e+01 3.710357284545898438e+01 1.243445968627929688e+01
1.650000000000000000e+02 2.000000000000000000e+01 3.619005966186523438e+01 1.241552162170410156e+01
1.660000000000000000e+02 2.000000000000000000e+01 3.364316558837890625e+01 1.242664337158203125e+01
1.670000000000000000e+02 2.000000000000000000e+01 3.460628890991210938e+01 1.239686489105224609e+01
1.680000000000000000e+02 2.000000000000000000e+01 3.680181884765625000e+01 1.231044101715087891e+01
1.690000000000000000e+02 2.000000000000000000e+01 3.786026382446289062e+01 1.223871898651123047e+01
1.700000000000000000e+02 2.000000000000000000e+01 3.398185729980468750e+01 1.216618442535400391e+01
1.710000000000000000e+02 2.000000000000000000e+01 3.411552810668945312e+01 1.213796520233154297e+01
1.720000000000000000e+02 2.000000000000000000e+01 3.386205291748046875e+01 1.210347461700439453e+01
1.730000000000000000e+02 2.000000000000000000e+01 3.289794921875000000e+01 1.210739135742187500e+01
1.740000000000000000e+02 2.000000000000000000e+01 3.301789093017578125e+01 1.213350772857666016e+01
1.750000000000000000e+02 2.000000000000000000e+01 3.312286376953125000e+01 1.216277599334716797e+01
1.760000000000000000e+02 2.000000000000000000e+01 3.404964065551757812e+01 1.221806240081787109e+01
1.770000000000000000e+02 2.000000000000000000e+01 3.104665565490722656e+01 1.220985698699951172e+01
1.780000000000000000e+02 2.000000000000000000e+01 2.975360107421875000e+01 1.216166019439697266e+01
1.790000000000000000e+02 2.000000000000000000e+01 3.446288681030273438e+01 1.211217212677001953e+01
1.800000000000000000e+02 2.000000000000000000e+01 3.810822296142578125e+01 1.211023521423339844e+01
1.810000000000000000e+02 2.000000000000000000e+01 3.619268417358398438e+01 1.214369487762451172e+01
1.820000000000000000e+02 2.000000000000000000e+01 3.241839218139648438e+01 1.216419887542724609e+01
1.830000000000000000e+02 2.000000000000000000e+01 3.280353927612304688e+01 1.215014934539794922e+01
1.840000000000000000e+02 2.000000000000000000e+01 3.346686553955078125e+01 1.210082817077636719e+01
1.850000000000000000e+02 2.000000000000000000e+01 3.527188110351562500e+01 1.205058383941650391e+01
1.860000000000000000e+02 2.000000000000000000e+01 3.738835144042968750e+01 1.205428981781005859e+01
1.870000000000000000e+02 2.000000000000000000e+01 3.681758880615234375e+01 1.203320217132568359e+01
1.880000000000000000e+02 2.000000000000000000e+01 3.805578994750976562e+01 1.198545932769775391e+01
1.890000000000000000e+02 2.000000000000000000e+01 4.001561355590820312e+01 1.199992942810058594e+01
1.900000000000000000e+02 2.000000000000000000e+01 4.059186553955078125e+01 1.206703472137451172e+01
1.910000000000000000e+02 2.000000000000000000e+01 4.111044311523437500e+01 1.215239429473876953e+01
1.920000000000000000e+02 2.000000000000000000e+01 4.047972488403320312e+01 1.223131561279296875e+01
1.930000000000000000e+02 2.000000000000000000e+01 3.853549957275390625e+01 1.226623058319091797e+01
1.940000000000000000e+02 2.000000000000000000e+01 3.807012557983398438e+01 1.219079494476318359e+01
1.950000000000000000e+02 2.000000000000000000e+01 3.981394577026367188e+01 1.208943367004394531e+01
1.960000000000000000e+02 2.000000000000000000e+01 3.968803787231445312e+01 1.205133247375488281e+01
1.970000000000000000e+02 2.000000000000000000e+01 3.821583938598632812e+01 1.203845500946044922e+01
1.980000000000000000e+02 2.000000000000000000e+01 3.643765258789062500e+01 1.207613182067871094e+01
1.990000000000000000e+02 2.000000000000000000e+01 3.693479537963867188e+01 1.214679718017578125e+01
2.000000000000000000e+02 2.000000000000000000e+01 3.934472274780273438e+01 1.222922611236572266e+01
2.010000000000000000e+02 2.000000000000000000e+01 3.823477935791015625e+01 1.224247932434082031e+01
2.020000000000000000e+02 2.000000000000000000e+01 3.761236190795898438e+01 1.225396156311035156e+01
2.030000000000000000e+02 2.000000000000000000e+01 3.859319305419921875e+01 1.229671096801757812e+01
2.040000000000000000e+02 2.000000000000000000e+01 4.040830230712890625e+01 1.230821037292480469e+01
2.050000000000000000e+02 2.000000000000000000e+01 4.154331970214843750e+01 1.231724739074707031e+01
2.060000000000000000e+02 2.000000000000000000e+01 4.073165130615234375e+01 1.230461025238037109e+01
2.070000000000000000e+02 2.000000000000000000e+01 3.894612121582031250e+01 1.231336212158203125e+01
2.080000000000000000e+02 2.000000000000000000e+01 4.016305541992187500e+01 1.232676219940185547e+01
2.090000000000000000e+02 2.000000000000000000e+01 4.112226104736328125e+01 1.228739070892333984e+01
2.100000000000000000e+02 2.000000000000000000e+01 4.134489440917968750e+01 1.222518253326416016e+01
2.110000000000000000e+02 2.000000000000000000e+01 4.238802719116210938e+01 1.216260337829589844e+01
2.120000000000000000e+02 2.000000000000000000e+01 4.161603164672851562e+01 1.209838771820068359e+01
2.130000000000000000e+02 2.000000000000000000e+01 3.849091339111328125e+01 1.205043601989746094e+01
2.140000000000000000e+02 2.000000000000000000e+01 4.109275817871093750e+01 1.206588268280029297e+01
2.150000000000000000e+02 2.000000000000000000e+01 4.164087295532226562e+01 1.203648090362548828e+01
2.160000000000000000e+02 2.000000000000000000e+01 3.886725616455078125e+01 1.195261669158935547e+01
2.170000000000000000e+02 2.000000000000000000e+01 3.990332794189453125e+01 1.181593608856201172e+01
2.180000000000000000e+02 2.000000000000000000e+01 4.095130920410156250e+01 1.174007606506347656e+01
2.190000000000000000e+02 2.000000000000000000e+01 3.988199615478515625e+01 1.173926258087158203e+01
2.200000000000000000e+02 2.000000000000000000e+01 3.944606018066406250e+01 1.176362991333007812e+01
2.210000000000000000e+02 2.000000000000000000e+01 3.925959777832031250e+01 1.172897720336914062e+01
2.220000000000000000e+02 2.000000000000000000e+01 3.710462188720703125e+01 1.163893222808837891e+01
2.230000000000000000e+02 2.000000000000000000e+01 4.094277191162109375e+01 1.154493141174316406e+01
2.240000000000000000e+02 2.000000000000000000e+01 4.144012451171875000e+01 1.148629665374755859e+01
2.250000000000000000e+02 2.000000000000000000e+01 3.798585128784179688e+01 1.148456859588623047e+01
2.260000000000000000e+02 2.000000000000000000e+01 4.095962524414062500e+01 1.154017734527587891e+01
2.270000000000000000e+02 2.000000000000000000e+01 4.217110061645507812e+01 1.154657173156738281e+01
2.280000000000000000e+02 2.000000000000000000e+01 4.055772018432617188e+01 1.155417728424072266e+01
2.290000000000000000e+02 2.000000000000000000e+01 4.282239913940429688e+01 1.156554508209228516e+01
2.300000000000000000e+02 2.000000000000000000e+01 4.390844345092773438e+01 1.153395938873291016e+01
2.310000000000000000e+02 2.000000000000000000e+01 4.078126144409179688e+01 1.153753089904785156e+01
2.320000000000000000e+02 2.000000000000000000e+01 3.835186767578125000e+01 1.155862808227539062e+01
2.330000000000000000e+02 2.000000000000000000e+01 4.020160293579101562e+01 1.150758647918701172e+01
2.340000000000000000e+02 2.000000000000000000e+01 4.193513107299804688e+01 1.144701004028320312e+01
2.350000000000000000e+02 2.000000000000000000e+01 4.107629776000976562e+01 1.141506862640380859e+01
2.360000000000000000e+02 2.000000000000000000e+01 4.017533874511718750e+01 1.139686393737792969e+01
2.370000000000000000e+02 2.000000000000000000e+01 4.044474029541015625e+01 1.141059207916259766e+01
2.380000000000000000e+02 2.000000000000000000e+01 3.921712112426757812e+01 1.137535762786865234e+01
2.390000000000000000e+02 2.000000000000000000e+01 3.861717987060546875e+01 1.129650402069091797e+01
2.400000000000000000e+02 2.000000000000000000e+01 3.679364013671875000e+01 1.119590187072753906e+01
2.410000000000000000e+02 2.000000000000000000e+01 3.731376647949218750e+01 1.115070629119873047e+01
2.420000000000000000e+02 2.000000000000000000e+01 3.785992813110351562e+01 1.119528007507324219e+01
2.430000000000000000e+02 2.000000000000000000e+01 3.558189773559570312e+01 1.122895812988281250e+01
2.440000000000000000e+02 2.000000000000000000e+01 3.574148178100585938e+01 1.120096874237060547e+01
2.450000000000000000e+02 2.000000000000000000e+01 3.632671356201171875e+01 1.115333175659179688e+01
2.460000000000000000e+02 2.000000000000000000e+01 3.571777725219726562e+01 1.113377571105957031e+01
2.470000000000000000e+02 2.000000000000000000e+01 3.423760604858398438e+01 1.111829090118408203e+01
2.480000000000000000e+02 2.000000000000000000e+01 3.294091415405273438e+01 1.107597827911376953e+01
2.490000000000000000e+02 2.000000000000000000e+01 3.236770248413085938e+01 1.101764011383056641e+01
2.500000000000000000e+02 2.000000000000000000e+01 3.632058715820312500e+01 1.101756858825683594e+01
2.510000000000000000e+02 2.000000000000000000e+01 3.619147491455078125e+01 1.105942440032958984e+01
2.520000000000000000e+02 2.000000000000000000e+01 3.545544815063476562e+01 1.108451175689697266e+01
2.530000000000000000e+02 2.000000000000000000e+01 3.561055755615234375e+01 1.106335544586181641e+01
2.540000000000000000e+02 2.000000000000000000e+01 3.556255722045898438e+01 1.109250545501708984e+01
2.550000000000000000e+02 2.000000000000000000e+01 3.619868087768554688e+01 1.112057399749755859e+01
2.560000000000000000e+02 2.000000000000000000e+01 3.558016967773437500e+01 1.122290325164794922e+01
2.570000000000000000e+02 2.000000000000000000e+01 3.765620040893554688e+01 1.130222797393798828e+01
2.580000000000000000e+02 2.000000000000000000e+01 4.093156051635742188e+01 1.133110046386718750e+01
2.590000000000000000e+02 2.000000000000000000e+01 3.903904342651367188e+01 1.134612846374511719e+01
2.600000000000000000e+02 2.000000000000000000e+01 3.777531051635742188e+01 1.135509777069091797e+01
2.610000000000000000e+02 2.000000000000000000e+01 3.878764724731445312e+01 1.134063720703125000e+01
2.620000000000000000e+02 2.000000000000000000e+01 3.764136123657226562e+01 1.128548622131347656e+01
2.630000000000000000e+02 2.000000000000000000e+01 3.525955963134765625e+01 1.120342540740966797e+01
2.640000000000000000e+02 2.000000000000000000e+01 3.407547760009765625e+01 1.112219333648681641e+01
2.650000000000000000e+02 2.000000000000000000e+01 3.759085464477539062e+01 1.109094429016113281e+01
2.660000000000000000e+02 2.000000000000000000e+01 3.894809341430664062e+01 1.106103706359863281e+01
2.670000000000000000e+02 2.000000000000000000e+01 3.924012756347656250e+01 1.104130458831787109e+01
2.680000000000000000e+02 2.000000000000000000e+01 3.827474594116210938e+01 1.105627346038818359e+01
2.690000000000000000e+02 2.000000000000000000e+01 3.736090087890625000e+01 1.105460643768310547e+01
2.700000000000000000e+02 2.000000000000000000e+01 3.670523071289062500e+01 1.109008693695068359e+01
2.710000000000000000e+02 2.000000000000000000e+01 3.886927795410156250e+01 1.110476779937744141e+01
2.720000000000000000e+02 2.000000000000000000e+01 3.929905319213867188e+01 1.115225124359130859e+01
2.730000000000000000e+02 2.000000000000000000e+01 3.613755798339843750e+01 1.126308441162109375e+01
2.740000000000000000e+02 2.000000000000000000e+01 3.585684585571289062e+01 1.137540626525878906e+01
2.750000000000000000e+02 2.000000000000000000e+01 3.714842987060546875e+01 1.141833400726318359e+01
2.760000000000000000e+02 2.000000000000000000e+01 3.659888076782226562e+01 1.145051288604736328e+01
2.770000000000000000e+02 2.000000000000000000e+01 3.523215866088867188e+01 1.142507362365722656e+01
2.780000000000000000e+02 2.000000000000000000e+01 3.936579132080078125e+01 1.144578742980957031e+01
2.790000000000000000e+02 2.000000000000000000e+01 4.151157760620117188e+01 1.143322277069091797e+01
2.800000000000000000e+02 2.000000000000000000e+01 3.879082870483398438e+01 1.143408203125000000e+01
2.810000000000000000e+02 2.000000000000000000e+01 3.742132949829101562e+01 1.143994426727294922e+01
2.820000000000000000e+02 2.000000000000000000e+01 3.807481384277343750e+01 1.143665599822998047e+01
2.830000000000000000e+02 2.000000000000000000e+01 3.952075195312500000e+01 1.148743915557861328e+01
2.840000000000000000e+02 2.000000000000000000e+01 4.182064437866210938e+01 1.152496814727783203e+01
2.850000000000000000e+02 2.000000000000000000e+01 4.170485687255859375e+01 1.152699947357177734e+01
2.860000000000000000e+02 2.000000000000000000e+01 3.840530395507812500e+01 1.154644298553466797e+01
2.870000000000000000e+02 2.000000000000000000e+01 4.060724258422851562e+01 1.159057140350341797e+01
2.880000000000000000e+02 2.000000000000000000e+01 4.393997573852539062e+01 1.160743236541748047e+01
2.890000000000000000e+02 2.000000000000000000e+01 4.416471099853515625e+01 1.161546039581298828e+01
2.900000000000000000e+02 2.000000000000000000e+01 4.332869720458984375e+01 1.159049129486083984e+01
2.910000000000000000e+02 2.000000000000000000e+01 4.131067657470703125e+01 1.155095100402832031e+01
2.920000000000000000e+02 2.000000000000000000e+01 3.880832672119140625e+01 1.149109840393066406e+01
2.930000000000000000e+02 2.000000000000000000e+01 3.811026763916015625e+01 1.147601890563964844e+01
2.940000000000000000e+02 2.000000000000000000e+01 4.183430099487304688e+01 1.148371982574462891e+01
2.950000000000000000e+02 2.000000000000000000e+01 4.314020156860351562e+01 1.148086833953857422e+01
2.960000000000000000e+02 2.000000000000000000e+01 4.151765823364257812e+01 1.149836826324462891e+01
2.970000000000000000e+02 2.000000000000000000e+01 3.909330368041992188e+01 1.151555538177490234e+01
2.980000000000000000e+02 2.000000000000000000e+01 3.723094558715820312e+01 1.152923202514648438e+01
2.990000000000000000e+02 2.000000000000000000e+01 3.945263290405273438e+01 1.154606533050537109e+01
3.000000000000000000e+02 2.000000000000000000e+01 4.183507919311523438e+01 1.157059764862060547e+01
3.010000000000000000e+02 2.000000000000000000e+01 4.135515213012695312e+01 1.157282924652099609e+01
3.020000000000000000e+02 2.000000000000000000e+01 3.793730926513671875e+01 1.155989170074462891e+01
3.030000000000000000e+02 2.000000000000000000e+01 3.657073974609375000e+01 1.158234882354736328e+01
3.040000000000000000e+02 2.000000000000000000e+01 3.868597030639648438e+01 1.156979942321777344e+01
3.050000000000000000e+02 2.000000000000000000e+01 4.048319625854492188e+01 1.152955341339111328e+01
3.060000000000000000e+02 2.000000000000000000e+01 4.004587554931640625e+01 1.151863765716552734e+01
3.070000000000000000e+02 2.000000000000000000e+01 3.955696105957031250e+01 1.150001049041748047e+01
3.080000000000000000e+02 2.000000000000000000e+01 4.030899429321289062e+01 1.152482795715332031e+01
3.090000000000000000e+02 2.000000000000000000e+01 4.191623687744140625e+01 1.148408889770507812e+01
3.100000000000000000e+02 2.000000000000000000e+01 4.110144424438476562e+01 1.140927028656005859e+01
3.110000000000000000e+02 2.000000000000000000e+01 4.111245727539062500e+01 1.136872577667236328e+01
3.120000000000000000e+02 2.000000000000000000e+01 4.001459121704101562e+01 1.139222145080566406e+01
3.130000000000000000e+02 2.000000000000000000e+01 3.740657424926757812e+01 1.143398475646972656e+01
3.140000000000000000e+02 2.000000000000000000e+01 3.859785842895507812e+01 1.148064136505126953e+01
3.150000000000000000e+02 2.000000000000000000e+01 4.130223846435546875e+01 1.153143596649169922e+01
3.160000000000000000e+02 2.000000000000000000e+01 3.844439315795898438e+01 1.154160976409912109e+01
3.170000000000000000e+02 2.000000000000000000e+01 3.775997924804687500e+01 1.155386447906494141e+01
3.180000000000000000e+02 2.000000000000000000e+01 4.116778945922851562e+01 1.158334732055664062e+01
3.190000000000000000e+02 2.000000000000000000e+01 4.022048950195312500e+01 1.164171886444091797e+01
3.200000000000000000e+02 2.000000000000000000e+01 3.811635971069335938e+01 1.169760990142822266e+01
3.210000000000000000e+02 2.000000000000000000e+01 4.783550643920898438e+01 1.171958255767822266e+01
3.220000000000000000e+02 2.000000000000000000e+01 4.178674697875976562e+01 1.170018291473388672e+01
3.230000000000000000e+02 2.000000000000000000e+01 4.052289199829101562e+01 1.165804576873779297e+01
3.240000000000000000e+02 2.000000000000000000e+01 4.066118240356445312e+01 1.160133838653564453e+01
3.250000000000000000e+02 2.000000000000000000e+01 3.973198318481445312e+01 1.158152866363525391e+01
3.260000000000000000e+02 2.000000000000000000e+01 3.801507186889648438e+01 1.159928607940673828e+01
3.270000000000000000e+02 2.000000000000000000e+01 4.000967025756835938e+01 1.165485382080078125e+01
3.280000000000000000e+02 2.000000000000000000e+01 4.412786865234375000e+01 1.168752479553222656e+01
3.290000000000000000e+02 2.000000000000000000e+01 4.511936187744140625e+01 1.172050285339355469e+01
3.300000000000000000e+02 2.000000000000000000e+01 4.174073791503906250e+01 1.179014492034912109e+01
3.310000000000000000e+02 2.000000000000000000e+01 4.151821899414062500e+01 1.180682659149169922e+01
3.320000000000000000e+02 2.000000000000000000e+01 3.858881378173828125e+01 1.177512931823730469e+01
3.330000000000000000e+02 2.000000000000000000e+01 3.879359054565429688e+01 1.176814174652099609e+01
3.340000000000000000e+02 2.000000000000000000e+01 4.073064422607421875e+01 1.180573844909667969e+01
3.350000000000000000e+02 2.000000000000000000e+01 3.974383163452148438e+01 1.181566524505615234e+01
3.360000000000000000e+02 2.000000000000000000e+01 3.798345184326171875e+01 1.179752635955810547e+01
3.370000000000000000e+02 2.000000000000000000e+01 3.878622436523437500e+01 1.175548553466796875e+01
3.380000000000000000e+02 2.000000000000000000e+01 4.346004867553710938e+01 1.172680950164794922e+01
3.390000000000000000e+02 2.000000000000000000e+01 4.060721588134765625e+01 1.172453975677490234e+01
3.400000000000000000e+02 2.000000000000000000e+01 3.923545074462890625e+01 1.172198581695556641e+01
3.410000000000000000e+02 2.000000000000000000e+01 4.016353988647460938e+01 1.173556423187255859e+01
3.420000000000000000e+02 2.000000000000000000e+01 3.970917510986328125e+01 1.177080440521240234e+01
3.430000000000000000e+02 2.000000000000000000e+01 3.988554000854492188e+01 1.175661277770996094e+01
3.440000000000000000e+02 2.000000000000000000e+01 3.993675613403320312e+01 1.175242900848388672e+01
3.450000000000000000e+02 2.000000000000000000e+01 3.691155242919921875e+01 1.175210952758789062e+01
3.460000000000000000e+02 2.000000000000000000e+01 3.803174591064453125e+01 1.181496334075927734e+01
3.470000000000000000e+02 2.000000000000000000e+01 4.128751373291015625e+01 1.186009120941162109e+01
3.480000000000000000e+02 2.000000000000000000e+01 3.786260986328125000e+01 1.186946678161621094e+01
3.490000000000000000e+02 2.000000000000000000e+01 3.231410598754882812e+01 1.184410381317138672e+01
3.500000000000000000e+02 2.000000000000000000e+01 3.378769683837890625e+01 1.179146289825439453e+01
3.510000000000000000e+02 2.000000000000000000e+01 3.752115249633789062e+01 1.175930023193359375e+01
3.520000000000000000e+02 2.000000000000000000e+01 3.369680404663085938e+01 1.170340633392333984e+01
3.530000000000000000e+02 2.000000000000000000e+01 3.292123413085937500e+01 1.165942096710205078e+01
3.540000000000000000e+02 2.000000000000000000e+01 3.676099395751953125e+01 1.162152767181396484e+01
3.550000000000000000e+02 2.000000000000000000e+01 3.725247955322265625e+01 1.160058116912841797e+01
3.560000000000000000e+02 2.000000000000000000e+01 3.648191070556640625e+01 1.162126827239990234e+01
3.570000000000000000e+02 2.000000000000000000e+01 3.713950347900390625e+01 1.168215847015380859e+01
3.580000000000000000e+02 2.000000000000000000e+01 3.738711929321289062e+01 1.166715526580810547e+01
3.590000000000000000e+02 2.000000000000000000e+01 3.951419448852539062e+01 1.165025234222412109e+01
3.600000000000000000e+02 2.000000000000000000e+01 3.979352569580078125e+01 1.160893535614013672e+01
3.610000000000000000e+02 2.000000000000000000e+01 3.821056747436523438e+01 1.165608882904052734e+01
3.620000000000000000e+02 2.000000000000000000e+01 3.706127166748046875e+01 1.170820903778076172e+01
3.630000000000000000e+02 2.000000000000000000e+01 3.674418258666992188e+01 1.174137783050537109e+01
3.640000000000000000e+02 2.000000000000000000e+01 3.675648880004882812e+01 1.171144485473632812e+01
3.650000000000000000e+02 2.000000000000000000e+01 3.795424270629882812e+01 1.166814708709716797e+01
3.660000000000000000e+02 2.000000000000000000e+01 3.762533569335937500e+01 1.162148189544677734e+01
3.670000000000000000e+02 2.000000000000000000e+01 3.709261322021484375e+01 1.161969184875488281e+01
3.680000000000000000e+02 2.000000000000000000e+01 3.589083099365234375e+01 1.171443748474121094e+01
3.690000000000000000e+02 2.000000000000000000e+01 3.605812835693359375e+01 1.176770114898681641e+01
3.700000000000000000e+02 2.000000000000000000e+01 3.951498031616210938e+01 1.180506038665771484e+01
3.710000000000000000e+02 2.000000000000000000e+01 4.066934967041015625e+01 1.180057811737060547e+01
3.720000000000000000e+02 2.000000000000000000e+01 4.016096878051757812e+01 1.177770137786865234e+01
3.730000000000000000e+02 2.000000000000000000e+01 4.100499343872070312e+01 1.169147968292236328e+01
3.740000000000000000e+02 2.000000000000000000e+01 3.845438385009765625e+01 1.161321926116943359e+01
3.750000000000000000e+02 2.000000000000000000e+01 3.447189712524414062e+01 1.146229743957519531e+01
3.760000000000000000e+02 2.000000000000000000e+01 3.537365341186523438e+01 1.136200428009033203e+01
3.770000000000000000e+02 2.000000000000000000e+01 3.673376464843750000e+01 1.128638744354248047e+01
3.780000000000000000e+02 2.000000000000000000e+01 3.628749084472656250e+01 1.120106983184814453e+01
3.790000000000000000e+02 2.000000000000000000e+01 3.774455261230468750e+01 1.113089466094970703e+01
3.800000000000000000e+02 2.000000000000000000e+01 3.767802429199218750e+01 1.106825923919677734e+01
3.810000000000000000e+02 2.000000000000000000e+01 3.641370391845703125e+01 1.106060695648193359e+01
3.820000000000000000e+02 2.000000000000000000e+01 3.666717910766601562e+01 1.100648403167724609e+01
3.830000000000000000e+02 2.000000000000000000e+01 3.624797821044921875e+01 1.098226451873779297e+01
3.840000000000000000e+02 2.000000000000000000e+01 3.691672515869140625e+01 1.100856590270996094e+01
3.850000000000000000e+02 2.000000000000000000e+01 3.707654953002929688e+01 1.102572154998779297e+01
3.860000000000000000e+02 2.000000000000000000e+01 3.797858047485351562e+01 1.104294013977050781e+01
3.870000000000000000e+02 2.000000000000000000e+01 3.889397048950195312e+01 1.103925037384033203e+01
3.880000000000000000e+02 2.000000000000000000e+01 3.596137237548828125e+01 1.104540538787841797e+01
3.890000000000000000e+02 2.000000000000000000e+01 3.578742218017578125e+01 1.104552745819091797e+01
3.900000000000000000e+02 2.000000000000000000e+01 3.549000549316406250e+01 1.102328395843505859e+01
3.910000000000000000e+02 2.000000000000000000e+01 3.406905364990234375e+01 1.099969673156738281e+01
3.920000000000000000e+02 2.000000000000000000e+01 3.495836639404296875e+01 1.096367835998535156e+01
3.930000000000000000e+02 2.000000000000000000e+01 3.692360687255859375e+01 1.093222713470458984e+01
3.940000000000000000e+02 2.000000000000000000e+01 3.867050170898437500e+01 1.090023994445800781e+01
3.950000000000000000e+02 2.000000000000000000e+01 3.884178161621093750e+01 1.084016990661621094e+01
3.960000000000000000e+02 2.000000000000000000e+01 3.740842819213867188e+01 1.079557418823242188e+01
3.970000000000000000e+02 2.000000000000000000e+01 3.885606384277343750e+01 1.079689311981201172e+01
3.980000000000000000e+02 2.000000000000000000e+01 4.082756423950195312e+01 1.080282020568847656e+01
3.990000000000000000e+02 2.000000000000000000e+01 4.041133117675781250e+01 1.084598064422607422e+01
4.000000000000000000e+02 2.000000000000000000e+01 3.863773727416992188e+01 1.088142585754394531e+01
4.010000000000000000e+02 2.000000000000000000e+01 3.776880645751953125e+01 1.095774745941162109e+01
4.020000000000000000e+02 2.000000000000000000e+01 3.430651855468750000e+01 1.101101398468017578e+01
4.030000000000000000e+02 2.000000000000000000e+01 3.349407196044921875e+01 1.100465297698974609e+01
4.040000000000000000e+02 2.000000000000000000e+01 3.574587631225585938e+01 1.093982219696044922e+01
4.050000000000000000e+02 2.000000000000000000e+01 3.552342987060546875e+01 1.093598365783691406e+01
4.060000000000000000e+02 2.000000000000000000e+01 3.460969161987304688e+01 1.092462730407714844e+01
4.070000000000000000e+02 2.000000000000000000e+01 3.458502960205078125e+01 1.093106746673583984e+01
4.080000000000000000e+02 2.000000000000000000e+01 3.480829238891601562e+01 1.094291114807128906e+01
4.090000000000000000e+02 2.000000000000000000e+01 3.549794387817382812e+01 1.094565486907958984e+01
4.100000000000000000e+02 2.000000000000000000e+01 3.703484725952148438e+01 1.096921539306640625e+01
4.110000000000000000e+02 2.000000000000000000e+01 3.677241897583007812e+01 1.095789623260498047e+01
4.120000000000000000e+02 2.000000000000000000e+01 3.641089630126953125e+01 1.096358776092529297e+01
4.130000000000000000e+02 2.000000000000000000e+01 3.707344436645507812e+01 1.095162773132324219e+01
4.140000000000000000e+02 2.000000000000000000e+01 3.515486145019531250e+01 1.092484951019287109e+01
4.150000000000000000e+02 2.000000000000000000e+01 3.413205337524414062e+01 1.089521694183349609e+01
4.160000000000000000e+02 2.000000000000000000e+01 3.351942443847656250e+01 1.087075805664062500e+01
4.170000000000000000e+02 2.000000000000000000e+01 3.255973815917968750e+01 1.092372417449951172e+01
4.180000000000000000e+02 2.000000000000000000e+01 3.380867385864257812e+01 1.098679065704345703e+01
4.190000000000000000e+02 2.000000000000000000e+01 3.378064727783203125e+01 1.098626422882080078e+01
4.200000000000000000e+02 2.000000000000000000e+01 3.196335983276367188e+01 1.102266120910644531e+01
4.210000000000000000e+02 2.000000000000000000e+01 3.189195823669433594e+01 1.105079174041748047e+01
4.220000000000000000e+02 2.000000000000000000e+01 3.358634567260742188e+01 1.104724407196044922e+01
4.230000000000000000e+02 2.000000000000000000e+01 3.334536361694335938e+01 1.103256130218505859e+01
4.240000000000000000e+02 2.000000000000000000e+01 3.335742187500000000e+01 1.099783992767333984e+01
4.250000000000000000e+02 2.000000000000000000e+01 3.386890411376953125e+01 1.099933242797851562e+01
4.260000000000000000e+02 2.000000000000000000e+01 3.214267730712890625e+01 1.103176784515380859e+01
4.270000000000000000e+02 2.000000000000000000e+01 3.216551971435546875e+01 1.108710861206054688e+01
4.280000000000000000e+02 2.000000000000000000e+01 3.509971237182617188e+01 1.111519718170166016e+01
4.290000000000000000e+02 2.000000000000000000e+01 3.495998001098632812e+01 1.111715984344482422e+01
4.300000000000000000e+02 2.000000000000000000e+01 3.289260864257812500e+01 1.108808517456054688e+01
4.310000000000000000e+02 2.000000000000000000e+01 3.365986633300781250e+01 1.104524612426757812e+01
4.320000000000000000e+02 2.000000000000000000e+01 3.295156860351562500e+01 1.100432682037353516e+01
4.330000000000000000e+02 2.000000000000000000e+01 3.381040191650390625e+01 1.098399066925048828e+01
4.340000000000000000e+02 2.000000000000000000e+01 3.692282867431640625e+01 1.096535778045654297e+01
4.350000000000000000e+02 2.000000000000000000e+01 3.487993240356445312e+01 1.090803337097167969e+01
4.360000000000000000e+02 2.000000000000000000e+01 3.251181793212890625e+01 1.092834854125976562e+01
4.370000000000000000e+02 2.000000000000000000e+01 3.325302124023437500e+01 1.093553733825683594e+01
4.380000000000000000e+02 2.000000000000000000e+01 3.511285400390625000e+01 1.091552352905273438e+01
4.390000000000000000e+02 2.000000000000000000e+01 3.494996643066406250e+01 1.093867588043212891e+01
4.400000000000000000e+02 2.000000000000000000e+01 3.522561264038085938e+01 1.102447032928466797e+01
4.410000000000000000e+02 2.000000000000000000e+01 3.768220138549804688e+01 1.109757804870605469e+01
4.420000000000000000e+02 2.000000000000000000e+01 4.107331085205078125e+01 1.114812469482421875e+01
4.430000000000000000e+02 2.000000000000000000e+01 4.058426666259765625e+01 1.119490909576416016e+01
4.440000000000000000e+02 2.000000000000000000e+01 3.585794830322265625e+01 1.124944591522216797e+01
4.450000000000000000e+02 2.000000000000000000e+01 3.417487716674804688e+01 1.125288009643554688e+01
4.460000000000000000e+02 2.000000000000000000e+01 3.486080169677734375e+01 1.122471714019775391e+01
4.470000000000000000e+02 2.000000000000000000e+01 3.269462966918945312e+01 1.120543575286865234e+01
4.480000000000000000e+02 2.000000000000000000e+01 3.201233673095703125e+01 1.121015071868896484e+01
4.490000000000000000e+02 2.000000000000000000e+01 3.324079513549804688e+01 1.128114509582519531e+01
4.500000000000000000e+02 2.000000000000000000e+01 3.328954315185546875e+01 1.135737514495849609e+01
4.510000000000000000e+02 2.000000000000000000e+01 3.186056900024414062e+01 1.140471172332763672e+01
4.520000000000000000e+02 2.000000000000000000e+01 3.551941299438476562e+01 1.141914367675781250e+01
4.530000000000000000e+02 2.000000000000000000e+01 3.910361862182617188e+01 1.143529415130615234e+01
4.540000000000000000e+02 2.000000000000000000e+01 3.739588546752929688e+01 1.145773410797119141e+01
4.550000000000000000e+02 2.000000000000000000e+01 3.649538803100585938e+01 1.153422641754150391e+01
4.560000000000000000e+02 2.000000000000000000e+01 3.704209518432617188e+01 1.162169551849365234e+01
4.570000000000000000e+02 2.000000000000000000e+01 3.708811187744140625e+01 1.164232254028320312e+01
4.580000000000000000e+02 2.000000000000000000e+01 3.712107467651367188e+01 1.158183193206787109e+01
4.590000000000000000e+02 2.000000000000000000e+01 3.571421051025390625e+01 1.143709373474121094e+01
4.600000000000000000e+02 2.000000000000000000e+01 3.411429214477539062e+01 1.131248283386230469e+01
4.610000000000000000e+02 2.000000000000000000e+01 3.762298202514648438e+01 1.120437431335449219e+01
4.620000000000000000e+02 2.000000000000000000e+01 4.169727706909179688e+01 1.111826324462890625e+01
4.630000000000000000e+02 2.000000000000000000e+01 3.811148834228515625e+01 1.107726192474365234e+01
4.640000000000000000e+02 2.000000000000000000e+01 3.539885330200195312e+01 1.106249904632568359e+01
4.650000000000000000e+02 2.000000000000000000e+01 3.655844116210937500e+01 1.101979255676269531e+01
4.660000000000000000e+02 2.000000000000000000e+01 3.886734008789062500e+01 1.102534866333007812e+01
4.670000000000000000e+02 2.000000000000000000e+01 3.872534179687500000e+01 1.102940273284912109e+01
4.680000000000000000e+02 2.000000000000000000e+01 3.802978897094726562e+01 1.095862865447998047e+01
4.690000000000000000e+02 2.000000000000000000e+01 3.869252014160156250e+01 1.092266750335693359e+01
4.700000000000000000e+02 2.000000000000000000e+01 3.638317108154296875e+01 1.092640590667724609e+01
4.710000000000000000e+02 2.000000000000000000e+01 3.349346160888671875e+01 1.101605701446533203e+01
4.720000000000000000e+02 2.000000000000000000e+01 3.591720199584960938e+01 1.110932636260986328e+01
4.730000000000000000e+02 2.000000000000000000e+01 3.606177520751953125e+01 1.112002754211425781e+01
4.740000000000000000e+02 2.000000000000000000e+01 3.301074600219726562e+01 1.112778186798095703e+01
4.750000000000000000e+02 2.000000000000000000e+01 3.319024658203125000e+01 1.111681652069091797e+01
4.760000000000000000e+02 2.000000000000000000e+01 3.578120422363281250e+01 1.109134578704833984e+01
4.770000000000000000e+02 2.000000000000000000e+01 3.683729553222656250e+01 1.111552524566650391e+01
4.780000000000000000e+02 2.000000000000000000e+01 3.567896270751953125e+01 1.111318969726562500e+01
4.790000000000000000e+02 2.000000000000000000e+01 3.341441726684570312e+01 1.112345218658447266e+01
4.800000000000000000e+02 2.000000000000000000e+01 3.439505004882812500e+01 1.113190650939941406e+01
4.810000000000000000e+02 2.000000000000000000e+01 3.713971328735351562e+01 1.109792232513427734e+01
4.820000000000000000e+02 2.000000000000000000e+01 3.593502426147460938e+01 1.107813358306884766e+01
4.830000000000000000e+02 2.000000000000000000e+01 3.356296157836914062e+01 1.106255054473876953e+01
4.840000000000000000e+02 2.000000000000000000e+01 3.542050170898437500e+01 1.102395057678222656e+01
4.850000000000000000e+02 2.000000000000000000e+01 3.582015609741210938e+01 1.101595592498779297e+01
4.860000000000000000e+02 2.000000000000000000e+01 3.585238647460937500e+01 1.099584579467773438e+01
4.870000000000000000e+02 2.000000000000000000e+01 3.792238616943359375e+01 1.092219829559326172e+01
4.880000000000000000e+02 2.000000000000000000e+01 3.713455200195312500e+01 1.085421276092529297e+01
4.890000000000000000e+02 2.000000000000000000e+01 3.712284088134765625e+01 1.081847286224365234e+01
4.900000000000000000e+02 2.000000000000000000e+01 3.864005661010742188e+01 1.080628871917724609e+01
4.910000000000000000e+02 2.000000000000000000e+01 3.948907470703125000e+01 1.080156326293945312e+01
4.920000000000000000e+02 2.000000000000000000e+01 3.735657882690429688e+01 1.080180454254150391e+01
4.930000000000000000e+02 2.000000000000000000e+01 3.329397201538085938e+01 1.080208778381347656e+01
4.940000000000000000e+02 2.000000000000000000e+01 3.272675323486328125e+01 1.075840854644775391e+01
4.950000000000000000e+02 2.000000000000000000e+01 3.687908172607421875e+01 1.063690567016601562e+01
4.960000000000000000e+02 2.000000000000000000e+01 3.760206222534179688e+01 1.050261402130126953e+01
4.970000000000000000e+02 2.000000000000000000e+01 3.390540313720703125e+01 1.035570335388183594e+01
4.980000000000000000e+02 2.000000000000000000e+01 3.233342742919921875e+01 1.025998592376708984e+01
4.990000000000000000e+02 2.000000000000000000e+01 3.353556442260742188e+01 1.024019432067871094e+01
5.000000000000000000e+02 2.000000000000000000e+01 3.514756774902343750e+01 1.025059986114501953e+01
5.010000000000000000e+02 2.000000000000000000e+01 3.330651473999023438e+01 1.028425884246826172e+01
5.020000000000000000e+02 2.000000000000000000e+01 3.245200729370117188e+01 1.032378578186035156e+01
5.030000000000000000e+02 2.000000000000000000e+01 3.265616226196289062e+01 1.037048339843750000e+01
5.040000000000000000e+02 2.000000000000000000e+01 3.140625190734863281e+01 1.036635494232177734e+01
5.050000000000000000e+02 2.000000000000000000e+01 3.079646682739257812e+01 1.032662105560302734e+01
5.060000000000000000e+02 2.000000000000000000e+01 3.283284759521484375e+01 1.027173328399658203e+01
5.070000000000000000e+02 2.000000000000000000e+01 3.625740051269531250e+01 1.025145912170410156e+01
5.080000000000000000e+02 2.000000000000000000e+01 3.692649841308593750e+01 1.030076980590820312e+01
5.090000000000000000e+02 2.000000000000000000e+01 3.442092514038085938e+01 1.037499427795410156e+01
5.100000000000000000e+02 2.000000000000000000e+01 3.311901092529296875e+01 1.044666957855224609e+01
5.110000000000000000e+02 2.000000000000000000e+01 3.357020187377929688e+01 1.047229766845703125e+01
5.120000000000000000e+02 2.000000000000000000e+01 3.205459594726562500e+01 1.044003963470458984e+01
5.130000000000000000e+02 2.000000000000000000e+01 2.971656799316406250e+01 1.042161846160888672e+01
5.140000000000000000e+02 2.000000000000000000e+01 2.863512039184570312e+01 1.045263481140136719e+01
5.150000000000000000e+02 2.000000000000000000e+01 2.926032447814941406e+01 1.048544311523437500e+01
5.160000000000000000e+02 2.000000000000000000e+01 3.139126586914062500e+01 1.052364158630371094e+01
5.170000000000000000e+02 2.000000000000000000e+01 3.288544082641601562e+01 1.052391910552978516e+01
5.180000000000000000e+02 2.000000000000000000e+01 3.211259460449218750e+01 1.045893955230712891e+01
5.190000000000000000e+02 2.000000000000000000e+01 3.238938903808593750e+01 1.040326881408691406e+01
5.200000000000000000e+02 2.000000000000000000e+01 3.222193908691406250e+01 1.038540172576904297e+01
5.210000000000000000e+02 2.000000000000000000e+01 3.183352470397949219e+01 1.036386299133300781e+01
5.220000000000000000e+02 2.000000000000000000e+01 3.192254066467285156e+01 1.031035709381103516e+01
5.230000000000000000e+02 2.000000000000000000e+01 3.222951507568359375e+01 1.025556468963623047e+01
5.240000000000000000e+02 2.000000000000000000e+01 3.186381340026855469e+01 1.024162960052490234e+01
5.250000000000000000e+02 2.000000000000000000e+01 3.248147201538085938e+01 1.027626323699951172e+01
5.260000000000000000e+02 2.000000000000000000e+01 3.242591476440429688e+01 1.027544498443603516e+01
5.270000000000000000e+02 2.000000000000000000e+01 3.347018814086914062e+01 1.028512382507324219e+01
5.280000000000000000e+02 2.000000000000000000e+01 3.295408630371093750e+01 1.031357288360595703e+01
5.290000000000000000e+02 2.000000000000000000e+01 3.333603668212890625e+01 1.034967803955078125e+01
5.300000000000000000e+02 2.000000000000000000e+01 3.592007446289062500e+01 1.037009716033935547e+01
5.310000000000000000e+02 2.000000000000000000e+01 3.482376861572265625e+01 1.041360282897949219e+01
5.320000000000000000e+02 2.000000000000000000e+01 3.284757232666015625e+01 1.050315284729003906e+01
5.330000000000000000e+02 2.000000000000000000e+01 3.400995635986328125e+01 1.060261440277099609e+01
5.340000000000000000e+02 2.000000000000000000e+01 3.514543151855468750e+01 1.062323284149169922e+01
5.350000000000000000e+02 2.000000000000000000e+01 3.474183654785156250e+01 1.057749271392822266e+01
5.360000000000000000e+02 2.000000000000000000e+01 3.405691909790039062e+01 1.052007293701171875e+01
5.370000000000000000e+02 2.000000000000000000e+01 3.525077056884765625e+01 1.049069309234619141e+01
5.380000000000000000e+02 2.000000000000000000e+01 3.407835006713867188e+01 1.048924350738525391e+01
5.390000000000000000e+02 2.000000000000000000e+01 3.087028884887695312e+01 1.047292995452880859e+01
5.400000000000000000e+02 2.000000000000000000e+01 3.009446144104003906e+01 1.048092174530029297e+01
5.410000000000000000e+02 2.000000000000000000e+01 3.084852409362792969e+01 1.054837703704833984e+01
5.420000000000000000e+02 2.000000000000000000e+01 3.287199783325195312e+01 1.057728767395019531e+01
5.430000000000000000e+02 2.000000000000000000e+01 3.401003646850585938e+01 1.063356208801269531e+01
5.440000000000000000e+02 2.000000000000000000e+01 3.243471145629882812e+01 1.070254611968994141e+01
5.450000000000000000e+02 2.000000000000000000e+01 3.405901718139648438e+01 1.076911258697509766e+01
5.460000000000000000e+02 2.000000000000000000e+01 3.461013793945312500e+01 1.079559230804443359e+01
5.470000000000000000e+02 2.000000000000000000e+01 3.303683853149414062e+01 1.075932502746582031e+01
5.480000000000000000e+02 2.000000000000000000e+01 3.441368103027343750e+01 1.071349906921386719e+01
5.490000000000000000e+02 2.000000000000000000e+01 3.511279678344726562e+01 1.069563961029052734e+01
5.500000000000000000e+02 2.000000000000000000e+01 3.353522109985351562e+01 1.070227050781250000e+01
5.510000000000000000e+02 2.000000000000000000e+01 3.253672027587890625e+01 1.072139644622802734e+01
5.520000000000000000e+02 2.000000000000000000e+01 3.363866806030273438e+01 1.069882106781005859e+01
5.530000000000000000e+02 2.000000000000000000e+01 3.284132385253906250e+01 1.066253852844238281e+01
5.540000000000000000e+02 2.000000000000000000e+01 3.038477516174316406e+01 1.064926433563232422e+01
5.550000000000000000e+02 2.000000000000000000e+01 3.180171203613281250e+01 1.064871692657470703e+01
5.560000000000000000e+02 2.000000000000000000e+01 3.127618980407714844e+01 1.061166667938232422e+01
5.570000000000000000e+02 2.000000000000000000e+01 2.927842712402343750e+01 1.058160686492919922e+01
5.580000000000000000e+02 2.000000000000000000e+01 3.124750900268554688e+01 1.059272956848144531e+01
5.590000000000000000e+02 2.000000000000000000e+01 3.285785293579101562e+01 1.063815593719482422e+01
5.600000000000000000e+02 2.000000000000000000e+01 3.370161056518554688e+01 1.064921951293945312e+01
5.610000000000000000e+02 2.000000000000000000e+01 3.546256256103515625e+01 1.071026802062988281e+01
5.620000000000000000e+02 2.000000000000000000e+01 3.663945388793945312e+01 1.076754283905029297e+01
5.630000000000000000e+02 2.000000000000000000e+01 3.664120864868164062e+01 1.082334804534912109e+01
5.640000000000000000e+02 2.000000000000000000e+01 3.916972732543945312e+01 1.085556888580322266e+01
5.650000000000000000e+02 2.000000000000000000e+01 3.973226928710937500e+01 1.089594936370849609e+01
5.660000000000000000e+02 2.000000000000000000e+01 3.866740036010742188e+01 1.087622737884521484e+01
5.670000000000000000e+02 2.000000000000000000e+01 3.467648315429687500e+01 1.088245391845703125e+01
5.680000000000000000e+02 2.000000000000000000e+01 3.417683792114257812e+01 1.090637683868408203e+01
5.690000000000000000e+02 2.000000000000000000e+01 3.583970260620117188e+01 1.092297840118408203e+01
5.700000000000000000e+02 2.000000000000000000e+01 3.557399749755859375e+01 1.091277217864990234e+01
5.710000000000000000e+02 2.000000000000000000e+01 3.468316268920898438e+01 1.089541816711425781e+01
5.720000000000000000e+02 2.000000000000000000e+01 3.289833450317382812e+01 1.084176063537597656e+01
5.730000000000000000e+02 2.000000000000000000e+01 3.213919067382812500e+01 1.077993679046630859e+01
5.740000000000000000e+02 2.000000000000000000e+01 3.227419281005859375e+01 1.072565269470214844e+01
5.750000000000000000e+02 2.000000000000000000e+01 3.191590309143066406e+01 1.070220470428466797e+01
5.760000000000000000e+02 2.000000000000000000e+01 3.302509307861328125e+01 1.070915889739990234e+01
5.770000000000000000e+02 2.000000000000000000e+01 3.547591781616210938e+01 1.067755222320556641e+01
5.780000000000000000e+02 2.000000000000000000e+01 3.511226654052734375e+01 1.062390708923339844e+01
5.790000000000000000e+02 2.000000000000000000e+01 3.365545272827148438e+01 1.054480075836181641e+01
5.800000000000000000e+02 2.000000000000000000e+01 3.439200973510742188e+01 1.053023910522460938e+01
5.810000000000000000e+02 2.000000000000000000e+01 3.549728775024414062e+01 1.055098247528076172e+01
5.820000000000000000e+02 2.000000000000000000e+01 3.311339187622070312e+01 1.057952022552490234e+01
5.830000000000000000e+02 2.000000000000000000e+01 3.285637664794921875e+01 1.059465217590332031e+01
5.840000000000000000e+02 2.000000000000000000e+01 3.222241210937500000e+01 1.061368751525878906e+01
5.850000000000000000e+02 2.000000000000000000e+01 2.959673118591308594e+01 1.064300441741943359e+01
5.860000000000000000e+02 2.000000000000000000e+01 2.897222518920898438e+01 1.066033363342285156e+01
5.870000000000000000e+02 2.000000000000000000e+01 3.038047599792480469e+01 1.064050960540771484e+01
5.880000000000000000e+02 2.000000000000000000e+01 2.952366447448730469e+01 1.058640384674072266e+01
5.890000000000000000e+02 2.000000000000000000e+01 2.962603187561035156e+01 1.051722049713134766e+01
5.900000000000000000e+02 2.000000000000000000e+01 3.139159774780273438e+01 1.048161602020263672e+01
5.910000000000000000e+02 2.000000000000000000e+01 3.177107429504394531e+01 1.051812934875488281e+01
5.920000000000000000e+02 2.000000000000000000e+01 3.303799819946289062e+01 1.059755325317382812e+01
5.930000000000000000e+02 2.000000000000000000e+01 3.437400436401367188e+01 1.067195224761962891e+01
5.940000000000000000e+02 2.000000000000000000e+01 3.299584197998046875e+01 1.072985172271728516e+01
5.950000000000000000e+02 2.000000000000000000e+01 3.258642959594726562e+01 1.075320816040039062e+01
5.960000000000000000e+02 2.000000000000000000e+01 3.257420349121093750e+01 1.075212955474853516e+01
5.970000000000000000e+02 2.000000000000000000e+01 3.227314376831054688e+01 1.075430393218994141e+01
5.980000000000000000e+02 2.000000000000000000e+01 3.132848167419433594e+01 1.079976558685302734e+01
5.990000000000000000e+02 2.000000000000000000e+01 3.347552871704101562e+01 1.085656738281250000e+01
6.000000000000000000e+02 2.000000000000000000e+01 3.410252761840820312e+01 1.086521530151367188e+01
6.010000000000000000e+02 2.000000000000000000e+01 3.193656349182128906e+01 1.082938957214355469e+01
6.020000000000000000e+02 2.000000000000000000e+01 3.249312973022460938e+01 1.081533718109130859e+01
6.030000000000000000e+02 2.000000000000000000e+01 3.447780227661132812e+01 1.082550525665283203e+01
6.040000000000000000e+02 2.000000000000000000e+01 3.438918685913085938e+01 1.078658580780029297e+01
6.050000000000000000e+02 2.000000000000000000e+01 3.171155548095703125e+01 1.070063304901123047e+01
6.060000000000000000e+02 2.000000000000000000e+01 3.198211479187011719e+01 1.063215541839599609e+01
6.070000000000000000e+02 2.000000000000000000e+01 3.277872848510742188e+01 1.059698772430419922e+01
6.080000000000000000e+02 2.000000000000000000e+01 3.261928939819335938e+01 1.058456420898437500e+01
6.090000000000000000e+02 2.000000000000000000e+01 3.131232452392578125e+01 1.060012817382812500e+01
6.100000000000000000e+02 2.000000000000000000e+01 3.070428466796875000e+01 1.059155368804931641e+01
6.110000000000000000e+02 2.000000000000000000e+01 3.094811439514160156e+01 1.056927680969238281e+01
6.120000000000000000e+02 2.000000000000000000e+01 2.998392486572265625e+01 1.056689357757568359e+01
6.130000000000000000e+02 2.000000000000000000e+01 3.082942199707031250e+01 1.063705062866210938e+01
6.140000000000000000e+02 2.000000000000000000e+01 2.940503692626953125e+01 1.066734790802001953e+01
6.150000000000000000e+02 2.000000000000000000e+01 2.800600624084472656e+01 1.063350009918212891e+01
6.160000000000000000e+02 2.000000000000000000e+01 3.072216987609863281e+01 1.061230945587158203e+01
6.170000000000000000e+02 2.000000000000000000e+01 3.039943695068359375e+01 1.060682296752929688e+01
6.180000000000000000e+02 2.000000000000000000e+01 2.964000701904296875e+01 1.058932399749755859e+01
6.190000000000000000e+02 2.000000000000000000e+01 3.144273948669433594e+01 1.057683944702148438e+01
6.200000000000000000e+02 2.000000000000000000e+01 3.337255477905273438e+01 1.057136058807373047e+01
6.210000000000000000e+02 2.000000000000000000e+01 3.362348175048828125e+01 1.056006145477294922e+01
6.220000000000000000e+02 2.000000000000000000e+01 3.318645477294921875e+01 1.054833412170410156e+01
6.230000000000000000e+02 2.000000000000000000e+01 3.068154716491699219e+01 1.049182701110839844e+01
6.240000000000000000e+02 2.000000000000000000e+01 3.156470870971679688e+01 1.044928264617919922e+01
6.250000000000000000e+02 2.000000000000000000e+01 3.401420974731445312e+01 1.040382194519042969e+01
6.260000000000000000e+02 2.000000000000000000e+01 3.267778015136718750e+01 1.037397384643554688e+01
6.270000000000000000e+02 2.000000000000000000e+01 3.159742164611816406e+01 1.032279396057128906e+01
6.280000000000000000e+02 2.000000000000000000e+01 3.065707206726074219e+01 1.024209976196289062e+01
6.290000000000000000e+02 2.000000000000000000e+01 2.916082572937011719e+01 1.023522663116455078e+01
6.300000000000000000e+02 2.000000000000000000e+01 3.059791564941406250e+01 1.026172447204589844e+01
6.310000000000000000e+02 2.000000000000000000e+01 3.161979675292968750e+01 1.026684474945068359e+01
6.320000000000000000e+02 2.000000000000000000e+01 3.043188285827636719e+01 1.027248382568359375e+01
6.330000000000000000e+02 2.000000000000000000e+01 2.956751632690429688e+01 1.025947570800781250e+01
6.340000000000000000e+02 2.000000000000000000e+01 3.017347526550292969e+01 1.022566032409667969e+01
6.350000000000000000e+02 2.000000000000000000e+01 3.094156837463378906e+01 1.018918800354003906e+01
6.360000000000000000e+02 2.000000000000000000e+01 3.174381065368652344e+01 1.015697383880615234e+01
6.370000000000000000e+02 2.000000000000000000e+01 3.137709617614746094e+01 1.012937545776367188e+01
6.380000000000000000e+02 2.000000000000000000e+01 3.214340591430664062e+01 1.011167812347412109e+01
6.390000000000000000e+02 2.000000000000000000e+01 3.276655960083007812e+01 1.009367656707763672e+01
6.400000000000000000e+02 2.000000000000000000e+01 3.206385421752929688e+01 1.006701374053955078e+01
6.410000000000000000e+02 2.000000000000000000e+01 3.031767272949218750e+01 1.005357933044433594e+01
6.420000000000000000e+02 2.000000000000000000e+01 2.789370155334472656e+01 1.001982593536376953e+01
6.430000000000000000e+02 2.000000000000000000e+01 2.765899658203125000e+01 9.981639862060546875e+00
6.440000000000000000e+02 2.000000000000000000e+01 2.834001350402832031e+01 9.978497505187988281e+00
6.450000000000000000e+02 2.000000000000000000e+01 2.956847190856933594e+01 1.000133037567138672e+01
6.460000000000000000e+02 2.000000000000000000e+01 3.075722694396972656e+01 1.001312541961669922e+01
6.470000000000000000e+02 2.000000000000000000e+01 2.860488700866699219e+01 1.002589321136474609e+01
6.480000000000000000e+02 2.000000000000000000e+01 2.693994522094726562e+01 1.001255702972412109e+01
6.490000000000000000e+02 2.000000000000000000e+01 2.880921363830566406e+01 1.000600433349609375e+01
6.500000000000000000e+02 2.000000000000000000e+01 3.018044471740722656e+01 9.946160316467285156e+00
6.510000000000000000e+02 2.000000000000000000e+01 2.827541923522949219e+01 9.902937889099121094e+00
6.520000000000000000e+02 2.000000000000000000e+01 2.859627723693847656e+01 9.925129890441894531e+00
6.530000000000000000e+02 2.000000000000000000e+01 2.885075187683105469e+01 9.978110313415527344e+00
6.540000000000000000e+02 2.000000000000000000e+01 2.648241996765136719e+01 9.994925498962402344e+00
6.550000000000000000e+02 2.000000000000000000e+01 2.656756591796875000e+01 9.964355468750000000e+00
6.560000000000000000e+02 2.000000000000000000e+01 2.729271697998046875e+01 9.943930625915527344e+00
6.570000000000000000e+02 2.000000000000000000e+01 2.710372543334960938e+01 9.952528953552246094e+00
6.580000000000000000e+02 2.000000000000000000e+01 2.757643890380859375e+01 9.973344802856445312e+00
6.590000000000000000e+02 2.000000000000000000e+01 2.834072494506835938e+01 9.939178466796875000e+00
6.600000000000000000e+02 2.000000000000000000e+01 2.834997749328613281e+01 9.922720909118652344e+00
6.610000000000000000e+02 2.000000000000000000e+01 2.854623413085937500e+01 9.881500244140625000e+00
6.620000000000000000e+02 2.000000000000000000e+01 2.847356986999511719e+01 9.845194816589355469e+00
6.630000000000000000e+02 2.000000000000000000e+01 2.880179023742675781e+01 9.832078933715820312e+00
6.640000000000000000e+02 2.000000000000000000e+01 2.823276901245117188e+01 9.859481811523437500e+00
6.650000000000000000e+02 2.000000000000000000e+01 2.875291252136230469e+01 9.962719917297363281e+00
6.660000000000000000e+02 2.000000000000000000e+01 2.944036483764648438e+01 1.009588241577148438e+01
6.670000000000000000e+02 2.000000000000000000e+01 2.788484764099121094e+01 1.020201778411865234e+01
6.680000000000000000e+02 2.000000000000000000e+01 2.636081314086914062e+01 1.030369281768798828e+01
6.690000000000000000e+02 2.000000000000000000e+01 2.682620239257812500e+01 1.038738918304443359e+01
6.700000000000000000e+02 2.000000000000000000e+01 2.959646034240722656e+01 1.042223834991455078e+01
6.710000000000000000e+02 2.000000000000000000e+01 3.004665565490722656e+01 1.042487239837646484e+01
6.720000000000000000e+02 2.000000000000000000e+01 3.064166450500488281e+01 1.045809268951416016e+01
6.730000000000000000e+02 2.000000000000000000e+01 3.052029991149902344e+01 1.047749519348144531e+01
6.740000000000000000e+02 2.000000000000000000e+01 3.122620010375976562e+01 1.047934055328369141e+01
6.750000000000000000e+02 2.000000000000000000e+01 3.240513992309570312e+01 1.048609447479248047e+01
6.760000000000000000e+02 2.000000000000000000e+01 3.111883735656738281e+01 1.051262092590332031e+01
6.770000000000000000e+02 2.000000000000000000e+01 3.025750923156738281e+01 1.055092334747314453e+01
6.780000000000000000e+02 2.000000000000000000e+01 3.061287117004394531e+01 1.057273483276367188e+01
6.790000000000000000e+02 2.000000000000000000e+01 2.902641487121582031e+01 1.055598354339599609e+01
6.800000000000000000e+02 2.000000000000000000e+01 2.824285507202148438e+01 1.049196434020996094e+01
6.810000000000000000e+02 2.000000000000000000e+01 2.945779991149902344e+01 1.041369342803955078e+01
6.820000000000000000e+02 2.000000000000000000e+01 2.973604202270507812e+01 1.035910511016845703e+01
6.830000000000000000e+02 2.000000000000000000e+01 2.950166320800781250e+01 1.037145137786865234e+01
6.840000000000000000e+02 2.000000000000000000e+01 2.931618499755859375e+01 1.041328620910644531e+01
6.850000000000000000e+02 2.000000000000000000e+01 2.879987716674804688e+01 1.044636249542236328e+01
6.860000000000000000e+02 2.000000000000000000e+01 2.934772109985351562e+01 1.043814182281494141e+01
6.870000000000000000e+02 2.000000000000000000e+01 2.987468147277832031e+01 1.039762401580810547e+01
6.880000000000000000e+02 2.000000000000000000e+01 3.019864463806152344e+01 1.036901760101318359e+01
6.890000000000000000e+02 2.000000000000000000e+01 3.028895568847656250e+01 1.025438308715820312e+01
6.900000000000000000e+02 2.000000000000000000e+01 2.953563308715820312e+01 1.016312885284423828e+01
6.910000000000000000e+02 2.000000000000000000e+01 2.913887405395507812e+01 1.010300350189208984e+01
6.920000000000000000e+02 2.000000000000000000e+01 2.970923995971679688e+01 1.003726100921630859e+01
6.930000000000000000e+02 2.000000000000000000e+01 3.016851043701171875e+01 9.935382843017578125e+00
6.940000000000000000e+02 2.000000000000000000e+01 2.924253654479980469e+01 9.849666595458984375e+00
6.950000000000000000e+02 2.000000000000000000e+01 2.864402008056640625e+01 9.805671691894531250e+00
6.960000000000000000e+02 2.000000000000000000e+01 2.969720840454101562e+01 9.790904998779296875e+00
6.970000000000000000e+02 2.000000000000000000e+01 3.005230140686035156e+01 9.775114059448242188e+00
6.980000000000000000e+02 2.000000000000000000e+01 2.978101158142089844e+01 9.756728172302246094e+00
6.990000000000000000e+02 2.000000000000000000e+01 2.960653686523437500e+01 9.771811485290527344e+00
7.000000000000000000e+02 2.000000000000000000e+01 3.157767105102539062e+01 9.775138854980468750e+00
7.010000000000000000e+02 2.000000000000000000e+01 3.238341140747070312e+01 9.790547370910644531e+00
7.020000000000000000e+02 2.000000000000000000e+01 3.101086616516113281e+01 9.794313430786132812e+00
7.030000000000000000e+02 2.000000000000000000e+01 3.021505546569824219e+01 9.791338920593261719e+00
7.040000000000000000e+02 2.000000000000000000e+01 3.056781196594238281e+01 9.795131683349609375e+00
7.050000000000000000e+02 2.000000000000000000e+01 3.093195724487304688e+01 9.773335456848144531e+00
7.060000000000000000e+02 2.000000000000000000e+01 3.195242118835449219e+01 9.797631263732910156e+00
7.070000000000000000e+02 2.000000000000000000e+01 3.167364501953125000e+01 9.807229995727539062e+00
7.080000000000000000e+02 2.000000000000000000e+01 3.010575103759765625e+01 9.754500389099121094e+00
7.090000000000000000e+02 2.000000000000000000e+01 2.961623191833496094e+01 9.681462287902832031e+00
7.100000000000000000e+02 2.000000000000000000e+01 2.918052673339843750e+01 9.606217384338378906e+00
7.110000000000000000e+02 2.000000000000000000e+01 3.011905479431152344e+01 9.577778816223144531e+00
7.120000000000000000e+02 2.000000000000000000e+01 2.943120956420898438e+01 9.603971481323242188e+00
7.130000000000000000e+02 2.000000000000000000e+01 2.791524696350097656e+01 9.655520439147949219e+00
7.140000000000000000e+02 2.000000000000000000e+01 2.988006019592285156e+01 9.705122947692871094e+00
7.150000000000000000e+02 2.000000000000000000e+01 3.165762710571289062e+01 9.735193252563476562e+00
7.160000000000000000e+02 2.000000000000000000e+01 3.236766433715820312e+01 9.769179344177246094e+00
7.170000000000000000e+02 2.000000000000000000e+01 3.152765655517578125e+01 9.755696296691894531e+00
7.180000000000000000e+02 2.000000000000000000e+01 2.856465530395507812e+01 9.730958938598632812e+00
7.190000000000000000e+02 2.000000000000000000e+01 2.904195022583007812e+01 9.762583732604980469e+00
7.200000000000000000e+02 2.000000000000000000e+01 2.946990585327148438e+01 9.772054672241210938e+00
7.210000000000000000e+02 2.000000000000000000e+01 2.687937355041503906e+01 9.792705535888671875e+00
7.220000000000000000e+02 2.000000000000000000e+01 2.599123954772949219e+01 9.827422142028808594e+00
7.230000000000000000e+02 2.000000000000000000e+01 2.527864837646484375e+01 9.862957000732421875e+00
7.240000000000000000e+02 2.000000000000000000e+01 2.435428047180175781e+01 9.845191001892089844e+00
7.250000000000000000e+02 2.000000000000000000e+01 2.607296943664550781e+01 9.788926124572753906e+00
7.260000000000000000e+02 2.000000000000000000e+01 2.811926841735839844e+01 9.731466293334960938e+00
7.270000000000000000e+02 2.000000000000000000e+01 2.756612396240234375e+01 9.719077110290527344e+00
7.280000000000000000e+02 2.000000000000000000e+01 2.767997932434082031e+01 9.692988395690917969e+00
7.290000000000000000e+02 2.000000000000000000e+01 2.968698692321777344e+01 9.681161880493164062e+00
7.300000000000000000e+02 2.000000000000000000e+01 2.766109275817871094e+01 9.668434143066406250e+00
7.310000000000000000e+02 2.000000000000000000e+01 2.657355499267578125e+01 9.636178970336914062e+00
7.320000000000000000e+02 2.000000000000000000e+01 2.636617279052734375e+01 9.597036361694335938e+00
7.330000000000000000e+02 2.000000000000000000e+01 2.674061584472656250e+01 9.541823387145996094e+00
7.340000000000000000e+02 2.000000000000000000e+01 2.639351844787597656e+01 9.494319915771484375e+00
7.350000000000000000e+02 2.000000000000000000e+01 2.672403526306152344e+01 9.475584983825683594e+00
7.360000000000000000e+02 2.000000000000000000e+01 2.712046051025390625e+01 9.483028411865234375e+00
7.370000000000000000e+02 2.000000000000000000e+01 2.643301200866699219e+01 9.487127304077148438e+00
7.380000000000000000e+02 2.000000000000000000e+01 2.558034133911132812e+01 9.463382720947265625e+00
7.390000000000000000e+02 2.000000000000000000e+01 2.719278907775878906e+01 9.458170890808105469e+00
7.400000000000000000e+02 2.000000000000000000e+01 2.878284072875976562e+01 9.494030952453613281e+00
7.410000000000000000e+02 2.000000000000000000e+01 2.707851982116699219e+01 9.497405052185058594e+00
7.420000000000000000e+02 2.000000000000000000e+01 2.508514595031738281e+01 9.496178627014160156e+00
7.430000000000000000e+02 2.000000000000000000e+01 2.643119049072265625e+01 9.527808189392089844e+00
7.440000000000000000e+02 2.000000000000000000e+01 2.813657951354980469e+01 9.561645507812500000e+00
7.450000000000000000e+02 2.000000000000000000e+01 2.860793304443359375e+01 9.574378967285156250e+00
7.460000000000000000e+02 2.000000000000000000e+01 2.763633918762207031e+01 9.537775039672851562e+00
7.470000000000000000e+02 2.000000000000000000e+01 2.606882286071777344e+01 9.474287986755371094e+00
7.480000000000000000e+02 2.000000000000000000e+01 2.726969718933105469e+01 9.389154434204101562e+00
7.490000000000000000e+02 2.000000000000000000e+01 2.876614570617675781e+01 9.326358795166015625e+00
7.500000000000000000e+02 2.000000000000000000e+01 2.720674514770507812e+01 9.313943862915039062e+00
7.510000000000000000e+02 2.000000000000000000e+01 2.723530578613281250e+01 9.293167114257812500e+00
7.520000000000000000e+02 2.000000000000000000e+01 2.651578140258789062e+01 9.236458778381347656e+00
7.530000000000000000e+02 2.000000000000000000e+01 2.465216827392578125e+01 9.155737876892089844e+00
7.540000000000000000e+02 2.000000000000000000e+01 2.370271873474121094e+01 9.095807075500488281e+00
7.550000000000000000e+02 2.000000000000000000e+01 2.562902641296386719e+01 9.105941772460937500e+00
7.560000000000000000e+02 2.000000000000000000e+01 2.817208671569824219e+01 9.152800559997558594e+00
7.570000000000000000e+02 2.000000000000000000e+01 2.719317245483398438e+01 9.216303825378417969e+00
7.580000000000000000e+02 2.000000000000000000e+01 2.568714141845703125e+01 9.243585586547851562e+00
7.590000000000000000e+02 2.000000000000000000e+01 2.558450126647949219e+01 9.247764587402343750e+00
7.600000000000000000e+02 2.000000000000000000e+01 2.577834129333496094e+01 9.165304183959960938e+00
7.610000000000000000e+02 2.000000000000000000e+01 2.581703186035156250e+01 9.074932098388671875e+00
7.620000000000000000e+02 2.000000000000000000e+01 2.654905319213867188e+01 9.007719993591308594e+00
7.630000000000000000e+02 2.000000000000000000e+01 2.884282493591308594e+01 8.966798782348632812e+00
7.640000000000000000e+02 2.000000000000000000e+01 2.777649688720703125e+01 8.962674140930175781e+00
7.650000000000000000e+02 2.000000000000000000e+01 2.534278678894042969e+01 8.976557731628417969e+00
7.660000000000000000e+02 2.000000000000000000e+01 2.554458808898925781e+01 9.003114700317382812e+00
7.670000000000000000e+02 2.000000000000000000e+01 2.584033012390136719e+01 9.018977165222167969e+00
7.680000000000000000e+02 2.000000000000000000e+01 2.606098937988281250e+01 9.025371551513671875e+00
7.690000000000000000e+02 2.000000000000000000e+01 2.635982131958007812e+01 8.989359855651855469e+00
7.700000000000000000e+02 2.000000000000000000e+01 2.489715194702148438e+01 9.005366325378417969e+00
7.710000000000000000e+02 2.000000000000000000e+01 2.484945869445800781e+01 9.047404289245605469e+00
7.720000000000000000e+02 2.000000000000000000e+01 2.559057617187500000e+01 9.077544212341308594e+00
7.730000000000000000e+02 2.000000000000000000e+01 2.385962104797363281e+01 9.055934906005859375e+00
7.740000000000000000e+02 2.000000000000000000e+01 2.423156929016113281e+01 9.016852378845214844e+00
7.750000000000000000e+02 2.000000000000000000e+01 2.617917823791503906e+01 9.030250549316406250e+00
7.760000000000000000e+02 2.000000000000000000e+01 2.471513366699218750e+01 9.056754112243652344e+00
7.770000000000000000e+02 2.000000000000000000e+01 2.350956153869628906e+01 9.091402053833007812e+00
7.780000000000000000e+02 2.000000000000000000e+01 2.390399742126464844e+01 9.101335525512695312e+00
7.790000000000000000e+02 2.000000000000000000e+01 2.452899551391601562e+01 9.100461006164550781e+00
7.800000000000000000e+02 2.000000000000000000e+01 2.459911727905273438e+01 9.081219673156738281e+00
7.810000000000000000e+02 2.000000000000000000e+01 2.471263504028320312e+01 9.073193550109863281e+00
7.820000000000000000e+02 2.000000000000000000e+01 2.424856376647949219e+01 9.111058235168457031e+00
7.830000000000000000e+02 2.000000000000000000e+01 2.401679992675781250e+01 9.149943351745605469e+00
7.840000000000000000e+02 2.000000000000000000e+01 2.529468727111816406e+01 9.176623344421386719e+00
7.850000000000000000e+02 2.000000000000000000e+01 2.438635635375976562e+01 9.151431083679199219e+00
7.860000000000000000e+02 2.000000000000000000e+01 2.366089630126953125e+01 9.116734504699707031e+00
7.870000000000000000e+02 2.000000000000000000e+01 2.554926490783691406e+01 9.124378204345703125e+00
7.880000000000000000e+02 2.000000000000000000e+01 2.600908279418945312e+01 9.171541213989257812e+00
7.890000000000000000e+02 2.000000000000000000e+01 2.619159317016601562e+01 9.211938858032226562e+00
7.900000000000000000e+02 2.000000000000000000e+01 2.721443176269531250e+01 9.274401664733886719e+00
7.910000000000000000e+02 2.000000000000000000e+01 2.711966896057128906e+01 9.312088012695312500e+00
7.920000000000000000e+02 2.000000000000000000e+01 2.691004943847656250e+01 9.322755813598632812e+00
7.930000000000000000e+02 2.000000000000000000e+01 2.674578475952148438e+01 9.327663421630859375e+00
7.940000000000000000e+02 2.000000000000000000e+01 2.662306022644042969e+01 9.355124473571777344e+00
7.950000000000000000e+02 2.000000000000000000e+01 2.733966827392578125e+01 9.427706718444824219e+00
7.960000000000000000e+02 2.000000000000000000e+01 2.804343795776367188e+01 9.477840423583984375e+00
7.970000000000000000e+02 2.000000000000000000e+01 2.772898101806640625e+01 9.561949729919433594e+00
7.980000000000000000e+02 2.000000000000000000e+01 2.877753448486328125e+01 9.583186149597167969e+00
7.990000000000000000e+02 2.000000000000000000e+01 2.897262573242187500e+01 9.567431449890136719e+00
8.000000000000000000e+02 2.000000000000000000e+01 2.836449432373046875e+01 9.534107208251953125e+00
8.010000000000000000e+02 2.000000000000000000e+01 2.879552268981933594e+01 9.543288230895996094e+00
8.020000000000000000e+02 2.000000000000000000e+01 2.975139999389648438e+01 9.567043304443359375e+00
8.030000000000000000e+02 2.000000000000000000e+01 2.823999023437500000e+01 9.584105491638183594e+00
8.040000000000000000e+02 2.000000000000000000e+01 2.531882667541503906e+01 9.547282218933105469e+00
8.050000000000000000e+02 2.000000000000000000e+01 2.559207344055175781e+01 9.491653442382812500e+00
8.060000000000000000e+02 2.000000000000000000e+01 2.769029235839843750e+01 9.470478057861328125e+00
8.070000000000000000e+02 2.000000000000000000e+01 2.758490371704101562e+01 9.412961959838867188e+00
8.080000000000000000e+02 2.000000000000000000e+01 2.646411132812500000e+01 9.357384681701660156e+00
8.090000000000000000e+02 2.000000000000000000e+01 2.670322227478027344e+01 9.299028396606445312e+00
8.100000000000000000e+02 2.000000000000000000e+01 2.642315101623535156e+01 9.266551971435546875e+00
8.110000000000000000e+02 2.000000000000000000e+01 2.575698280334472656e+01 9.246402740478515625e+00
8.120000000000000000e+02 2.000000000000000000e+01 2.627490806579589844e+01 9.207572937011718750e+00
8.130000000000000000e+02 2.000000000000000000e+01 2.612369918823242188e+01 9.162649154663085938e+00
8.140000000000000000e+02 2.000000000000000000e+01 2.539257812500000000e+01 9.104950904846191406e+00
8.150000000000000000e+02 2.000000000000000000e+01 2.485135078430175781e+01 9.049267768859863281e+00
8.160000000000000000e+02 2.000000000000000000e+01 2.562607192993164062e+01 8.996695518493652344e+00
8.170000000000000000e+02 2.000000000000000000e+01 2.581979751586914062e+01 8.934298515319824219e+00
8.180000000000000000e+02 2.000000000000000000e+01 2.571686935424804688e+01 8.906616210937500000e+00
8.190000000000000000e+02 2.000000000000000000e+01 2.556867980957031250e+01 8.901545524597167969e+00
8.200000000000000000e+02 2.000000000000000000e+01 2.554254150390625000e+01 8.879267692565917969e+00
8.210000000000000000e+02 2.000000000000000000e+01 2.650475120544433594e+01 8.851292610168457031e+00
8.220000000000000000e+02 2.000000000000000000e+01 2.628520011901855469e+01 8.811832427978515625e+00
8.230000000000000000e+02 2.000000000000000000e+01 2.550288200378417969e+01 8.742413520812988281e+00
8.240000000000000000e+02 2.000000000000000000e+01 2.625056838989257812e+01 8.717980384826660156e+00
8.250000000000000000e+02 2.000000000000000000e+01 2.613502120971679688e+01 8.760463714599609375e+00
8.260000000000000000e+02 2.000000000000000000e+01 2.497877311706542969e+01 8.827842712402343750e+00
8.270000000000000000e+02 2.000000000000000000e+01 2.422700500488281250e+01 8.878333091735839844e+00
8.280000000000000000e+02 2.000000000000000000e+01 2.500911903381347656e+01 8.945487976074218750e+00
8.290000000000000000e+02 2.000000000000000000e+01 2.682374572753906250e+01 9.043922424316406250e+00
8.300000000000000000e+02 2.000000000000000000e+01 2.665521240234375000e+01 9.103497505187988281e+00
8.310000000000000000e+02 2.000000000000000000e+01 2.490905570983886719e+01 9.127490997314453125e+00
8.320000000000000000e+02 2.000000000000000000e+01 2.512717247009277344e+01 9.131930351257324219e+00
8.330000000000000000e+02 2.000000000000000000e+01 2.541264533996582031e+01 9.150918006896972656e+00
8.340000000000000000e+02 2.000000000000000000e+01 2.590255355834960938e+01 9.160895347595214844e+00
8.350000000000000000e+02 2.000000000000000000e+01 2.526969718933105469e+01 9.160243034362792969e+00
8.360000000000000000e+02 2.000000000000000000e+01 2.427984237670898438e+01 9.123597145080566406e+00
8.370000000000000000e+02 2.000000000000000000e+01 2.378866767883300781e+01 9.089682579040527344e+00
8.380000000000000000e+02 2.000000000000000000e+01 2.262541198730468750e+01 9.075221061706542969e+00
8.390000000000000000e+02 2.000000000000000000e+01 2.350324630737304688e+01 9.046298027038574219e+00
8.400000000000000000e+02 2.000000000000000000e+01 2.543984222412109375e+01 8.996205329895019531e+00
8.410000000000000000e+02 2.000000000000000000e+01 2.583566284179687500e+01 8.926720619201660156e+00
8.420000000000000000e+02 2.000000000000000000e+01 2.567333793640136719e+01 8.887411117553710938e+00
8.430000000000000000e+02 2.000000000000000000e+01 2.545061111450195312e+01 8.875125885009765625e+00
8.440000000000000000e+02 2.000000000000000000e+01 2.505464172363281250e+01 8.913823127746582031e+00
8.450000000000000000e+02 2.000000000000000000e+01 2.501774978637695312e+01 8.913905143737792969e+00
8.460000000000000000e+02 2.000000000000000000e+01 2.495483207702636719e+01 8.849646568298339844e+00
8.470000000000000000e+02 2.000000000000000000e+01 2.511627960205078125e+01 8.786066055297851562e+00
8.480000000000000000e+02 2.000000000000000000e+01 2.530901908874511719e+01 8.779547691345214844e+00
8.490000000000000000e+02 2.000000000000000000e+01 2.575069046020507812e+01 8.787266731262207031e+00
8.500000000000000000e+02 2.000000000000000000e+01 2.407273101806640625e+01 8.752443313598632812e+00
8.510000000000000000e+02 2.000000000000000000e+01 2.223166465759277344e+01 8.664331436157226562e+00
8.520000000000000000e+02 2.000000000000000000e+01 2.205147743225097656e+01 8.632141113281250000e+00
8.530000000000000000e+02 2.000000000000000000e+01 2.339467048645019531e+01 8.607184410095214844e+00
8.540000000000000000e+02 2.000000000000000000e+01 2.462588310241699219e+01 8.614517211914062500e+00
8.550000000000000000e+02 2.000000000000000000e+01 2.327466583251953125e+01 8.611088752746582031e+00
8.560000000000000000e+02 2.000000000000000000e+01 2.285677337646484375e+01 8.592932701110839844e+00
8.570000000000000000e+02 2.000000000000000000e+01 2.269225311279296875e+01 8.574034690856933594e+00
8.580000000000000000e+02 2.000000000000000000e+01 2.317009544372558594e+01 8.577669143676757812e+00
8.590000000000000000e+02 2.000000000000000000e+01 2.518765068054199219e+01 8.601826667785644531e+00
8.600000000000000000e+02 2.000000000000000000e+01 2.562032127380371094e+01 8.612292289733886719e+00
8.610000000000000000e+02 2.000000000000000000e+01 2.449127388000488281e+01 8.584929466247558594e+00
8.620000000000000000e+02 2.000000000000000000e+01 2.343319320678710938e+01 8.562815666198730469e+00
8.630000000000000000e+02 2.000000000000000000e+01 2.322640991210937500e+01 8.557803153991699219e+00
8.640000000000000000e+02 2.000000000000000000e+01 2.386641502380371094e+01 8.575206756591796875e+00
8.650000000000000000e+02 2.000000000000000000e+01 2.331274986267089844e+01 8.608512878417968750e+00
8.660000000000000000e+02 2.000000000000000000e+01 2.237557601928710938e+01 8.624767303466796875e+00
8.670000000000000000e+02 2.000000000000000000e+01 2.224086761474609375e+01 8.650887489318847656e+00
8.680000000000000000e+02 2.000000000000000000e+01 2.148260307312011719e+01 8.657713890075683594e+00
8.690000000000000000e+02 2.000000000000000000e+01 2.078657722473144531e+01 8.662437438964843750e+00
8.700000000000000000e+02 2.000000000000000000e+01 2.073633575439453125e+01 8.674653053283691406e+00
8.710000000000000000e+02 2.000000000000000000e+01 2.177038192749023438e+01 8.678909301757812500e+00
8.720000000000000000e+02 2.000000000000000000e+01 2.284234046936035156e+01 8.710713386535644531e+00
8.730000000000000000e+02 2.000000000000000000e+01 2.297718620300292969e+01 8.729239463806152344e+00
8.740000000000000000e+02 2.000000000000000000e+01 2.209768486022949219e+01 8.725450515747070312e+00
8.750000000000000000e+02 2.000000000000000000e+01 2.260370445251464844e+01 8.712895393371582031e+00
8.760000000000000000e+02 2.000000000000000000e+01 2.245576095581054688e+01 8.706175804138183594e+00
8.770000000000000000e+02 2.000000000000000000e+01 2.100725364685058594e+01 8.709818840026855469e+00
8.780000000000000000e+02 2.000000000000000000e+01 2.122390747070312500e+01 8.708083152770996094e+00
8.790000000000000000e+02 2.000000000000000000e+01 2.242333984375000000e+01 8.713438987731933594e+00
8.800000000000000000e+02 2.000000000000000000e+01 2.282929420471191406e+01 8.695318222045898438e+00
8.810000000000000000e+02 2.000000000000000000e+01 2.278709983825683594e+01 8.667694091796875000e+00
8.820000000000000000e+02 2.000000000000000000e+01 2.178927612304687500e+01 8.621753692626953125e+00
8.830000000000000000e+02 2.000000000000000000e+01 2.175914382934570312e+01 8.541224479675292969e+00
8.840000000000000000e+02 2.000000000000000000e+01 2.227391242980957031e+01 8.488624572753906250e+00
8.850000000000000000e+02 2.000000000000000000e+01 2.155353546142578125e+01 8.435759544372558594e+00
8.860000000000000000e+02 2.000000000000000000e+01 2.174368667602539062e+01 8.430381774902343750e+00
8.870000000000000000e+02 2.000000000000000000e+01 2.302261352539062500e+01 8.415798187255859375e+00
8.880000000000000000e+02 2.000000000000000000e+01 2.373161888122558594e+01 8.437330245971679688e+00
8.890000000000000000e+02 2.000000000000000000e+01 2.256156349182128906e+01 8.450212478637695312e+00
8.900000000000000000e+02 2.000000000000000000e+01 2.186365509033203125e+01 8.419853210449218750e+00
8.910000000000000000e+02 2.000000000000000000e+01 2.373215866088867188e+01 8.348467826843261719e+00
8.920000000000000000e+02 2.000000000000000000e+01 2.397434234619140625e+01 8.280166625976562500e+00
8.930000000000000000e+02 2.000000000000000000e+01 2.334559249877929688e+01 8.228552818298339844e+00
8.940000000000000000e+02 2.000000000000000000e+01 2.337636947631835938e+01 8.241861343383789062e+00
8.950000000000000000e+02 2.000000000000000000e+01 2.323295783996582031e+01 8.295752525329589844e+00
8.960000000000000000e+02 2.000000000000000000e+01 2.313600540161132812e+01 8.326703071594238281e+00
8.970000000000000000e+02 2.000000000000000000e+01 2.415472412109375000e+01 8.324400901794433594e+00
8.980000000000000000e+02 2.000000000000000000e+01 2.386795043945312500e+01 8.320872306823730469e+00
8.990000000000000000e+02 2.000000000000000000e+01 2.225710678100585938e+01 8.305556297302246094e+00
9.000000000000000000e+02 2.000000000000000000e+01 2.252451133728027344e+01 8.272413253784179688e+00
9.010000000000000000e+02 2.000000000000000000e+01 2.273671340942382812e+01 8.275909423828125000e+00
9.020000000000000000e+02 2.000000000000000000e+01 2.140628623962402344e+01 8.298533439636230469e+00
9.030000000000000000e+02 2.000000000000000000e+01 2.185032844543457031e+01 8.324407577514648438e+00
9.040000000000000000e+02 2.000000000000000000e+01 2.227381706237792969e+01 8.320981979370117188e+00
9.050000000000000000e+02 2.000000000000000000e+01 2.110210227966308594e+01 8.262559890747070312e+00
9.060000000000000000e+02 2.000000000000000000e+01 2.074444198608398438e+01 8.212363243103027344e+00
9.070000000000000000e+02 2.000000000000000000e+01 2.225356674194335938e+01 8.144052505493164062e+00
9.080000000000000000e+02 2.000000000000000000e+01 2.260442543029785156e+01 8.081495285034179688e+00
9.090000000000000000e+02 2.000000000000000000e+01 2.178646278381347656e+01 8.061122894287109375e+00
9.100000000000000000e+02 2.000000000000000000e+01 2.211940765380859375e+01 8.035696983337402344e+00
9.110000000000000000e+02 2.000000000000000000e+01 2.113316917419433594e+01 8.027442932128906250e+00
9.120000000000000000e+02 2.000000000000000000e+01 2.052790451049804688e+01 8.014893531799316406e+00
9.130000000000000000e+02 2.000000000000000000e+01 2.172922897338867188e+01 7.993252754211425781e+00
9.140000000000000000e+02 2.000000000000000000e+01 2.259819412231445312e+01 7.931658267974853516e+00
9.150000000000000000e+02 2.000000000000000000e+01 2.239217185974121094e+01 7.894187450408935547e+00
9.160000000000000000e+02 2.000000000000000000e+01 2.274132347106933594e+01 7.871397495269775391e+00
9.170000000000000000e+02 2.000000000000000000e+01 2.285032653808593750e+01 7.815895080566406250e+00
9.180000000000000000e+02 2.000000000000000000e+01 2.281986808776855469e+01 7.764100551605224609e+00
9.190000000000000000e+02 2.000000000000000000e+01 2.495852661132812500e+01 7.702322483062744141e+00
9.200000000000000000e+02 2.000000000000000000e+01 2.373841476440429688e+01 7.646733760833740234e+00
9.210000000000000000e+02 2.000000000000000000e+01 2.280612564086914062e+01 7.605481147766113281e+00
9.220000000000000000e+02 2.000000000000000000e+01 2.305800628662109375e+01 7.561181068420410156e+00
9.230000000000000000e+02 2.000000000000000000e+01 2.248652458190917969e+01 7.518306732177734375e+00
9.240000000000000000e+02 2.000000000000000000e+01 2.270885658264160156e+01 7.488628387451171875e+00
9.250000000000000000e+02 2.000000000000000000e+01 2.246857261657714844e+01 7.480664253234863281e+00
9.260000000000000000e+02 2.000000000000000000e+01 2.171847724914550781e+01 7.484401226043701172e+00
9.270000000000000000e+02 2.000000000000000000e+01 2.258760833740234375e+01 7.489585876464843750e+00
9.280000000000000000e+02 2.000000000000000000e+01 2.251082420349121094e+01 7.499976634979248047e+00
9.290000000000000000e+02 2.000000000000000000e+01 2.249268341064453125e+01 7.514518260955810547e+00
9.300000000000000000e+02 2.000000000000000000e+01 2.188782501220703125e+01 7.523240089416503906e+00
9.310000000000000000e+02 2.000000000000000000e+01 2.138666152954101562e+01 7.525115966796875000e+00
9.320000000000000000e+02 2.000000000000000000e+01 2.253824996948242188e+01 7.506041049957275391e+00
9.330000000000000000e+02 2.000000000000000000e+01 2.262307357788085938e+01 7.462502956390380859e+00
9.340000000000000000e+02 2.000000000000000000e+01 2.232628440856933594e+01 7.434236049652099609e+00
9.350000000000000000e+02 2.000000000000000000e+01 2.177415275573730469e+01 7.410388469696044922e+00
9.360000000000000000e+02 2.000000000000000000e+01 2.129566383361816406e+01 7.389759063720703125e+00
9.370000000000000000e+02 2.000000000000000000e+01 2.145444297790527344e+01 7.355227947235107422e+00
9.380000000000000000e+02 2.000000000000000000e+01 2.100708580017089844e+01 7.316831111907958984e+00
9.390000000000000000e+02 2.000000000000000000e+01 2.187816810607910156e+01 7.290673255920410156e+00
9.400000000000000000e+02 2.000000000000000000e+01 2.252588844299316406e+01 7.264008522033691406e+00
9.410000000000000000e+02 2.000000000000000000e+01 2.305675125122070312e+01 7.222301006317138672e+00
9.420000000000000000e+02 2.000000000000000000e+01 2.272394561767578125e+01 7.163321018218994141e+00
9.430000000000000000e+02 2.000000000000000000e+01 2.177367973327636719e+01 7.109510898590087891e+00
9.440000000000000000e+02 2.000000000000000000e+01 2.166599655151367188e+01 7.047420024871826172e+00
9.450000000000000000e+02 2.000000000000000000e+01 2.206269836425781250e+01 6.979505062103271484e+00
9.460000000000000000e+02 2.000000000000000000e+01 2.339668273925781250e+01 6.925753116607666016e+00
9.470000000000000000e+02 2.000000000000000000e+01 2.293497276306152344e+01 6.854642391204833984e+00
9.480000000000000000e+02 2.000000000000000000e+01 2.283534431457519531e+01 6.831810951232910156e+00
9.490000000000000000e+02 2.000000000000000000e+01 2.436825180053710938e+01 6.786878108978271484e+00
9.500000000000000000e+02 2.000000000000000000e+01 2.422890090942382812e+01 6.735787391662597656e+00
9.510000000000000000e+02 2.000000000000000000e+01 2.340814971923828125e+01 6.689348697662353516e+00
9.520000000000000000e+02 2.000000000000000000e+01 2.356358909606933594e+01 6.632250308990478516e+00
9.530000000000000000e+02 2.000000000000000000e+01 2.292808532714843750e+01 6.562329769134521484e+00
9.540000000000000000e+02 2.000000000000000000e+01 2.251587486267089844e+01 6.556201934814453125e+00
9.550000000000000000e+02 2.000000000000000000e+01 2.290414428710937500e+01 6.583387851715087891e+00
9.560000000000000000e+02 2.000000000000000000e+01 2.362103271484375000e+01 6.572357177734375000e+00
9.570000000000000000e+02 2.000000000000000000e+01 2.341098594665527344e+01 6.578773021697998047e+00
9.580000000000000000e+02 2.000000000000000000e+01 2.214892387390136719e+01 6.604039192199707031e+00
9.590000000000000000e+02 2.000000000000000000e+01 2.263521575927734375e+01 6.638592720031738281e+00
9.600000000000000000e+02 2.000000000000000000e+01 2.369391250610351562e+01 6.656745910644531250e+00
9.610000000000000000e+02 2.000000000000000000e+01 2.475687026977539062e+01 6.666529178619384766e+00
9.620000000000000000e+02 2.000000000000000000e+01 2.457736015319824219e+01 6.647531032562255859e+00
9.630000000000000000e+02 2.000000000000000000e+01 2.247449302673339844e+01 6.680478572845458984e+00
9.640000000000000000e+02 2.000000000000000000e+01 2.189503097534179688e+01 6.703561305999755859e+00
9.650000000000000000e+02 2.000000000000000000e+01 2.095717239379882812e+01 6.666522502899169922e+00
9.660000000000000000e+02 2.000000000000000000e+01 2.031339645385742188e+01 6.635413646697998047e+00
9.670000000000000000e+02 2.000000000000000000e+01 2.030249786376953125e+01 6.631259918212890625e+00
9.680000000000000000e+02 2.000000000000000000e+01 2.208508110046386719e+01 6.617954254150390625e+00
9.690000000000000000e+02 2.000000000000000000e+01 2.278325843811035156e+01 6.597489356994628906e+00
9.700000000000000000e+02 2.000000000000000000e+01 2.123942375183105469e+01 6.585790157318115234e+00
9.710000000000000000e+02 2.000000000000000000e+01 2.087289237976074219e+01 6.589932918548583984e+00
9.720000000000000000e+02 2.000000000000000000e+01 2.117281532287597656e+01 6.593869686126708984e+00
9.730000000000000000e+02 2.000000000000000000e+01 2.111320877075195312e+01 6.617614269256591797e+00
9.740000000000000000e+02 2.000000000000000000e+01 2.218651199340820312e+01 6.647919654846191406e+00
9.750000000000000000e+02 2.000000000000000000e+01 2.206300544738769531e+01 6.655076503753662109e+00
9.760000000000000000e+02 2.000000000000000000e+01 2.208574295043945312e+01 6.628788948059082031e+00
9.770000000000000000e+02 2.000000000000000000e+01 2.258365249633789062e+01 6.561933040618896484e+00
9.780000000000000000e+02 2.000000000000000000e+01 2.270639419555664062e+01 6.491117954254150391e+00
9.790000000000000000e+02 2.000000000000000000e+01 2.247089004516601562e+01 6.430039405822753906e+00
9.800000000000000000e+02 2.000000000000000000e+01 2.266189575195312500e+01 6.396754741668701172e+00
9.810000000000000000e+02 2.000000000000000000e+01 2.288811302185058594e+01 6.406036376953125000e+00
9.820000000000000000e+02 2.000000000000000000e+01 2.196531677246093750e+01 6.380910873413085938e+00
9.830000000000000000e+02 2.000000000000000000e+01 2.173008918762207031e+01 6.386764049530029297e+00
9.840000000000000000e+02 2.000000000000000000e+01 2.213531684875488281e+01 6.423695564270019531e+00
9.850000000000000000e+02 2.000000000000000000e+01 2.287566566467285156e+01 6.445833683013916016e+00
9.860000000000000000e+02 2.000000000000000000e+01 2.246869468688964844e+01 6.437907695770263672e+00
9.870000000000000000e+02 2.000000000000000000e+01 2.173511123657226562e+01 6.388512611389160156e+00
9.880000000000000000e+02 2.000000000000000000e+01 2.346524429321289062e+01 6.362115383148193359e+00
9.890000000000000000e+02 2.000000000000000000e+01 2.416371536254882812e+01 6.342220306396484375e+00
9.900000000000000000e+02 2.000000000000000000e+01 2.172542381286621094e+01 6.359663963317871094e+00
9.910000000000000000e+02 2.000000000000000000e+01 2.116861534118652344e+01 6.373741626739501953e+00
9.920000000000000000e+02 2.000000000000000000e+01 2.279723930358886719e+01 6.350112438201904297e+00
9.930000000000000000e+02 2.000000000000000000e+01 2.335193443298339844e+01 6.337216854095458984e+00
9.940000000000000000e+02 2.000000000000000000e+01 2.281400489807128906e+01 6.339036464691162109e+00
9.950000000000000000e+02 2.000000000000000000e+01 2.193114280700683594e+01 6.340445518493652344e+00
9.960000000000000000e+02 2.000000000000000000e+01 2.124977302551269531e+01 6.325972080230712891e+00
9.970000000000000000e+02 2.000000000000000000e+01 2.040838241577148438e+01 6.310582160949707031e+00
9.980000000000000000e+02 2.000000000000000000e+01 2.011069869995117188e+01 6.305501461029052734e+00
9.990000000000000000e+02 2.000000000000000000e+01 2.171237564086914062e+01 6.317269802093505859e+00
1.000000000000000000e+03 2.000000000000000000e+01 2.237551116943359375e+01 6.337629795074462891e+00
1.001000000000000000e+03 2.000000000000000000e+01 2.150810623168945312e+01 6.369434833526611328e+00
1.002000000000000000e+03 2.000000000000000000e+01 2.062773323059082031e+01 6.385212898254394531e+00
1.003000000000000000e+03 2.000000000000000000e+01 2.101936340332031250e+01 6.385569095611572266e+00
1.004000000000000000e+03 2.000000000000000000e+01 2.062863540649414062e+01 6.377076148986816406e+00
1.005000000000000000e+03 2.000000000000000000e+01 1.988385581970214844e+01 6.345402717590332031e+00
1.006000000000000000e+03 2.000000000000000000e+01 1.990921020507812500e+01 6.331777572631835938e+00
1.007000000000000000e+03 2.000000000000000000e+01 2.048798179626464844e+01 6.333722114562988281e+00
1.008000000000000000e+03 2.000000000000000000e+01 2.106748008728027344e+01 6.344392299652099609e+00
1.009000000000000000e+03 2.000000000000000000e+01 2.136163330078125000e+01 6.348792552947998047e+00
1.010000000000000000e+03 2.000000000000000000e+01 2.134932708740234375e+01 6.353131771087646484e+00
1.011000000000000000e+03 2.000000000000000000e+01 2.220098114013671875e+01 6.329787731170654297e+00
1.012000000000000000e+03 2.000000000000000000e+01 2.165067863464355469e+01 6.320051670074462891e+00
1.013000000000000000e+03 2.000000000000000000e+01 2.104263114929199219e+01 6.309005260467529297e+00
1.014000000000000000e+03 2.000000000000000000e+01 2.132632064819335938e+01 6.292828559875488281e+00
1.015000000000000000e+03 2.000000000000000000e+01 2.143767547607421875e+01 6.302218914031982422e+00
1.016000000000000000e+03 2.000000000000000000e+01 2.122542762756347656e+01 6.313025951385498047e+00
1.017000000000000000e+03 2.000000000000000000e+01 2.106108093261718750e+01 6.349927425384521484e+00
1.018000000000000000e+03 2.000000000000000000e+01 2.066053771972656250e+01 6.402072906494140625e+00
1.019000000000000000e+03 2.000000000000000000e+01 2.034126853942871094e+01 6.423534393310546875e+00
1.020000000000000000e+03 2.000000000000000000e+01 2.075584030151367188e+01 6.416100978851318359e+00
1.021000000000000000e+03 2.000000000000000000e+01 2.088756370544433594e+01 6.379895210266113281e+00
1.022000000000000000e+03 2.000000000000000000e+01 2.020027923583984375e+01 6.335433483123779297e+00
1.023000000000000000e+03 2.000000000000000000e+01 1.871776580810546875e+01 6.310004711151123047e+00
1.024000000000000000e+03 2.000000000000000000e+01 1.918011474609375000e+01 6.282483577728271484e+00
1.025000000000000000e+03 2.000000000000000000e+01 1.996429252624511719e+01 6.268014430999755859e+00
1.026000000000000000e+03 2.000000000000000000e+01 1.963275527954101562e+01 6.247189044952392578e+00
1.027000000000000000e+03 2.000000000000000000e+01 2.069946479797363281e+01 6.226222515106201172e+00
1.028000000000000000e+03 2.000000000000000000e+01 2.150621414184570312e+01 6.235824108123779297e+00
1.029000000000000000e+03 2.000000000000000000e+01 2.049038124084472656e+01 6.225775718688964844e+00
1.030000000000000000e+03 2.000000000000000000e+01 1.920430564880371094e+01 6.210157871246337891e+00
1.031000000000000000e+03 2.000000000000000000e+01 1.916482925415039062e+01 6.188418388366699219e+00
1.032000000000000000e+03 2.000000000000000000e+01 1.892159652709960938e+01 6.163717746734619141e+00
1.033000000000000000e+03 2.000000000000000000e+01 1.861873054504394531e+01 6.101779460906982422e+00
1.034000000000000000e+03 2.000000000000000000e+01 1.849724197387695312e+01 6.082215309143066406e+00
1.035000000000000000e+03 2.000000000000000000e+01 1.955739593505859375e+01 6.050799846649169922e+00
1.036000000000000000e+03 2.000000000000000000e+01 1.924373817443847656e+01 6.024432659149169922e+00
1.037000000000000000e+03 2.000000000000000000e+01 1.883638000488281250e+01 6.003479957580566406e+00
1.038000000000000000e+03 2.000000000000000000e+01 1.958538055419921875e+01 6.006760597229003906e+00
1.039000000000000000e+03 2.000000000000000000e+01 1.937737846374511719e+01 6.027766227722167969e+00
1.040000000000000000e+03 2.000000000000000000e+01 1.905076026916503906e+01 6.035935878753662109e+00
1.041000000000000000e+03 2.000000000000000000e+01 1.877472114562988281e+01 6.019991874694824219e+00
1.042000000000000000e+03 2.000000000000000000e+01 1.872715759277343750e+01 6.013991832733154297e+00
1.043000000000000000e+03 2.000000000000000000e+01 1.892610740661621094e+01 5.980820655822753906e+00
1.044000000000000000e+03 2.000000000000000000e+01 1.855894470214843750e+01 5.932729721069335938e+00
1.045000000000000000e+03 2.000000000000000000e+01 1.887386512756347656e+01 5.898219108581542969e+00
1.046000000000000000e+03 2.000000000000000000e+01 1.920934677124023438e+01 5.882665157318115234e+00
1.047000000000000000e+03 2.000000000000000000e+01 1.916631317138671875e+01 5.853577613830566406e+00
1.048000000000000000e+03 2.000000000000000000e+01 1.898092842102050781e+01 5.828535556793212891e+00
1.049000000000000000e+03 2.000000000000000000e+01 1.902011871337890625e+01 5.809384822845458984e+00
1.050000000000000000e+03 2.000000000000000000e+01 1.994120407104492188e+01 5.793088436126708984e+00
1.051000000000000000e+03 2.000000000000000000e+01 2.019429397583007812e+01 5.794339179992675781e+00
1.052000000000000000e+03 2.000000000000000000e+01 1.901232528686523438e+01 5.801255702972412109e+00
1.053000000000000000e+03 2.000000000000000000e+01 1.878462409973144531e+01 5.811986923217773438e+00
1.054000000000000000e+03 2.000000000000000000e+01 1.872884941101074219e+01 5.798512935638427734e+00
1.055000000000000000e+03 2.000000000000000000e+01 1.750328063964843750e+01 5.753579139709472656e+00
1.056000000000000000e+03 2.000000000000000000e+01 1.831197547912597656e+01 5.721221446990966797e+00
1.057000000000000000e+03 2.000000000000000000e+01 1.899791526794433594e+01 5.695884704589843750e+00
1.058000000000000000e+03 2.000000000000000000e+01 1.820336532592773438e+01 5.670868396759033203e+00
1.059000000000000000e+03 2.000000000000000000e+01 1.827680969238281250e+01 5.638246536254882812e+00
1.060000000000000000e+03 2.000000000000000000e+01 1.834961128234863281e+01 5.615057468414306641e+00
1.061000000000000000e+03 2.000000000000000000e+01 1.838679885864257812e+01 5.610202312469482422e+00
1.062000000000000000e+03 2.000000000000000000e+01 1.832874107360839844e+01 5.619369983673095703e+00
1.063000000000000000e+03 2.000000000000000000e+01 1.796019744873046875e+01 5.655980110168457031e+00
1.064000000000000000e+03 2.000000000000000000e+01 1.715610504150390625e+01 5.651381015777587891e+00
1.065000000000000000e+03 2.000000000000000000e+01 1.771212577819824219e+01 5.585575103759765625e+00
1.066000000000000000e+03 2.000000000000000000e+01 1.778418540954589844e+01 5.519956111907958984e+00
1.067000000000000000e+03 2.000000000000000000e+01 1.689217376708984375e+01 5.504613399505615234e+00
1.068000000000000000e+03 2.000000000000000000e+01 1.662369346618652344e+01 5.523073196411132812e+00
1.069000000000000000e+03 2.000000000000000000e+01 1.644637870788574219e+01 5.532462596893310547e+00
1.070000000000000000e+03 2.000000000000000000e+01 1.614336395263671875e+01 5.528106212615966797e+00
1.071000000000000000e+03 2.000000000000000000e+01 1.586338233947753906e+01 5.482893943786621094e+00
1.072000000000000000e+03 2.000000000000000000e+01 1.619883918762207031e+01 5.425006866455078125e+00
1.073000000000000000e+03 2.000000000000000000e+01 1.687476730346679688e+01 5.385795116424560547e+00
1.074000000000000000e+03 2.000000000000000000e+01 1.700551223754882812e+01 5.372154235839843750e+00
1.075000000000000000e+03 2.000000000000000000e+01 1.646220588684082031e+01 5.357864379882812500e+00
1.076000000000000000e+03 2.000000000000000000e+01 1.557986068725585938e+01 5.345866680145263672e+00
1.077000000000000000e+03 2.000000000000000000e+01 1.535012626647949219e+01 5.343245983123779297e+00
1.078000000000000000e+03 2.000000000000000000e+01 1.641481590270996094e+01 5.346809864044189453e+00
1.079000000000000000e+03 2.000000000000000000e+01 1.675086021423339844e+01 5.367767810821533203e+00
1.080000000000000000e+03 2.000000000000000000e+01 1.612704658508300781e+01 5.396115779876708984e+00
1.081000000000000000e+03 2.000000000000000000e+01 1.608118629455566406e+01 5.410416126251220703e+00
1.082000000000000000e+03 2.000000000000000000e+01 1.634893989562988281e+01 5.409135818481445312e+00
1.083000000000000000e+03 2.000000000000000000e+01 1.698546409606933594e+01 5.394348621368408203e+00
1.084000000000000000e+03 2.000000000000000000e+01 1.752054786682128906e+01 5.353549480438232422e+00
1.085000000000000000e+03 2.000000000000000000e+01 1.722472000122070312e+01 5.307763576507568359e+00
1.086000000000000000e+03 2.000000000000000000e+01 1.732347297668457031e+01 5.268860816955566406e+00
1.087000000000000000e+03 2.000000000000000000e+01 1.687576866149902344e+01 5.245714187622070312e+00
1.088000000000000000e+03 2.000000000000000000e+01 1.634433746337890625e+01 5.246584415435791016e+00
1.089000000000000000e+03 2.000000000000000000e+01 2.039654159545898438e+01 5.214501380920410156e+00
1.090000000000000000e+03 2.000000000000000000e+01 1.838947105407714844e+01 5.172473907470703125e+00
1.091000000000000000e+03 2.000000000000000000e+01 1.761309623718261719e+01 5.163190364837646484e+00
1.092000000000000000e+03 2.000000000000000000e+01 1.775780105590820312e+01 5.165054798126220703e+00
1.093000000000000000e+03 2.000000000000000000e+01 1.761280059814453125e+01 5.145202159881591797e+00
1.094000000000000000e+03 2.000000000000000000e+01 1.688934516906738281e+01 5.089354991912841797e+00
1.095000000000000000e+03 2.000000000000000000e+01 1.661254501342773438e+01 5.020054817199707031e+00
1.096000000000000000e+03 2.000000000000000000e+01 1.676404380798339844e+01 4.952234745025634766e+00
1.097000000000000000e+03 2.000000000000000000e+01 1.686386871337890625e+01 4.869944095611572266e+00
1.098000000000000000e+03 2.000000000000000000e+01 1.659694671630859375e+01 4.802368164062500000e+00
1.099000000000000000e+03 2.000000000000000000e+01 1.614722442626953125e+01 4.771779060363769531e+00
1.100000000000000000e+03 2.000000000000000000e+01 1.629249382019042969e+01 4.769735336303710938e+00
1.101000000000000000e+03 2.000000000000000000e+01 1.651035499572753906e+01 4.792403697967529297e+00
1.102000000000000000e+03 2.000000000000000000e+01 1.618381309509277344e+01 4.812932491302490234e+00
1.103000000000000000e+03 2.000000000000000000e+01 1.599223899841308594e+01 4.826901912689208984e+00
1.104000000000000000e+03 2.000000000000000000e+01 1.606958770751953125e+01 4.859496593475341797e+00
1.105000000000000000e+03 2.000000000000000000e+01 1.713965988159179688e+01 4.880773544311523438e+00
1.106000000000000000e+03 2.000000000000000000e+01 1.962890625000000000e+01 4.888305187225341797e+00
1.107000000000000000e+03 2.000000000000000000e+01 1.614368438720703125e+01 4.881455421447753906e+00
1.108000000000000000e+03 2.000000000000000000e+01 1.686845397949218750e+01 4.872151851654052734e+00
1.109000000000000000e+03 2.000000000000000000e+01 1.705812644958496094e+01 4.849319458007812500e+00
1.110000000000000000e+03 2.000000000000000000e+01 1.561402893066406250e+01 4.830771446228027344e+00
1.111000000000000000e+03 2.000000000000000000e+01 1.585100460052490234e+01 4.816822528839111328e+00
1.112000000000000000e+03 2.000000000000000000e+01 1.656394577026367188e+01 4.833289623260498047e+00
1.113000000000000000e+03 2.000000000000000000e+01 1.649625396728515625e+01 4.841351509094238281e+00
1.114000000000000000e+03 2.000000000000000000e+01 1.586101722717285156e+01 4.856289386749267578e+00
1.115000000000000000e+03 2.000000000000000000e+01 1.585135078430175781e+01 4.864354610443115234e+00
1.116000000000000000e+03 2.000000000000000000e+01 1.611561584472656250e+01 4.834147453308105469e+00
1.117000000000000000e+03 2.000000000000000000e+01 1.538552284240722656e+01 4.792663574218750000e+00
1.118000000000000000e+03 2.000000000000000000e+01 1.534819602966308594e+01 4.768808364868164062e+00
1.119000000000000000e+03 2.000000000000000000e+01 1.498688030242919922e+01 4.764482498168945312e+00
1.120000000000000000e+03 2.000000000000000000e+01 1.429347133636474609e+01 4.788440227508544922e+00
1.121000000000000000e+03 2.000000000000000000e+01 1.448562622070312500e+01 4.818711280822753906e+00
1.122000000000000000e+03 2.000000000000000000e+01 1.554656124114990234e+01 4.839022159576416016e+00
1.123000000000000000e+03 2.000000000000000000e+01 1.585932445526123047e+01 4.802594184875488281e+00
1.124000000000000000e+03 2.000000000000000000e+01 1.494351291656494141e+01 4.700831890106201172e+00
1.125000000000000000e+03 2.000000000000000000e+01 1.485621261596679688e+01 4.638000488281250000e+00
1.126000000000000000e+03 2.000000000000000000e+01 1.499880599975585938e+01 4.599000930786132812e+00
1.127000000000000000e+03 2.000000000000000000e+01 1.421902847290039062e+01 4.570264816284179688e+00
1.128000000000000000e+03 2.000000000000000000e+01 1.389287185668945312e+01 4.542422771453857422e+00
1.129000000000000000e+03 2.000000000000000000e+01 1.464902496337890625e+01 4.488343715667724609e+00
1.130000000000000000e+03 2.000000000000000000e+01 1.552305793762207031e+01 4.424583435058593750e+00
1.131000000000000000e+03 2.000000000000000000e+01 1.528601932525634766e+01 4.376538753509521484e+00
1.132000000000000000e+03 2.000000000000000000e+01 1.476752948760986328e+01 4.331556797027587891e+00
1.133000000000000000e+03 2.000000000000000000e+01 1.501309394836425781e+01 4.297051906585693359e+00
1.134000000000000000e+03 2.000000000000000000e+01 1.520082378387451172e+01 4.266550064086914062e+00
1.135000000000000000e+03 2.000000000000000000e+01 1.576820087432861328e+01 4.261538028717041016e+00
1.136000000000000000e+03 2.000000000000000000e+01 1.613709640502929688e+01 4.280058383941650391e+00
1.137000000000000000e+03 2.000000000000000000e+01 1.574055385589599609e+01 4.284697532653808594e+00
1.138000000000000000e+03 2.000000000000000000e+01 1.615814018249511719e+01 4.291210651397705078e+00
1.139000000000000000e+03 2.000000000000000000e+01 1.623987007141113281e+01 4.299042701721191406e+00
1.140000000000000000e+03 2.000000000000000000e+01 1.579164218902587891e+01 4.275701045989990234e+00
1.141000000000000000e+03 2.000000000000000000e+01 1.574912834167480469e+01 4.239544391632080078e+00
1.142000000000000000e+03 2.000000000000000000e+01 1.547652816772460938e+01 4.197850227355957031e+00
1.143000000000000000e+03 2.000000000000000000e+01 1.550413703918457031e+01 4.143454074859619141e+00
1.144000000000000000e+03 2.000000000000000000e+01 1.449960041046142578e+01 4.114835262298583984e+00
1.145000000000000000e+03 2.000000000000000000e+01 1.396176338195800781e+01 4.105496883392333984e+00
1.146000000000000000e+03 2.000000000000000000e+01 1.498586940765380859e+01 4.114790439605712891e+00
1.147000000000000000e+03 2.000000000000000000e+01 1.473804664611816406e+01 4.124395370483398438e+00
1.148000000000000000e+03 2.000000000000000000e+01 1.401665306091308594e+01 4.115325927734375000e+00
1.149000000000000000e+03 2.000000000000000000e+01 1.421316909790039062e+01 4.134599208831787109e+00
1.150000000000000000e+03 2.000000000000000000e+01 1.459941864013671875e+01 4.138058185577392578e+00
1.151000000000000000e+03 2.000000000000000000e+01 1.554156684875488281e+01 4.116137981414794922e+00
1.152000000000000000e+03 2.000000000000000000e+01 1.527866268157958984e+01 4.086511611938476562e+00
1.153000000000000000e+03 2.000000000000000000e+01 1.482060337066650391e+01 4.045081615447998047e+00
1.154000000000000000e+03 2.000000000000000000e+01 1.525914955139160156e+01 4.013576030731201172e+00
1.155000000000000000e+03 2.000000000000000000e+01 1.469386482238769531e+01 3.967267990112304688e+00
1.156000000000000000e+03 2.000000000000000000e+01 1.385418319702148438e+01 3.911854267120361328e+00
1.157000000000000000e+03 2.000000000000000000e+01 1.420839309692382812e+01 3.867942810058593750e+00
1.158000000000000000e+03 2.000000000000000000e+01 1.463894176483154297e+01 3.838871002197265625e+00
1.159000000000000000e+03 2.000000000000000000e+01 1.467381477355957031e+01 3.812049150466918945e+00
1.160000000000000000e+03 2.000000000000000000e+01 1.435336112976074219e+01 3.819661855697631836e+00
1.161000000000000000e+03 2.000000000000000000e+01 1.398043823242187500e+01 3.846308231353759766e+00
1.162000000000000000e+03 2.000000000000000000e+01 1.411421966552734375e+01 3.870916843414306641e+00
1.163000000000000000e+03 2.000000000000000000e+01 1.393022918701171875e+01 3.892437696456909180e+00
1.164000000000000000e+03 2.000000000000000000e+01 1.336904335021972656e+01 3.923964738845825195e+00
1.165000000000000000e+03 2.000000000000000000e+01 1.339597129821777344e+01 3.963480710983276367e+00
1.166000000000000000e+03 2.000000000000000000e+01 1.407620239257812500e+01 4.011127471923828125e+00
1.167000000000000000e+03 2.000000000000000000e+01 1.412169265747070312e+01 4.056416988372802734e+00
1.168000000000000000e+03 2.000000000000000000e+01 1.376316165924072266e+01 4.086038112640380859e+00
1.169000000000000000e+03 2.000000000000000000e+01 1.419960212707519531e+01 4.101001262664794922e+00
1.170000000000000000e+03 2.000000000000000000e+01 1.444316387176513672e+01 4.114120006561279297e+00
1.171000000000000000e+03 2.000000000000000000e+01 1.443262100219726562e+01 4.132973194122314453e+00
1.172000000000000000e+03 2.000000000000000000e+01 1.500892257690429688e+01 4.130397319793701172e+00
1.173000000000000000e+03 2.000000000000000000e+01 1.441672897338867188e+01 4.102654457092285156e+00
1.174000000000000000e+03 2.000000000000000000e+01 1.437898635864257812e+01 4.092822074890136719e+00
1.175000000000000000e+03 2.000000000000000000e+01 1.473905181884765625e+01 4.061850547790527344e+00
1.176000000000000000e+03 2.000000000000000000e+01 1.510216808319091797e+01 3.999496936798095703e+00
1.177000000000000000e+03 2.000000000000000000e+01 1.666206932067871094e+01 3.939105987548828125e+00
1.178000000000000000e+03 2.000000000000000000e+01 1.596069717407226562e+01 3.889606475830078125e+00
1.179000000000000000e+03 2.000000000000000000e+01 1.462183761596679688e+01 3.839503526687622070e+00
1.180000000000000000e+03 2.000000000000000000e+01 1.393186187744140625e+01 3.812522649765014648e+00
1.181000000000000000e+03 2.000000000000000000e+01 1.427485466003417969e+01 3.770596027374267578e+00
1.182000000000000000e+03 2.000000000000000000e+01 1.460877990722656250e+01 3.715970754623413086e+00
1.183000000000000000e+03 2.000000000000000000e+01 1.491993808746337891e+01 3.671172857284545898e+00
1.184000000000000000e+03 2.000000000000000000e+01 1.543710041046142578e+01 3.631042242050170898e+00
1.185000000000000000e+03 2.000000000000000000e+01 1.485173416137695312e+01 3.605568647384643555e+00
1.186000000000000000e+03 2.000000000000000000e+01 1.410903358459472656e+01 3.589808225631713867e+00
1.187000000000000000e+03 2.000000000000000000e+01 1.478870773315429688e+01 3.577512025833129883e+00
1.188000000000000000e+03 2.000000000000000000e+01 1.481596469879150391e+01 3.558633804321289062e+00
1.189000000000000000e+03 2.000000000000000000e+01 1.452418708801269531e+01 3.531940221786499023e+00
1.190000000000000000e+03 2.000000000000000000e+01 1.429810810089111328e+01 3.509221792221069336e+00
1.191000000000000000e+03 2.000000000000000000e+01 1.416313362121582031e+01 3.505251407623291016e+00
1.192000000000000000e+03 2.000000000000000000e+01 1.448172569274902344e+01 3.513404846191406250e+00
1.193000000000000000e+03 2.000000000000000000e+01 1.391130447387695312e+01 3.538114547729492188e+00
1.194000000000000000e+03 2.000000000000000000e+01 1.325196075439453125e+01 3.558100461959838867e+00
1.195000000000000000e+03 2.000000000000000000e+01 1.293708229064941406e+01 3.523349046707153320e+00
1.196000000000000000e+03 2.000000000000000000e+01 1.305610847473144531e+01 3.469486951828002930e+00
1.197000000000000000e+03 2.000000000000000000e+01 1.376463508605957031e+01 3.421224355697631836e+00
1.198000000000000000e+03 2.000000000000000000e+01 1.340941619873046875e+01 3.378383636474609375e+00
1.199000000000000000e+03 2.000000000000000000e+01 1.316824245452880859e+01 3.349246263504028320e+00
1.200000000000000000e+03 2.000000000000000000e+01 1.322384834289550781e+01 3.337776660919189453e+00
1.201000000000000000e+03 2.000000000000000000e+01 1.356097030639648438e+01 3.316781759262084961e+00
1.202000000000000000e+03 2.000000000000000000e+01 1.349631404876708984e+01 3.276361227035522461e+00
1.203000000000000000e+03 2.000000000000000000e+01 1.259080123901367188e+01 3.234413146972656250e+00
1.204000000000000000e+03 2.000000000000000000e+01 1.292020130157470703e+01 3.213319778442382812e+00
1.205000000000000000e+03 2.000000000000000000e+01 1.340538406372070312e+01 3.192602396011352539e+00
1.206000000000000000e+03 2.000000000000000000e+01 1.348670578002929688e+01 3.159794807434082031e+00
1.207000000000000000e+03 2.000000000000000000e+01 1.297946262359619141e+01 3.122621774673461914e+00
1.208000000000000000e+03 2.000000000000000000e+01 1.265509891510009766e+01 3.067657232284545898e+00
1.209000000000000000e+03 2.000000000000000000e+01 1.274890136718750000e+01 3.018903493881225586e+00
1.210000000000000000e+03 2.000000000000000000e+01 1.241494369506835938e+01 2.977856397628784180e+00
1.211000000000000000e+03 2.000000000000000000e+01 1.206183147430419922e+01 2.946642160415649414e+00
1.212000000000000000e+03 2.000000000000000000e+01 1.284500598907470703e+01 2.912325859069824219e+00
1.213000000000000000e+03 2.000000000000000000e+01 1.293506050109863281e+01 2.881583213806152344e+00
1.214000000000000000e+03 2.000000000000000000e+01 1.215483474731445312e+01 2.872311353683471680e+00
1.215000000000000000e+03 2.000000000000000000e+01 1.197387409210205078e+01 2.873751878738403320e+00
1.216000000000000000e+03 2.000000000000000000e+01 1.241731643676757812e+01 2.883560419082641602e+00
1.217000000000000000e+03 2.000000000000000000e+01 1.282491874694824219e+01 2.883394002914428711e+00
1.218000000000000000e+03 2.000000000000000000e+01 1.230633640289306641e+01 2.865734577178955078e+00
1.219000000000000000e+03 2.000000000000000000e+01 1.175541400909423828e+01 2.816364049911499023e+00
1.220000000000000000e+03 2.000000000000000000e+01 1.208594226837158203e+01 2.769982099533081055e+00
1.221000000000000000e+03 2.000000000000000000e+01 1.237043666839599609e+01 2.762221097946166992e+00
1.222000000000000000e+03 2.000000000000000000e+01 1.231790351867675781e+01 2.761637449264526367e+00
1.223000000000000000e+03 2.000000000000000000e+01 1.244210910797119141e+01 2.777152538299560547e+00
1.224000000000000000e+03 2.000000000000000000e+01 1.257737159729003906e+01 2.782934904098510742e+00
1.225000000000000000e+03 2.000000000000000000e+01 1.259561347961425781e+01 2.783586978912353516e+00
1.226000000000000000e+03 2.000000000000000000e+01 1.221506690979003906e+01 2.781590938568115234e+00
1.227000000000000000e+03 2.000000000000000000e+01 1.233607006072998047e+01 2.770650625228881836e+00
1.228000000000000000e+03 2.000000000000000000e+01 1.249969387054443359e+01 2.783850193023681641e+00
1.229000000000000000e+03 2.000000000000000000e+01 1.275729751586914062e+01 2.805631875991821289e+00
1.230000000000000000e+03 2.000000000000000000e+01 1.268378353118896484e+01 2.806642293930053711e+00
1.231000000000000000e+03 2.000000000000000000e+01 1.223014926910400391e+01 2.789106369018554688e+00
1.232000000000000000e+03 2.000000000000000000e+01 1.229598236083984375e+01 2.771126508712768555e+00
1.233000000000000000e+03 2.000000000000000000e+01 1.275044441223144531e+01 2.756481170654296875e+00
1.234000000000000000e+03 2.000000000000000000e+01 1.271633911132812500e+01 2.746050357818603516e+00
1.235000000000000000e+03 2.000000000000000000e+01 1.254704666137695312e+01 2.734529972076416016e+00
1.236000000000000000e+03 2.000000000000000000e+01 1.254020881652832031e+01 2.714915275573730469e+00
1.237000000000000000e+03 2.000000000000000000e+01 1.245100116729736328e+01 2.703876018524169922e+00
1.238000000000000000e+03 2.000000000000000000e+01 1.194130706787109375e+01 2.704809904098510742e+00
1.239000000000000000e+03 2.000000000000000000e+01 1.167082214355468750e+01 2.701417207717895508e+00
1.240000000000000000e+03 2.000000000000000000e+01 1.186912918090820312e+01 2.688370943069458008e+00
1.241000000000000000e+03 2.000000000000000000e+01 1.153960132598876953e+01 2.674808025360107422e+00
1.242000000000000000e+03 2.000000000000000000e+01 1.138781738281250000e+01 2.675691127777099609e+00
1.243000000000000000e+03 2.000000000000000000e+01 1.148600864410400391e+01 2.669402837753295898e+00
1.244000000000000000e+03 2.000000000000000000e+01 1.118176937103271484e+01 2.667480230331420898e+00
1.245000000000000000e+03 2.000000000000000000e+01 1.074942016601562500e+01 2.686578512191772461e+00
1.246000000000000000e+03 2.000000000000000000e+01 1.088977146148681641e+01 2.708130359649658203e+00
1.247000000000000000e+03 2.000000000000000000e+01 1.109307098388671875e+01 2.728395462036132812e+00
1.248000000000000000e+03 2.000000000000000000e+01 1.079795074462890625e+01 2.736480951309204102e+00
1.249000000000000000e+03 2.000000000000000000e+01 1.056843852996826172e+01 2.727756500244140625e+00
1.250000000000000000e+03 2.000000000000000000e+01 1.098406696319580078e+01 2.709722518920898438e+00
1.251000000000000000e+03 2.000000000000000000e+01 1.098626613616943359e+01 2.679337978363037109e+00
1.252000000000000000e+03 2.000000000000000000e+01 1.048669242858886719e+01 2.645082235336303711e+00
1.253000000000000000e+03 2.000000000000000000e+01 1.090982055664062500e+01 2.616349935531616211e+00
1.254000000000000000e+03 2.000000000000000000e+01 1.128659915924072266e+01 2.593301534652709961e+00
1.255000000000000000e+03 2.000000000000000000e+01 1.105805301666259766e+01 2.571287870407104492e+00
1.256000000000000000e+03 2.000000000000000000e+01 1.112221622467041016e+01 2.542932271957397461e+00
1.257000000000000000e+03 2.000000000000000000e+01 1.122195148468017578e+01 2.507898807525634766e+00
1.258000000000000000e+03 2.000000000000000000e+01 1.116064739227294922e+01 2.466275453567504883e+00
1.259000000000000000e+03 2.000000000000000000e+01 1.076652908325195312e+01 2.447554826736450195e+00
1.260000000000000000e+03 2.000000000000000000e+01 1.081916809082031250e+01 2.460512161254882812e+00
1.261000000000000000e+03 2.000000000000000000e+01 1.099604701995849609e+01 2.493961572647094727e+00
1.262000000000000000e+03 2.000000000000000000e+01 1.098094844818115234e+01 2.517751216888427734e+00
1.263000000000000000e+03 2.000000000000000000e+01 1.074554443359375000e+01 2.515336275100708008e+00
1.264000000000000000e+03 2.000000000000000000e+01 1.079958534240722656e+01 2.506522178649902344e+00
1.265000000000000000e+03 2.000000000000000000e+01 1.082732677459716797e+01 2.504217624664306641e+00
1.266000000000000000e+03 2.000000000000000000e+01 1.085312080383300781e+01 2.516184568405151367e+00
1.267000000000000000e+03 2.000000000000000000e+01 1.074217224121093750e+01 2.523486375808715820e+00
1.268000000000000000e+03 2.000000000000000000e+01 1.054366493225097656e+01 2.507172822952270508e+00
1.269000000000000000e+03 2.000000000000000000e+01 1.062989711761474609e+01 2.478003025054931641e+00
1.270000000000000000e+03 2.000000000000000000e+01 1.043401718139648438e+01 2.457684040069580078e+00
1.271000000000000000e+03 2.000000000000000000e+01 1.020066833496093750e+01 2.437719821929931641e+00
1.272000000000000000e+03 2.000000000000000000e+01 1.028499412536621094e+01 2.433240413665771484e+00
1.273000000000000000e+03 2.000000000000000000e+01 1.042891979217529297e+01 2.431740760803222656e+00
1.274000000000000000e+03 2.000000000000000000e+01 1.033093261718750000e+01 2.404582023620605469e+00
1.275000000000000000e+03 2.000000000000000000e+01 1.009306716918945312e+01 2.355009078979492188e+00
1.276000000000000000e+03 2.000000000000000000e+01 1.020489501953125000e+01 2.313421010971069336e+00
1.277000000000000000e+03 2.000000000000000000e+01 1.011690044403076172e+01 2.303125858306884766e+00
1.278000000000000000e+03 2.000000000000000000e+01 9.956060409545898438e+00 2.299174308776855469e+00
1.279000000000000000e+03 2.000000000000000000e+01 9.891376495361328125e+00 2.278889417648315430e+00
1.280000000000000000e+03 2.000000000000000000e+01 1.008156490325927734e+01 2.282433509826660156e+00
1.281000000000000000e+03 2.000000000000000000e+01 1.006124973297119141e+01 2.291323661804199219e+00
1.282000000000000000e+03 2.000000000000000000e+01 9.966987609863281250e+00 2.276464462280273438e+00
1.283000000000000000e+03 2.000000000000000000e+01 1.016951179504394531e+01 2.262337207794189453e+00
1.284000000000000000e+03 2.000000000000000000e+01 1.047696685791015625e+01 2.261200666427612305e+00
1.285000000000000000e+03 2.000000000000000000e+01 1.034718799591064453e+01 2.261128187179565430e+00
1.286000000000000000e+03 2.000000000000000000e+01 1.007566928863525391e+01 2.263972520828247070e+00
1.287000000000000000e+03 2.000000000000000000e+01 1.013713073730468750e+01 2.269860267639160156e+00
1.288000000000000000e+03 2.000000000000000000e+01 1.029174041748046875e+01 2.279603719711303711e+00
1.289000000000000000e+03 2.000000000000000000e+01 1.067995929718017578e+01 2.276218652725219727e+00
1.290000000000000000e+03 2.000000000000000000e+01 1.043085193634033203e+01 2.250424385070800781e+00
1.291000000000000000e+03 2.000000000000000000e+01 1.004080295562744141e+01 2.227463006973266602e+00
1.292000000000000000e+03 2.000000000000000000e+01 1.041708946228027344e+01 2.187444448471069336e+00
1.293000000000000000e+03 2.000000000000000000e+01 1.033168888092041016e+01 2.153756856918334961e+00
1.294000000000000000e+03 2.000000000000000000e+01 9.916990280151367188e+00 2.127943038940429688e+00
1.295000000000000000e+03 2.000000000000000000e+01 1.058941555023193359e+01 2.103047609329223633e+00
1.296000000000000000e+03 2.000000000000000000e+01 1.076698112487792969e+01 2.084968805313110352e+00
1.297000000000000000e+03 2.000000000000000000e+01 1.006974220275878906e+01 2.059961795806884766e+00
1.298000000000000000e+03 2.000000000000000000e+01 9.737943649291992188e+00 2.036755800247192383e+00
1.299000000000000000e+03 2.000000000000000000e+01 1.001075744628906250e+01 2.023415327072143555e+00
1.300000000000000000e+03 2.000000000000000000e+01 1.006809616088867188e+01 2.023259639739990234e+00
1.301000000000000000e+03 2.000000000000000000e+01 1.009083843231201172e+01 2.026510953903198242e+00
1.302000000000000000e+03 2.000000000000000000e+01 1.024865722656250000e+01 2.031036138534545898e+00
1.303000000000000000e+03 2.000000000000000000e+01 9.979006767272949219e+00 2.032369375228881836e+00
1.304000000000000000e+03 2.000000000000000000e+01 1.023799610137939453e+01 2.025753736495971680e+00
1.305000000000000000e+03 2.000000000000000000e+01 9.821033477783203125e+00 2.008552312850952148e+00
1.306000000000000000e+03 2.000000000000000000e+01 9.366215705871582031e+00 1.989361405372619629e+00
1.307000000000000000e+03 2.000000000000000000e+01 9.603404998779296875e+00 1.977282404899597168e+00
1.308000000000000000e+03 2.000000000000000000e+01 9.829306602478027344e+00 1.957733511924743652e+00
1.309000000000000000e+03 2.000000000000000000e+01 9.501658439636230469e+00 1.924122810363769531e+00
1.310000000000000000e+03 2.000000000000000000e+01 9.344064712524414062e+00 1.904487252235412598e+00
1.311000000000000000e+03 2.000000000000000000e+01 9.528342247009277344e+00 1.891942977905273438e+00
1.312000000000000000e+03 2.000000000000000000e+01 9.641781806945800781e+00 1.883849740028381348e+00
1.313000000000000000e+03 2.000000000000000000e+01 9.529235839843750000e+00 1.871425628662109375e+00
1.314000000000000000e+03 2.000000000000000000e+01 9.710911750793457031e+00 1.846978425979614258e+00
1.315000000000000000e+03 2.000000000000000000e+01 9.727993965148925781e+00 1.832205057144165039e+00
1.316000000000000000e+03 2.000000000000000000e+01 9.335593223571777344e+00 1.810406684875488281e+00
1.317000000000000000e+03 2.000000000000000000e+01 9.243103027343750000e+00 1.801480889320373535e+00
1.318000000000000000e+03 2.000000000000000000e+01 8.782724380493164062e+00 1.790459990501403809e+00
1.319000000000000000e+03 2.000000000000000000e+01 8.287056922912597656e+00 1.776921153068542480e+00
1.320000000000000000e+03 2.000000000000000000e+01 8.544918060302734375e+00 1.773272156715393066e+00
1.321000000000000000e+03 2.000000000000000000e+01 8.702569007873535156e+00 1.757590532302856445e+00
1.322000000000000000e+03 2.000000000000000000e+01 8.540802001953125000e+00 1.737357139587402344e+00
1.323000000000000000e+03 2.000000000000000000e+01 8.541210174560546875e+00 1.704113245010375977e+00
1.324000000000000000e+03 2.000000000000000000e+01 8.712808609008789062e+00 1.645501494407653809e+00
1.325000000000000000e+03 2.000000000000000000e+01 8.335273742675781250e+00 1.601390242576599121e+00
1.326000000000000000e+03 2.000000000000000000e+01 8.217085838317871094e+00 1.588259935379028320e+00
1.327000000000000000e+03 2.000000000000000000e+01 8.431169509887695312e+00 1.573486566543579102e+00
1.328000000000000000e+03 2.000000000000000000e+01 8.352308273315429688e+00 1.550334334373474121e+00
1.329000000000000000e+03 2.000000000000000000e+01 8.139335632324218750e+00 1.523049116134643555e+00
1.330000000000000000e+03 2.000000000000000000e+01 7.982294082641601562e+00 1.496307849884033203e+00
1.331000000000000000e+03 2.000000000000000000e+01 7.995854377746582031e+00 1.473786592483520508e+00
1.332000000000000000e+03 2.000000000000000000e+01 8.077739715576171875e+00 1.469127297401428223e+00
1.333000000000000000e+03 2.000000000000000000e+01 7.856802940368652344e+00 1.483628511428833008e+00
1.334000000000000000e+03 2.000000000000000000e+01 7.939845561981201172e+00 1.506297469139099121e+00
1.335000000000000000e+03 2.000000000000000000e+01 8.120101928710937500e+00 1.518645882606506348e+00
1.336000000000000000e+03 2.000000000000000000e+01 7.985080718994140625e+00 1.508215785026550293e+00
1.337000000000000000e+03 2.000000000000000000e+01 7.963335990905761719e+00 1.477661490440368652e+00
1.338000000000000000e+03 2.000000000000000000e+01 8.023014068603515625e+00 1.442153930664062500e+00
1.339000000000000000e+03 2.000000000000000000e+01 7.793761253356933594e+00 1.420684695243835449e+00
1.340000000000000000e+03 2.000000000000000000e+01 7.757896423339843750e+00 1.404457926750183105e+00
1.341000000000000000e+03 2.000000000000000000e+01 8.177563667297363281e+00 1.380513548851013184e+00
1.342000000000000000e+03 2.000000000000000000e+01 7.865108966827392578e+00 1.353608727455139160e+00
1.343000000000000000e+03 2.000000000000000000e+01 7.744112014770507812e+00 1.329186797142028809e+00
1.344000000000000000e+03 2.000000000000000000e+01 7.861083507537841797e+00 1.317100882530212402e+00
1.345000000000000000e+03 2.000000000000000000e+01 7.742383003234863281e+00 1.318667292594909668e+00
1.346000000000000000e+03 2.000000000000000000e+01 7.795613765716552734e+00 1.325783014297485352e+00
1.347000000000000000e+03 2.000000000000000000e+01 7.925880432128906250e+00 1.330861449241638184e+00
1.348000000000000000e+03 2.000000000000000000e+01 7.861002922058105469e+00 1.326258063316345215e+00
1.349000000000000000e+03 2.000000000000000000e+01 7.688555717468261719e+00 1.328921675682067871e+00
1.350000000000000000e+03 2.000000000000000000e+01 7.522618293762207031e+00 1.326328516006469727e+00
1.351000000000000000e+03 2.000000000000000000e+01 7.271634578704833984e+00 1.323671221733093262e+00
1.352000000000000000e+03 2.000000000000000000e+01 7.246963977813720703e+00 1.311317563056945801e+00
1.353000000000000000e+03 2.000000000000000000e+01 7.553542613983154297e+00 1.296557545661926270e+00
1.354000000000000000e+03 2.000000000000000000e+01 7.749366760253906250e+00 1.281826019287109375e+00
1.355000000000000000e+03 2.000000000000000000e+01 7.630197048187255859e+00 1.263692378997802734e+00
1.356000000000000000e+03 2.000000000000000000e+01 7.607622146606445312e+00 1.244808912277221680e+00
1.357000000000000000e+03 2.000000000000000000e+01 7.699663639068603516e+00 1.231929183006286621e+00
1.358000000000000000e+03 2.000000000000000000e+01 7.402160167694091797e+00 1.210736393928527832e+00
1.359000000000000000e+03 2.000000000000000000e+01 7.319520950317382812e+00 1.189180612564086914e+00
1.360000000000000000e+03 2.000000000000000000e+01 7.456991195678710938e+00 1.176227450370788574e+00
1.361000000000000000e+03 2.000000000000000000e+01 7.333714962005615234e+00 1.182210683822631836e+00
1.362000000000000000e+03 2.000000000000000000e+01 7.340115547180175781e+00 1.191614985466003418e+00
1.363000000000000000e+03 2.000000000000000000e+01 7.600378036499023438e+00 1.190633058547973633e+00
1.364000000000000000e+03 2.000000000000000000e+01 7.542193412780761719e+00 1.170488238334655762e+00
1.365000000000000000e+03 2.000000000000000000e+01 7.279656887054443359e+00 1.146942734718322754e+00
1.366000000000000000e+03 2.000000000000000000e+01 7.178623199462890625e+00 1.137315273284912109e+00
1.367000000000000000e+03 2.000000000000000000e+01 7.213961124420166016e+00 1.136893391609191895e+00
1.368000000000000000e+03 2.000000000000000000e+01 7.400871276855468750e+00 1.140443801879882812e+00
1.369000000000000000e+03 2.000000000000000000e+01 7.363046646118164062e+00 1.133233785629272461e+00
1.370000000000000000e+03 2.000000000000000000e+01 7.190584182739257812e+00 1.119774937629699707e+00
1.371000000000000000e+03 2.000000000000000000e+01 6.982556343078613281e+00 1.110928058624267578e+00
1.372000000000000000e+03 2.000000000000000000e+01 6.973357200622558594e+00 1.100399613380432129e+00
1.373000000000000000e+03 2.000000000000000000e+01 7.456261634826660156e+00 1.101789474487304688e+00
1.374000000000000000e+03 2.000000000000000000e+01 7.430175781250000000e+00 1.109092712402343750e+00
1.375000000000000000e+03 2.000000000000000000e+01 7.239136219024658203e+00 1.121116876602172852e+00
1.376000000000000000e+03 2.000000000000000000e+01 7.350173950195312500e+00 1.124553561210632324e+00
1.377000000000000000e+03 2.000000000000000000e+01 7.505481719970703125e+00 1.116932392120361328e+00
1.378000000000000000e+03 2.000000000000000000e+01 7.450531959533691406e+00 1.103954076766967773e+00
1.379000000000000000e+03 2.000000000000000000e+01 7.343582630157470703e+00 1.094849109649658203e+00
1.380000000000000000e+03 2.000000000000000000e+01 7.294739723205566406e+00 1.091939806938171387e+00
1.381000000000000000e+03 2.000000000000000000e+01 7.320760726928710938e+00 1.071744561195373535e+00
1.382000000000000000e+03 2.000000000000000000e+01 7.215188026428222656e+00 1.059899210929870605e+00
1.383000000000000000e+03 2.000000000000000000e+01 6.991984367370605469e+00 1.036415100097656250e+00
1.384000000000000000e+03 2.000000000000000000e+01 7.043707847595214844e+00 1.013704061508178711e+00
1.385000000000000000e+03 2.000000000000000000e+01 7.078990936279296875e+00 9.973753094673156738e-01
1.386000000000000000e+03 2.000000000000000000e+01 7.118638992309570312e+00 9.809665679931640625e-01
1.387000000000000000e+03 2.000000000000000000e+01 7.200218200683593750e+00 9.659043550491333008e-01
1.388000000000000000e+03 2.000000000000000000e+01 7.120407104492187500e+00 9.557520151138305664e-01
1.389000000000000000e+03 2.000000000000000000e+01 7.045028209686279297e+00 9.508959650993347168e-01
1.390000000000000000e+03 2.000000000000000000e+01 6.945178031921386719e+00 9.574896097183227539e-01
1.391000000000000000e+03 2.000000000000000000e+01 6.783544063568115234e+00 9.622455835342407227e-01
1.392000000000000000e+03 2.000000000000000000e+01 6.760805606842041016e+00 9.478284120559692383e-01
1.393000000000000000e+03 2.000000000000000000e+01 6.925191879272460938e+00 9.146437048912048340e-01
1.394000000000000000e+03 2.000000000000000000e+01 6.632297515869140625e+00 8.831685185432434082e-01
1.395000000000000000e+03 2.000000000000000000e+01 6.415947914123535156e+00 8.605690002441406250e-01
1.396000000000000000e+03 2.000000000000000000e+01 6.504134178161621094e+00 8.433848619461059570e-01
1.397000000000000000e+03 2.000000000000000000e+01 6.755474090576171875e+00 8.284686207771301270e-01
1.398000000000000000e+03 2.000000000000000000e+01 6.739472389221191406e+00 8.138706088066101074e-01
1.399000000000000000e+03 2.000000000000000000e+01 6.637542724609375000e+00 8.116797804832458496e-01
1.400000000000000000e+03 2.000000000000000000e+01 6.549245834350585938e+00 8.097419142723083496e-01
1.401000000000000000e+03 2.000000000000000000e+01 6.530408382415771484e+00 7.979986071586608887e-01
1.402000000000000000e+03 2.000000000000000000e+01 6.525569915771484375e+00 7.770404219627380371e-01
1.403000000000000000e+03 2.000000000000000000e+01 6.370069503784179688e+00 7.669080495834350586e-01
1.404000000000000000e+03 2.000000000000000000e+01 6.260138511657714844e+00 7.596853375434875488e-01
1.405000000000000000e+03 2.000000000000000000e+01 6.229817867279052734e+00 7.501899003982543945e-01
1.406000000000000000e+03 2.000000000000000000e+01 6.359922409057617188e+00 7.359099388122558594e-01
1.407000000000000000e+03 2.000000000000000000e+01 6.254960060119628906e+00 7.321079373359680176e-01
1.408000000000000000e+03 2.000000000000000000e+01 6.031081199645996094e+00 7.276797294616699219e-01
1.409000000000000000e+03 2.000000000000000000e+01 6.212298870086669922e+00 7.231482863426208496e-01
1.410000000000000000e+03 2.000000000000000000e+01 6.379469871520996094e+00 7.150916457176208496e-01
1.411000000000000000e+03 2.000000000000000000e+01 6.347750663757324219e+00 7.143618464469909668e-01
1.412000000000000000e+03 2.000000000000000000e+01 6.261722087860107422e+00 7.238107919692993164e-01
1.413000000000000000e+03 2.000000000000000000e+01 6.143910408020019531e+00 7.499404549598693848e-01
1.414000000000000000e+03 2.000000000000000000e+01 6.204016685485839844e+00 7.603492736816406250e-01
1.415000000000000000e+03 2.000000000000000000e+01 6.074787139892578125e+00 7.656142115592956543e-01
1.416000000000000000e+03 2.000000000000000000e+01 5.952029705047607422e+00 7.513934969902038574e-01
1.417000000000000000e+03 2.000000000000000000e+01 6.038054466247558594e+00 7.272945642471313477e-01
1.418000000000000000e+03 2.000000000000000000e+01 5.951558113098144531e+00 7.150923013687133789e-01
1.419000000000000000e+03 2.000000000000000000e+01 5.824710845947265625e+00 7.183123826980590820e-01
1.420000000000000000e+03 2.000000000000000000e+01 5.815845489501953125e+00 7.223382592201232910e-01
1.421000000000000000e+03 2.000000000000000000e+01 5.839871406555175781e+00 7.302500605583190918e-01
1.422000000000000000e+03 2.000000000000000000e+01 5.659857749938964844e+00 7.338824272155761719e-01
1.423000000000000000e+03 2.000000000000000000e+01 5.428830146789550781e+00 7.300016283988952637e-01
1.424000000000000000e+03 2.000000000000000000e+01 5.502243518829345703e+00 7.175897955894470215e-01
1.425000000000000000e+03 2.000000000000000000e+01 5.749114990234375000e+00 6.991550326347351074e-01
1.426000000000000000e+03 2.000000000000000000e+01 5.725849628448486328e+00 6.877868771553039551e-01
1.427000000000000000e+03 2.000000000000000000e+01 5.670680046081542969e+00 6.830444931983947754e-01
1.428000000000000000e+03 2.000000000000000000e+01 5.709033012390136719e+00 6.713888049125671387e-01
1.429000000000000000e+03 2.000000000000000000e+01 5.628102302551269531e+00 6.545454263687133789e-01
1.430000000000000000e+03 2.000000000000000000e+01 5.365967750549316406e+00 6.519891023635864258e-01
1.431000000000000000e+03 2.000000000000000000e+01 5.243173599243164062e+00 6.494564414024353027e-01
1.432000000000000000e+03 2.000000000000000000e+01 5.226580142974853516e+00 6.348554491996765137e-01
1.433000000000000000e+03 2.000000000000000000e+01 5.285738468170166016e+00 6.204223036766052246e-01
1.434000000000000000e+03 2.000000000000000000e+01 5.321578979492187500e+00 6.024492979049682617e-01
1.435000000000000000e+03 2.000000000000000000e+01 5.304628372192382812e+00 5.825433135032653809e-01
1.436000000000000000e+03 2.000000000000000000e+01 5.286839485168457031e+00 5.627843737602233887e-01
1.437000000000000000e+03 2.000000000000000000e+01 5.293938636779785156e+00 5.515018105506896973e-01
1.438000000000000000e+03 2.000000000000000000e+01 5.238786697387695312e+00 5.450224280357360840e-01
1.439000000000000000e+03 2.000000000000000000e+01 5.074614048004150391e+00 5.436715483665466309e-01
1.440000000000000000e+03 2.000000000000000000e+01 5.039285182952880859e+00 5.341742038726806641e-01
1.441000000000000000e+03 2.000000000000000000e+01 5.228937149047851562e+00 5.343545675277709961e-01
1.442000000000000000e+03 2.000000000000000000e+01 5.131846427917480469e+00 5.379320383071899414e-01
1.443000000000000000e+03 2.000000000000000000e+01 4.927196979522705078e+00 5.388823747634887695e-01
1.444000000000000000e+03 2.000000000000000000e+01 4.968872070312500000e+00 5.401387214660644531e-01
1.445000000000000000e+03 2.000000000000000000e+01 4.889004707336425781e+00 5.391075015068054199e-01
1.446000000000000000e+03 2.000000000000000000e+01 4.993329048156738281e+00 5.214923024177551270e-01
1.447000000000000000e+03 2.000000000000000000e+01 5.180002689361572266e+00 5.035400390625000000e-01
1.448000000000000000e+03 2.000000000000000000e+01 5.003897666931152344e+00 4.951499998569488525e-01
1.449000000000000000e+03 2.000000000000000000e+01 4.834213256835937500e+00 4.857753217220306396e-01
1.450000000000000000e+03 2.000000000000000000e+01 4.841262817382812500e+00 4.782255589962005615e-01
1.451000000000000000e+03 2.000000000000000000e+01 4.819988250732421875e+00 4.684023857116699219e-01
1.452000000000000000e+03 2.000000000000000000e+01 4.582537174224853516e+00 4.471652209758758545e-01
1.453000000000000000e+03 2.000000000000000000e+01 4.691852569580078125e+00 4.232772290706634521e-01
1.454000000000000000e+03 2.000000000000000000e+01 5.086722373962402344e+00 4.096982181072235107e-01
1.455000000000000000e+03 2.000000000000000000e+01 5.071302890777587891e+00 3.959688246250152588e-01
1.456000000000000000e+03 2.000000000000000000e+01 4.987708091735839844e+00 4.036493301391601562e-01
1.457000000000000000e+03 2.000000000000000000e+01 4.962743282318115234e+00 4.162811338901519775e-01
1.458000000000000000e+03 2.000000000000000000e+01 5.065977096557617188e+00 4.231759011745452881e-01
1.459000000000000000e+03 2.000000000000000000e+01 5.214707374572753906e+00 4.086012840270996094e-01
1.460000000000000000e+03 2.000000000000000000e+01 4.996706962585449219e+00 3.794596493244171143e-01
1.461000000000000000e+03 2.000000000000000000e+01 4.813320636749267578e+00 3.479686379432678223e-01
1.462000000000000000e+03 2.000000000000000000e+01 4.802019119262695312e+00 3.294501006603240967e-01
1.463000000000000000e+03 2.000000000000000000e+01 4.825900077819824219e+00 3.163146376609802246e-01
1.464000000000000000e+03 2.000000000000000000e+01 4.801430702209472656e+00 3.103354275226593018e-01
1.465000000000000000e+03 2.000000000000000000e+01 4.773523807525634766e+00 3.038306534290313721e-01
1.466000000000000000e+03 2.000000000000000000e+01 4.642677307128906250e+00 3.122577369213104248e-01
1.467000000000000000e+03 2.000000000000000000e+01 4.682280540466308594e+00 3.139958679676055908e-01
1.468000000000000000e+03 2.000000000000000000e+01 4.880568504333496094e+00 3.016197085380554199e-01
1.469000000000000000e+03 2.000000000000000000e+01 4.769274711608886719e+00 2.855310142040252686e-01
1.470000000000000000e+03 2.000000000000000000e+01 4.814756393432617188e+00 2.658857107162475586e-01
1.471000000000000000e+03 2.000000000000000000e+01 4.875480175018310547e+00 2.699553072452545166e-01
1.472000000000000000e+03 2.000000000000000000e+01 4.857097148895263672e+00 2.773348987102508545e-01
1.473000000000000000e+03 2.000000000000000000e+01 4.832325458526611328e+00 2.805263102054595947e-01
1.474000000000000000e+03 2.000000000000000000e+01 4.755630970001220703e+00 2.812519371509552002e-01
1.475000000000000000e+03 2.000000000000000000e+01 4.906069755554199219e+00 2.737862765789031982e-01
1.476000000000000000e+03 2.000000000000000000e+01 4.731335639953613281e+00 2.693150043487548828e-01
1.477000000000000000e+03 2.000000000000000000e+01 4.455585479736328125e+00 2.680045068264007568e-01
1.478000000000000000e+03 2.000000000000000000e+01 4.499126434326171875e+00 2.601521909236907959e-01
1.479000000000000000e+03 2.000000000000000000e+01 4.549629211425781250e+00 2.435127794742584229e-01
1.480000000000000000e+03 2.000000000000000000e+01 4.389737606048583984e+00 2.284955531358718872e-01
1.481000000000000000e+03 2.000000000000000000e+01 4.498183727264404297e+00 2.210603952407836914e-01
1.482000000000000000e+03 2.000000000000000000e+01 4.660595893859863281e+00 2.208773195743560791e-01
1.483000000000000000e+03 2.000000000000000000e+01 4.674417972564697266e+00 2.280365973711013794e-01
1.484000000000000000e+03 2.000000000000000000e+01 4.592019081115722656e+00 2.155476659536361694e-01
1.485000000000000000e+03 2.000000000000000000e+01 4.419805526733398438e+00 2.028793394565582275e-01
1.486000000000000000e+03 2.000000000000000000e+01 4.252692222595214844e+00 1.910178512334823608e-01
1.487000000000000000e+03 2.000000000000000000e+01 4.119343280792236328e+00 1.869054287672042847e-01
1.488000000000000000e+03 2.000000000000000000e+01 4.246807575225830078e+00 1.880890578031539917e-01
1.489000000000000000e+03 2.000000000000000000e+01 4.324675083160400391e+00 1.881257444620132446e-01
1.490000000000000000e+03 2.000000000000000000e+01 4.175297737121582031e+00 1.902723014354705811e-01
1.491000000000000000e+03 2.000000000000000000e+01 4.043567657470703125e+00 1.866073757410049438e-01
1.492000000000000000e+03 2.000000000000000000e+01 4.105122566223144531e+00 1.739075183868408203e-01
1.493000000000000000e+03 2.000000000000000000e+01 3.998876094818115234e+00 1.742056757211685181e-01
1.494000000000000000e+03 2.000000000000000000e+01 3.811996936798095703e+00 1.638541668653488159e-01
1.495000000000000000e+03 2.000000000000000000e+01 3.859514951705932617e+00 1.650686562061309814e-01
1.496000000000000000e+03 2.000000000000000000e+01 4.041277408599853516e+00 1.695164442062377930e-01
1.497000000000000000e+03 2.000000000000000000e+01 4.022909641265869141e+00 1.720097661018371582e-01
1.498000000000000000e+03 2.000000000000000000e+01 3.858611106872558594e+00 1.573243737220764160e-01
1.499000000000000000e+03 2.000000000000000000e+01 4.010735988616943359e+00 1.378814280033111572e-01
1.500000000000000000e+03 2.000000000000000000e+01 4.034064292907714844e+00 1.266292780637741089e-01
1.501000000000000000e+03 2.000000000000000000e+01 3.826871395111083984e+00 1.156602054834365845e-01
1.502000000000000000e+03 2.000000000000000000e+01 3.801089763641357422e+00 1.211151853203773499e-01
1.503000000000000000e+03 2.000000000000000000e+01 3.930260896682739258e+00 1.386994868516921997e-01
1.504000000000000000e+03 2.000000000000000000e+01 3.933218479156494141e+00 1.509494632482528687e-01
1.505000000000000000e+03 2.000000000000000000e+01 3.801342964172363281e+00 1.554259508848190308e-01
1.506000000000000000e+03 2.000000000000000000e+01 3.688367843627929688e+00 1.635154485702514648e-01
1.507000000000000000e+03 2.000000000000000000e+01 3.796355247497558594e+00 1.665530353784561157e-01
1.508000000000000000e+03 2.000000000000000000e+01 3.821403026580810547e+00 1.663578003644943237e-01
1.509000000000000000e+03 2.000000000000000000e+01 3.679954051971435547e+00 1.697044968605041504e-01
1.510000000000000000e+03 2.000000000000000000e+01 3.687350273132324219e+00 1.765028685331344604e-01
1.511000000000000000e+03 2.000000000000000000e+01 3.635430335998535156e+00 1.630488038063049316e-01
1.512000000000000000e+03 2.000000000000000000e+01 3.514552116394042969e+00 1.545045226812362671e-01
1.513000000000000000e+03 2.000000000000000000e+01 3.562174797058105469e+00 1.478400230407714844e-01
1.514000000000000000e+03 2.000000000000000000e+01 3.747193336486816406e+00 1.515958309173583984e-01
1.515000000000000000e+03 2.000000000000000000e+01 3.649504184722900391e+00 1.516317576169967651e-01
1.516000000000000000e+03 2.000000000000000000e+01 3.545478105545043945e+00 1.497141569852828979e-01
1.517000000000000000e+03 2.000000000000000000e+01 3.699883460998535156e+00 1.421668082475662231e-01
1.518000000000000000e+03 2.000000000000000000e+01 3.703872680664062500e+00 1.342012882232666016e-01
1.519000000000000000e+03 2.000000000000000000e+01 3.724349975585937500e+00 1.264491528272628784e-01
1.520000000000000000e+03 2.000000000000000000e+01 3.729915380477905273e+00 1.331113427877426147e-01
1.521000000000000000e+03 2.000000000000000000e+01 3.591534614562988281e+00 1.354418247938156128e-01
1.522000000000000000e+03 2.000000000000000000e+01 3.733217716217041016e+00 1.391374617815017700e-01
1.523000000000000000e+03 2.000000000000000000e+01 4.057202816009521484e+00 1.376353949308395386e-01
1.524000000000000000e+03 2.000000000000000000e+01 4.089244365692138672e+00 1.300517320632934570e-01
1.525000000000000000e+03 2.000000000000000000e+01 4.091522216796875000e+00 1.223201975226402283e-01
1.526000000000000000e+03 2.000000000000000000e+01 3.929336071014404297e+00 1.136172041296958923e-01
1.527000000000000000e+03 2.000000000000000000e+01 3.635905265808105469e+00 1.103649362921714783e-01
1.528000000000000000e+03 2.000000000000000000e+01 3.658205032348632812e+00 1.169203519821166992e-01
1.529000000000000000e+03 2.000000000000000000e+01 4.055140018463134766e+00 1.297483891248703003e-01
1.530000000000000000e+03 2.000000000000000000e+01 4.114230155944824219e+00 1.294307559728622437e-01
1.531000000000000000e+03 2.000000000000000000e+01 3.955687761306762695e+00 1.307239383459091187e-01
1.532000000000000000e+03 2.000000000000000000e+01 3.986582279205322266e+00 1.271427869796752930e-01
1.533000000000000000e+03 2.000000000000000000e+01 4.094089984893798828e+00 1.345787793397903442e-01
1.534000000000000000e+03 2.000000000000000000e+01 3.975600719451904297e+00 1.299276649951934814e-01
1.535000000000000000e+03 2.000000000000000000e+01 3.687384605407714844e+00 1.316400319337844849e-01
1.536000000000000000e+03 2.000000000000000000e+01 3.637148380279541016e+00 1.285308599472045898e-01
1.537000000000000000e+03 2.000000000000000000e+01 3.685742616653442383e+00 1.191048845648765564e-01
1.538000000000000000e+03 2.000000000000000000e+01 3.787330389022827148e+00 1.102179661393165588e-01
1.539000000000000000e+03 2.000000000000000000e+01 3.725524425506591797e+00 1.046546027064323425e-01
1.540000000000000000e+03 2.000000000000000000e+01 3.662662029266357422e+00 1.076567769050598145e-01
1.541000000000000000e+03 2.000000000000000000e+01 3.782581567764282227e+00 1.127259880304336548e-01
1.542000000000000000e+03 2.000000000000000000e+01 3.701406955718994141e+00 1.150279268622398376e-01
1.543000000000000000e+03 2.000000000000000000e+01 3.655428409576416016e+00 1.086451560258865356e-01
1.544000000000000000e+03 2.000000000000000000e+01 3.700564384460449219e+00 1.110795065760612488e-01
1.545000000000000000e+03 2.000000000000000000e+01 3.536301851272583008e+00 1.141489073634147644e-01
1.546000000000000000e+03 2.000000000000000000e+01 3.640763044357299805e+00 1.013426333665847778e-01
1.547000000000000000e+03 2.000000000000000000e+01 3.792373180389404297e+00 1.204825565218925476e-01
1.548000000000000000e+03 2.000000000000000000e+01 3.670607089996337891e+00 1.102158352732658386e-01
1.549000000000000000e+03 2.000000000000000000e+01 3.503873825073242188e+00 9.464941173791885376e-02
1.550000000000000000e+03 2.000000000000000000e+01 3.483726978302001953e+00 8.677350729703903198e-02
1.551000000000000000e+03 2.000000000000000000e+01 3.506286144256591797e+00 8.372785151004791260e-02
1.552000000000000000e+03 2.000000000000000000e+01 3.320077896118164062e+00 8.260642737150192261e-02
1.553000000000000000e+03 2.000000000000000000e+01 3.376930236816406250e+00 8.529646694660186768e-02
1.554000000000000000e+03 2.000000000000000000e+01 3.805920600891113281e+00 9.325186908245086670e-02
1.555000000000000000e+03 2.000000000000000000e+01 3.746653795242309570e+00 1.000666394829750061e-01
1.556000000000000000e+03 2.000000000000000000e+01 3.364502191543579102e+00 9.520166367292404175e-02
1.557000000000000000e+03 2.000000000000000000e+01 3.435172319412231445e+00 8.034749329090118408e-02
1.558000000000000000e+03 2.000000000000000000e+01 3.619050502777099609e+00 7.286185026168823242e-02
1.559000000000000000e+03 2.000000000000000000e+01 3.529800176620483398e+00 7.729198038578033447e-02
1.560000000000000000e+03 2.000000000000000000e+01 3.373827934265136719e+00 6.884323805570602417e-02
1.561000000000000000e+03 2.000000000000000000e+01 3.350011825561523438e+00 7.846869528293609619e-02
1.562000000000000000e+03 2.000000000000000000e+01 3.287869453430175781e+00 8.516176044940948486e-02
1.563000000000000000e+03 2.000000000000000000e+01 3.298294305801391602e+00 7.630574703216552734e-02
1.564000000000000000e+03 2.000000000000000000e+01 3.384130001068115234e+00 7.015398889780044556e-02
1.565000000000000000e+03 2.000000000000000000e+01 3.311901807785034180e+00 6.609055399894714355e-02
1.566000000000000000e+03 2.000000000000000000e+01 3.449579000473022461e+00 6.588950753211975098e-02
1.567000000000000000e+03 2.000000000000000000e+01 3.492103576660156250e+00 7.605819404125213623e-02
1.568000000000000000e+03 2.000000000000000000e+01 3.362276077270507812e+00 9.228313714265823364e-02
1.569000000000000000e+03 2.000000000000000000e+01 3.396335124969482422e+00 9.649185836315155029e-02
1.570000000000000000e+03 2.000000000000000000e+01 3.444859027862548828e+00 1.000849604606628418e-01
1.571000000000000000e+03 2.000000000000000000e+01 3.272917270660400391e+00 9.370943158864974976e-02
1.572000000000000000e+03 2.000000000000000000e+01 3.196594715118408203e+00 8.155610412359237671e-02
1.573000000000000000e+03 2.000000000000000000e+01 3.276868343353271484e+00 7.624056190252304077e-02
1.574000000000000000e+03 2.000000000000000000e+01 3.300535202026367188e+00 8.708598464727401733e-02
1.575000000000000000e+03 2.000000000000000000e+01 3.416530609130859375e+00 9.344313293695449829e-02
1.576000000000000000e+03 2.000000000000000000e+01 3.485476732254028320e+00 9.355552494525909424e-02
1.577000000000000000e+03 2.000000000000000000e+01 3.455223798751831055e+00 9.217007458209991455e-02
1.578000000000000000e+03 2.000000000000000000e+01 3.450042247772216797e+00 1.002454906702041626e-01
1.579000000000000000e+03 2.000000000000000000e+01 3.336723804473876953e+00 1.081456691026687622e-01
1.580000000000000000e+03 2.000000000000000000e+01 3.352758884429931641e+00 1.078889369964599609e-01
1.581000000000000000e+03 2.000000000000000000e+01 3.507671356201171875e+00 1.074337586760520935e-01
1.582000000000000000e+03 2.000000000000000000e+01 3.560917377471923828e+00 1.068283542990684509e-01
1.583000000000000000e+03 2.000000000000000000e+01 3.516368150711059570e+00 9.452285617589950562e-02
1.584000000000000000e+03 2.000000000000000000e+01 3.473035812377929688e+00 8.627977222204208374e-02
1.585000000000000000e+03 2.000000000000000000e+01 3.398948669433593750e+00 8.325228840112686157e-02
1.586000000000000000e+03 2.000000000000000000e+01 3.474390506744384766e+00 8.858408778905868530e-02
1.587000000000000000e+03 2.000000000000000000e+01 3.553447008132934570e+00 1.014695689082145691e-01
1.588000000000000000e+03 2.000000000000000000e+01 3.453120231628417969e+00 1.054473519325256348e-01
1.589000000000000000e+03 2.000000000000000000e+01 3.348684310913085938e+00 9.545244276523590088e-02
1.590000000000000000e+03 2.000000000000000000e+01 3.557852268218994141e+00 8.857520669698715210e-02
1.591000000000000000e+03 2.000000000000000000e+01 3.597320795059204102e+00 8.671640604734420776e-02
1.592000000000000000e+03 2.000000000000000000e+01 3.372227668762207031e+00 9.214553236961364746e-02
1.593000000000000000e+03 2.000000000000000000e+01 3.314848423004150391e+00 1.027936860918998718e-01
1.594000000000000000e+03 2.000000000000000000e+01 3.322525978088378906e+00 1.087773069739341736e-01
1.595000000000000000e+03 2.000000000000000000e+01 3.269380331039428711e+00 1.015017032623291016e-01
1.596000000000000000e+03 2.000000000000000000e+01 3.383220195770263672e+00 9.475230425596237183e-02
1.597000000000000000e+03 2.000000000000000000e+01 3.584841966629028320e+00 8.580607175827026367e-02
1.598000000000000000e+03 2.000000000000000000e+01 3.532033443450927734e+00 8.103576302528381348e-02
1.599000000000000000e+03 2.000000000000000000e+01 3.441854476928710938e+00 7.783938199281692505e-02
1.600000000000000000e+03 2.000000000000000000e+01 3.333830356597900391e+00 7.178354263305664062e-02
1.601000000000000000e+03 2.000000000000000000e+01 3.403923034667968750e+00 7.397325336933135986e-02
1.602000000000000000e+03 2.000000000000000000e+01 3.474771976470947266e+00 8.704429119825363159e-02
1.603000000000000000e+03 2.000000000000000000e+01 3.373958349227905273e+00 9.490632265806198120e-02
1.604000000000000000e+03 2.000000000000000000e+01 3.330817461013793945e+00 8.911644667387008667e-02
1.605000000000000000e+03 2.000000000000000000e+01 3.406124353408813477e+00 7.285627722740173340e-02
1.606000000000000000e+03 2.000000000000000000e+01 3.431720972061157227e+00 6.513237208127975464e-02
1.607000000000000000e+03 2.000000000000000000e+01 3.369907379150390625e+00 6.347073614597320557e-02
1.608000000000000000e+03 2.000000000000000000e+01 3.194532871246337891e+00 6.721027195453643799e-02
1.609000000000000000e+03 2.000000000000000000e+01 3.358021497726440430e+00 6.469394266605377197e-02
1.610000000000000000e+03 2.000000000000000000e+01 3.527544975280761719e+00 5.889428779482841492e-02
1.611000000000000000e+03 2.000000000000000000e+01 3.281266212463378906e+00 6.430050730705261230e-02
1.612000000000000000e+03 2.000000000000000000e+01 3.167970657348632812e+00 7.118941843509674072e-02
1.613000000000000000e+03 2.000000000000000000e+01 3.323850870132446289e+00 7.441669702529907227e-02
1.614000000000000000e+03 2.000000000000000000e+01 3.313169479370117188e+00 7.670946419239044189e-02
1.615000000000000000e+03 2.000000000000000000e+01 3.345751285552978516e+00 7.150749117136001587e-02
1.616000000000000000e+03 2.000000000000000000e+01 3.368267774581909180e+00 6.092195585370063782e-02
1.617000000000000000e+03 2.000000000000000000e+01 3.281903743743896484e+00 6.057895347476005554e-02
1.618000000000000000e+03 2.000000000000000000e+01 3.313232183456420898e+00 6.427016109228134155e-02
1.619000000000000000e+03 2.000000000000000000e+01 3.263335466384887695e+00 7.966987043619155884e-02
1.620000000000000000e+03 2.000000000000000000e+01 3.145259141921997070e+00 1.030071005225181580e-01
1.621000000000000000e+03 2.000000000000000000e+01 3.078672885894775391e+00 1.150509119033813477e-01
1.622000000000000000e+03 2.000000000000000000e+01 2.990523815155029297e+00 1.036298498511314392e-01
1.623000000000000000e+03 2.000000000000000000e+01 2.952134847640991211e+00 8.635599166154861450e-02
1.624000000000000000e+03 2.000000000000000000e+01 3.063737154006958008e+00 8.256851881742477417e-02
1.625000000000000000e+03 2.000000000000000000e+01 3.042277336120605469e+00 8.353902399539947510e-02
1.626000000000000000e+03 2.000000000000000000e+01 2.892719268798828125e+00 8.902766555547714233e-02
1.627000000000000000e+03 2.000000000000000000e+01 3.215871810913085938e+00 8.746172487735748291e-02
1.628000000000000000e+03 2.000000000000000000e+01 3.500058174133300781e+00 8.622249215841293335e-02
1.629000000000000000e+03 2.000000000000000000e+01 3.494478702545166016e+00 8.356066793203353882e-02
1.630000000000000000e+03 2.000000000000000000e+01 3.380965232849121094e+00 8.537327498197555542e-02
1.631000000000000000e+03 2.000000000000000000e+01 3.385827779769897461e+00 8.664148300886154175e-02
1.632000000000000000e+03 2.000000000000000000e+01 3.329460382461547852e+00 8.148663491010665894e-02
1.633000000000000000e+03 2.000000000000000000e+01 3.308569431304931641e+00 8.199026435613632202e-02
1.634000000000000000e+03 2.000000000000000000e+01 3.278416872024536133e+00 8.628020435571670532e-02
1.635000000000000000e+03 2.000000000000000000e+01 3.097069025039672852e+00 8.581166714429855347e-02
1.636000000000000000e+03 2.000000000000000000e+01 3.209846973419189453e+00 8.633475005626678467e-02
1.637000000000000000e+03 2.000000000000000000e+01 3.229205608367919922e+00 8.959650993347167969e-02
1.638000000000000000e+03 2.000000000000000000e+01 3.025373458862304688e+00 9.200463443994522095e-02
1.639000000000000000e+03 2.000000000000000000e+01 3.057783603668212891e+00 9.401303529739379883e-02
1.640000000000000000e+03 2.000000000000000000e+01 3.194535255432128906e+00 9.145974367856979370e-02
1.641000000000000000e+03 2.000000000000000000e+01 3.123053789138793945e+00 8.388928323984146118e-02
1.642000000000000000e+03 2.000000000000000000e+01 2.923945665359497070e+00 7.893701642751693726e-02
1.643000000000000000e+03 2.000000000000000000e+01 3.009430885314941406e+00 7.171595841646194458e-02
1.644000000000000000e+03 2.000000000000000000e+01 3.206144571304321289e+00 7.867861539125442505e-02
1.645000000000000000e+03 2.000000000000000000e+01 3.132939577102661133e+00 7.426153868436813354e-02
1.646000000000000000e+03 2.000000000000000000e+01 3.104979038238525391e+00 6.660538911819458008e-02
1.647000000000000000e+03 2.000000000000000000e+01 3.006160259246826172e+00 7.315504550933837891e-02
1.648000000000000000e+03 2.000000000000000000e+01 2.927554607391357422e+00 7.042330503463745117e-02
1.649000000000000000e+03 2.000000000000000000e+01 2.815525531768798828e+00 7.491806894540786743e-02
1.650000000000000000e+03 2.000000000000000000e+01 2.942627191543579102e+00 9.031490981578826904e-02
1.651000000000000000e+03 2.000000000000000000e+01 2.999840497970581055e+00 8.910115808248519897e-02
1.652000000000000000e+03 2.000000000000000000e+01 2.956218719482421875e+00 6.576021760702133179e-02
1.653000000000000000e+03 2.000000000000000000e+01 3.029050827026367188e+00 6.420814245939254761e-02
1.654000000000000000e+03 2.000000000000000000e+01 2.880465507507324219e+00 6.172115355730056763e-02
1.655000000000000000e+03 2.000000000000000000e+01 2.721454381942749023e+00 6.445911526679992676e-02
1.656000000000000000e+03 2.000000000000000000e+01 2.792785167694091797e+00 7.609561830759048462e-02
1.657000000000000000e+03 2.000000000000000000e+01 2.886479377746582031e+00 7.307914644479751587e-02
1.658000000000000000e+03 2.000000000000000000e+01 2.738148689270019531e+00 6.751342862844467163e-02
1.659000000000000000e+03 2.000000000000000000e+01 2.776850938796997070e+00 6.482263654470443726e-02
1.660000000000000000e+03 2.000000000000000000e+01 3.124545335769653320e+00 6.474996358156204224e-02
1.661000000000000000e+03 2.000000000000000000e+01 3.186695098876953125e+00 6.397872418165206909e-02
1.662000000000000000e+03 2.000000000000000000e+01 3.042793035507202148e+00 6.762983649969100952e-02
1.663000000000000000e+03 2.000000000000000000e+01 3.093742847442626953e+00 7.122384756803512573e-02
1.664000000000000000e+03 2.000000000000000000e+01 3.039285898208618164e+00 7.752391695976257324e-02
1.665000000000000000e+03 2.000000000000000000e+01 2.879734516143798828e+00 8.087217062711715698e-02
1.666000000000000000e+03 2.000000000000000000e+01 2.952160120010375977e+00 7.554007321596145630e-02
1.667000000000000000e+03 2.000000000000000000e+01 2.904518842697143555e+00 7.318770140409469604e-02
1.668000000000000000e+03 2.000000000000000000e+01 2.828868389129638672e+00 7.740675657987594604e-02
1.669000000000000000e+03 2.000000000000000000e+01 2.991150379180908203e+00 8.278685808181762695e-02
1.670000000000000000e+03 2.000000000000000000e+01 3.072960376739501953e+00 8.870819956064224243e-02
1.671000000000000000e+03 2.000000000000000000e+01 2.972685575485229492e+00 9.319733828306198120e-02
1.672000000000000000e+03 2.000000000000000000e+01 2.866056203842163086e+00 8.785746246576309204e-02
1.673000000000000000e+03 2.000000000000000000e+01 2.916103839874267578e+00 8.251870423555374146e-02
1.674000000000000000e+03 2.000000000000000000e+01 2.887133121490478516e+00 8.408369123935699463e-02
1.675000000000000000e+03 2.000000000000000000e+01 2.725403785705566406e+00 7.274066656827926636e-02
1.676000000000000000e+03 2.000000000000000000e+01 2.678456783294677734e+00 7.598344236612319946e-02
1.677000000000000000e+03 2.000000000000000000e+01 2.837382316589355469e+00 7.856839150190353394e-02
1.678000000000000000e+03 2.000000000000000000e+01 3.000511646270751953e+00 6.991978734731674194e-02
1.679000000000000000e+03 2.000000000000000000e+01 3.145367860794067383e+00 6.094626337289810181e-02
1.680000000000000000e+03 2.000000000000000000e+01 3.140027999877929688e+00 5.134365707635879517e-02
1.681000000000000000e+03 2.000000000000000000e+01 2.995227098464965820e+00 4.861076548695564270e-02
1.682000000000000000e+03 2.000000000000000000e+01 2.976190090179443359e+00 5.516929179430007935e-02
1.683000000000000000e+03 2.000000000000000000e+01 3.176220417022705078e+00 6.373687833547592163e-02
1.684000000000000000e+03 2.000000000000000000e+01 3.138339042663574219e+00 6.841671466827392578e-02
1.685000000000000000e+03 2.000000000000000000e+01 2.953583240509033203e+00 6.087287142872810364e-02
1.686000000000000000e+03 2.000000000000000000e+01 2.770082473754882812e+00 5.565045401453971863e-02
1.687000000000000000e+03 2.000000000000000000e+01 2.761599779129028320e+00 5.638583377003669739e-02
1.688000000000000000e+03 2.000000000000000000e+01 2.790483951568603516e+00 5.508751422166824341e-02
1.689000000000000000e+03 2.000000000000000000e+01 2.779811382293701172e+00 5.583531782031059265e-02
1.690000000000000000e+03 2.000000000000000000e+01 2.904578685760498047e+00 5.773433670401573181e-02
1.691000000000000000e+03 2.000000000000000000e+01 2.894496202468872070e+00 5.951918289065361023e-02
1.692000000000000000e+03 2.000000000000000000e+01 2.999672889709472656e+00 5.450624972581863403e-02
1.693000000000000000e+03 2.000000000000000000e+01 3.156454086303710938e+00 5.483233556151390076e-02
1.694000000000000000e+03 2.000000000000000000e+01 3.094942092895507812e+00 5.863453820347785950e-02
1.695000000000000000e+03 2.000000000000000000e+01 2.967392683029174805e+00 6.134308502078056335e-02
1.696000000000000000e+03 2.000000000000000000e+01 3.026334762573242188e+00 5.561968311667442322e-02
1.697000000000000000e+03 2.000000000000000000e+01 3.248603343963623047e+00 5.324283987283706665e-02
1.698000000000000000e+03 2.000000000000000000e+01 3.178903341293334961e+00 5.236506462097167969e-02
1.699000000000000000e+03 2.000000000000000000e+01 3.183329105377197266e+00 5.123128369450569153e-02
1.700000000000000000e+03 2.000000000000000000e+01 3.286783695220947266e+00 5.195513367652893066e-02
1.701000000000000000e+03 2.000000000000000000e+01 3.245427608489990234e+00 4.837503656744956970e-02
1.702000000000000000e+03 2.000000000000000000e+01 3.154887199401855469e+00 4.628080874681472778e-02
1.703000000000000000e+03 2.000000000000000000e+01 3.180460214614868164e+00 4.794793948531150818e-02
1.704000000000000000e+03 2.000000000000000000e+01 3.104001283645629883e+00 5.229803919792175293e-02
1.705000000000000000e+03 2.000000000000000000e+01 2.953684806823730469e+00 5.156610533595085144e-02
1.706000000000000000e+03 2.000000000000000000e+01 3.056330204010009766e+00 4.907434433698654175e-02
1.707000000000000000e+03 2.000000000000000000e+01 3.158998250961303711e+00 4.555485397577285767e-02
1.708000000000000000e+03 2.000000000000000000e+01 2.951256275177001953e+00 4.844087734818458557e-02
1.709000000000000000e+03 2.000000000000000000e+01 2.873397827148437500e+00 5.221549421548843384e-02
1.710000000000000000e+03 2.000000000000000000e+01 2.939799308776855469e+00 5.447151884436607361e-02
1.711000000000000000e+03 2.000000000000000000e+01 3.136960983276367188e+00 5.700057372450828552e-02
1.712000000000000000e+03 2.000000000000000000e+01 3.130723476409912109e+00 5.902123451232910156e-02
1.713000000000000000e+03 2.000000000000000000e+01 2.958755731582641602e+00 6.124427542090415955e-02
1.714000000000000000e+03 2.000000000000000000e+01 3.009082794189453125e+00 6.974343955516815186e-02
1.715000000000000000e+03 2.000000000000000000e+01 3.212881565093994141e+00 7.521815598011016846e-02
1.716000000000000000e+03 2.000000000000000000e+01 3.204302787780761719e+00 7.409673929214477539e-02
1.717000000000000000e+03 2.000000000000000000e+01 3.092115640640258789e+00 8.272606879472732544e-02
1.718000000000000000e+03 2.000000000000000000e+01 2.908489465713500977e+00 8.583138138055801392e-02
1.719000000000000000e+03 2.000000000000000000e+01 2.772562503814697266e+00 8.440554141998291016e-02
1.720000000000000000e+03 2.000000000000000000e+01 2.719940185546875000e+00 8.527810871601104736e-02
1.721000000000000000e+03 2.000000000000000000e+01 2.550741672515869141e+00 9.304599463939666748e-02
1.722000000000000000e+03 2.000000000000000000e+01 2.578677177429199219e+00 9.484377503395080566e-02
1.723000000000000000e+03 2.000000000000000000e+01 2.724771499633789062e+00 9.248951822519302368e-02
1.724000000000000000e+03 2.000000000000000000e+01 2.848387956619262695e+00 8.173618465662002563e-02
1.725000000000000000e+03 2.000000000000000000e+01 2.856410026550292969e+00 7.646390795707702637e-02
1.726000000000000000e+03 2.000000000000000000e+01 2.904707670211791992e+00 7.373183220624923706e-02
1.727000000000000000e+03 2.000000000000000000e+01 2.872348308563232422e+00 6.937464326620101929e-02
1.728000000000000000e+03 2.000000000000000000e+01 2.639847993850708008e+00 6.708968430757522583e-02
1.729000000000000000e+03 2.000000000000000000e+01 2.647857666015625000e+00 6.938513368368148804e-02
1.730000000000000000e+03 2.000000000000000000e+01 2.856596708297729492e+00 7.682255655527114868e-02
1.731000000000000000e+03 2.000000000000000000e+01 2.844212055206298828e+00 8.480640500783920288e-02
1.732000000000000000e+03 2.000000000000000000e+01 2.698103904724121094e+00 8.734456449747085571e-02
1.733000000000000000e+03 2.000000000000000000e+01 2.748508214950561523e+00 7.657755166292190552e-02
1.734000000000000000e+03 2.000000000000000000e+01 2.759911775588989258e+00 7.338825613260269165e-02
1.735000000000000000e+03 2.000000000000000000e+01 2.888575315475463867e+00 7.699580490589141846e-02
1.736000000000000000e+03 2.000000000000000000e+01 2.847440958023071289e+00 7.629806548357009888e-02
1.737000000000000000e+03 2.000000000000000000e+01 2.765852928161621094e+00 7.406104356050491333e-02
1.738000000000000000e+03 2.000000000000000000e+01 2.721389293670654297e+00 7.564041763544082642e-02
1.739000000000000000e+03 2.000000000000000000e+01 2.797390937805175781e+00 7.864953577518463135e-02
1.740000000000000000e+03 2.000000000000000000e+01 2.808760643005371094e+00 7.353564351797103882e-02
1.741000000000000000e+03 2.000000000000000000e+01 2.690389871597290039e+00 6.641402095556259155e-02
1.742000000000000000e+03 2.000000000000000000e+01 2.594626665115356445e+00 6.527154892683029175e-02
1.743000000000000000e+03 2.000000000000000000e+01 2.726947784423828125e+00 6.609749048948287964e-02
1.744000000000000000e+03 2.000000000000000000e+01 2.945076465606689453e+00 6.173475459218025208e-02
1.745000000000000000e+03 2.000000000000000000e+01 2.988596439361572266e+00 6.213973090052604675e-02
1.746000000000000000e+03 2.000000000000000000e+01 2.733936309814453125e+00 6.242341548204421997e-02
1.747000000000000000e+03 2.000000000000000000e+01 2.574645042419433594e+00 6.754853576421737671e-02
1.748000000000000000e+03 2.000000000000000000e+01 2.617981672286987305e+00 7.464957237243652344e-02
1.749000000000000000e+03 2.000000000000000000e+01 2.683427810668945312e+00 7.540415972471237183e-02
1.750000000000000000e+03 2.000000000000000000e+01 2.680277109146118164e+00 7.425178587436676025e-02
1.751000000000000000e+03 2.000000000000000000e+01 2.766470432281494141e+00 7.503812015056610107e-02
1.752000000000000000e+03 2.000000000000000000e+01 2.877156257629394531e+00 8.389643579721450806e-02
1.753000000000000000e+03 2.000000000000000000e+01 2.606490135192871094e+00 9.119281917810440063e-02
1.754000000000000000e+03 2.000000000000000000e+01 2.332452535629272461e+00 9.168551862239837646e-02
1.755000000000000000e+03 2.000000000000000000e+01 2.506517171859741211e+00 8.540423959493637085e-02
1.756000000000000000e+03 2.000000000000000000e+01 2.530617713928222656e+00 7.827738672494888306e-02
1.757000000000000000e+03 2.000000000000000000e+01 2.422744512557983398e+00 7.426251471042633057e-02
1.758000000000000000e+03 2.000000000000000000e+01 2.501361370086669922e+00 6.959282606840133667e-02
1.759000000000000000e+03 2.000000000000000000e+01 2.559521675109863281e+00 6.594622135162353516e-02
1.760000000000000000e+03 2.000000000000000000e+01 2.578598260879516602e+00 6.831119954586029053e-02
1.761000000000000000e+03 2.000000000000000000e+01 2.368704319000244141e+00 6.682574003934860229e-02
1.762000000000000000e+03 2.000000000000000000e+01 2.203604698181152344e+00 6.810351461172103882e-02
1.763000000000000000e+03 2.000000000000000000e+01 2.311585187911987305e+00 7.191399484872817993e-02
1.764000000000000000e+03 2.000000000000000000e+01 2.426016569137573242e+00 7.423536479473114014e-02
1.765000000000000000e+03 2.000000000000000000e+01 2.450759410858154297e+00 7.807370275259017944e-02
1.766000000000000000e+03 2.000000000000000000e+01 2.502283811569213867e+00 7.811994850635528564e-02
1.767000000000000000e+03 2.000000000000000000e+01 2.591622829437255859e+00 8.032407611608505249e-02
1.768000000000000000e+03 2.000000000000000000e+01 2.634571313858032227e+00 8.345432579517364502e-02
1.769000000000000000e+03 2.000000000000000000e+01 2.702552080154418945e+00 9.023628383874893188e-02
1.770000000000000000e+03 2.000000000000000000e+01 2.746409416198730469e+00 9.135583788156509399e-02
1.771000000000000000e+03 2.000000000000000000e+01 2.619405269622802734e+00 8.259318023920059204e-02
1.772000000000000000e+03 2.000000000000000000e+01 2.788237333297729492e+00 8.200877159833908081e-02
1.773000000000000000e+03 2.000000000000000000e+01 3.017568826675415039e+00 8.680894970893859863e-02
1.774000000000000000e+03 2.000000000000000000e+01 2.845991849899291992e+00 9.658552706241607666e-02
1.775000000000000000e+03 2.000000000000000000e+01 2.708762407302856445e+00 1.038654595613479614e-01
1.776000000000000000e+03 2.000000000000000000e+01 2.963366985321044922e+00 1.060400530695915222e-01
1.777000000000000000e+03 2.000000000000000000e+01 3.060699462890625000e+00 1.023694202303886414e-01
1.778000000000000000e+03 2.000000000000000000e+01 2.923332691192626953e+00 1.055545583367347717e-01
1.779000000000000000e+03 2.000000000000000000e+01 2.939551115036010742e+00 1.050297841429710388e-01
1.780000000000000000e+03 2.000000000000000000e+01 3.058943033218383789e+00 1.039973422884941101e-01
1.781000000000000000e+03 2.000000000000000000e+01 3.196230411529541016e+00 1.042245775461196899e-01
1.782000000000000000e+03 2.000000000000000000e+01 3.292631626129150391e+00 1.020124182105064392e-01
1.783000000000000000e+03 2.000000000000000000e+01 3.234286069869995117e+00 1.082926020026206970e-01
1.784000000000000000e+03 2.000000000000000000e+01 3.172656774520874023e+00 1.225845962762832642e-01
1.785000000000000000e+03 2.000000000000000000e+01 3.038486957550048828e+00 1.217143088579177856e-01
1.786000000000000000e+03 2.000000000000000000e+01 3.043491363525390625e+00 1.126110553741455078e-01
1.787000000000000000e+03 2.000000000000000000e+01 3.114964008331298828e+00 1.111952066421508789e-01
1.788000000000000000e+03 2.000000000000000000e+01 2.961801052093505859e+00 1.095730438828468323e-01
1.789000000000000000e+03 2.000000000000000000e+01 2.758735179901123047e+00 1.049182191491127014e-01
1.790000000000000000e+03 2.000000000000000000e+01 2.979671001434326172e+00 1.015399247407913208e-01
1.791000000000000000e+03 2.000000000000000000e+01 3.090603590011596680e+00 9.841237217187881470e-02
1.792000000000000000e+03 2.000000000000000000e+01 2.942074298858642578e+00 9.617947787046432495e-02
1.793000000000000000e+03 2.000000000000000000e+01 2.974610805511474609e+00 9.998296946287155151e-02
1.794000000000000000e+03 2.000000000000000000e+01 3.012612819671630859e+00 9.738380461931228638e-02
1.795000000000000000e+03 2.000000000000000000e+01 2.931334972381591797e+00 9.453933686017990112e-02
1.796000000000000000e+03 2.000000000000000000e+01 2.867018222808837891e+00 9.438112378120422363e-02
1.797000000000000000e+03 2.000000000000000000e+01 2.712351322174072266e+00 9.117574989795684814e-02
1.798000000000000000e+03 2.000000000000000000e+01 2.687955617904663086e+00 8.369632810354232788e-02
1.799000000000000000e+03 2.000000000000000000e+01 2.847813844680786133e+00 8.338011801242828369e-02
1.800000000000000000e+03 2.000000000000000000e+01 2.810419559478759766e+00 8.634890615940093994e-02
1.801000000000000000e+03 2.000000000000000000e+01 2.874059200286865234e+00 8.836283534765243530e-02
1.802000000000000000e+03 2.000000000000000000e+01 2.846956968307495117e+00 9.092705696821212769e-02
1.803000000000000000e+03 2.000000000000000000e+01 2.687085151672363281e+00 9.513480961322784424e-02
1.804000000000000000e+03 2.000000000000000000e+01 2.673446655273437500e+00 9.933975338935852051e-02
1.805000000000000000e+03 2.000000000000000000e+01 2.725240945816040039e+00 1.001273989677429199e-01
1.806000000000000000e+03 2.000000000000000000e+01 2.923726081848144531e+00 1.004454642534255981e-01
1.807000000000000000e+03 2.000000000000000000e+01 3.031001091003417969e+00 9.720641374588012695e-02
1.808000000000000000e+03 2.000000000000000000e+01 3.191054105758666992e+00 9.671630710363388062e-02
1.809000000000000000e+03 2.000000000000000000e+01 3.089229106903076172e+00 1.031065955758094788e-01
1.810000000000000000e+03 2.000000000000000000e+01 3.048832893371582031e+00 1.070806607604026794e-01
1.811000000000000000e+03 2.000000000000000000e+01 3.139472007751464844e+00 1.055449992418289185e-01
1.812000000000000000e+03 2.000000000000000000e+01 3.126650333404541016e+00 1.061875596642494202e-01
1.813000000000000000e+03 2.000000000000000000e+01 3.161778926849365234e+00 1.163962259888648987e-01
1.814000000000000000e+03 2.000000000000000000e+01 3.004162073135375977e+00 1.240372657775878906e-01
1.815000000000000000e+03 2.000000000000000000e+01 2.965598344802856445e+00 1.300612390041351318e-01
1.816000000000000000e+03 2.000000000000000000e+01 3.101948976516723633e+00 1.191538125276565552e-01
1.817000000000000000e+03 2.000000000000000000e+01 3.203039169311523438e+00 1.068569645285606384e-01
1.818000000000000000e+03 2.000000000000000000e+01 3.199041843414306641e+00 9.750124067068099976e-02
1.819000000000000000e+03 2.000000000000000000e+01 3.053953170776367188e+00 9.994948655366897583e-02
1.820000000000000000e+03 2.000000000000000000e+01 3.068971872329711914e+00 9.363519400358200073e-02
1.821000000000000000e+03 2.000000000000000000e+01 3.062451362609863281e+00 9.808564931154251099e-02
1.822000000000000000e+03 2.000000000000000000e+01 3.095874309539794922e+00 9.970597177743911743e-02
1.823000000000000000e+03 2.000000000000000000e+01 3.143028497695922852e+00 9.266339987516403198e-02
1.824000000000000000e+03 2.000000000000000000e+01 3.013980388641357422e+00 8.361075073480606079e-02
1.825000000000000000e+03 2.000000000000000000e+01 2.950838565826416016e+00 8.222427219152450562e-02
1.826000000000000000e+03 2.000000000000000000e+01 2.964794635772705078e+00 7.596876472234725952e-02
1.827000000000000000e+03 2.000000000000000000e+01 2.839880228042602539e+00 6.642382591962814331e-02
1.828000000000000000e+03 2.000000000000000000e+01 2.811077833175659180e+00 6.165423616766929626e-02
1.829000000000000000e+03 2.000000000000000000e+01 2.930850982666015625e+00 5.975107476115226746e-02
1.830000000000000000e+03 2.000000000000000000e+01 2.949842929840087891e+00 6.058895587921142578e-02
1.831000000000000000e+03 2.000000000000000000e+01 2.832110166549682617e+00 7.280080020427703857e-02
1.832000000000000000e+03 2.000000000000000000e+01 2.820283174514770508e+00 8.125144988298416138e-02
1.833000000000000000e+03 2.000000000000000000e+01 2.971450090408325195e+00 7.247355580329895020e-02
1.834000000000000000e+03 2.000000000000000000e+01 2.989938020706176758e+00 6.258676946163177490e-02
1.835000000000000000e+03 2.000000000000000000e+01 2.991601228713989258e+00 6.080298498272895813e-02
1.836000000000000000e+03 2.000000000000000000e+01 3.131491184234619141e+00 6.515946984291076660e-02
1.837000000000000000e+03 2.000000000000000000e+01 3.008340835571289062e+00 7.529904693365097046e-02
1.838000000000000000e+03 2.000000000000000000e+01 3.127559661865234375e+00 8.005870878696441650e-02
1.839000000000000000e+03 2.000000000000000000e+01 3.106352329254150391e+00 8.562251925468444824e-02
1.840000000000000000e+03 2.000000000000000000e+01 2.949653863906860352e+00 9.049469977617263794e-02
1.841000000000000000e+03 2.000000000000000000e+01 3.019264221191406250e+00 8.576782792806625366e-02
1.842000000000000000e+03 2.000000000000000000e+01 3.090553760528564453e+00 8.474295586347579956e-02
1.843000000000000000e+03 2.000000000000000000e+01 3.087414979934692383e+00 8.336255699396133423e-02
1.844000000000000000e+03 2.000000000000000000e+01 3.252770423889160156e+00 8.280421048402786255e-02
1.845000000000000000e+03 2.000000000000000000e+01 3.328268289566040039e+00 8.629732578992843628e-02
1.846000000000000000e+03 2.000000000000000000e+01 3.245491027832031250e+00 8.639683574438095093e-02
1.847000000000000000e+03 2.000000000000000000e+01 3.292553186416625977e+00 8.495925366878509521e-02
1.848000000000000000e+03 2.000000000000000000e+01 3.149885892868041992e+00 8.794804662466049194e-02
1.849000000000000000e+03 2.000000000000000000e+01 2.950025320053100586e+00 9.667079895734786987e-02
1.850000000000000000e+03 2.000000000000000000e+01 2.875640392303466797e+00 1.003999933600425720e-01
1.851000000000000000e+03 2.000000000000000000e+01 2.879741907119750977e+00 9.736119210720062256e-02
1.852000000000000000e+03 2.000000000000000000e+01 2.834088802337646484e+00 1.032826676964759827e-01
1.853000000000000000e+03 2.000000000000000000e+01 2.739936828613281250e+00 1.024638190865516663e-01
1.854000000000000000e+03 2.000000000000000000e+01 2.875401258468627930e+00 9.436402469873428345e-02
1.855000000000000000e+03 2.000000000000000000e+01 2.996633291244506836e+00 8.547159284353256226e-02
1.856000000000000000e+03 2.000000000000000000e+01 2.919078350067138672e+00 8.836016058921813965e-02
1.857000000000000000e+03 2.000000000000000000e+01 2.760318756103515625e+00 8.830655366182327271e-02
1.858000000000000000e+03 2.000000000000000000e+01 2.841875314712524414e+00 1.000422611832618713e-01
1.859000000000000000e+03 2.000000000000000000e+01 3.038001060485839844e+00 9.222019463777542114e-02
1.860000000000000000e+03 2.000000000000000000e+01 2.978509187698364258e+00 8.056850731372833252e-02
1.861000000000000000e+03 2.000000000000000000e+01 2.905067443847656250e+00 7.921425998210906982e-02
1.862000000000000000e+03 2.000000000000000000e+01 2.836335659027099609e+00 8.323083072900772095e-02
1.863000000000000000e+03 2.000000000000000000e+01 2.677494764328002930e+00 9.644341468811035156e-02
1.864000000000000000e+03 2.000000000000000000e+01 2.871565341949462891e+00 9.875074028968811035e-02
1.865000000000000000e+03 2.000000000000000000e+01 2.940105438232421875e+00 8.952990174293518066e-02
1.866000000000000000e+03 2.000000000000000000e+01 2.840193271636962891e+00 8.179614692926406860e-02
1.867000000000000000e+03 2.000000000000000000e+01 2.938657760620117188e+00 7.652904093265533447e-02
1.868000000000000000e+03 2.000000000000000000e+01 2.986654043197631836e+00 7.444020360708236694e-02
1.869000000000000000e+03 2.000000000000000000e+01 2.988548040390014648e+00 7.875096797943115234e-02
1.870000000000000000e+03 2.000000000000000000e+01 3.014629840850830078e+00 8.504559844732284546e-02
1.871000000000000000e+03 2.000000000000000000e+01 3.088380575180053711e+00 9.092482179403305054e-02
1.872000000000000000e+03 2.000000000000000000e+01 3.118467807769775391e+00 9.455660730600357056e-02
1.873000000000000000e+03 2.000000000000000000e+01 3.193066358566284180e+00 8.759333938360214233e-02
1.874000000000000000e+03 2.000000000000000000e+01 3.110370635986328125e+00 7.949453592300415039e-02
1.875000000000000000e+03 2.000000000000000000e+01 2.954952239990234375e+00 8.030505478382110596e-02
1.876000000000000000e+03 2.000000000000000000e+01 3.078256607055664062e+00 8.695100992918014526e-02
1.877000000000000000e+03 2.000000000000000000e+01 3.153856515884399414e+00 9.664051979780197144e-02
1.878000000000000000e+03 2.000000000000000000e+01 3.016249179840087891e+00 1.008928045630455017e-01
1.879000000000000000e+03 2.000000000000000000e+01 2.800968170166015625e+00 9.630367159843444824e-02
1.880000000000000000e+03 2.000000000000000000e+01 2.840279102325439453e+00 8.857005089521408081e-02
1.881000000000000000e+03 2.000000000000000000e+01 2.808939456939697266e+00 8.432511240243911743e-02
1.882000000000000000e+03 2.000000000000000000e+01 2.715708732604980469e+00 8.564161509275436401e-02
1.883000000000000000e+03 2.000000000000000000e+01 2.788816928863525391e+00 8.955414593219757080e-02
1.884000000000000000e+03 2.000000000000000000e+01 2.880985736846923828e+00 9.328029304742813110e-02
1.885000000000000000e+03 2.000000000000000000e+01 2.767431974411010742e+00 9.363245218992233276e-02
1.886000000000000000e+03 2.000000000000000000e+01 2.795847177505493164e+00 9.586780518293380737e-02
1.887000000000000000e+03 2.000000000000000000e+01 2.941326141357421875e+00 9.625895321369171143e-02
1.888000000000000000e+03 2.000000000000000000e+01 2.937387704849243164e+00 9.282659739255905151e-02
1.889000000000000000e+03 2.000000000000000000e+01 3.033693552017211914e+00 9.030114859342575073e-02
1.890000000000000000e+03 2.000000000000000000e+01 3.047264814376831055e+00 8.225404471158981323e-02
1.891000000000000000e+03 2.000000000000000000e+01 2.930341482162475586e+00 7.392165809869766235e-02
1.892000000000000000e+03 2.000000000000000000e+01 2.953634023666381836e+00 7.007029652595520020e-02
1.893000000000000000e+03 2.000000000000000000e+01 3.149551630020141602e+00 6.915798038244247437e-02
1.894000000000000000e+03 2.000000000000000000e+01 3.170514106750488281e+00 7.227869331836700439e-02
1.895000000000000000e+03 2.000000000000000000e+01 3.246720075607299805e+00 8.224251121282577515e-02
1.896000000000000000e+03 2.000000000000000000e+01 2.978400707244873047e+00 8.345562964677810669e-02
1.897000000000000000e+03 2.000000000000000000e+01 2.712094783782958984e+00 7.612195611000061035e-02
1.898000000000000000e+03 2.000000000000000000e+01 2.930508613586425781e+00 7.505270838737487793e-02
1.899000000000000000e+03 2.000000000000000000e+01 3.057260990142822266e+00 7.271692156791687012e-02
1.900000000000000000e+03 2.000000000000000000e+01 2.940367698669433594e+00 6.954267621040344238e-02
1.901000000000000000e+03 2.000000000000000000e+01 3.022407054901123047e+00 7.434949278831481934e-02
1.902000000000000000e+03 2.000000000000000000e+01 2.978238344192504883e+00 7.196226716041564941e-02
1.903000000000000000e+03 2.000000000000000000e+01 2.741596221923828125e+00 6.475158780813217163e-02
1.904000000000000000e+03 2.000000000000000000e+01 2.723199367523193359e+00 6.004979088902473450e-02
1.905000000000000000e+03 2.000000000000000000e+01 2.726278066635131836e+00 6.762033700942993164e-02
1.906000000000000000e+03 2.000000000000000000e+01 2.761168003082275391e+00 6.666187196969985962e-02
1.907000000000000000e+03 2.000000000000000000e+01 2.805767536163330078e+00 6.469974666833877563e-02
1.908000000000000000e+03 2.000000000000000000e+01 2.860716581344604492e+00 6.639919430017471313e-02
1.909000000000000000e+03 2.000000000000000000e+01 2.669198513031005859e+00 7.330941408872604370e-02
1.910000000000000000e+03 2.000000000000000000e+01 2.377093791961669922e+00 7.509850710630416870e-02
1.911000000000000000e+03 2.000000000000000000e+01 2.516677618026733398e+00 7.741892337799072266e-02
1.912000000000000000e+03 2.000000000000000000e+01 2.712951421737670898e+00 7.894413918256759644e-02
1.913000000000000000e+03 2.000000000000000000e+01 2.745534896850585938e+00 7.843478024005889893e-02
1.914000000000000000e+03 2.000000000000000000e+01 2.609546661376953125e+00 7.864481955766677856e-02
1.915000000000000000e+03 2.000000000000000000e+01 2.636004924774169922e+00 7.647078484296798706e-02
1.916000000000000000e+03 2.000000000000000000e+01 2.703841209411621094e+00 7.627474516630172729e-02
1.917000000000000000e+03 2.000000000000000000e+01 2.803160667419433594e+00 7.891666144132614136e-02
1.918000000000000000e+03 2.000000000000000000e+01 2.899401187896728516e+00 8.534952998161315918e-02
1.919000000000000000e+03 2.000000000000000000e+01 2.907518148422241211e+00 8.865144103765487671e-02
1.920000000000000000e+03 2.000000000000000000e+01 2.911503791809082031e+00 8.550822734832763672e-02
1.921000000000000000e+03 2.000000000000000000e+01 2.939057111740112305e+00 8.256960660219192505e-02
1.922000000000000000e+03 2.000000000000000000e+01 3.027227878570556641e+00 8.036973327398300171e-02
1.923000000000000000e+03 2.000000000000000000e+01 3.070740461349487305e+00 7.249779999256134033e-02
1.924000000000000000e+03 2.000000000000000000e+01 3.072310209274291992e+00 6.157688051462173462e-02
1.925000000000000000e+03 2.000000000000000000e+01 3.090896844863891602e+00 5.676414445042610168e-02
1.926000000000000000e+03 2.000000000000000000e+01 3.099238872528076172e+00 5.606435611844062805e-02
1.927000000000000000e+03 2.000000000000000000e+01 3.275327205657958984e+00 5.842356011271476746e-02
1.928000000000000000e+03 2.000000000000000000e+01 3.249063491821289062e+00 5.467924475669860840e-02
1.929000000000000000e+03 2.000000000000000000e+01 2.979817628860473633e+00 5.462815240025520325e-02
1.930000000000000000e+03 2.000000000000000000e+01 2.849186658859252930e+00 6.054587289690971375e-02
1.931000000000000000e+03 2.000000000000000000e+01 2.868520259857177734e+00 6.973568350076675415e-02
1.932000000000000000e+03 2.000000000000000000e+01 2.769566535949707031e+00 6.965111941099166870e-02
1.933000000000000000e+03 2.000000000000000000e+01 2.701008558273315430e+00 6.436888128519058228e-02
1.934000000000000000e+03 2.000000000000000000e+01 2.827748298645019531e+00 6.274258345365524292e-02
1.935000000000000000e+03 2.000000000000000000e+01 2.789280176162719727e+00 6.022029742598533630e-02
1.936000000000000000e+03 2.000000000000000000e+01 2.613270521163940430e+00 6.135642528533935547e-02
1.937000000000000000e+03 2.000000000000000000e+01 2.572734832763671875e+00 6.653292477130889893e-02
1.938000000000000000e+03 2.000000000000000000e+01 2.583604812622070312e+00 6.296105682849884033e-02
1.939000000000000000e+03 2.000000000000000000e+01 2.616222858428955078e+00 5.516272783279418945e-02
1.940000000000000000e+03 2.000000000000000000e+01 2.619404077529907227e+00 5.083336308598518372e-02
1.941000000000000000e+03 2.000000000000000000e+01 2.547884941101074219e+00 5.099384114146232605e-02
1.942000000000000000e+03 2.000000000000000000e+01 2.509304761886596680e+00 5.266993120312690735e-02
1.943000000000000000e+03 2.000000000000000000e+01 2.633651733398437500e+00 5.345943570137023926e-02
1.944000000000000000e+03 2.000000000000000000e+01 2.761345148086547852e+00 5.585081502795219421e-02
1.945000000000000000e+03 2.000000000000000000e+01 2.797985792160034180e+00 6.224509701132774353e-02
1.946000000000000000e+03 2.000000000000000000e+01 2.838747978210449219e+00 7.144977152347564697e-02
1.947000000000000000e+03 2.000000000000000000e+01 2.931211471557617188e+00 7.610869407653808594e-02
1.948000000000000000e+03 2.000000000000000000e+01 2.918298244476318359e+00 7.497563213109970093e-02
1.949000000000000000e+03 2.000000000000000000e+01 2.747194051742553711e+00 7.169193774461746216e-02
1.950000000000000000e+03 2.000000000000000000e+01 2.712614059448242188e+00 6.692533940076828003e-02
1.951000000000000000e+03 2.000000000000000000e+01 2.690056562423706055e+00 6.557429581880569458e-02
1.952000000000000000e+03 2.000000000000000000e+01 2.897609233856201172e+00 6.898847222328186035e-02
1.953000000000000000e+03 2.000000000000000000e+01 2.961240768432617188e+00 8.102663606405258179e-02
1.954000000000000000e+03 2.000000000000000000e+01 2.703788757324218750e+00 9.522749483585357666e-02
1.955000000000000000e+03 2.000000000000000000e+01 2.889367103576660156e+00 9.786669164896011353e-02
1.956000000000000000e+03 2.000000000000000000e+01 3.081019878387451172e+00 9.072568267583847046e-02
1.957000000000000000e+03 2.000000000000000000e+01 2.973089456558227539e+00 9.244953840970993042e-02
1.958000000000000000e+03 2.000000000000000000e+01 2.920417785644531250e+00 9.401407092809677124e-02
1.959000000000000000e+03 2.000000000000000000e+01 2.791491985321044922e+00 8.316241949796676636e-02
1.960000000000000000e+03 2.000000000000000000e+01 2.762250661849975586e+00 7.741441577672958374e-02
1.961000000000000000e+03 2.000000000000000000e+01 2.810131311416625977e+00 7.348286360502243042e-02
1.962000000000000000e+03 2.000000000000000000e+01 2.814629554748535156e+00 7.146911323070526123e-02
1.963000000000000000e+03 2.000000000000000000e+01 2.717165708541870117e+00 7.457973808050155640e-02
1.964000000000000000e+03 2.000000000000000000e+01 2.818020820617675781e+00 7.648840546607971191e-02
1.965000000000000000e+03 2.000000000000000000e+01 2.991697788238525391e+00 7.497533410787582397e-02
1.966000000000000000e+03 2.000000000000000000e+01 2.882314205169677734e+00 7.456619292497634888e-02
1.967000000000000000e+03 2.000000000000000000e+01 2.865001916885375977e+00 7.035570591688156128e-02
1.968000000000000000e+03 2.000000000000000000e+01 2.791895627975463867e+00 6.663465499877929688e-02
1.969000000000000000e+03 2.000000000000000000e+01 2.701946258544921875e+00 6.374185532331466675e-02
1.970000000000000000e+03 2.000000000000000000e+01 2.752938747406005859e+00 6.577701866626739502e-02
1.971000000000000000e+03 2.000000000000000000e+01 2.664031744003295898e+00 6.079909205436706543e-02
1.972000000000000000e+03 2.000000000000000000e+01 2.631726503372192383e+00 6.950253993272781372e-02
1.973000000000000000e+03 2.000000000000000000e+01 2.791822433471679688e+00 8.322906494140625000e-02
1.974000000000000000e+03 2.000000000000000000e+01 2.830068588256835938e+00 8.381216228008270264e-02
1.975000000000000000e+03 2.000000000000000000e+01 2.564950704574584961e+00 7.912325859069824219e-02
1.976000000000000000e+03 2.000000000000000000e+01 2.458911895751953125e+00 7.295733690261840820e-02
1.977000000000000000e+03 2.000000000000000000e+01 2.573077201843261719e+00 7.814581692218780518e-02
1.978000000000000000e+03 2.000000000000000000e+01 2.563514947891235352e+00 8.456402271986007690e-02
1.979000000000000000e+03 2.000000000000000000e+01 2.588258504867553711e+00 9.196251630783081055e-02
1.980000000000000000e+03 2.000000000000000000e+01 3.215995788574218750e+00 8.803760260343551636e-02
1.981000000000000000e+03 2.000000000000000000e+01 2.724242448806762695e+00 1.002866402268409729e-01
1.982000000000000000e+03 2.000000000000000000e+01 2.411036491394042969e+00 1.127381548285484314e-01
1.983000000000000000e+03 2.000000000000000000e+01 2.417478084564208984e+00 1.002672314643859863e-01
1.984000000000000000e+03 2.000000000000000000e+01 2.517528057098388672e+00 9.032744169235229492e-02
1.985000000000000000e+03 2.000000000000000000e+01 2.556156158447265625e+00 8.676651865243911743e-02
1.986000000000000000e+03 2.000000000000000000e+01 2.630567550659179688e+00 8.059101551771163940e-02
1.987000000000000000e+03 2.000000000000000000e+01 2.598769903182983398e+00 7.551497966051101685e-02
1.988000000000000000e+03 2.000000000000000000e+01 2.603356599807739258e+00 7.560071349143981934e-02
1.989000000000000000e+03 2.000000000000000000e+01 2.733359336853027344e+00 8.121485263109207153e-02
1.990000000000000000e+03 2.000000000000000000e+01 2.819036483764648438e+00 8.728765696287155151e-02
1.991000000000000000e+03 2.000000000000000000e+01 2.645683765411376953e+00 9.352074563503265381e-02
1.992000000000000000e+03 2.000000000000000000e+01 2.363218307495117188e+00 9.543561190366744995e-02
1.993000000000000000e+03 2.000000000000000000e+01 2.376196146011352539e+00 8.602514863014221191e-02
1.994000000000000000e+03 2.000000000000000000e+01 2.469734668731689453e+00 8.324215561151504517e-02
1.995000000000000000e+03 2.000000000000000000e+01 2.463442087173461914e+00 7.982324063777923584e-02
1.996000000000000000e+03 2.000000000000000000e+01 2.475626468658447266e+00 7.864331454038619995e-02
1.997000000000000000e+03 2.000000000000000000e+01 2.378390312194824219e+00 7.963283360004425049e-02
1.998000000000000000e+03 2.000000000000000000e+01 2.373665571212768555e+00 8.211245387792587280e-02
1.999000000000000000e+03 2.000000000000000000e+01 2.522803306579589844e+00 8.576102554798126221e-02
2.000000000000000000e+03 2.000000000000000000e+01 2.561078548431396484e+00 8.144787698984146118e-02
2.001000000000000000e+03 2.000000000000000000e+01 2.530057430267333984e+00 7.158035784959793091e-02
2.002000000000000000e+03 2.000000000000000000e+01 2.617668390274047852e+00 6.536983698606491089e-02
2.003000000000000000e+03 2.000000000000000000e+01 2.650030136108398438e+00 6.626688688993453979e-02
2.004000000000000000e+03 2.000000000000000000e+01 2.626811981201171875e+00 6.728493422269821167e-02
2.005000000000000000e+03 2.000000000000000000e+01 2.689420700073242188e+00 7.397972792387008667e-02
2.006000000000000000e+03 2.000000000000000000e+01 2.807038068771362305e+00 7.827257364988327026e-02
2.007000000000000000e+03 2.000000000000000000e+01 2.785611867904663086e+00 8.003301918506622314e-02
2.008000000000000000e+03 2.000000000000000000e+01 2.752962112426757812e+00 7.778942584991455078e-02
2.009000000000000000e+03 2.000000000000000000e+01 2.710823535919189453e+00 7.653354853391647339e-02
2.010000000000000000e+03 2.000000000000000000e+01 2.581528425216674805e+00 7.622861117124557495e-02
2.011000000000000000e+03 2.000000000000000000e+01 2.548994302749633789e+00 6.914570927619934082e-02
2.012000000000000000e+03 2.000000000000000000e+01 2.678270816802978516e+00 7.232590764760971069e-02
2.013000000000000000e+03 2.000000000000000000e+01 2.780373096466064453e+00 8.371604979038238525e-02
2.014000000000000000e+03 2.000000000000000000e+01 2.659286975860595703e+00 8.506812155246734619e-02
2.015000000000000000e+03 2.000000000000000000e+01 2.600281953811645508e+00 8.670180290937423706e-02
2.016000000000000000e+03 2.000000000000000000e+01 2.802205562591552734e+00 8.926639705896377563e-02
2.017000000000000000e+03 2.000000000000000000e+01 2.869603633880615234e+00 9.345863014459609985e-02
2.018000000000000000e+03 2.000000000000000000e+01 2.855373144149780273e+00 9.641031175851821899e-02
2.019000000000000000e+03 2.000000000000000000e+01 2.793491125106811523e+00 1.004366651177406311e-01
2.020000000000000000e+03 2.000000000000000000e+01 2.729681015014648438e+00 9.489968419075012207e-02
2.021000000000000000e+03 2.000000000000000000e+01 2.864365100860595703e+00 8.702756464481353760e-02
2.022000000000000000e+03 2.000000000000000000e+01 3.042159557342529297e+00 7.064217329025268555e-02
2.023000000000000000e+03 2.000000000000000000e+01 2.892301082611083984e+00 6.280512362718582153e-02
2.024000000000000000e+03 2.000000000000000000e+01 2.787205934524536133e+00 6.060244515538215637e-02
2.025000000000000000e+03 2.000000000000000000e+01 3.017642021179199219e+00 5.487822368741035461e-02
2.026000000000000000e+03 2.000000000000000000e+01 2.987787008285522461e+00 5.153146013617515564e-02
2.027000000000000000e+03 2.000000000000000000e+01 2.835907220840454102e+00 5.714290216565132141e-02
2.028000000000000000e+03 2.000000000000000000e+01 2.864924907684326172e+00 6.261797249317169189e-02
2.029000000000000000e+03 2.000000000000000000e+01 2.684910774230957031e+00 6.663881242275238037e-02
2.030000000000000000e+03 2.000000000000000000e+01 2.539484024047851562e+00 6.838505715131759644e-02
2.031000000000000000e+03 2.000000000000000000e+01 2.614584445953369141e+00 7.281845062971115112e-02
2.032000000000000000e+03 2.000000000000000000e+01 2.827425241470336914e+00 7.179754227399826050e-02
2.033000000000000000e+03 2.000000000000000000e+01 2.813760042190551758e+00 6.677904725074768066e-02
2.034000000000000000e+03 2.000000000000000000e+01 2.662575960159301758e+00 5.605083331465721130e-02
2.035000000000000000e+03 2.000000000000000000e+01 2.632431983947753906e+00 5.884212255477905273e-02
2.036000000000000000e+03 2.000000000000000000e+01 2.809680223464965820e+00 6.209312751889228821e-02
2.037000000000000000e+03 2.000000000000000000e+01 2.961396217346191406e+00 6.370388716459274292e-02
2.038000000000000000e+03 2.000000000000000000e+01 2.936871528625488281e+00 6.121898815035820007e-02
2.039000000000000000e+03 2.000000000000000000e+01 2.818997621536254883e+00 6.166285276412963867e-02
2.040000000000000000e+03 2.000000000000000000e+01 2.789951801300048828e+00 5.800962448120117188e-02
2.041000000000000000e+03 2.000000000000000000e+01 2.834111213684082031e+00 6.855621188879013062e-02
2.042000000000000000e+03 2.000000000000000000e+01 2.730898141860961914e+00 7.986499369144439697e-02
2.043000000000000000e+03 2.000000000000000000e+01 2.518287181854248047e+00 7.723400741815567017e-02
2.044000000000000000e+03 2.000000000000000000e+01 2.762363433837890625e+00 7.314307987689971924e-02
2.045000000000000000e+03 2.000000000000000000e+01 3.091903924942016602e+00 7.259181886911392212e-02
2.046000000000000000e+03 2.000000000000000000e+01 3.027241706848144531e+00 7.600262016057968140e-02
2.047000000000000000e+03 2.000000000000000000e+01 3.014896631240844727e+00 7.521478831768035889e-02
2.048000000000000000e+03 2.000000000000000000e+01 2.964028835296630859e+00 6.620938330888748169e-02
2.049000000000000000e+03 2.000000000000000000e+01 2.931154489517211914e+00 5.774095654487609863e-02
2.050000000000000000e+03 2.000000000000000000e+01 3.047249794006347656e+00 5.197666212916374207e-02
2.051000000000000000e+03 2.000000000000000000e+01 3.109438180923461914e+00 5.059537291526794434e-02
2.052000000000000000e+03 2.000000000000000000e+01 3.142540454864501953e+00 4.627594724297523499e-02
2.053000000000000000e+03 2.000000000000000000e+01 3.043588161468505859e+00 4.758358001708984375e-02
2.054000000000000000e+03 2.000000000000000000e+01 2.954900026321411133e+00 4.936141148209571838e-02
2.055000000000000000e+03 2.000000000000000000e+01 2.963506460189819336e+00 5.123025923967361450e-02
2.056000000000000000e+03 2.000000000000000000e+01 2.894362449645996094e+00 5.620452761650085449e-02
2.057000000000000000e+03 2.000000000000000000e+01 2.953830957412719727e+00 6.075741723179817200e-02
2.058000000000000000e+03 2.000000000000000000e+01 3.161543130874633789e+00 5.720317363739013672e-02
2.059000000000000000e+03 2.000000000000000000e+01 3.145207643508911133e+00 5.394042655825614929e-02
2.060000000000000000e+03 2.000000000000000000e+01 2.959661483764648438e+00 5.944276601076126099e-02
2.061000000000000000e+03 2.000000000000000000e+01 2.974368095397949219e+00 7.060400396585464478e-02
2.062000000000000000e+03 2.000000000000000000e+01 2.990671873092651367e+00 8.135820180177688599e-02
2.063000000000000000e+03 2.000000000000000000e+01 3.007368087768554688e+00 8.229579031467437744e-02
2.064000000000000000e+03 2.000000000000000000e+01 2.925564050674438477e+00 7.851373404264450073e-02
2.065000000000000000e+03 2.000000000000000000e+01 3.014925003051757812e+00 7.534530758857727051e-02
2.066000000000000000e+03 2.000000000000000000e+01 3.040812730789184570e+00 6.820826977491378784e-02
2.067000000000000000e+03 2.000000000000000000e+01 3.075549364089965820e+00 6.460370868444442749e-02
2.068000000000000000e+03 2.000000000000000000e+01 2.996942281723022461e+00 6.265462934970855713e-02
2.069000000000000000e+03 2.000000000000000000e+01 2.707438945770263672e+00 5.650597810745239258e-02
2.070000000000000000e+03 2.000000000000000000e+01 2.634532213211059570e+00 5.307101085782051086e-02
2.071000000000000000e+03 2.000000000000000000e+01 2.491705894470214844e+00 5.694949626922607422e-02
2.072000000000000000e+03 2.000000000000000000e+01 2.461287498474121094e+00 6.019821390509605408e-02
2.073000000000000000e+03 2.000000000000000000e+01 2.686916112899780273e+00 6.629704684019088745e-02
2.074000000000000000e+03 2.000000000000000000e+01 2.701143264770507812e+00 7.294254004955291748e-02
2.075000000000000000e+03 2.000000000000000000e+01 2.784455776214599609e+00 8.532427996397018433e-02
2.076000000000000000e+03 2.000000000000000000e+01 2.736190795898437500e+00 8.810415863990783691e-02
2.077000000000000000e+03 2.000000000000000000e+01 2.470452785491943359e+00 9.144857525825500488e-02
2.078000000000000000e+03 2.000000000000000000e+01 2.456669092178344727e+00 9.775552898645401001e-02
2.079000000000000000e+03 2.000000000000000000e+01 2.670125246047973633e+00 9.968244284391403198e-02
2.080000000000000000e+03 2.000000000000000000e+01 2.635104894638061523e+00 9.434933215379714966e-02
2.081000000000000000e+03 2.000000000000000000e+01 2.570376157760620117e+00 8.175171911716461182e-02
2.082000000000000000e+03 2.000000000000000000e+01 2.601356983184814453e+00 6.906094402074813843e-02
2.083000000000000000e+03 2.000000000000000000e+01 2.661405086517333984e+00 6.372388452291488647e-02
2.084000000000000000e+03 2.000000000000000000e+01 2.676277637481689453e+00 6.264377385377883911e-02
2.085000000000000000e+03 2.000000000000000000e+01 2.668583869934082031e+00 6.903798878192901611e-02
2.086000000000000000e+03 2.000000000000000000e+01 2.622784852981567383e+00 7.318602502346038818e-02
2.087000000000000000e+03 2.000000000000000000e+01 2.527245044708251953e+00 6.444108486175537109e-02
2.088000000000000000e+03 2.000000000000000000e+01 2.646542072296142578e+00 5.831124261021614075e-02
2.089000000000000000e+03 2.000000000000000000e+01 2.720116138458251953e+00 5.759785324335098267e-02
2.090000000000000000e+03 2.000000000000000000e+01 2.577947854995727539e+00 5.985329300165176392e-02
2.091000000000000000e+03 2.000000000000000000e+01 2.484394311904907227e+00 6.238180398941040039e-02
2.092000000000000000e+03 2.000000000000000000e+01 2.463397502899169922e+00 5.801269412040710449e-02
2.093000000000000000e+03 2.000000000000000000e+01 2.504014968872070312e+00 5.628681927919387817e-02
2.094000000000000000e+03 2.000000000000000000e+01 2.679471492767333984e+00 5.446469411253929138e-02
2.095000000000000000e+03 2.000000000000000000e+01 2.759032249450683594e+00 5.568323656916618347e-02
2.096000000000000000e+03 2.000000000000000000e+01 2.622188568115234375e+00 5.861626192927360535e-02
2.097000000000000000e+03 2.000000000000000000e+01 2.710016250610351562e+00 6.018961220979690552e-02
2.098000000000000000e+03 2.000000000000000000e+01 2.725423812866210938e+00 6.263288110494613647e-02
2.099000000000000000e+03 2.000000000000000000e+01 2.629801750183105469e+00 6.848805397748947144e-02
2.100000000000000000e+03 2.000000000000000000e+01 2.563793659210205078e+00 7.692442834377288818e-02
2.101000000000000000e+03 2.000000000000000000e+01 2.573013782501220703e+00 9.203430265188217163e-02
2.102000000000000000e+03 2.000000000000000000e+01 2.714962959289550781e+00 9.779267758131027222e-02
2.103000000000000000e+03 2.000000000000000000e+01 2.725284099578857422e+00 8.513682335615158081e-02
2.104000000000000000e+03 2.000000000000000000e+01 2.771041631698608398e+00 7.319442927837371826e-02
2.105000000000000000e+03 2.000000000000000000e+01 2.884793758392333984e+00 6.762898713350296021e-02
2.106000000000000000e+03 2.000000000000000000e+01 2.901480197906494141e+00 6.564468145370483398e-02
2.107000000000000000e+03 2.000000000000000000e+01 2.894423723220825195e+00 6.697949767112731934e-02
2.108000000000000000e+03 2.000000000000000000e+01 2.852741479873657227e+00 6.336425989866256714e-02
2.109000000000000000e+03 2.000000000000000000e+01 2.785999298095703125e+00 5.400334671139717102e-02
2.110000000000000000e+03 2.000000000000000000e+01 2.813214778900146484e+00 4.968832060694694519e-02
2.111000000000000000e+03 2.000000000000000000e+01 2.776455163955688477e+00 4.752170667052268982e-02
2.112000000000000000e+03 2.000000000000000000e+01 2.734902143478393555e+00 4.863556101918220520e-02
2.113000000000000000e+03 2.000000000000000000e+01 2.701688766479492188e+00 4.614637419581413269e-02
2.114000000000000000e+03 2.000000000000000000e+01 2.401314258575439453e+00 4.253447055816650391e-02
2.115000000000000000e+03 2.000000000000000000e+01 2.354367733001708984e+00 3.890084847807884216e-02
2.116000000000000000e+03 2.000000000000000000e+01 2.798336505889892578e+00 4.268670082092285156e-02
2.117000000000000000e+03 2.000000000000000000e+01 2.912077665328979492e+00 4.929586499929428101e-02
2.118000000000000000e+03 2.000000000000000000e+01 2.605376243591308594e+00 5.470421537756919861e-02
2.119000000000000000e+03 2.000000000000000000e+01 2.623708724975585938e+00 5.824125930666923523e-02
2.120000000000000000e+03 2.000000000000000000e+01 2.748555183410644531e+00 5.312838777899742126e-02
2.121000000000000000e+03 2.000000000000000000e+01 2.813560962677001953e+00 5.097867920994758606e-02
2.122000000000000000e+03 2.000000000000000000e+01 2.677157402038574219e+00 4.489538818597793579e-02
2.123000000000000000e+03 2.000000000000000000e+01 2.473363399505615234e+00 4.249675571918487549e-02
2.124000000000000000e+03 2.000000000000000000e+01 2.644292354583740234e+00 4.157842695713043213e-02
2.125000000000000000e+03 2.000000000000000000e+01 2.719423055648803711e+00 4.348121583461761475e-02
2.126000000000000000e+03 2.000000000000000000e+01 2.721200704574584961e+00 4.444546997547149658e-02
2.127000000000000000e+03 2.000000000000000000e+01 2.822580337524414062e+00 4.621478542685508728e-02
2.128000000000000000e+03 2.000000000000000000e+01 2.707309246063232422e+00 4.966532811522483826e-02
2.129000000000000000e+03 2.000000000000000000e+01 2.653129100799560547e+00 5.230868980288505554e-02
2.130000000000000000e+03 2.000000000000000000e+01 2.716404914855957031e+00 5.784645676612854004e-02
2.131000000000000000e+03 2.000000000000000000e+01 2.647806406021118164e+00 5.902199819684028625e-02
2.132000000000000000e+03 2.000000000000000000e+01 2.537907600402832031e+00 5.678495392203330994e-02
2.133000000000000000e+03 2.000000000000000000e+01 2.672402858734130859e+00 5.391117557883262634e-02
2.134000000000000000e+03 2.000000000000000000e+01 2.740759611129760742e+00 5.354688316583633423e-02
2.135000000000000000e+03 2.000000000000000000e+01 2.633682250976562500e+00 5.332553014159202576e-02
2.136000000000000000e+03 2.000000000000000000e+01 2.544050455093383789e+00 5.274310708045959473e-02
2.137000000000000000e+03 2.000000000000000000e+01 2.509916543960571289e+00 5.773315578699111938e-02
2.138000000000000000e+03 2.000000000000000000e+01 2.663910388946533203e+00 6.409560889005661011e-02
2.139000000000000000e+03 2.000000000000000000e+01 2.682602643966674805e+00 6.684093922376632690e-02
2.140000000000000000e+03 2.000000000000000000e+01 2.636296272277832031e+00 6.490790098905563354e-02
2.141000000000000000e+03 2.000000000000000000e+01 2.692473888397216797e+00 5.166421458125114441e-02
2.142000000000000000e+03 2.000000000000000000e+01 2.606437921524047852e+00 4.717335104942321777e-02
2.143000000000000000e+03 2.000000000000000000e+01 2.742808818817138672e+00 4.828733950853347778e-02
2.144000000000000000e+03 2.000000000000000000e+01 2.832074165344238281e+00 4.983772709965705872e-02
2.145000000000000000e+03 2.000000000000000000e+01 2.755167484283447266e+00 5.265368893742561340e-02
2.146000000000000000e+03 2.000000000000000000e+01 2.725655555725097656e+00 6.079806014895439148e-02
2.147000000000000000e+03 2.000000000000000000e+01 2.645478963851928711e+00 6.559636443853378296e-02
2.148000000000000000e+03 2.000000000000000000e+01 2.677040338516235352e+00 6.006561592221260071e-02
2.149000000000000000e+03 2.000000000000000000e+01 2.781063079833984375e+00 5.674216896295547485e-02
2.150000000000000000e+03 2.000000000000000000e+01 2.763996124267578125e+00 5.673523619771003723e-02
2.151000000000000000e+03 2.000000000000000000e+01 2.777511119842529297e+00 5.730579420924186707e-02
2.152000000000000000e+03 2.000000000000000000e+01 2.757885456085205078e+00 6.060605123639106750e-02
2.153000000000000000e+03 2.000000000000000000e+01 2.780093669891357422e+00 6.008348986506462097e-02
2.154000000000000000e+03 2.000000000000000000e+01 2.794376850128173828e+00 5.376430228352546692e-02
2.155000000000000000e+03 2.000000000000000000e+01 2.759994745254516602e+00 5.119428038597106934e-02
2.156000000000000000e+03 2.000000000000000000e+01 2.755124092102050781e+00 5.648566409945487976e-02
2.157000000000000000e+03 2.000000000000000000e+01 2.533606767654418945e+00 6.262914836406707764e-02
2.158000000000000000e+03 2.000000000000000000e+01 2.422630786895751953e+00 5.961977317929267883e-02
2.159000000000000000e+03 2.000000000000000000e+01 2.480709552764892578e+00 5.641961842775344849e-02
2.160000000000000000e+03 2.000000000000000000e+01 2.481787443161010742e+00 5.631430819630622864e-02
2.161000000000000000e+03 2.000000000000000000e+01 2.558137416839599609e+00 6.171072646975517273e-02
2.162000000000000000e+03 2.000000000000000000e+01 2.693735361099243164e+00 6.918098777532577515e-02
2.163000000000000000e+03 2.000000000000000000e+01 2.804811477661132812e+00 7.171349972486495972e-02
2.164000000000000000e+03 2.000000000000000000e+01 2.823556661605834961e+00 7.273211330175399780e-02
2.165000000000000000e+03 2.000000000000000000e+01 2.804464101791381836e+00 7.002239674329757690e-02
2.166000000000000000e+03 2.000000000000000000e+01 2.687759399414062500e+00 6.429162621498107910e-02
2.167000000000000000e+03 2.000000000000000000e+01 2.742041587829589844e+00 6.100033596158027649e-02
2.168000000000000000e+03 2.000000000000000000e+01 2.934021234512329102e+00 5.281339213252067566e-02
2.169000000000000000e+03 2.000000000000000000e+01 2.753611326217651367e+00 5.455411598086357117e-02
2.170000000000000000e+03 2.000000000000000000e+01 2.563515424728393555e+00 5.448619648814201355e-02
2.171000000000000000e+03 2.000000000000000000e+01 2.712369441986083984e+00 5.854642391204833984e-02
2.172000000000000000e+03 2.000000000000000000e+01 2.806590080261230469e+00 5.305787920951843262e-02
2.173000000000000000e+03 2.000000000000000000e+01 2.689822435379028320e+00 4.304035753011703491e-02
2.174000000000000000e+03 2.000000000000000000e+01 2.803864002227783203e+00 4.083715379238128662e-02
2.175000000000000000e+03 2.000000000000000000e+01 3.052226543426513672e+00 4.079712182283401489e-02
2.176000000000000000e+03 2.000000000000000000e+01 3.008698225021362305e+00 4.612290859222412109e-02
2.177000000000000000e+03 2.000000000000000000e+01 2.716778278350830078e+00 5.063800141215324402e-02
2.178000000000000000e+03 2.000000000000000000e+01 2.727117300033569336e+00 5.276395753026008606e-02
2.179000000000000000e+03 2.000000000000000000e+01 2.756259918212890625e+00 5.775461345911026001e-02
2.180000000000000000e+03 2.000000000000000000e+01 2.641276121139526367e+00 6.328489631414413452e-02
2.181000000000000000e+03 2.000000000000000000e+01 2.721320390701293945e+00 6.601177901029586792e-02
2.182000000000000000e+03 2.000000000000000000e+01 2.823562145233154297e+00 6.376134604215621948e-02
2.183000000000000000e+03 2.000000000000000000e+01 2.828269958496093750e+00 6.437364220619201660e-02
2.184000000000000000e+03 2.000000000000000000e+01 2.854218482971191406e+00 6.756913661956787109e-02
2.185000000000000000e+03 2.000000000000000000e+01 2.834755420684814453e+00 6.688382476568222046e-02
2.186000000000000000e+03 2.000000000000000000e+01 2.768791913986206055e+00 6.701873987913131714e-02
2.187000000000000000e+03 2.000000000000000000e+01 2.715154409408569336e+00 6.767922639846801758e-02
2.188000000000000000e+03 2.000000000000000000e+01 2.863223791122436523e+00 6.756462156772613525e-02
2.189000000000000000e+03 2.000000000000000000e+01 2.877182960510253906e+00 6.132723018527030945e-02
2.190000000000000000e+03 2.000000000000000000e+01 3.023728370666503906e+00 5.855336412787437439e-02
2.191000000000000000e+03 2.000000000000000000e+01 3.059888362884521484e+00 5.449900776147842407e-02
2.192000000000000000e+03 2.000000000000000000e+01 2.926769495010375977e+00 5.093012005090713501e-02
2.193000000000000000e+03 2.000000000000000000e+01 2.796701192855834961e+00 4.805862158536911011e-02
2.194000000000000000e+03 2.000000000000000000e+01 2.782520532608032227e+00 5.250065401196479797e-02
2.195000000000000000e+03 2.000000000000000000e+01 2.970524549484252930e+00 5.820783972740173340e-02
2.196000000000000000e+03 2.000000000000000000e+01 2.960483074188232422e+00 6.420456618070602417e-02
2.197000000000000000e+03 2.000000000000000000e+01 2.729478120803833008e+00 6.594514101743698120e-02
2.198000000000000000e+03 2.000000000000000000e+01 2.517897605895996094e+00 6.832670420408248901e-02
2.199000000000000000e+03 2.000000000000000000e+01 2.525903940200805664e+00 7.358162850141525269e-02
2.200000000000000000e+03 2.000000000000000000e+01 2.642391681671142578e+00 7.990421354770660400e-02
2.201000000000000000e+03 2.000000000000000000e+01 2.737791061401367188e+00 8.214621990919113159e-02
2.202000000000000000e+03 2.000000000000000000e+01 2.616295814514160156e+00 7.984936237335205078e-02
2.203000000000000000e+03 2.000000000000000000e+01 2.670478343963623047e+00 7.357069104909896851e-02
2.204000000000000000e+03 2.000000000000000000e+01 2.921388626098632812e+00 6.561084836721420288e-02
2.205000000000000000e+03 2.000000000000000000e+01 2.963906526565551758e+00 6.344055384397506714e-02
2.206000000000000000e+03 2.000000000000000000e+01 2.781075477600097656e+00 6.739889830350875854e-02
2.207000000000000000e+03 2.000000000000000000e+01 2.761400699615478516e+00 5.660826712846755981e-02
2.208000000000000000e+03 2.000000000000000000e+01 2.870014190673828125e+00 4.189191386103630066e-02
2.209000000000000000e+03 2.000000000000000000e+01 2.947050809860229492e+00 3.793329373002052307e-02
2.210000000000000000e+03 2.000000000000000000e+01 2.943983316421508789e+00 4.293547570705413818e-02
2.211000000000000000e+03 2.000000000000000000e+01 2.905767440795898438e+00 4.866442829370498657e-02
2.212000000000000000e+03 2.000000000000000000e+01 2.747403144836425781e+00 5.681217834353446960e-02
2.213000000000000000e+03 2.000000000000000000e+01 2.814358711242675781e+00 6.829068064689636230e-02
2.214000000000000000e+03 2.000000000000000000e+01 2.894054412841796875e+00 8.109271526336669922e-02
2.215000000000000000e+03 2.000000000000000000e+01 2.768164396286010742e+00 8.548885583877563477e-02
2.216000000000000000e+03 2.000000000000000000e+01 2.761845350265502930e+00 7.928780466318130493e-02
2.217000000000000000e+03 2.000000000000000000e+01 2.850710630416870117e+00 7.752241194248199463e-02
2.218000000000000000e+03 2.000000000000000000e+01 2.781040668487548828e+00 7.391700148582458496e-02
2.219000000000000000e+03 2.000000000000000000e+01 2.605052232742309570e+00 7.698790729045867920e-02
2.220000000000000000e+03 2.000000000000000000e+01 2.661755561828613281e+00 8.945482969284057617e-02
2.221000000000000000e+03 2.000000000000000000e+01 2.738464355468750000e+00 9.092405438423156738e-02
2.222000000000000000e+03 2.000000000000000000e+01 2.733943462371826172e+00 8.931016176939010620e-02
2.223000000000000000e+03 2.000000000000000000e+01 2.783634424209594727e+00 8.875659853219985962e-02
2.224000000000000000e+03 2.000000000000000000e+01 2.877990245819091797e+00 8.205156773328781128e-02
2.225000000000000000e+03 2.000000000000000000e+01 2.810683727264404297e+00 7.112079113721847534e-02
2.226000000000000000e+03 2.000000000000000000e+01 2.643086194992065430e+00 6.288682669401168823e-02
2.227000000000000000e+03 2.000000000000000000e+01 2.683593034744262695e+00 6.120220944285392761e-02
2.228000000000000000e+03 2.000000000000000000e+01 2.784641742706298828e+00 6.194961071014404297e-02
2.229000000000000000e+03 2.000000000000000000e+01 2.828511953353881836e+00 6.210241839289665222e-02
2.230000000000000000e+03 2.000000000000000000e+01 2.825429916381835938e+00 5.903989821672439575e-02
2.231000000000000000e+03 2.000000000000000000e+01 2.791810035705566406e+00 5.407771095633506775e-02
2.232000000000000000e+03 2.000000000000000000e+01 2.836134195327758789e+00 4.489224776625633240e-02
2.233000000000000000e+03 2.000000000000000000e+01 2.900924205780029297e+00 3.614584729075431824e-02
2.234000000000000000e+03 2.000000000000000000e+01 2.814925670623779297e+00 3.266274183988571167e-02
2.235000000000000000e+03 2.000000000000000000e+01 2.704500198364257812e+00 3.842544183135032654e-02
2.236000000000000000e+03 2.000000000000000000e+01 2.770357131958007812e+00 4.756603389978408813e-02
2.237000000000000000e+03 2.000000000000000000e+01 2.982455253601074219e+00 5.938206240534782410e-02
2.238000000000000000e+03 2.000000000000000000e+01 2.885356187820434570e+00 6.648286432027816772e-02
2.239000000000000000e+03 2.000000000000000000e+01 2.626235008239746094e+00 6.562393158674240112e-02
2.240000000000000000e+03 2.000000000000000000e+01 2.591294765472412109e+00 6.070758029818534851e-02
2.241000000000000000e+03 2.000000000000000000e+01 2.519225358963012695e+00 5.741475895047187805e-02
2.242000000000000000e+03 2.000000000000000000e+01 2.419685840606689453e+00 5.541183426976203918e-02
2.243000000000000000e+03 2.000000000000000000e+01 2.439893245697021484e+00 5.091044306755065918e-02
2.244000000000000000e+03 2.000000000000000000e+01 2.476516008377075195e+00 4.434311762452125549e-02
2.245000000000000000e+03 2.000000000000000000e+01 2.457829952239990234e+00 4.402241855859756470e-02
2.246000000000000000e+03 2.000000000000000000e+01 2.508834362030029297e+00 4.928588494658470154e-02
2.247000000000000000e+03 2.000000000000000000e+01 2.622690916061401367e+00 5.110582336783409119e-02
2.248000000000000000e+03 2.000000000000000000e+01 2.664979696273803711e+00 4.785040020942687988e-02
2.249000000000000000e+03 2.000000000000000000e+01 2.625778436660766602e+00 4.584125429391860962e-02
2.250000000000000000e+03 2.000000000000000000e+01 2.616639137268066406e+00 4.526944458484649658e-02
2.251000000000000000e+03 2.000000000000000000e+01 2.593283176422119141e+00 4.332192242145538330e-02
2.252000000000000000e+03 2.000000000000000000e+01 2.587654590606689453e+00 4.300202056765556335e-02
2.253000000000000000e+03 2.000000000000000000e+01 2.659592151641845703e+00 4.717062041163444519e-02
2.254000000000000000e+03 2.000000000000000000e+01 2.852194786071777344e+00 5.229237675666809082e-02
2.255000000000000000e+03 2.000000000000000000e+01 2.880529165267944336e+00 5.856832489371299744e-02
2.256000000000000000e+03 2.000000000000000000e+01 2.641275405883789062e+00 6.323561072349548340e-02
2.257000000000000000e+03 2.000000000000000000e+01 2.617442131042480469e+00 7.107978314161300659e-02
2.258000000000000000e+03 2.000000000000000000e+01 2.792344570159912109e+00 7.536690682172775269e-02
2.259000000000000000e+03 2.000000000000000000e+01 2.704657077789306641e+00 7.717762142419815063e-02
2.260000000000000000e+03 2.000000000000000000e+01 2.446923017501831055e+00 7.497399300336837769e-02
2.261000000000000000e+03 2.000000000000000000e+01 2.517588615417480469e+00 7.431851327419281006e-02
2.262000000000000000e+03 2.000000000000000000e+01 2.782882213592529297e+00 8.170004934072494507e-02
2.263000000000000000e+03 2.000000000000000000e+01 2.809899330139160156e+00 8.856435865163803101e-02
2.264000000000000000e+03 2.000000000000000000e+01 2.756227493286132812e+00 8.737532794475555420e-02
2.265000000000000000e+03 2.000000000000000000e+01 2.796142339706420898e+00 8.040453493595123291e-02
2.266000000000000000e+03 2.000000000000000000e+01 2.772678852081298828e+00 7.212220132350921631e-02
2.267000000000000000e+03 2.000000000000000000e+01 2.874375820159912109e+00 6.607259809970855713e-02
2.268000000000000000e+03 2.000000000000000000e+01 2.898546218872070312e+00 5.977173522114753723e-02
2.269000000000000000e+03 2.000000000000000000e+01 2.751866579055786133e+00 5.967792868614196777e-02
2.270000000000000000e+03 2.000000000000000000e+01 2.652581930160522461e+00 5.719436332583427429e-02
2.271000000000000000e+03 2.000000000000000000e+01 2.667038440704345703e+00 5.298012495040893555e-02
2.272000000000000000e+03 2.000000000000000000e+01 2.640763282775878906e+00 4.851951450109481812e-02
2.273000000000000000e+03 2.000000000000000000e+01 2.510236740112304688e+00 4.930836707353591919e-02
2.274000000000000000e+03 2.000000000000000000e+01 2.504021644592285156e+00 5.479370430111885071e-02
2.275000000000000000e+03 2.000000000000000000e+01 2.679369688034057617e+00 5.351498723030090332e-02
2.276000000000000000e+03 2.000000000000000000e+01 2.729431867599487305e+00 4.691287130117416382e-02
2.277000000000000000e+03 2.000000000000000000e+01 2.565826892852783203e+00 4.299652948975563049e-02
2.278000000000000000e+03 2.000000000000000000e+01 2.561553239822387695e+00 4.216773435473442078e-02
2.279000000000000000e+03 2.000000000000000000e+01 2.629355907440185547e+00 4.535874724388122559e-02
2.280000000000000000e+03 2.000000000000000000e+01 2.563127517700195312e+00 4.827991127967834473e-02
2.281000000000000000e+03 2.000000000000000000e+01 2.439661502838134766e+00 4.549236223101615906e-02
2.282000000000000000e+03 2.000000000000000000e+01 2.503899335861206055e+00 4.526828601956367493e-02
2.283000000000000000e+03 2.000000000000000000e+01 2.525620937347412109e+00 4.063878580927848816e-02
2.284000000000000000e+03 2.000000000000000000e+01 2.541987657546997070e+00 4.714742302894592285e-02
2.285000000000000000e+03 2.000000000000000000e+01 2.698510646820068359e+00 5.153926089406013489e-02
2.286000000000000000e+03 2.000000000000000000e+01 2.832058429718017578e+00 5.370417982339859009e-02
2.287000000000000000e+03 2.000000000000000000e+01 2.915978908538818359e+00 5.260315537452697754e-02
2.288000000000000000e+03 2.000000000000000000e+01 2.984666585922241211e+00 5.965115502476692200e-02
2.289000000000000000e+03 2.000000000000000000e+01 2.909974098205566406e+00 5.563087388873100281e-02
2.290000000000000000e+03 2.000000000000000000e+01 2.855861186981201172e+00 5.375709757208824158e-02
2.291000000000000000e+03 2.000000000000000000e+01 2.942506313323974609e+00 5.482724308967590332e-02
2.292000000000000000e+03 2.000000000000000000e+01 2.956796646118164062e+00 5.103195458650588989e-02
2.293000000000000000e+03 2.000000000000000000e+01 2.965509414672851562e+00 4.822086915373802185e-02
2.294000000000000000e+03 2.000000000000000000e+01 3.083749771118164062e+00 5.359793826937675476e-02
2.295000000000000000e+03 2.000000000000000000e+01 3.190126657485961914e+00 6.051519140601158142e-02
2.296000000000000000e+03 2.000000000000000000e+01 2.935965299606323242e+00 6.953615695238113403e-02
2.297000000000000000e+03 2.000000000000000000e+01 2.815370321273803711e+00 7.410704344511032104e-02
2.298000000000000000e+03 2.000000000000000000e+01 3.045457363128662109e+00 7.900534570217132568e-02
2.299000000000000000e+03 2.000000000000000000e+01 3.187234640121459961e+00 8.154895156621932983e-02
2.300000000000000000e+03 2.000000000000000000e+01 3.194657325744628906e+00 7.575940340757369995e-02
2.301000000000000000e+03 2.000000000000000000e+01 3.126460313796997070e+00 6.836037337779998779e-02
2.302000000000000000e+03 2.000000000000000000e+01 2.939308404922485352e+00 7.120370119810104370e-02
2.303000000000000000e+03 2.000000000000000000e+01 2.851138591766357422e+00 7.002834230661392212e-02
2.304000000000000000e+03 2.000000000000000000e+01 2.974413871765136719e+00 6.917158514261245728e-02
2.305000000000000000e+03 2.000000000000000000e+01 2.938570261001586914e+00 7.096263021230697632e-02
2.306000000000000000e+03 2.000000000000000000e+01 2.920083522796630859e+00 7.293510437011718750e-02
2.307000000000000000e+03 2.000000000000000000e+01 2.963187694549560547e+00 7.511218637228012085e-02
2.308000000000000000e+03 2.000000000000000000e+01 3.046540737152099609e+00 7.307728379964828491e-02
2.309000000000000000e+03 2.000000000000000000e+01 3.197720050811767578e+00 6.231398507952690125e-02
2.310000000000000000e+03 2.000000000000000000e+01 3.084332227706909180e+00 5.843464285135269165e-02
2.311000000000000000e+03 2.000000000000000000e+01 2.909923315048217773e+00 5.782319977879524231e-02
2.312000000000000000e+03 2.000000000000000000e+01 2.926750659942626953e+00 5.837374553084373474e-02
2.313000000000000000e+03 2.000000000000000000e+01 2.976769447326660156e+00 5.603019148111343384e-02
2.314000000000000000e+03 2.000000000000000000e+01 2.920364618301391602e+00 5.530830845236778259e-02
2.315000000000000000e+03 2.000000000000000000e+01 2.774832248687744141e+00 5.933464691042900085e-02
2.316000000000000000e+03 2.000000000000000000e+01 2.793103218078613281e+00 6.992833316326141357e-02
2.317000000000000000e+03 2.000000000000000000e+01 2.846273899078369141e+00 7.893446087837219238e-02
2.318000000000000000e+03 2.000000000000000000e+01 2.781840801239013672e+00 6.864627450704574585e-02
2.319000000000000000e+03 2.000000000000000000e+01 2.911301136016845703e+00 5.815435573458671570e-02
2.320000000000000000e+03 2.000000000000000000e+01 2.922871112823486328e+00 5.081048235297203064e-02
2.321000000000000000e+03 2.000000000000000000e+01 2.898193597793579102e+00 4.782839119434356689e-02
2.322000000000000000e+03 2.000000000000000000e+01 2.949690580368041992e+00 5.003020167350769043e-02
2.323000000000000000e+03 2.000000000000000000e+01 2.916645765304565430e+00 5.247748643159866333e-02
2.324000000000000000e+03 2.000000000000000000e+01 2.890278816223144531e+00 4.556034132838249207e-02
2.325000000000000000e+03 2.000000000000000000e+01 2.887701034545898438e+00 3.783513978123664856e-02
2.326000000000000000e+03 2.000000000000000000e+01 2.782938718795776367e+00 3.688586503267288208e-02
2.327000000000000000e+03 2.000000000000000000e+01 2.827275753021240234e+00 4.101264104247093201e-02
2.328000000000000000e+03 2.000000000000000000e+01 2.955324411392211914e+00 4.797451943159103394e-02
2.329000000000000000e+03 2.000000000000000000e+01 2.865785360336303711e+00 4.670226946473121643e-02
2.330000000000000000e+03 2.000000000000000000e+01 2.821960926055908203e+00 4.345774278044700623e-02
2.331000000000000000e+03 2.000000000000000000e+01 2.801771879196166992e+00 4.183498397469520569e-02
2.332000000000000000e+03 2.000000000000000000e+01 2.905553102493286133e+00 4.553634300827980042e-02
2.333000000000000000e+03 2.000000000000000000e+01 2.816406726837158203e+00 4.380340501666069031e-02
2.334000000000000000e+03 2.000000000000000000e+01 2.702718257904052734e+00 3.876955434679985046e-02
2.335000000000000000e+03 2.000000000000000000e+01 2.857472419738769531e+00 3.818805143237113953e-02
2.336000000000000000e+03 2.000000000000000000e+01 2.848736286163330078e+00 4.309358820319175720e-02
2.337000000000000000e+03 2.000000000000000000e+01 2.906797647476196289e+00 5.062640830874443054e-02
2.338000000000000000e+03 2.000000000000000000e+01 2.823379993438720703e+00 6.610756367444992065e-02
2.339000000000000000e+03 2.000000000000000000e+01 2.943677902221679688e+00 8.343658596277236938e-02
2.340000000000000000e+03 2.000000000000000000e+01 3.132754325866699219e+00 8.396675437688827515e-02
2.341000000000000000e+03 2.000000000000000000e+01 3.101420879364013672e+00 7.839743047952651978e-02
2.342000000000000000e+03 2.000000000000000000e+01 3.125119209289550781e+00 7.835764437913894653e-02
2.343000000000000000e+03 2.000000000000000000e+01 3.135472059249877930e+00 8.238016068935394287e-02
2.344000000000000000e+03 2.000000000000000000e+01 3.056852340698242188e+00 7.829886674880981445e-02
2.345000000000000000e+03 2.000000000000000000e+01 2.899467706680297852e+00 6.069716438651084900e-02
2.346000000000000000e+03 2.000000000000000000e+01 2.986026525497436523e+00 5.876824259757995605e-02
2.347000000000000000e+03 2.000000000000000000e+01 3.168440818786621094e+00 6.581309437751770020e-02
2.348000000000000000e+03 2.000000000000000000e+01 3.113729476928710938e+00 7.508776336908340454e-02
2.349000000000000000e+03 2.000000000000000000e+01 2.893583536148071289e+00 8.646424859762191772e-02
2.350000000000000000e+03 2.000000000000000000e+01 2.872567415237426758e+00 9.459207206964492798e-02
2.351000000000000000e+03 2.000000000000000000e+01 2.916743755340576172e+00 9.090701490640640259e-02
2.352000000000000000e+03 2.000000000000000000e+01 2.845404624938964844e+00 7.801259309053421021e-02
2.353000000000000000e+03 2.000000000000000000e+01 2.750356674194335938e+00 6.655532121658325195e-02
2.354000000000000000e+03 2.000000000000000000e+01 2.734244346618652344e+00 5.917590856552124023e-02
2.355000000000000000e+03 2.000000000000000000e+01 2.769354343414306641e+00 5.459817126393318176e-02
2.356000000000000000e+03 2.000000000000000000e+01 2.742945194244384766e+00 4.916393756866455078e-02
2.357000000000000000e+03 2.000000000000000000e+01 2.758305311203002930e+00 5.192836746573448181e-02
2.358000000000000000e+03 2.000000000000000000e+01 2.722163200378417969e+00 5.553186684846878052e-02
2.359000000000000000e+03 2.000000000000000000e+01 2.595869541168212891e+00 4.532726109027862549e-02
2.360000000000000000e+03 2.000000000000000000e+01 2.691597700119018555e+00 3.972400352358818054e-02
2.361000000000000000e+03 2.000000000000000000e+01 2.756474256515502930e+00 3.962167352437973022e-02
2.362000000000000000e+03 2.000000000000000000e+01 2.410336256027221680e+00 3.536101430654525757e-02
2.363000000000000000e+03 2.000000000000000000e+01 2.399531841278076172e+00 3.456307202577590942e-02
2.364000000000000000e+03 2.000000000000000000e+01 2.734047412872314453e+00 3.530504554510116577e-02
2.365000000000000000e+03 2.000000000000000000e+01 2.937067985534667969e+00 4.308938607573509216e-02
2.366000000000000000e+03 2.000000000000000000e+01 2.707045316696166992e+00 5.312145501375198364e-02
2.367000000000000000e+03 2.000000000000000000e+01 2.636467456817626953e+00 5.663805827498435974e-02
2.368000000000000000e+03 2.000000000000000000e+01 2.896471261978149414e+00 4.230971261858940125e-02
2.369000000000000000e+03 2.000000000000000000e+01 2.931538820266723633e+00 3.509975969791412354e-02
2.370000000000000000e+03 2.000000000000000000e+01 2.867460727691650391e+00 3.260112926363945007e-02
2.371000000000000000e+03 2.000000000000000000e+01 2.840282201766967773e+00 3.202165290713310242e-02
2.372000000000000000e+03 2.000000000000000000e+01 2.798948049545288086e+00 3.505224362015724182e-02
2.373000000000000000e+03 2.000000000000000000e+01 2.765104770660400391e+00 4.347269982099533081e-02
2.374000000000000000e+03 2.000000000000000000e+01 2.729942560195922852e+00 5.463451147079467773e-02
2.375000000000000000e+03 2.000000000000000000e+01 2.761379480361938477e+00 5.774652957916259766e-02
2.376000000000000000e+03 2.000000000000000000e+01 2.954683780670166016e+00 6.395709514617919922e-02
2.377000000000000000e+03 2.000000000000000000e+01 2.894904136657714844e+00 6.619798392057418823e-02
2.378000000000000000e+03 2.000000000000000000e+01 2.850543737411499023e+00 6.457480788230895996e-02
2.379000000000000000e+03 2.000000000000000000e+01 2.941439867019653320e+00 5.733975395560264587e-02
2.380000000000000000e+03 2.000000000000000000e+01 2.894687175750732422e+00 5.425005033612251282e-02
2.381000000000000000e+03 2.000000000000000000e+01 2.860750675201416016e+00 5.081530287861824036e-02
2.382000000000000000e+03 2.000000000000000000e+01 2.942005395889282227e+00 4.476878792047500610e-02
2.383000000000000000e+03 2.000000000000000000e+01 2.916399955749511719e+00 4.161007702350616455e-02
2.384000000000000000e+03 2.000000000000000000e+01 2.892496109008789062e+00 3.997374325990676880e-02
2.385000000000000000e+03 2.000000000000000000e+01 2.982275009155273438e+00 4.073400050401687622e-02
2.386000000000000000e+03 2.000000000000000000e+01 2.916003704071044922e+00 4.558915272355079651e-02
2.387000000000000000e+03 2.000000000000000000e+01 2.797256231307983398e+00 5.150655657052993774e-02
2.388000000000000000e+03 2.000000000000000000e+01 2.814865112304687500e+00 5.618256330490112305e-02
2.389000000000000000e+03 2.000000000000000000e+01 2.845770835876464844e+00 6.111076474189758301e-02
2.390000000000000000e+03 2.000000000000000000e+01 2.666264057159423828e+00 6.805648654699325562e-02
2.391000000000000000e+03 2.000000000000000000e+01 2.687234640121459961e+00 7.209282368421554565e-02
2.392000000000000000e+03 2.000000000000000000e+01 2.727030992507934570e+00 6.675085425376892090e-02
2.393000000000000000e+03 2.000000000000000000e+01 2.696624279022216797e+00 5.339344218373298645e-02
2.394000000000000000e+03 2.000000000000000000e+01 2.677624940872192383e+00 4.109670966863632202e-02
2.395000000000000000e+03 2.000000000000000000e+01 2.719137668609619141e+00 3.641558438539505005e-02
2.396000000000000000e+03 2.000000000000000000e+01 2.586225748062133789e+00 3.785659000277519226e-02
2.397000000000000000e+03 2.000000000000000000e+01 2.606525659561157227e+00 3.875584527850151062e-02
2.398000000000000000e+03 2.000000000000000000e+01 2.804776906967163086e+00 3.888725861907005310e-02
2.399000000000000000e+03 2.000000000000000000e+01 2.752281665802001953e+00 4.581496119499206543e-02
2.400000000000000000e+03 2.000000000000000000e+01 2.618614196777343750e+00 4.627955332398414612e-02
2.401000000000000000e+03 2.000000000000000000e+01 2.641762018203735352e+00 4.584010317921638489e-02
2.402000000000000000e+03 2.000000000000000000e+01 2.646856069564819336e+00 4.579610377550125122e-02
2.403000000000000000e+03 2.000000000000000000e+01 2.592131376266479492e+00 4.775049164891242981e-02
2.404000000000000000e+03 2.000000000000000000e+01 2.508215427398681641e+00 5.273843929171562195e-02
2.405000000000000000e+03 2.000000000000000000e+01 2.756391525268554688e+00 5.455998703837394714e-02
2.406000000000000000e+03 2.000000000000000000e+01 2.853682994842529297e+00 5.938629060983657837e-02
2.407000000000000000e+03 2.000000000000000000e+01 2.675648689270019531e+00 6.464249640703201294e-02
2.408000000000000000e+03 2.000000000000000000e+01 2.720175504684448242e+00 6.210566684603691101e-02
2.409000000000000000e+03 2.000000000000000000e+01 2.811003684997558594e+00 6.723015010356903076e-02
2.410000000000000000e+03 2.000000000000000000e+01 2.767510652542114258e+00 6.596078723669052124e-02
2.411000000000000000e+03 2.000000000000000000e+01 2.758558750152587891e+00 6.801321357488632202e-02
2.412000000000000000e+03 2.000000000000000000e+01 2.637291431427001953e+00 6.939710676670074463e-02
2.413000000000000000e+03 2.000000000000000000e+01 2.578271865844726562e+00 6.738498061895370483e-02
2.414000000000000000e+03 2.000000000000000000e+01 2.720649242401123047e+00 6.334373354911804199e-02
2.415000000000000000e+03 2.000000000000000000e+01 2.675204277038574219e+00 6.140673160552978516e-02
2.416000000000000000e+03 2.000000000000000000e+01 2.445250034332275391e+00 6.186502054333686829e-02
2.417000000000000000e+03 2.000000000000000000e+01 2.406032562255859375e+00 5.887124687433242798e-02
2.418000000000000000e+03 2.000000000000000000e+01 2.574347257614135742e+00 5.932649597525596619e-02
2.419000000000000000e+03 2.000000000000000000e+01 2.595811367034912109e+00 6.426435708999633789e-02
2.420000000000000000e+03 2.000000000000000000e+01 2.531533002853393555e+00 6.495379656553268433e-02
2.421000000000000000e+03 2.000000000000000000e+01 2.621996402740478516e+00 6.765818595886230469e-02
2.422000000000000000e+03 2.000000000000000000e+01 2.786755800247192383e+00 6.468855589628219604e-02
2.423000000000000000e+03 2.000000000000000000e+01 2.701714277267456055e+00 5.876318737864494324e-02
2.424000000000000000e+03 2.000000000000000000e+01 2.537349700927734375e+00 5.108320713043212891e-02
2.425000000000000000e+03 2.000000000000000000e+01 2.646008014678955078e+00 4.722727462649345398e-02
2.426000000000000000e+03 2.000000000000000000e+01 2.678219556808471680e+00 3.839544951915740967e-02
2.427000000000000000e+03 2.000000000000000000e+01 2.611573219299316406e+00 3.903011605143547058e-02
2.428000000000000000e+03 2.000000000000000000e+01 2.615361452102661133e+00 4.712502285838127136e-02
2.429000000000000000e+03 2.000000000000000000e+01 2.688870906829833984e+00 5.994725972414016724e-02
2.430000000000000000e+03 2.000000000000000000e+01 2.691498756408691406e+00 7.041454315185546875e-02
2.431000000000000000e+03 2.000000000000000000e+01 2.461117267608642578e+00 6.958968192338943481e-02
2.432000000000000000e+03 2.000000000000000000e+01 2.350220680236816406e+00 6.849666684865951538e-02
2.433000000000000000e+03 2.000000000000000000e+01 2.575127840042114258e+00 5.648204311728477478e-02
2.434000000000000000e+03 2.000000000000000000e+01 2.682928323745727539e+00 5.372739955782890320e-02
2.435000000000000000e+03 2.000000000000000000e+01 2.760090827941894531e+00 5.602247640490531921e-02
2.436000000000000000e+03 2.000000000000000000e+01 2.872156620025634766e+00 5.287469550967216492e-02
2.437000000000000000e+03 2.000000000000000000e+01 2.828752994537353516e+00 5.603052303194999695e-02
2.438000000000000000e+03 2.000000000000000000e+01 2.911245346069335938e+00 7.376974076032638550e-02
2.439000000000000000e+03 2.000000000000000000e+01 2.746318101882934570e+00 8.024910837411880493e-02
2.440000000000000000e+03 2.000000000000000000e+01 2.714702606201171875e+00 6.634416431188583374e-02
2.441000000000000000e+03 2.000000000000000000e+01 2.940651655197143555e+00 6.780316680669784546e-02
2.442000000000000000e+03 2.000000000000000000e+01 2.876230239868164062e+00 7.367912679910659790e-02
2.443000000000000000e+03 2.000000000000000000e+01 2.660350799560546875e+00 7.783525437116622925e-02
2.444000000000000000e+03 2.000000000000000000e+01 2.603657722473144531e+00 8.410891145467758179e-02
2.445000000000000000e+03 2.000000000000000000e+01 2.663683891296386719e+00 8.774904906749725342e-02
2.446000000000000000e+03 2.000000000000000000e+01 2.752114295959472656e+00 8.510816842317581177e-02
2.447000000000000000e+03 2.000000000000000000e+01 2.620894432067871094e+00 8.294768631458282471e-02
2.448000000000000000e+03 2.000000000000000000e+01 2.569267749786376953e+00 7.740247994661331177e-02
2.449000000000000000e+03 2.000000000000000000e+01 2.719949722290039062e+00 7.748694717884063721e-02
2.450000000000000000e+03 2.000000000000000000e+01 2.765755891799926758e+00 7.227960973978042603e-02
2.451000000000000000e+03 2.000000000000000000e+01 2.726356983184814453e+00 5.831453204154968262e-02
2.452000000000000000e+03 2.000000000000000000e+01 2.662898302078247070e+00 5.168105289340019226e-02
2.453000000000000000e+03 2.000000000000000000e+01 2.719635725021362305e+00 4.943759366869926453e-02
2.454000000000000000e+03 2.000000000000000000e+01 2.787667751312255859e+00 4.984498769044876099e-02
2.455000000000000000e+03 2.000000000000000000e+01 2.654728174209594727e+00 5.153626948595046997e-02
2.456000000000000000e+03 2.000000000000000000e+01 2.543788671493530273e+00 5.409916862845420837e-02
2.457000000000000000e+03 2.000000000000000000e+01 2.628670692443847656e+00 5.583072453737258911e-02
2.458000000000000000e+03 2.000000000000000000e+01 2.544971704483032227e+00 5.642985925078392029e-02
2.459000000000000000e+03 2.000000000000000000e+01 2.438500404357910156e+00 5.171940848231315613e-02
2.460000000000000000e+03 2.000000000000000000e+01 2.596062183380126953e+00 4.701526835560798645e-02
2.461000000000000000e+03 2.000000000000000000e+01 2.883644104003906250e+00 4.544315114617347717e-02
2.462000000000000000e+03 2.000000000000000000e+01 2.757889032363891602e+00 4.539631307125091553e-02
2.463000000000000000e+03 2.000000000000000000e+01 2.648592948913574219e+00 5.518013238906860352e-02
2.464000000000000000e+03 2.000000000000000000e+01 2.561876535415649414e+00 5.734113976359367371e-02
2.465000000000000000e+03 2.000000000000000000e+01 2.401519775390625000e+00 5.610467121005058289e-02
2.466000000000000000e+03 2.000000000000000000e+01 2.363115072250366211e+00 5.315699800848960876e-02
2.467000000000000000e+03 2.000000000000000000e+01 2.402150869369506836e+00 5.442104861140251160e-02
2.468000000000000000e+03 2.000000000000000000e+01 2.492498159408569336e+00 5.356966331601142883e-02
2.469000000000000000e+03 2.000000000000000000e+01 2.625855445861816406e+00 5.139691755175590515e-02
2.470000000000000000e+03 2.000000000000000000e+01 2.724355697631835938e+00 4.936031624674797058e-02
2.471000000000000000e+03 2.000000000000000000e+01 2.741302013397216797e+00 5.219659209251403809e-02
2.472000000000000000e+03 2.000000000000000000e+01 2.710637569427490234e+00 6.011093780398368835e-02
2.473000000000000000e+03 2.000000000000000000e+01 2.744896173477172852e+00 6.970607489347457886e-02
2.474000000000000000e+03 2.000000000000000000e+01 2.661389589309692383e+00 6.926351040601730347e-02
2.475000000000000000e+03 2.000000000000000000e+01 2.594777107238769531e+00 6.122071668505668640e-02
2.476000000000000000e+03 2.000000000000000000e+01 2.505902767181396484e+00 5.702260136604309082e-02
2.477000000000000000e+03 2.000000000000000000e+01 2.510720491409301758e+00 6.230945512652397156e-02
2.478000000000000000e+03 2.000000000000000000e+01 2.607175350189208984e+00 7.208984345197677612e-02
2.479000000000000000e+03 2.000000000000000000e+01 2.714909076690673828e+00 7.412128150463104248e-02
2.480000000000000000e+03 2.000000000000000000e+01 2.764249801635742188e+00 7.249467819929122925e-02
2.481000000000000000e+03 2.000000000000000000e+01 2.656645298004150391e+00 7.506968826055526733e-02
2.482000000000000000e+03 2.000000000000000000e+01 2.550643920898437500e+00 7.789780944585800171e-02
2.483000000000000000e+03 2.000000000000000000e+01 2.714297294616699219e+00 8.378992229700088501e-02
2.484000000000000000e+03 2.000000000000000000e+01 2.720885038375854492e+00 8.102653920650482178e-02
2.485000000000000000e+03 2.000000000000000000e+01 2.640308141708374023e+00 6.203773617744445801e-02
2.486000000000000000e+03 2.000000000000000000e+01 2.848963975906372070e+00 5.198622494935989380e-02
2.487000000000000000e+03 2.000000000000000000e+01 2.826465368270874023e+00 5.217413231730461121e-02
2.488000000000000000e+03 2.000000000000000000e+01 2.811139345169067383e+00 5.366734415292739868e-02
2.489000000000000000e+03 2.000000000000000000e+01 2.966773509979248047e+00 5.605537444353103638e-02
2.490000000000000000e+03 2.000000000000000000e+01 2.888302087783813477e+00 6.240482255816459656e-02
2.491000000000000000e+03 2.000000000000000000e+01 2.681758880615234375e+00 6.976117938756942749e-02
2.492000000000000000e+03 2.000000000000000000e+01 2.686619997024536133e+00 6.670202314853668213e-02
2.493000000000000000e+03 2.000000000000000000e+01 2.881822109222412109e+00 6.564424186944961548e-02
2.494000000000000000e+03 2.000000000000000000e+01 3.034506082534790039e+00 6.273350864648818970e-02
2.495000000000000000e+03 2.000000000000000000e+01 2.886199712753295898e+00 6.623438745737075806e-02
2.496000000000000000e+03 2.000000000000000000e+01 2.725725412368774414e+00 7.278468459844589233e-02
2.497000000000000000e+03 2.000000000000000000e+01 2.826498985290527344e+00 7.241620123386383057e-02
2.498000000000000000e+03 2.000000000000000000e+01 2.795749902725219727e+00 7.111584395170211792e-02
2.499000000000000000e+03 2.000000000000000000e+01 2.639923095703125000e+00 7.529609650373458862e-02
2.500000000000000000e+03 2.000000000000000000e+01 2.634268283843994141e+00 7.715304940938949585e-02
2.501000000000000000e+03 2.000000000000000000e+01 2.680362701416015625e+00 7.596974819898605347e-02
2.502000000000000000e+03 2.000000000000000000e+01 2.522528886795043945e+00 7.067253440618515015e-02
2.503000000000000000e+03 2.000000000000000000e+01 2.494660615921020508e+00 6.989411264657974243e-02
2.504000000000000000e+03 2.000000000000000000e+01 2.666936874389648438e+00 6.546565145254135132e-02
2.505000000000000000e+03 2.000000000000000000e+01 2.630089521408081055e+00 6.374785304069519043e-02
2.506000000000000000e+03 2.000000000000000000e+01 2.583433866500854492e+00 6.106005981564521790e-02
2.507000000000000000e+03 2.000000000000000000e+01 2.681687355041503906e+00 4.876011982560157776e-02
2.508000000000000000e+03 2.000000000000000000e+01 2.747325897216796875e+00 4.062654450535774231e-02
2.509000000000000000e+03 2.000000000000000000e+01 2.694859743118286133e+00 4.205591231584548950e-02
2.510000000000000000e+03 2.000000000000000000e+01 2.659641742706298828e+00 4.311298951506614685e-02
2.511000000000000000e+03 2.000000000000000000e+01 2.671875476837158203e+00 4.797124490141868591e-02
2.512000000000000000e+03 2.000000000000000000e+01 2.637724876403808594e+00 5.660180374979972839e-02
2.513000000000000000e+03 2.000000000000000000e+01 2.621505260467529297e+00 6.238840147852897644e-02
2.514000000000000000e+03 2.000000000000000000e+01 2.616723537445068359e+00 6.148175522685050964e-02
2.515000000000000000e+03 2.000000000000000000e+01 2.554889202117919922e+00 5.890732631087303162e-02
2.516000000000000000e+03 2.000000000000000000e+01 2.503442287445068359e+00 6.046270951628684998e-02
2.517000000000000000e+03 2.000000000000000000e+01 2.674114465713500977e+00 6.168259307742118835e-02
2.518000000000000000e+03 2.000000000000000000e+01 2.822852611541748047e+00 5.539317056536674500e-02
2.519000000000000000e+03 2.000000000000000000e+01 2.758091688156127930e+00 4.906341060996055603e-02
2.520000000000000000e+03 2.000000000000000000e+01 2.554596662521362305e+00 4.532478004693984985e-02
2.521000000000000000e+03 2.000000000000000000e+01 2.656632661819458008e+00 4.357539862394332886e-02
2.522000000000000000e+03 2.000000000000000000e+01 2.730167865753173828e+00 4.487115889787673950e-02
2.523000000000000000e+03 2.000000000000000000e+01 2.763815402984619141e+00 5.304460600018501282e-02
2.524000000000000000e+03 2.000000000000000000e+01 2.770884275436401367e+00 5.513883754611015320e-02
2.525000000000000000e+03 2.000000000000000000e+01 2.793883323669433594e+00 5.489654093980789185e-02
2.526000000000000000e+03 2.000000000000000000e+01 2.936607360839843750e+00 5.486762151122093201e-02
2.527000000000000000e+03 2.000000000000000000e+01 3.020689487457275391e+00 5.457736924290657043e-02
2.528000000000000000e+03 2.000000000000000000e+01 2.942804336547851562e+00 5.401272326707839966e-02
2.529000000000000000e+03 2.000000000000000000e+01 2.843983888626098633e+00 5.571121722459793091e-02
2.530000000000000000e+03 2.000000000000000000e+01 2.856070518493652344e+00 5.555665120482444763e-02
2.531000000000000000e+03 2.000000000000000000e+01 2.784701108932495117e+00 5.922946333885192871e-02
2.532000000000000000e+03 2.000000000000000000e+01 2.811849594116210938e+00 6.499454379081726074e-02
2.533000000000000000e+03 2.000000000000000000e+01 2.851715087890625000e+00 5.803532153367996216e-02
2.534000000000000000e+03 2.000000000000000000e+01 2.848476409912109375e+00 5.566307529807090759e-02
2.535000000000000000e+03 2.000000000000000000e+01 2.943783283233642578e+00 5.655281618237495422e-02
2.536000000000000000e+03 2.000000000000000000e+01 3.035593986511230469e+00 6.026102975010871887e-02
2.537000000000000000e+03 2.000000000000000000e+01 2.885102748870849609e+00 5.903288722038269043e-02
2.538000000000000000e+03 2.000000000000000000e+01 2.905883312225341797e+00 5.630701780319213867e-02
2.539000000000000000e+03 2.000000000000000000e+01 3.177602767944335938e+00 4.963530227541923523e-02
2.540000000000000000e+03 2.000000000000000000e+01 3.096025228500366211e+00 4.547244310379028320e-02
2.541000000000000000e+03 2.000000000000000000e+01 2.847567081451416016e+00 4.212934523820877075e-02
2.542000000000000000e+03 2.000000000000000000e+01 2.692060232162475586e+00 4.609770700335502625e-02
2.543000000000000000e+03 2.000000000000000000e+01 2.803405523300170898e+00 5.516321584582328796e-02
2.544000000000000000e+03 2.000000000000000000e+01 2.814832210540771484e+00 6.194083765149116516e-02
2.545000000000000000e+03 2.000000000000000000e+01 2.680152654647827148e+00 6.557808816432952881e-02
2.546000000000000000e+03 2.000000000000000000e+01 2.672516584396362305e+00 6.861056387424468994e-02
2.547000000000000000e+03 2.000000000000000000e+01 2.798389196395874023e+00 6.883460283279418945e-02
2.548000000000000000e+03 2.000000000000000000e+01 2.657683372497558594e+00 7.393039762973785400e-02
2.549000000000000000e+03 2.000000000000000000e+01 2.573413848876953125e+00 7.865980267524719238e-02
2.550000000000000000e+03 2.000000000000000000e+01 2.739917755126953125e+00 6.941643357276916504e-02
2.551000000000000000e+03 2.000000000000000000e+01 2.783814191818237305e+00 6.144752725958824158e-02
2.552000000000000000e+03 2.000000000000000000e+01 2.844667196273803711e+00 6.024304777383804321e-02
2.553000000000000000e+03 2.000000000000000000e+01 2.711495399475097656e+00 6.636296957731246948e-02
2.554000000000000000e+03 2.000000000000000000e+01 2.601994752883911133e+00 7.689916342496871948e-02
2.555000000000000000e+03 2.000000000000000000e+01 2.711253643035888672e+00 8.686035871505737305e-02
2.556000000000000000e+03 2.000000000000000000e+01 2.661672115325927734e+00 9.253591299057006836e-02
2.557000000000000000e+03 2.000000000000000000e+01 2.546610593795776367e+00 9.829319268465042114e-02
2.558000000000000000e+03 2.000000000000000000e+01 2.502047777175903320e+00 9.671414643526077271e-02
2.559000000000000000e+03 2.000000000000000000e+01 2.590502738952636719e+00 8.680351823568344116e-02
2.560000000000000000e+03 2.000000000000000000e+01 2.825896263122558594e+00 8.276485651731491089e-02
2.561000000000000000e+03 2.000000000000000000e+01 2.917294740676879883e+00 8.185466378927230835e-02
2.562000000000000000e+03 2.000000000000000000e+01 2.867247819900512695e+00 9.550014883279800415e-02
2.563000000000000000e+03 2.000000000000000000e+01 2.662473917007446289e+00 1.069016084074974060e-01
2.564000000000000000e+03 2.000000000000000000e+01 2.384755134582519531e+00 9.800154715776443481e-02
2.565000000000000000e+03 2.000000000000000000e+01 2.448339939117431641e+00 7.597307860851287842e-02
2.566000000000000000e+03 2.000000000000000000e+01 2.374057292938232422e+00 6.291364878416061401e-02
2.567000000000000000e+03 2.000000000000000000e+01 2.348208427429199219e+00 5.802572891116142273e-02
2.568000000000000000e+03 2.000000000000000000e+01 2.550287961959838867e+00 6.332847476005554199e-02
2.569000000000000000e+03 2.000000000000000000e+01 2.489924907684326172e+00 7.097706198692321777e-02
2.570000000000000000e+03 2.000000000000000000e+01 2.503620386123657227e+00 6.880359351634979248e-02
2.571000000000000000e+03 2.000000000000000000e+01 2.593555450439453125e+00 6.586197763681411743e-02
2.572000000000000000e+03 2.000000000000000000e+01 2.420647621154785156e+00 6.732160598039627075e-02
2.573000000000000000e+03 2.000000000000000000e+01 2.428826093673706055e+00 7.606370002031326294e-02
2.574000000000000000e+03 2.000000000000000000e+01 2.471787214279174805e+00 7.469125837087631226e-02
2.575000000000000000e+03 2.000000000000000000e+01 2.444889068603515625e+00 7.491677254438400269e-02
2.576000000000000000e+03 2.000000000000000000e+01 2.387642860412597656e+00 6.885829567909240723e-02
2.577000000000000000e+03 2.000000000000000000e+01 2.424591779708862305e+00 7.278975099325180054e-02
2.578000000000000000e+03 2.000000000000000000e+01 2.526032447814941406e+00 7.574418932199478149e-02
2.579000000000000000e+03 2.000000000000000000e+01 2.581430435180664062e+00 7.287698984146118164e-02
2.580000000000000000e+03 2.000000000000000000e+01 2.514842033386230469e+00 6.764994561672210693e-02
2.581000000000000000e+03 2.000000000000000000e+01 2.534795761108398438e+00 6.052142009139060974e-02
2.582000000000000000e+03 2.000000000000000000e+01 2.622388839721679688e+00 6.222544983029365540e-02
2.583000000000000000e+03 2.000000000000000000e+01 2.603837490081787109e+00 7.618530839681625366e-02
2.584000000000000000e+03 2.000000000000000000e+01 2.623559236526489258e+00 8.012003451585769653e-02
2.585000000000000000e+03 2.000000000000000000e+01 2.562706470489501953e+00 6.843069940805435181e-02
2.586000000000000000e+03 2.000000000000000000e+01 2.580202817916870117e+00 5.994335934519767761e-02
2.587000000000000000e+03 2.000000000000000000e+01 2.615730285644531250e+00 5.307140946388244629e-02
2.588000000000000000e+03 2.000000000000000000e+01 2.610957145690917969e+00 5.186282470822334290e-02
2.589000000000000000e+03 2.000000000000000000e+01 2.655565977096557617e+00 5.571236088871955872e-02
2.590000000000000000e+03 2.000000000000000000e+01 2.679391860961914062e+00 5.522878095507621765e-02
2.591000000000000000e+03 2.000000000000000000e+01 2.620626211166381836e+00 5.041536688804626465e-02
2.592000000000000000e+03 2.000000000000000000e+01 2.845489501953125000e+00 4.853559657931327820e-02
2.593000000000000000e+03 2.000000000000000000e+01 2.876565217971801758e+00 4.885309189558029175e-02
2.594000000000000000e+03 2.000000000000000000e+01 2.657442331314086914e+00 5.642059445381164551e-02
2.595000000000000000e+03 2.000000000000000000e+01 2.595095634460449219e+00 5.523360520601272583e-02
2.596000000000000000e+03 2.000000000000000000e+01 2.663089513778686523e+00 4.935035109519958496e-02
2.597000000000000000e+03 2.000000000000000000e+01 2.651903629302978516e+00 5.254073813557624817e-02
2.598000000000000000e+03 2.000000000000000000e+01 2.495893716812133789e+00 5.913188681006431580e-02
2.599000000000000000e+03 2.000000000000000000e+01 2.549654483795166016e+00 5.932718515396118164e-02
2.600000000000000000e+03 2.000000000000000000e+01 3.033508062362670898e+00 5.703386664390563965e-02
2.601000000000000000e+03 2.000000000000000000e+01 2.722786664962768555e+00 6.355696171522140503e-02
2.602000000000000000e+03 2.000000000000000000e+01 2.640105485916137695e+00 6.725130230188369751e-02
2.603000000000000000e+03 2.000000000000000000e+01 2.695492982864379883e+00 6.770530343055725098e-02
2.604000000000000000e+03 2.000000000000000000e+01 2.893635272979736328e+00 7.167326658964157104e-02
2.605000000000000000e+03 2.000000000000000000e+01 2.874089479446411133e+00 7.690038532018661499e-02
2.606000000000000000e+03 2.000000000000000000e+01 2.759449005126953125e+00 7.774756848812103271e-02
2.607000000000000000e+03 2.000000000000000000e+01 2.792322158813476562e+00 8.085837215185165405e-02
2.608000000000000000e+03 2.000000000000000000e+01 2.771519184112548828e+00 7.724922150373458862e-02
2.609000000000000000e+03 2.000000000000000000e+01 2.736266374588012695e+00 7.225438207387924194e-02
2.610000000000000000e+03 2.000000000000000000e+01 2.782561540603637695e+00 7.479429244995117188e-02
2.611000000000000000e+03 2.000000000000000000e+01 2.732696056365966797e+00 7.509281486272811890e-02
2.612000000000000000e+03 2.000000000000000000e+01 2.746327400207519531e+00 7.800873368978500366e-02
2.613000000000000000e+03 2.000000000000000000e+01 2.762279033660888672e+00 7.714688032865524292e-02
2.614000000000000000e+03 2.000000000000000000e+01 2.606483697891235352e+00 7.432483881711959839e-02
2.615000000000000000e+03 2.000000000000000000e+01 2.588310003280639648e+00 6.639833748340606689e-02
2.616000000000000000e+03 2.000000000000000000e+01 2.595963954925537109e+00 5.798959359526634216e-02
2.617000000000000000e+03 2.000000000000000000e+01 2.581759691238403320e+00 4.844481870532035828e-02
2.618000000000000000e+03 2.000000000000000000e+01 2.584160804748535156e+00 4.737528786063194275e-02
2.619000000000000000e+03 2.000000000000000000e+01 2.573455095291137695e+00 4.898249357938766479e-02
2.620000000000000000e+03 2.000000000000000000e+01 2.551033020019531250e+00 5.317124724388122559e-02
2.621000000000000000e+03 2.000000000000000000e+01 2.604569435119628906e+00 6.390327960252761841e-02
2.622000000000000000e+03 2.000000000000000000e+01 2.595770597457885742e+00 6.723052263259887695e-02
2.623000000000000000e+03 2.000000000000000000e+01 2.571938276290893555e+00 6.499440222978591919e-02
2.624000000000000000e+03 2.000000000000000000e+01 2.552511453628540039e+00 6.467220187187194824e-02
2.625000000000000000e+03 2.000000000000000000e+01 2.504346847534179688e+00 6.542965024709701538e-02
2.626000000000000000e+03 2.000000000000000000e+01 2.476860284805297852e+00 6.528208404779434204e-02
2.627000000000000000e+03 2.000000000000000000e+01 2.496994256973266602e+00 5.618366599082946777e-02
2.628000000000000000e+03 2.000000000000000000e+01 2.499738931655883789e+00 4.437655210494995117e-02
2.629000000000000000e+03 2.000000000000000000e+01 2.478494405746459961e+00 4.267669469118118286e-02
2.630000000000000000e+03 2.000000000000000000e+01 2.394443511962890625e+00 4.338619485497474670e-02
2.631000000000000000e+03 2.000000000000000000e+01 2.431159257888793945e+00 4.336936399340629578e-02
2.632000000000000000e+03 2.000000000000000000e+01 2.495609045028686523e+00 3.887410461902618408e-02
2.633000000000000000e+03 2.000000000000000000e+01 2.500169277191162109e+00 3.703918680548667908e-02
2.634000000000000000e+03 2.000000000000000000e+01 2.675815105438232422e+00 3.612824156880378723e-02
2.635000000000000000e+03 2.000000000000000000e+01 2.845007419586181641e+00 3.654375299811363220e-02
2.636000000000000000e+03 2.000000000000000000e+01 2.614859580993652344e+00 3.915063291788101196e-02
2.637000000000000000e+03 2.000000000000000000e+01 2.337623119354248047e+00 3.992490470409393311e-02
2.638000000000000000e+03 2.000000000000000000e+01 2.538304805755615234e+00 3.684718161821365356e-02
2.639000000000000000e+03 2.000000000000000000e+01 2.673664569854736328e+00 3.778427466750144958e-02
2.640000000000000000e+03 2.000000000000000000e+01 2.570777654647827148e+00 4.053681716322898865e-02
2.641000000000000000e+03 2.000000000000000000e+01 2.440998792648315430e+00 4.460033401846885681e-02
2.642000000000000000e+03 2.000000000000000000e+01 2.459772109985351562e+00 5.116258189082145691e-02
2.643000000000000000e+03 2.000000000000000000e+01 2.601311683654785156e+00 5.299125984311103821e-02
2.644000000000000000e+03 2.000000000000000000e+01 2.599104642868041992e+00 5.531894043087959290e-02
2.645000000000000000e+03 2.000000000000000000e+01 2.694789886474609375e+00 5.568630620837211609e-02
2.646000000000000000e+03 2.000000000000000000e+01 2.748379468917846680e+00 5.636854842305183411e-02
2.647000000000000000e+03 2.000000000000000000e+01 2.673871040344238281e+00 5.900698900222778320e-02
2.648000000000000000e+03 2.000000000000000000e+01 2.509299993515014648e+00 6.333211809396743774e-02
2.649000000000000000e+03 2.000000000000000000e+01 2.496964454650878906e+00 6.872577965259552002e-02
2.650000000000000000e+03 2.000000000000000000e+01 2.621747732162475586e+00 7.090000063180923462e-02
2.651000000000000000e+03 2.000000000000000000e+01 2.710116147994995117e+00 7.020528614521026611e-02
2.652000000000000000e+03 2.000000000000000000e+01 2.776699066162109375e+00 6.833766400814056396e-02
2.653000000000000000e+03 2.000000000000000000e+01 2.838872432708740234e+00 7.150625437498092651e-02
2.654000000000000000e+03 2.000000000000000000e+01 2.726115942001342773e+00 7.366219907999038696e-02
2.655000000000000000e+03 2.000000000000000000e+01 2.619464159011840820e+00 7.302834093570709229e-02
2.656000000000000000e+03 2.000000000000000000e+01 2.714626312255859375e+00 7.618936151266098022e-02
2.657000000000000000e+03 2.000000000000000000e+01 2.801682949066162109e+00 7.823532074689865112e-02
2.658000000000000000e+03 2.000000000000000000e+01 2.684781312942504883e+00 7.100614905357360840e-02
2.659000000000000000e+03 2.000000000000000000e+01 2.627789735794067383e+00 6.831305474042892456e-02
2.660000000000000000e+03 2.000000000000000000e+01 2.662872791290283203e+00 6.232569366693496704e-02
2.661000000000000000e+03 2.000000000000000000e+01 2.638691902160644531e+00 5.892762169241905212e-02
2.662000000000000000e+03 2.000000000000000000e+01 2.859364032745361328e+00 5.565700680017471313e-02
2.663000000000000000e+03 2.000000000000000000e+01 2.972297906875610352e+00 5.294709280133247375e-02
2.664000000000000000e+03 2.000000000000000000e+01 2.910653114318847656e+00 5.065397545695304871e-02
2.665000000000000000e+03 2.000000000000000000e+01 2.857027053833007812e+00 4.679086431860923767e-02
2.666000000000000000e+03 2.000000000000000000e+01 2.733494043350219727e+00 4.605966433882713318e-02
2.667000000000000000e+03 2.000000000000000000e+01 2.699930429458618164e+00 4.799425601959228516e-02
2.668000000000000000e+03 2.000000000000000000e+01 2.802867650985717773e+00 4.773240908980369568e-02
2.669000000000000000e+03 2.000000000000000000e+01 2.667825222015380859e+00 4.322358220815658569e-02
2.670000000000000000e+03 2.000000000000000000e+01 2.664112567901611328e+00 3.701495751738548279e-02
2.671000000000000000e+03 2.000000000000000000e+01 2.919571876525878906e+00 4.239582642912864685e-02
2.672000000000000000e+03 2.000000000000000000e+01 2.835746765136718750e+00 4.341019317507743835e-02
2.673000000000000000e+03 2.000000000000000000e+01 2.677500247955322266e+00 4.620632529258728027e-02
2.674000000000000000e+03 2.000000000000000000e+01 2.785267353057861328e+00 5.001646280288696289e-02
2.675000000000000000e+03 2.000000000000000000e+01 2.898185968399047852e+00 4.750987142324447632e-02
2.676000000000000000e+03 2.000000000000000000e+01 2.880786657333374023e+00 4.988507553935050964e-02
2.677000000000000000e+03 2.000000000000000000e+01 2.805031299591064453e+00 5.404857546091079712e-02
2.678000000000000000e+03 2.000000000000000000e+01 2.634438037872314453e+00 5.240096524357795715e-02
2.679000000000000000e+03 2.000000000000000000e+01 2.462174177169799805e+00 5.824743583798408508e-02
2.680000000000000000e+03 2.000000000000000000e+01 2.512217521667480469e+00 5.188692733645439148e-02
2.681000000000000000e+03 2.000000000000000000e+01 2.669265270233154297e+00 4.749546572566032410e-02
2.682000000000000000e+03 2.000000000000000000e+01 2.612783432006835938e+00 4.982915148138999939e-02
2.683000000000000000e+03 2.000000000000000000e+01 2.700464725494384766e+00 5.098726972937583923e-02
2.684000000000000000e+03 2.000000000000000000e+01 2.793375253677368164e+00 5.022437497973442078e-02
2.685000000000000000e+03 2.000000000000000000e+01 2.767674207687377930e+00 4.929494485259056091e-02
2.686000000000000000e+03 2.000000000000000000e+01 2.520578145980834961e+00 4.320385679602622986e-02
2.687000000000000000e+03 2.000000000000000000e+01 2.381998777389526367e+00 3.127358481287956238e-02
2.688000000000000000e+03 2.000000000000000000e+01 2.476846218109130859e+00 2.464394643902778625e-02
2.689000000000000000e+03 2.000000000000000000e+01 2.461891651153564453e+00 2.608699537813663483e-02
2.690000000000000000e+03 2.000000000000000000e+01 2.332123279571533203e+00 3.061433508992195129e-02
2.691000000000000000e+03 2.000000000000000000e+01 2.413060188293457031e+00 2.756091021001338959e-02
2.692000000000000000e+03 2.000000000000000000e+01 2.580671072006225586e+00 2.473031915724277496e-02
2.693000000000000000e+03 2.000000000000000000e+01 2.742763996124267578e+00 2.783768810331821442e-02
2.694000000000000000e+03 2.000000000000000000e+01 2.616694927215576172e+00 3.059510886669158936e-02
2.695000000000000000e+03 2.000000000000000000e+01 2.422214984893798828e+00 3.061259165406227112e-02
2.696000000000000000e+03 2.000000000000000000e+01 2.370280742645263672e+00 2.827630378305912018e-02
2.697000000000000000e+03 2.000000000000000000e+01 2.441799640655517578e+00 2.511020936071872711e-02
2.698000000000000000e+03 2.000000000000000000e+01 2.495543956756591797e+00 2.216183207929134369e-02
2.699000000000000000e+03 2.000000000000000000e+01 2.441686630249023438e+00 1.940549723803997040e-02
2.700000000000000000e+03 2.000000000000000000e+01 2.623909950256347656e+00 2.380591258406639099e-02
2.701000000000000000e+03 2.000000000000000000e+01 2.793830394744873047e+00 3.297139704227447510e-02
2.702000000000000000e+03 2.000000000000000000e+01 2.796831369400024414e+00 3.773386403918266296e-02
2.703000000000000000e+03 2.000000000000000000e+01 2.954432725906372070e+00 4.292157664895057678e-02
2.704000000000000000e+03 2.000000000000000000e+01 2.947893619537353516e+00 5.091163516044616699e-02
2.705000000000000000e+03 2.000000000000000000e+01 2.736751556396484375e+00 5.763976648449897766e-02
2.706000000000000000e+03 2.000000000000000000e+01 2.600586414337158203e+00 6.095783039927482605e-02
2.707000000000000000e+03 2.000000000000000000e+01 2.784088373184204102e+00 6.454998254776000977e-02
2.708000000000000000e+03 2.000000000000000000e+01 3.052083015441894531e+00 5.427498742938041687e-02
2.709000000000000000e+03 2.000000000000000000e+01 2.986761808395385742e+00 4.780786857008934021e-02
2.710000000000000000e+03 2.000000000000000000e+01 2.716626167297363281e+00 4.759919270873069763e-02
2.711000000000000000e+03 2.000000000000000000e+01 2.696272373199462891e+00 4.709639772772789001e-02
2.712000000000000000e+03 2.000000000000000000e+01 2.792259931564331055e+00 4.855917021632194519e-02
2.713000000000000000e+03 2.000000000000000000e+01 2.960632562637329102e+00 4.862345010042190552e-02
2.714000000000000000e+03 2.000000000000000000e+01 2.942235708236694336e+00 4.365529492497444153e-02
2.715000000000000000e+03 2.000000000000000000e+01 2.838515281677246094e+00 3.874363750219345093e-02
2.716000000000000000e+03 2.000000000000000000e+01 3.361530542373657227e+00 4.548046737909317017e-02
2.717000000000000000e+03 2.000000000000000000e+01 3.160029888153076172e+00 3.500653430819511414e-02
2.718000000000000000e+03 2.000000000000000000e+01 3.030866861343383789e+00 4.221942648291587830e-02
2.719000000000000000e+03 2.000000000000000000e+01 3.144783258438110352e+00 4.202125594019889832e-02
2.720000000000000000e+03 2.000000000000000000e+01 3.177253723144531250e+00 4.034838825464248657e-02
2.721000000000000000e+03 2.000000000000000000e+01 2.946321249008178711e+00 4.150640591979026794e-02
2.722000000000000000e+03 2.000000000000000000e+01 2.844947338104248047e+00 4.307509958744049072e-02
2.723000000000000000e+03 2.000000000000000000e+01 2.956287384033203125e+00 4.363891109824180603e-02
2.724000000000000000e+03 2.000000000000000000e+01 2.964537620544433594e+00 4.934670403599739075e-02
2.725000000000000000e+03 2.000000000000000000e+01 2.828748703002929688e+00 5.621663480997085571e-02
2.726000000000000000e+03 2.000000000000000000e+01 2.777649879455566406e+00 5.919183418154716492e-02
2.727000000000000000e+03 2.000000000000000000e+01 2.858434677124023438e+00 5.376411601901054382e-02
2.728000000000000000e+03 2.000000000000000000e+01 2.813875198364257812e+00 5.131747946143150330e-02
2.729000000000000000e+03 2.000000000000000000e+01 2.787755012512207031e+00 5.518704652786254883e-02
2.730000000000000000e+03 2.000000000000000000e+01 2.683723449707031250e+00 6.279340386390686035e-02
2.731000000000000000e+03 2.000000000000000000e+01 2.506362438201904297e+00 6.852816790342330933e-02
2.732000000000000000e+03 2.000000000000000000e+01 2.586902856826782227e+00 6.340456008911132812e-02
2.733000000000000000e+03 2.000000000000000000e+01 2.790659904479980469e+00 5.769097805023193359e-02
2.734000000000000000e+03 2.000000000000000000e+01 2.827026367187500000e+00 5.118669196963310242e-02
2.735000000000000000e+03 2.000000000000000000e+01 2.701703071594238281e+00 4.741588607430458069e-02
2.736000000000000000e+03 2.000000000000000000e+01 2.620946645736694336e+00 4.672079905867576599e-02
2.737000000000000000e+03 2.000000000000000000e+01 2.563669204711914062e+00 4.942975565791130066e-02
2.738000000000000000e+03 2.000000000000000000e+01 2.478565931320190430e+00 4.946394264698028564e-02
2.739000000000000000e+03 2.000000000000000000e+01 2.520990133285522461e+00 4.470742493867874146e-02
2.740000000000000000e+03 2.000000000000000000e+01 2.721286058425903320e+00 4.225130006670951843e-02
2.741000000000000000e+03 2.000000000000000000e+01 2.700763225555419922e+00 3.865866363048553467e-02
2.742000000000000000e+03 2.000000000000000000e+01 2.587855815887451172e+00 3.778355196118354797e-02
2.743000000000000000e+03 2.000000000000000000e+01 2.733522653579711914e+00 3.889966011047363281e-02
2.744000000000000000e+03 2.000000000000000000e+01 2.886248350143432617e+00 4.379282519221305847e-02
2.745000000000000000e+03 2.000000000000000000e+01 2.833921670913696289e+00 5.452525615692138672e-02
2.746000000000000000e+03 2.000000000000000000e+01 2.776074886322021484e+00 6.281398981809616089e-02
2.747000000000000000e+03 2.000000000000000000e+01 2.724198579788208008e+00 6.190129742026329041e-02
2.748000000000000000e+03 2.000000000000000000e+01 2.704217195510864258e+00 6.035999581217765808e-02
2.749000000000000000e+03 2.000000000000000000e+01 2.886185884475708008e+00 6.042828038334846497e-02
2.750000000000000000e+03 2.000000000000000000e+01 2.869669914245605469e+00 5.988995358347892761e-02
2.751000000000000000e+03 2.000000000000000000e+01 2.645561218261718750e+00 5.549715086817741394e-02
2.752000000000000000e+03 2.000000000000000000e+01 2.659857749938964844e+00 4.610984772443771362e-02
2.753000000000000000e+03 2.000000000000000000e+01 2.729724407196044922e+00 4.110665246844291687e-02
2.754000000000000000e+03 2.000000000000000000e+01 2.559649467468261719e+00 3.874558582901954651e-02
2.755000000000000000e+03 2.000000000000000000e+01 2.579319477081298828e+00 3.835746645927429199e-02
2.756000000000000000e+03 2.000000000000000000e+01 2.673939704895019531e+00 4.277706146240234375e-02
2.757000000000000000e+03 2.000000000000000000e+01 2.610279321670532227e+00 5.096760392189025879e-02
2.758000000000000000e+03 2.000000000000000000e+01 2.446896076202392578e+00 4.656318575143814087e-02
2.759000000000000000e+03 2.000000000000000000e+01 2.468474388122558594e+00 3.828240185976028442e-02
2.760000000000000000e+03 2.000000000000000000e+01 2.578537940979003906e+00 3.582883626222610474e-02
2.761000000000000000e+03 2.000000000000000000e+01 2.601354837417602539e+00 3.100733831524848938e-02
2.762000000000000000e+03 2.000000000000000000e+01 2.692051887512207031e+00 3.272239491343498230e-02
2.763000000000000000e+03 2.000000000000000000e+01 2.682894945144653320e+00 4.216473922133445740e-02
2.764000000000000000e+03 2.000000000000000000e+01 2.563374042510986328e+00 5.810943990945816040e-02
2.765000000000000000e+03 2.000000000000000000e+01 2.572110176086425781e+00 6.057676672935485840e-02
2.766000000000000000e+03 2.000000000000000000e+01 2.647846221923828125e+00 5.135362967848777771e-02
2.767000000000000000e+03 2.000000000000000000e+01 2.663384675979614258e+00 4.690874740481376648e-02
2.768000000000000000e+03 2.000000000000000000e+01 2.712615966796875000e+00 4.472559317946434021e-02
2.769000000000000000e+03 2.000000000000000000e+01 2.825714111328125000e+00 4.509895294904708862e-02
2.770000000000000000e+03 2.000000000000000000e+01 2.757275581359863281e+00 4.709336906671524048e-02
2.771000000000000000e+03 2.000000000000000000e+01 2.693460702896118164e+00 4.918648302555084229e-02
2.772000000000000000e+03 2.000000000000000000e+01 2.743193864822387695e+00 4.957163706421852112e-02
2.773000000000000000e+03 2.000000000000000000e+01 2.853952646255493164e+00 4.992054402828216553e-02
2.774000000000000000e+03 2.000000000000000000e+01 2.980257034301757812e+00 4.661213979125022888e-02
2.775000000000000000e+03 2.000000000000000000e+01 2.937506198883056641e+00 4.628460481762886047e-02
2.776000000000000000e+03 2.000000000000000000e+01 2.652479171752929688e+00 5.078583955764770508e-02
2.777000000000000000e+03 2.000000000000000000e+01 2.544619321823120117e+00 5.159370973706245422e-02
2.778000000000000000e+03 2.000000000000000000e+01 2.800013542175292969e+00 4.971089586615562439e-02
2.779000000000000000e+03 2.000000000000000000e+01 2.914041042327880859e+00 4.616711288690567017e-02
2.780000000000000000e+03 2.000000000000000000e+01 2.892540931701660156e+00 4.603372141718864441e-02
2.781000000000000000e+03 2.000000000000000000e+01 2.810599327087402344e+00 4.868108779191970825e-02
2.782000000000000000e+03 2.000000000000000000e+01 2.830867052078247070e+00 4.562314972281455994e-02
2.783000000000000000e+03 2.000000000000000000e+01 2.871619462966918945e+00 4.137662798166275024e-02
2.784000000000000000e+03 2.000000000000000000e+01 2.817277431488037109e+00 4.019736498594284058e-02
2.785000000000000000e+03 2.000000000000000000e+01 2.657881736755371094e+00 3.934064134955406189e-02
2.786000000000000000e+03 2.000000000000000000e+01 2.660658359527587891e+00 3.873273357748985291e-02
2.787000000000000000e+03 2.000000000000000000e+01 2.634544372558593750e+00 4.581059142947196960e-02
2.788000000000000000e+03 2.000000000000000000e+01 2.589216709136962891e+00 4.761275276541709900e-02
2.789000000000000000e+03 2.000000000000000000e+01 2.613664865493774414e+00 4.904505982995033264e-02
2.790000000000000000e+03 2.000000000000000000e+01 2.640502691268920898e+00 5.188931897282600403e-02
2.791000000000000000e+03 2.000000000000000000e+01 2.648144721984863281e+00 5.984934046864509583e-02
2.792000000000000000e+03 2.000000000000000000e+01 2.588794708251953125e+00 4.798509180545806885e-02
2.793000000000000000e+03 2.000000000000000000e+01 2.524197578430175781e+00 3.974611684679985046e-02
2.794000000000000000e+03 2.000000000000000000e+01 2.560314416885375977e+00 4.382665827870368958e-02
2.795000000000000000e+03 2.000000000000000000e+01 2.544727802276611328e+00 4.670462012290954590e-02
2.796000000000000000e+03 2.000000000000000000e+01 2.438994407653808594e+00 5.268324166536331177e-02
2.797000000000000000e+03 2.000000000000000000e+01 2.392060041427612305e+00 4.761878773570060730e-02
2.798000000000000000e+03 2.000000000000000000e+01 2.486014366149902344e+00 4.791840910911560059e-02
2.799000000000000000e+03 2.000000000000000000e+01 2.611388683319091797e+00 4.395886883139610291e-02
2.800000000000000000e+03 2.000000000000000000e+01 2.913324117660522461e+00 5.002053454518318176e-02
2.801000000000000000e+03 2.000000000000000000e+01 2.864845514297485352e+00 5.226645618677139282e-02
2.802000000000000000e+03 2.000000000000000000e+01 2.685411214828491211e+00 4.859392717480659485e-02
2.803000000000000000e+03 2.000000000000000000e+01 2.532284975051879883e+00 4.857672378420829773e-02
2.804000000000000000e+03 2.000000000000000000e+01 2.474436521530151367e+00 4.631302878260612488e-02
2.805000000000000000e+03 2.000000000000000000e+01 2.732478618621826172e+00 4.467515274882316589e-02
2.806000000000000000e+03 2.000000000000000000e+01 2.715081930160522461e+00 4.805223271250724792e-02
2.807000000000000000e+03 2.000000000000000000e+01 2.552545070648193359e+00 5.117873102426528931e-02
2.808000000000000000e+03 2.000000000000000000e+01 2.616080999374389648e+00 5.298827961087226868e-02
2.809000000000000000e+03 2.000000000000000000e+01 2.676076412200927734e+00 5.604579672217369080e-02
2.810000000000000000e+03 2.000000000000000000e+01 2.693638801574707031e+00 5.903565511107444763e-02
2.811000000000000000e+03 2.000000000000000000e+01 2.767415046691894531e+00 6.131128594279289246e-02
2.812000000000000000e+03 2.000000000000000000e+01 2.681091547012329102e+00 6.347877532243728638e-02
2.813000000000000000e+03 2.000000000000000000e+01 2.499929904937744141e+00 6.080887466669082642e-02
2.814000000000000000e+03 2.000000000000000000e+01 2.545006275177001953e+00 5.844680592417716980e-02
2.815000000000000000e+03 2.000000000000000000e+01 2.570075988769531250e+00 5.316546186804771423e-02
2.816000000000000000e+03 2.000000000000000000e+01 2.632607698440551758e+00 4.909584298729896545e-02
2.817000000000000000e+03 2.000000000000000000e+01 2.689346551895141602e+00 4.654056578874588013e-02
2.818000000000000000e+03 2.000000000000000000e+01 2.638077735900878906e+00 4.133867844939231873e-02
2.819000000000000000e+03 2.000000000000000000e+01 2.918783426284790039e+00 3.807333484292030334e-02
2.820000000000000000e+03 2.000000000000000000e+01 2.990809440612792969e+00 4.112948849797248840e-02
2.821000000000000000e+03 2.000000000000000000e+01 2.882704734802246094e+00 5.168513208627700806e-02
2.822000000000000000e+03 2.000000000000000000e+01 2.877074003219604492e+00 4.621559381484985352e-02
2.823000000000000000e+03 2.000000000000000000e+01 2.911520242691040039e+00 4.529088363051414490e-02
2.824000000000000000e+03 2.000000000000000000e+01 2.757322788238525391e+00 4.637498781085014343e-02
2.825000000000000000e+03 2.000000000000000000e+01 2.715628623962402344e+00 4.896059632301330566e-02
2.826000000000000000e+03 2.000000000000000000e+01 2.792615652084350586e+00 5.442357808351516724e-02
2.827000000000000000e+03 2.000000000000000000e+01 2.971020460128784180e+00 5.162772163748741150e-02
2.828000000000000000e+03 2.000000000000000000e+01 2.899904251098632812e+00 4.976717010140419006e-02
2.829000000000000000e+03 2.000000000000000000e+01 2.903357982635498047e+00 4.806154593825340271e-02
2.830000000000000000e+03 2.000000000000000000e+01 2.910033941268920898e+00 4.681963473558425903e-02
2.831000000000000000e+03 2.000000000000000000e+01 2.867883682250976562e+00 4.826229438185691833e-02
2.832000000000000000e+03 2.000000000000000000e+01 2.981911897659301758e+00 4.901390895247459412e-02
2.833000000000000000e+03 2.000000000000000000e+01 3.009232282638549805e+00 4.373950883746147156e-02
2.834000000000000000e+03 2.000000000000000000e+01 2.831242799758911133e+00 3.531609475612640381e-02
2.835000000000000000e+03 2.000000000000000000e+01 2.862782239913940430e+00 3.574632853269577026e-02
2.836000000000000000e+03 2.000000000000000000e+01 2.933772325515747070e+00 3.613135591149330139e-02
2.837000000000000000e+03 2.000000000000000000e+01 2.840581893920898438e+00 3.414548188447952271e-02
2.838000000000000000e+03 2.000000000000000000e+01 2.703824758529663086e+00 3.329740464687347412e-02
2.839000000000000000e+03 2.000000000000000000e+01 2.765155792236328125e+00 3.357822820544242859e-02
2.840000000000000000e+03 2.000000000000000000e+01 2.759206056594848633e+00 3.099092282354831696e-02
2.841000000000000000e+03 2.000000000000000000e+01 2.620138645172119141e+00 3.335612639784812927e-02
2.842000000000000000e+03 2.000000000000000000e+01 2.695083379745483398e+00 3.753736242651939392e-02
2.843000000000000000e+03 2.000000000000000000e+01 2.875431299209594727e+00 3.832124918699264526e-02
2.844000000000000000e+03 2.000000000000000000e+01 2.741227149963378906e+00 3.675458952784538269e-02
2.845000000000000000e+03 2.000000000000000000e+01 2.623830795288085938e+00 4.089498892426490784e-02
2.846000000000000000e+03 2.000000000000000000e+01 2.668632984161376953e+00 4.316452890634536743e-02
2.847000000000000000e+03 2.000000000000000000e+01 2.726978778839111328e+00 4.590621218085289001e-02
2.848000000000000000e+03 2.000000000000000000e+01 2.651361942291259766e+00 5.105428770184516907e-02
2.849000000000000000e+03 2.000000000000000000e+01 2.674491882324218750e+00 4.819550737738609314e-02
2.850000000000000000e+03 2.000000000000000000e+01 2.698980569839477539e+00 4.019871354103088379e-02
2.851000000000000000e+03 2.000000000000000000e+01 2.851331710815429688e+00 4.239984601736068726e-02
2.852000000000000000e+03 2.000000000000000000e+01 2.910586357116699219e+00 4.725318774580955505e-02
2.853000000000000000e+03 2.000000000000000000e+01 2.820866107940673828e+00 5.469644814729690552e-02
2.854000000000000000e+03 2.000000000000000000e+01 2.844170570373535156e+00 7.206324487924575806e-02
2.855000000000000000e+03 2.000000000000000000e+01 2.701636314392089844e+00 7.166375964879989624e-02
2.856000000000000000e+03 2.000000000000000000e+01 2.693795919418334961e+00 6.890382617712020874e-02
2.857000000000000000e+03 2.000000000000000000e+01 2.692613124847412109e+00 6.783607602119445801e-02
2.858000000000000000e+03 2.000000000000000000e+01 2.656009912490844727e+00 6.287517398595809937e-02
2.859000000000000000e+03 2.000000000000000000e+01 2.706459283828735352e+00 6.263618171215057373e-02
2.860000000000000000e+03 2.000000000000000000e+01 2.659969091415405273e+00 6.333961337804794312e-02
2.861000000000000000e+03 2.000000000000000000e+01 2.673260211944580078e+00 5.658769235014915466e-02
2.862000000000000000e+03 2.000000000000000000e+01 2.700882911682128906e+00 5.042279884219169617e-02
2.863000000000000000e+03 2.000000000000000000e+01 2.643879413604736328e+00 4.229842871427536011e-02
2.864000000000000000e+03 2.000000000000000000e+01 2.646016120910644531e+00 3.196356073021888733e-02
2.865000000000000000e+03 2.000000000000000000e+01 2.813073158264160156e+00 3.277286514639854431e-02
2.866000000000000000e+03 2.000000000000000000e+01 2.933169603347778320e+00 4.203573986887931824e-02
2.867000000000000000e+03 2.000000000000000000e+01 2.949278354644775391e+00 4.170946031808853149e-02
2.868000000000000000e+03 2.000000000000000000e+01 3.035299301147460938e+00 3.588644787669181824e-02
2.869000000000000000e+03 2.000000000000000000e+01 3.093064308166503906e+00 3.504795953631401062e-02
2.870000000000000000e+03 2.000000000000000000e+01 2.907469749450683594e+00 3.382745012640953064e-02
2.871000000000000000e+03 2.000000000000000000e+01 2.894444227218627930e+00 3.315966203808784485e-02
2.872000000000000000e+03 2.000000000000000000e+01 2.914502620697021484e+00 3.618511557579040527e-02
2.873000000000000000e+03 2.000000000000000000e+01 2.806538820266723633e+00 4.189507290720939636e-02
2.874000000000000000e+03 2.000000000000000000e+01 2.835417270660400391e+00 5.008238181471824646e-02
2.875000000000000000e+03 2.000000000000000000e+01 2.937027931213378906e+00 5.124348402023315430e-02
2.876000000000000000e+03 2.000000000000000000e+01 2.912435054779052734e+00 4.560227319598197937e-02
2.877000000000000000e+03 2.000000000000000000e+01 2.933130741119384766e+00 3.955744951963424683e-02
2.878000000000000000e+03 2.000000000000000000e+01 3.048213958740234375e+00 4.075723513960838318e-02
2.879000000000000000e+03 2.000000000000000000e+01 2.847587585449218750e+00 4.226038232445716858e-02
2.880000000000000000e+03 2.000000000000000000e+01 2.648776054382324219e+00 4.288613051176071167e-02
2.881000000000000000e+03 2.000000000000000000e+01 2.744922399520874023e+00 4.800210520625114441e-02
2.882000000000000000e+03 2.000000000000000000e+01 2.762133121490478516e+00 4.414094239473342896e-02
2.883000000000000000e+03 2.000000000000000000e+01 2.789746284484863281e+00 4.386161640286445618e-02
2.884000000000000000e+03 2.000000000000000000e+01 2.916741609573364258e+00 4.457275941967964172e-02
2.885000000000000000e+03 2.000000000000000000e+01 2.975055217742919922e+00 4.856644198298454285e-02
2.886000000000000000e+03 2.000000000000000000e+01 2.973785638809204102e+00 5.039754137396812439e-02
2.887000000000000000e+03 2.000000000000000000e+01 2.933502435684204102e+00 5.047584325075149536e-02
2.888000000000000000e+03 2.000000000000000000e+01 2.874130010604858398e+00 4.618942737579345703e-02
2.889000000000000000e+03 2.000000000000000000e+01 2.710593700408935547e+00 4.479355365037918091e-02
2.890000000000000000e+03 2.000000000000000000e+01 2.709790229797363281e+00 4.567873105406761169e-02
2.891000000000000000e+03 2.000000000000000000e+01 2.860706329345703125e+00 4.899165779352188110e-02
2.892000000000000000e+03 2.000000000000000000e+01 2.931609630584716797e+00 4.799504950642585754e-02
2.893000000000000000e+03 2.000000000000000000e+01 2.765242099761962891e+00 4.882964119315147400e-02
2.894000000000000000e+03 2.000000000000000000e+01 2.583661556243896484e+00 5.111905932426452637e-02
2.895000000000000000e+03 2.000000000000000000e+01 2.567045211791992188e+00 4.635470733046531677e-02
2.896000000000000000e+03 2.000000000000000000e+01 2.591806888580322266e+00 5.018449574708938599e-02
2.897000000000000000e+03 2.000000000000000000e+01 2.531613111495971680e+00 5.378023907542228699e-02
2.898000000000000000e+03 2.000000000000000000e+01 2.543817043304443359e+00 5.348984152078628540e-02
2.899000000000000000e+03 2.000000000000000000e+01 2.543523073196411133e+00 5.848698690533638000e-02
2.900000000000000000e+03 2.000000000000000000e+01 2.639438629150390625e+00 5.377347394824028015e-02
2.901000000000000000e+03 2.000000000000000000e+01 2.848701715469360352e+00 5.139070749282836914e-02
2.902000000000000000e+03 2.000000000000000000e+01 2.782832860946655273e+00 5.318151786923408508e-02
2.903000000000000000e+03 2.000000000000000000e+01 2.685257434844970703e+00 5.395033955574035645e-02
2.904000000000000000e+03 2.000000000000000000e+01 2.713915109634399414e+00 5.439751222729682922e-02
2.905000000000000000e+03 2.000000000000000000e+01 2.746211290359497070e+00 4.785658046603202820e-02
2.906000000000000000e+03 2.000000000000000000e+01 2.734443902969360352e+00 4.078638181090354919e-02
2.907000000000000000e+03 2.000000000000000000e+01 2.707348108291625977e+00 3.696556389331817627e-02
2.908000000000000000e+03 2.000000000000000000e+01 2.764914751052856445e+00 4.036169126629829407e-02
2.909000000000000000e+03 2.000000000000000000e+01 2.710752725601196289e+00 4.246782884001731873e-02
2.910000000000000000e+03 2.000000000000000000e+01 2.544926404953002930e+00 4.690459370613098145e-02
2.911000000000000000e+03 2.000000000000000000e+01 2.567036390304565430e+00 5.016630887985229492e-02
2.912000000000000000e+03 2.000000000000000000e+01 2.610583066940307617e+00 3.869270160794258118e-02
2.913000000000000000e+03 2.000000000000000000e+01 2.566994428634643555e+00 3.230297937989234924e-02
2.914000000000000000e+03 2.000000000000000000e+01 2.635642051696777344e+00 3.692023083567619324e-02
2.915000000000000000e+03 2.000000000000000000e+01 2.495565891265869141e+00 3.755229711532592773e-02
2.916000000000000000e+03 2.000000000000000000e+01 2.486560821533203125e+00 4.552824422717094421e-02
2.917000000000000000e+03 2.000000000000000000e+01 2.467804193496704102e+00 5.050966143608093262e-02
2.918000000000000000e+03 2.000000000000000000e+01 2.480081558227539062e+00 4.848393425345420837e-02
2.919000000000000000e+03 2.000000000000000000e+01 2.557401657104492188e+00 4.673475027084350586e-02
2.920000000000000000e+03 2.000000000000000000e+01 2.432100534439086914e+00 4.689271375536918640e-02
2.921000000000000000e+03 2.000000000000000000e+01 2.510928392410278320e+00 4.838888719677925110e-02
2.922000000000000000e+03 2.000000000000000000e+01 2.738394737243652344e+00 4.463735967874526978e-02
2.923000000000000000e+03 2.000000000000000000e+01 2.595367431640625000e+00 4.139837250113487244e-02
2.924000000000000000e+03 2.000000000000000000e+01 2.408910989761352539e+00 3.865739330649375916e-02
2.925000000000000000e+03 2.000000000000000000e+01 2.358854770660400391e+00 3.532234206795692444e-02
2.926000000000000000e+03 2.000000000000000000e+01 2.366476058959960938e+00 3.370993584394454956e-02
2.927000000000000000e+03 2.000000000000000000e+01 2.376841545104980469e+00 3.308424726128578186e-02
2.928000000000000000e+03 2.000000000000000000e+01 2.350060939788818359e+00 3.648624569177627563e-02
2.929000000000000000e+03 2.000000000000000000e+01 2.320785760879516602e+00 3.969607874751091003e-02
2.930000000000000000e+03 2.000000000000000000e+01 2.302676677703857422e+00 4.328358918428421021e-02
2.931000000000000000e+03 2.000000000000000000e+01 2.272879123687744141e+00 3.956780955195426941e-02
2.932000000000000000e+03 2.000000000000000000e+01 2.220435380935668945e+00 3.667394444346427917e-02
2.933000000000000000e+03 2.000000000000000000e+01 2.198272228240966797e+00 3.598074242472648621e-02
2.934000000000000000e+03 2.000000000000000000e+01 2.267529010772705078e+00 3.530471026897430420e-02
2.935000000000000000e+03 2.000000000000000000e+01 2.477942943572998047e+00 3.633547574281692505e-02
2.936000000000000000e+03 2.000000000000000000e+01 2.490339756011962891e+00 5.424873158335685730e-02
2.937000000000000000e+03 2.000000000000000000e+01 2.358009338378906250e+00 5.770771577954292297e-02
2.938000000000000000e+03 2.000000000000000000e+01 2.442085266113281250e+00 4.770707711577415466e-02
2.939000000000000000e+03 2.000000000000000000e+01 2.403462171554565430e+00 3.571856766939163208e-02
2.940000000000000000e+03 2.000000000000000000e+01 2.215363740921020508e+00 3.140068054199218750e-02
2.941000000000000000e+03 2.000000000000000000e+01 2.222544193267822266e+00 3.106693737208843231e-02
2.942000000000000000e+03 2.000000000000000000e+01 2.328186750411987305e+00 3.611284494400024414e-02
2.943000000000000000e+03 2.000000000000000000e+01 2.266448259353637695e+00 4.434564337134361267e-02
2.944000000000000000e+03 2.000000000000000000e+01 2.386938333511352539e+00 5.212857201695442200e-02
2.945000000000000000e+03 2.000000000000000000e+01 2.411717891693115234e+00 5.420000478625297546e-02
2.946000000000000000e+03 2.000000000000000000e+01 2.201544046401977539e+00 5.272820219397544861e-02
2.947000000000000000e+03 2.000000000000000000e+01 2.321250200271606445e+00 4.768509417772293091e-02
2.948000000000000000e+03 2.000000000000000000e+01 2.571258544921875000e+00 4.141309112310409546e-02
2.949000000000000000e+03 2.000000000000000000e+01 2.543833255767822266e+00 3.615937381982803345e-02
2.950000000000000000e+03 2.000000000000000000e+01 2.467216491699218750e+00 3.900876268744468689e-02
2.951000000000000000e+03 2.000000000000000000e+01 2.399599313735961914e+00 3.943122550845146179e-02
2.952000000000000000e+03 2.000000000000000000e+01 2.367898941040039062e+00 4.185675829648971558e-02
2.953000000000000000e+03 2.000000000000000000e+01 2.354188680648803711e+00 3.203658759593963623e-02
2.954000000000000000e+03 2.000000000000000000e+01 2.189983367919921875e+00 2.448907867074012756e-02
2.955000000000000000e+03 2.000000000000000000e+01 2.273556709289550781e+00 2.271885052323341370e-02
2.956000000000000000e+03 2.000000000000000000e+01 2.394192695617675781e+00 2.416385523974895477e-02
2.957000000000000000e+03 2.000000000000000000e+01 2.342165946960449219e+00 3.092217259109020233e-02
2.958000000000000000e+03 2.000000000000000000e+01 2.366700649261474609e+00 4.345029592514038086e-02
2.959000000000000000e+03 2.000000000000000000e+01 2.365353584289550781e+00 4.532572254538536072e-02
2.960000000000000000e+03 2.000000000000000000e+01 2.358299016952514648e+00 4.310362040996551514e-02
2.961000000000000000e+03 2.000000000000000000e+01 2.273885011672973633e+00 4.141295328736305237e-02
2.962000000000000000e+03 2.000000000000000000e+01 2.407273292541503906e+00 4.329141601920127869e-02
2.963000000000000000e+03 2.000000000000000000e+01 2.579247951507568359e+00 4.619234800338745117e-02
2.964000000000000000e+03 2.000000000000000000e+01 2.499013185501098633e+00 5.008907243609428406e-02
2.965000000000000000e+03 2.000000000000000000e+01 2.556347846984863281e+00 4.787379130721092224e-02
2.966000000000000000e+03 2.000000000000000000e+01 2.636204957962036133e+00 5.160340294241905212e-02
2.967000000000000000e+03 2.000000000000000000e+01 2.471950054168701172e+00 4.120243713259696960e-02
2.968000000000000000e+03 2.000000000000000000e+01 2.539507150650024414e+00 4.069706425070762634e-02
2.969000000000000000e+03 2.000000000000000000e+01 2.648663520812988281e+00 4.080900922417640686e-02
2.970000000000000000e+03 2.000000000000000000e+01 2.599223375320434570e+00 4.659575596451759338e-02
2.971000000000000000e+03 2.000000000000000000e+01 2.581747055053710938e+00 4.984682425856590271e-02
2.972000000000000000e+03 2.000000000000000000e+01 2.614561319351196289e+00 5.447955802083015442e-02
2.973000000000000000e+03 2.000000000000000000e+01 2.555450677871704102e+00 5.290072783827781677e-02
2.974000000000000000e+03 2.000000000000000000e+01 2.587286949157714844e+00 5.642758682370185852e-02
2.975000000000000000e+03 2.000000000000000000e+01 2.602254390716552734e+00 6.015989184379577637e-02
2.976000000000000000e+03 2.000000000000000000e+01 2.494168758392333984e+00 6.191186979413032532e-02
2.977000000000000000e+03 2.000000000000000000e+01 2.464324235916137695e+00 6.438982486724853516e-02
2.978000000000000000e+03 2.000000000000000000e+01 2.673553228378295898e+00 5.844838544726371765e-02
2.979000000000000000e+03 2.000000000000000000e+01 2.808233976364135742e+00 5.369393900036811829e-02
2.980000000000000000e+03 2.000000000000000000e+01 2.637620210647583008e+00 4.759612306952476501e-02
2.981000000000000000e+03 2.000000000000000000e+01 2.535334587097167969e+00 4.359738901257514954e-02
2.982000000000000000e+03 2.000000000000000000e+01 2.551382064819335938e+00 4.288478195667266846e-02
2.983000000000000000e+03 2.000000000000000000e+01 2.551081895828247070e+00 4.438683390617370605e-02
2.984000000000000000e+03 2.000000000000000000e+01 2.779050350189208984e+00 4.483271390199661255e-02
2.985000000000000000e+03 2.000000000000000000e+01 2.747002840042114258e+00 4.506738111376762390e-02
2.986000000000000000e+03 2.000000000000000000e+01 2.465571880340576172e+00 5.143483355641365051e-02
2.987000000000000000e+03 2.000000000000000000e+01 2.426710367202758789e+00 5.255050212144851685e-02
2.988000000000000000e+03 2.000000000000000000e+01 2.538916826248168945e+00 4.683436080813407898e-02
2.989000000000000000e+03 2.000000000000000000e+01 2.648929595947265625e+00 4.619933292269706726e-02
2.990000000000000000e+03 2.000000000000000000e+01 2.531381607055664062e+00 5.038801580667495728e-02
2.991000000000000000e+03 2.000000000000000000e+01 2.476750850677490234e+00 5.269929766654968262e-02
2.992000000000000000e+03 2.000000000000000000e+01 2.408992767333984375e+00 6.183631345629692078e-02
2.993000000000000000e+03 2.000000000000000000e+01 2.241964578628540039e+00 6.835689395666122437e-02
2.994000000000000000e+03 2.000000000000000000e+01 2.302328109741210938e+00 7.141961902379989624e-02
2.995000000000000000e+03 2.000000000000000000e+01 2.416609287261962891e+00 6.844858825206756592e-02
2.996000000000000000e+03 2.000000000000000000e+01 2.414944171905517578e+00 6.217208504676818848e-02
2.997000000000000000e+03 2.000000000000000000e+01 2.496246337890625000e+00 5.530097708106040955e-02
2.998000000000000000e+03 2.000000000000000000e+01 2.641450643539428711e+00 4.750523716211318970e-02
2.999000000000000000e+03 2.000000000000000000e+01 2.665704250335693359e+00 4.445971176028251648e-02
