1.000000000000000000e+00 2.000000000000000000e+01 2.111226081848144531e+00 6.918175506591796875e+01 0.000000000000000000e+00
2.000000000000000000e+00 2.000000000000000000e+01 2.016086101531982422e+00 6.938345336914062500e+01 0.000000000000000000e+00
3.000000000000000000e+00 2.000000000000000000e+01 1.969404935836791992e+00 6.946458435058593750e+01 0.000000000000000000e+00
4.000000000000000000e+00 2.000000000000000000e+01 1.949213385581970215e+00 6.931730651855468750e+01 0.000000000000000000e+00
5.000000000000000000e+00 2.000000000000000000e+01 1.941358804702758789e+00 6.896405029296875000e+01 0.000000000000000000e+00
6.000000000000000000e+00 2.000000000000000000e+01 1.937018513679504395e+00 6.861847686767578125e+01 0.000000000000000000e+00
7.000000000000000000e+00 2.000000000000000000e+01 1.933147907257080078e+00 6.845980834960937500e+01 0.000000000000000000e+00
8.000000000000000000e+00 2.000000000000000000e+01 1.929703831672668457e+00 6.843785095214843750e+01 0.000000000000000000e+00
9.000000000000000000e+00 2.000000000000000000e+01 1.926887392997741699e+00 6.856980895996093750e+01 0.000000000000000000e+00
1.000000000000000000e+01 2.000000000000000000e+01 1.406484069824218750e+02 6.877688598632812500e+01 1.000000000000000000e+00
1.100000000000000000e+01 2.000000000000000000e+01 1.306659240722656250e+02 5.805471420288085938e+01 1.000000000000000000e+00
1.200000000000000000e+01 2.000000000000000000e+01 1.235221710205078125e+02 5.002615356445312500e+01 1.000000000000000000e+00
1.300000000000000000e+01 2.000000000000000000e+01 5.079131347656250000e+03 4.335599899291992188e+01 1.000000000000000000e+00
1.400000000000000000e+01 2.000000000000000000e+01 7.953635742187500000e+03 3.770029449462890625e+01 1.000000000000000000e+00
1.500000000000000000e+01 2.000000000000000000e+01 8.729171875000000000e+03 3.261685562133789062e+01 1.000000000000000000e+00
1.600000000000000000e+01 2.000000000000000000e+01 1.139427929687500000e+04 2.801743698120117188e+01 1.000000000000000000e+00
1.700000000000000000e+01 2.000000000000000000e+01 1.160951171875000000e+04 2.387958145141601562e+01 1.000000000000000000e+00
1.800000000000000000e+01 2.000000000000000000e+01 1.804808007812500000e+04 2.048431777954101562e+01 1.000000000000000000e+00
1.900000000000000000e+01 2.000000000000000000e+01 3.012467187500000000e+04 1.771869468688964844e+01 1.000000000000000000e+00
2.000000000000000000e+01 2.000000000000000000e+01 4.108662109375000000e+04 1.532753944396972656e+01 0.000000000000000000e+00
2.100000000000000000e+01 2.000000000000000000e+01 4.634485546875000000e+04 1.527863025665283203e+01 0.000000000000000000e+00
2.200000000000000000e+01 2.000000000000000000e+01 4.285562500000000000e+04 1.514564609527587891e+01 0.000000000000000000e+00
2.300000000000000000e+01 2.000000000000000000e+01 3.367267187500000000e+04 1.505789279937744141e+01 0.000000000000000000e+00
2.400000000000000000e+01 2.000000000000000000e+01 2.236728710937500000e+04 1.494254589080810547e+01 0.000000000000000000e+00
2.500000000000000000e+01 2.000000000000000000e+01 1.177289160156250000e+04 1.485693550109863281e+01 0.000000000000000000e+00
2.600000000000000000e+01 2.000000000000000000e+01 3.508299072265625000e+03 1.477510929107666016e+01 0.000000000000000000e+00
2.700000000000000000e+01 2.000000000000000000e+01 9.872737884521484375e+01 1.473124599456787109e+01 0.000000000000000000e+00
2.800000000000000000e+01 2.000000000000000000e+01 2.070860385894775391e+00 1.476529884338378906e+01 0.000000000000000000e+00
2.900000000000000000e+01 2.000000000000000000e+01 2.066239356994628906e+00 1.484007740020751953e+01 0.000000000000000000e+00
3.000000000000000000e+01 2.000000000000000000e+01 9.231923675537109375e+01 1.490502166748046875e+01 1.000000000000000000e+00
3.100000000000000000e+01 2.000000000000000000e+01 9.035107421875000000e+01 1.293687248229980469e+01 1.000000000000000000e+00
3.200000000000000000e+01 2.000000000000000000e+01 1.729516906738281250e+02 1.168656730651855469e+01 1.000000000000000000e+00
3.300000000000000000e+01 2.000000000000000000e+01 1.269722250000000000e+06 1.269436500000000000e+06 1.000000000000000000e+00
3.400000000000000000e+01 2.000000000000000000e+01 9.311736297607421875e+01 1.121149444580078125e+01 1.000000000000000000e+00
3.500000000000000000e+01 2.000000000000000000e+01 1.167438354492187500e+03 1.130043220520019531e+01 1.000000000000000000e+00
3.600000000000000000e+01 2.000000000000000000e+01 7.687597167968750000e+03 1.088355636596679688e+01 1.000000000000000000e+00
3.700000000000000000e+01 2.000000000000000000e+01 1.842262304687500000e+04 9.898221969604492188e+00 1.000000000000000000e+00
3.800000000000000000e+01 2.000000000000000000e+01 3.045629101562500000e+04 8.748011589050292969e+00 1.000000000000000000e+00
3.900000000000000000e+01 2.000000000000000000e+01 3.775623046875000000e+04 7.648787498474121094e+00 1.000000000000000000e+00
4.000000000000000000e+01 2.000000000000000000e+01 4.003843750000000000e+04 6.830029010772705078e+00 0.000000000000000000e+00
4.100000000000000000e+01 2.000000000000000000e+01 3.745129296875000000e+04 6.789189338684082031e+00 0.000000000000000000e+00
4.200000000000000000e+01 2.000000000000000000e+01 3.295399609375000000e+04 6.732602119445800781e+00 0.000000000000000000e+00
4.300000000000000000e+01 2.000000000000000000e+01 2.552380468750000000e+04 6.734091758728027344e+00 0.000000000000000000e+00
4.400000000000000000e+01 2.000000000000000000e+01 1.652694726562500000e+04 6.620364189147949219e+00 0.000000000000000000e+00
4.500000000000000000e+01 2.000000000000000000e+01 7.934044433593750000e+03 6.463719367980957031e+00 0.000000000000000000e+00
4.600000000000000000e+01 2.000000000000000000e+01 2.538558593750000000e+03 6.275728225708007812e+00 0.000000000000000000e+00
4.700000000000000000e+01 2.000000000000000000e+01 1.384237548828125000e+03 6.191333770751953125e+00 0.000000000000000000e+00
4.800000000000000000e+01 2.000000000000000000e+01 1.366264892578125000e+03 6.212638854980468750e+00 0.000000000000000000e+00
4.900000000000000000e+01 2.000000000000000000e+01 1.457688842773437500e+03 6.323713302612304688e+00 0.000000000000000000e+00
5.000000000000000000e+01 2.000000000000000000e+01 9.718780517578125000e+02 6.353983402252197266e+00 1.000000000000000000e+00
5.100000000000000000e+01 2.000000000000000000e+01 1.276233825683593750e+02 5.642013549804687500e+00 1.000000000000000000e+00
5.200000000000000000e+01 2.000000000000000000e+01 1.749364624023437500e+03 5.156900882720947266e+00 1.000000000000000000e+00
5.300000000000000000e+01 2.000000000000000000e+01 6.602049316406250000e+03 4.713336944580078125e+00 1.000000000000000000e+00
5.400000000000000000e+01 2.000000000000000000e+01 1.214892578125000000e+04 4.427820205688476562e+00 1.000000000000000000e+00
5.500000000000000000e+01 2.000000000000000000e+01 1.625342285156250000e+04 4.343610763549804688e+00 1.000000000000000000e+00
5.600000000000000000e+01 2.000000000000000000e+01 1.967316406250000000e+04 4.432044029235839844e+00 1.000000000000000000e+00
5.700000000000000000e+01 2.000000000000000000e+01 2.294418554687500000e+04 4.629459857940673828e+00 1.000000000000000000e+00
5.800000000000000000e+01 2.000000000000000000e+01 3.108907617187500000e+04 4.752003669738769531e+00 1.000000000000000000e+00
5.900000000000000000e+01 2.000000000000000000e+01 4.232190625000000000e+04 4.659535884857177734e+00 1.000000000000000000e+00
6.000000000000000000e+01 2.000000000000000000e+01 4.926783593750000000e+04 4.431590557098388672e+00 0.000000000000000000e+00
6.100000000000000000e+01 2.000000000000000000e+01 2.881233984375000000e+04 4.369173049926757812e+00 0.000000000000000000e+00
6.200000000000000000e+01 2.000000000000000000e+01 1.556864257812500000e+04 4.327353954315185547e+00 0.000000000000000000e+00
6.300000000000000000e+01 2.000000000000000000e+01 8.526277343750000000e+03 8.819421875000000000e+05 0.000000000000000000e+00
6.400000000000000000e+01 2.000000000000000000e+01 4.078047607421875000e+03 4.373122692108154297e+00 0.000000000000000000e+00
6.500000000000000000e+01 2.000000000000000000e+01 1.234642944335937500e+03 4.438294410705566406e+00 0.000000000000000000e+00
6.600000000000000000e+01 2.000000000000000000e+01 2.870863533020019531e+01 4.536039829254150391e+00 0.000000000000000000e+00
6.700000000000000000e+01 2.000000000000000000e+01 2.055218458175659180e+00 4.620179176330566406e+00 0.000000000000000000e+00
6.800000000000000000e+01 2.000000000000000000e+01 2.054873943328857422e+00 4.678760528564453125e+00 0.000000000000000000e+00
6.900000000000000000e+01 2.000000000000000000e+01 2.054406881332397461e+00 4.702137470245361328e+00 0.000000000000000000e+00
7.000000000000000000e+01 2.000000000000000000e+01 8.413742828369140625e+01 4.706186771392822266e+00 1.000000000000000000e+00
7.100000000000000000e+01 2.000000000000000000e+01 8.397277832031250000e+01 4.682114124298095703e+00 1.000000000000000000e+00
7.200000000000000000e+01 2.000000000000000000e+01 8.374814605712890625e+01 4.682921886444091797e+00 1.000000000000000000e+00
7.300000000000000000e+01 2.000000000000000000e+01 7.206128540039062500e+02 4.683144092559814453e+00 1.000000000000000000e+00
7.400000000000000000e+01 2.000000000000000000e+01 1.689906372070312500e+03 4.652583122253417969e+00 1.000000000000000000e+00
7.500000000000000000e+01 2.000000000000000000e+01 1.674053100585937500e+03 4.578675746917724609e+00 1.000000000000000000e+00
7.600000000000000000e+01 2.000000000000000000e+01 2.318658447265625000e+03 4.430663585662841797e+00 1.000000000000000000e+00
7.700000000000000000e+01 2.000000000000000000e+01 3.961209472656250000e+03 4.249586582183837891e+00 1.000000000000000000e+00
7.800000000000000000e+01 2.000000000000000000e+01 4.931315429687500000e+03 4.120181083679199219e+00 1.000000000000000000e+00
7.900000000000000000e+01 2.000000000000000000e+01 5.019708496093750000e+03 4.017692089080810547e+00 1.000000000000000000e+00
8.000000000000000000e+01 2.000000000000000000e+01 6.327543457031250000e+03 3.956012248992919922e+00 0.000000000000000000e+00
8.100000000000000000e+01 2.000000000000000000e+01 2.380538818359375000e+03 3.924866199493408203e+00 0.000000000000000000e+00
8.200000000000000000e+01 2.000000000000000000e+01 5.666380004882812500e+02 3.933488845825195312e+00 0.000000000000000000e+00
8.300000000000000000e+01 2.000000000000000000e+01 4.997626781463623047e+00 3.978181362152099609e+00 0.000000000000000000e+00
8.400000000000000000e+01 2.000000000000000000e+01 2.063090324401855469e+00 4.036656856536865234e+00 0.000000000000000000e+00
8.500000000000000000e+01 2.000000000000000000e+01 2.061613082885742188e+00 4.060531139373779297e+00 0.000000000000000000e+00
8.600000000000000000e+01 2.000000000000000000e+01 2.060449123382568359e+00 4.040116786956787109e+00 0.000000000000000000e+00
8.700000000000000000e+01 2.000000000000000000e+01 5.990910034179687500e+02 4.001131057739257812e+00 0.000000000000000000e+00
8.800000000000000000e+01 2.000000000000000000e+01 2.450633544921875000e+03 4.009831428527832031e+00 0.000000000000000000e+00
8.900000000000000000e+01 2.000000000000000000e+01 3.945189697265625000e+03 4.020736694335937500e+00 0.000000000000000000e+00
9.000000000000000000e+01 2.000000000000000000e+01 4.426057617187500000e+03 4.024171829223632812e+00 1.000000000000000000e+00
9.100000000000000000e+01 2.000000000000000000e+01 4.923065429687500000e+03 4.062820911407470703e+00 1.000000000000000000e+00
9.200000000000000000e+01 2.000000000000000000e+01 4.154318847656250000e+03 4.180178642272949219e+00 1.000000000000000000e+00
9.300000000000000000e+01 2.000000000000000000e+01 2.559090087890625000e+03 4.335554122924804688e+00 1.000000000000000000e+00
9.400000000000000000e+01 2.000000000000000000e+01 1.657044311523437500e+03 4.437644481658935547e+00 1.000000000000000000e+00
9.500000000000000000e+01 2.000000000000000000e+01 3.822644042968750000e+03 4.396978855133056641e+00 1.000000000000000000e+00
9.600000000000000000e+01 2.000000000000000000e+01 6.325309082031250000e+03 4.253035068511962891e+00 1.000000000000000000e+00
9.700000000000000000e+01 2.000000000000000000e+01 5.854363769531250000e+03 4.121785640716552734e+00 1.000000000000000000e+00
9.800000000000000000e+01 2.000000000000000000e+01 3.310177490234375000e+03 4.098028182983398438e+00 1.000000000000000000e+00
9.900000000000000000e+01 2.000000000000000000e+01 1.426000732421875000e+03 4.140324115753173828e+00 1.000000000000000000e+00
1.000000000000000000e+02 2.000000000000000000e+01 5.152109985351562500e+02 4.175589561462402344e+00 0.000000000000000000e+00
1.010000000000000000e+02 2.000000000000000000e+01 2.823253479003906250e+02 4.187937736511230469e+00 0.000000000000000000e+00
1.020000000000000000e+02 2.000000000000000000e+01 2.209707336425781250e+02 4.196031570434570312e+00 0.000000000000000000e+00
1.030000000000000000e+02 2.000000000000000000e+01 1.414245910644531250e+02 4.197747707366943359e+00 0.000000000000000000e+00
1.040000000000000000e+02 2.000000000000000000e+01 3.214208068847656250e+02 4.189891815185546875e+00 0.000000000000000000e+00
1.050000000000000000e+02 2.000000000000000000e+01 8.652265625000000000e+02 4.210733890533447266e+00 0.000000000000000000e+00
1.060000000000000000e+02 2.000000000000000000e+01 1.297234497070312500e+03 4.234521865844726562e+00 0.000000000000000000e+00
1.070000000000000000e+02 2.000000000000000000e+01 1.321718627929687500e+03 4.234743595123291016e+00 0.000000000000000000e+00
1.080000000000000000e+02 2.000000000000000000e+01 1.175419067382812500e+03 4.206279277801513672e+00 0.000000000000000000e+00
1.090000000000000000e+02 2.000000000000000000e+01 1.083071166992187500e+03 4.188161373138427734e+00 0.000000000000000000e+00
1.100000000000000000e+02 2.000000000000000000e+01 9.733862304687500000e+02 4.186999797821044922e+00 1.000000000000000000e+00
1.110000000000000000e+02 2.000000000000000000e+01 1.064655456542968750e+02 4.271940708160400391e+00 1.000000000000000000e+00
1.120000000000000000e+02 2.000000000000000000e+01 3.140450439453125000e+02 4.360168457031250000e+00 1.000000000000000000e+00
1.130000000000000000e+02 2.000000000000000000e+01 4.094713134765625000e+02 4.346602439880371094e+00 1.000000000000000000e+00
1.140000000000000000e+02 2.000000000000000000e+01 1.809815063476562500e+02 4.201054096221923828e+00 1.000000000000000000e+00
1.150000000000000000e+02 2.000000000000000000e+01 9.188287353515625000e+01 4.003299713134765625e+00 1.000000000000000000e+00
1.160000000000000000e+02 2.000000000000000000e+01 1.784515869140625000e+03 3.868421316146850586e+00 1.000000000000000000e+00
1.170000000000000000e+02 2.000000000000000000e+01 3.697050292968750000e+03 3.786301851272583008e+00 1.000000000000000000e+00
1.180000000000000000e+02 2.000000000000000000e+01 3.324507324218750000e+03 3.699177265167236328e+00 1.000000000000000000e+00
1.190000000000000000e+02 2.000000000000000000e+01 2.031640014648437500e+03 3.644442796707153320e+00 1.000000000000000000e+00
1.200000000000000000e+02 2.000000000000000000e+01 2.002452026367187500e+03 3.569981098175048828e+00 0.000000000000000000e+00
1.210000000000000000e+02 2.000000000000000000e+01 1.191924926757812500e+03 3.567172050476074219e+00 0.000000000000000000e+00
1.220000000000000000e+02 2.000000000000000000e+01 4.844274902343750000e+02 3.567443132400512695e+00 0.000000000000000000e+00
1.230000000000000000e+02 2.000000000000000000e+01 1.131572723388671875e+02 3.573618173599243164e+00 0.000000000000000000e+00
1.240000000000000000e+02 2.000000000000000000e+01 4.018376922607421875e+01 3.564814567565917969e+00 0.000000000000000000e+00
1.250000000000000000e+02 2.000000000000000000e+01 6.828718566894531250e+01 3.552521467208862305e+00 0.000000000000000000e+00
1.260000000000000000e+02 2.000000000000000000e+01 1.201118774414062500e+02 3.541538238525390625e+00 0.000000000000000000e+00
1.270000000000000000e+02 2.000000000000000000e+01 1.644891815185546875e+02 3.517751216888427734e+00 0.000000000000000000e+00
1.280000000000000000e+02 2.000000000000000000e+01 1.778332672119140625e+02 3.504275083541870117e+00 0.000000000000000000e+00
1.290000000000000000e+02 2.000000000000000000e+01 9.234881591796875000e+01 3.497464656829833984e+00 0.000000000000000000e+00
1.300000000000000000e+02 2.000000000000000000e+01 8.825872039794921875e+01 3.500966548919677734e+00 1.000000000000000000e+00
1.310000000000000000e+02 2.000000000000000000e+01 2.638682861328125000e+02 3.475960254669189453e+00 1.000000000000000000e+00
1.320000000000000000e+02 2.000000000000000000e+01 1.733697204589843750e+02 3.466964721679687500e+00 1.000000000000000000e+00
1.330000000000000000e+02 2.000000000000000000e+01 8.145774841308593750e+01 3.506167173385620117e+00 1.000000000000000000e+00
1.340000000000000000e+02 2.000000000000000000e+01 1.579583129882812500e+03 3.543183565139770508e+00 1.000000000000000000e+00
1.350000000000000000e+02 2.000000000000000000e+01 3.430559814453125000e+03 3.561056852340698242e+00 1.000000000000000000e+00
1.360000000000000000e+02 2.000000000000000000e+01 3.685894287109375000e+03 3.543913841247558594e+00 1.000000000000000000e+00
1.370000000000000000e+02 2.000000000000000000e+01 2.171293701171875000e+03 3.455130815505981445e+00 1.000000000000000000e+00
1.380000000000000000e+02 2.000000000000000000e+01 9.001317138671875000e+02 3.354568243026733398e+00 1.000000000000000000e+00
1.390000000000000000e+02 2.000000000000000000e+01 1.387196044921875000e+03 3.328775167465209961e+00 1.000000000000000000e+00
1.400000000000000000e+02 2.000000000000000000e+01 1.449882568359375000e+03 3.377506494522094727e+00 0.000000000000000000e+00
1.410000000000000000e+02 2.000000000000000000e+01 6.547497558593750000e+02 1.224280125000000000e+06 0.000000000000000000e+00
1.420000000000000000e+02 2.000000000000000000e+01 1.610858001708984375e+02 3.413169384002685547e+00 0.000000000000000000e+00
1.430000000000000000e+02 2.000000000000000000e+01 5.912480545043945312e+01 3.426054000854492188e+00 0.000000000000000000e+00
1.440000000000000000e+02 2.000000000000000000e+01 2.245776824951171875e+02 3.428400993347167969e+00 0.000000000000000000e+00
1.450000000000000000e+02 2.000000000000000000e+01 3.482574462890625000e+02 3.419258594512939453e+00 0.000000000000000000e+00
1.460000000000000000e+02 2.000000000000000000e+01 3.244588317871093750e+02 3.409167289733886719e+00 0.000000000000000000e+00
1.470000000000000000e+02 2.000000000000000000e+01 1.816031341552734375e+02 3.406362056732177734e+00 0.000000000000000000e+00
1.480000000000000000e+02 2.000000000000000000e+01 2.466048583984375000e+02 3.413645267486572266e+00 0.000000000000000000e+00
1.490000000000000000e+02 2.000000000000000000e+01 6.198503417968750000e+02 3.440940380096435547e+00 0.000000000000000000e+00
1.500000000000000000e+02 2.000000000000000000e+01 8.871236572265625000e+02 3.457963228225708008e+00 1.000000000000000000e+00
1.510000000000000000e+02 2.000000000000000000e+01 7.692182006835937500e+02 3.462063074111938477e+00 1.000000000000000000e+00
1.520000000000000000e+02 2.000000000000000000e+01 1.199151000976562500e+03 3.453320026397705078e+00 1.000000000000000000e+00
1.530000000000000000e+02 2.000000000000000000e+01 1.566516113281250000e+03 3.434680700302124023e+00 1.000000000000000000e+00
1.540000000000000000e+02 2.000000000000000000e+01 2.370231933593750000e+03 3.379802465438842773e+00 1.000000000000000000e+00
1.550000000000000000e+02 2.000000000000000000e+01 2.195138916015625000e+03 3.294397830963134766e+00 1.000000000000000000e+00
1.560000000000000000e+02 2.000000000000000000e+01 1.060638671875000000e+03 3.325480937957763672e+00 1.000000000000000000e+00
1.570000000000000000e+02 2.000000000000000000e+01 1.039693359375000000e+03 3.136503696441650391e+00 1.000000000000000000e+00
1.580000000000000000e+02 2.000000000000000000e+01 2.135961669921875000e+03 3.153175354003906250e+00 1.000000000000000000e+00
1.590000000000000000e+02 2.000000000000000000e+01 2.617521484375000000e+03 3.195937156677246094e+00 1.000000000000000000e+00
1.600000000000000000e+02 2.000000000000000000e+01 3.335650390625000000e+03 3.256479263305664062e+00 0.000000000000000000e+00
1.610000000000000000e+02 2.000000000000000000e+01 2.639443847656250000e+03 3.256030082702636719e+00 0.000000000000000000e+00
1.620000000000000000e+02 2.000000000000000000e+01 1.518488647460937500e+03 3.235777854919433594e+00 0.000000000000000000e+00
1.630000000000000000e+02 2.000000000000000000e+01 7.063920898437500000e+02 5.504268750000000000e+05 0.000000000000000000e+00
1.640000000000000000e+02 2.000000000000000000e+01 4.216250610351562500e+02 3.195677757263183594e+00 0.000000000000000000e+00
1.650000000000000000e+02 2.000000000000000000e+01 2.811801147460937500e+02 3.188126564025878906e+00 0.000000000000000000e+00
1.660000000000000000e+02 2.000000000000000000e+01 1.530404968261718750e+02 3.191941022872924805e+00 0.000000000000000000e+00
1.670000000000000000e+02 2.000000000000000000e+01 5.352691650390625000e+01 3.193011045455932617e+00 0.000000000000000000e+00
1.680000000000000000e+02 2.000000000000000000e+01 7.871429443359375000e+00 3.204252719879150391e+00 0.000000000000000000e+00
1.690000000000000000e+02 2.000000000000000000e+01 1.169056396484375000e+02 3.215158224105834961e+00 0.000000000000000000e+00
1.700000000000000000e+02 2.000000000000000000e+01 3.404742431640625000e+02 3.233435153961181641e+00 1.000000000000000000e+00
1.710000000000000000e+02 2.000000000000000000e+01 5.654613647460937500e+02 3.291255950927734375e+00 1.000000000000000000e+00
1.720000000000000000e+02 2.000000000000000000e+01 7.057948608398437500e+02 3.314322233200073242e+00 1.000000000000000000e+00
1.730000000000000000e+02 2.000000000000000000e+01 3.672679443359375000e+02 3.178461074829101562e+00 1.000000000000000000e+00
1.740000000000000000e+02 2.000000000000000000e+01 1.215799865722656250e+02 3.050938844680786133e+00 1.000000000000000000e+00
1.750000000000000000e+02 2.000000000000000000e+01 5.506886596679687500e+02 2.953717470169067383e+00 1.000000000000000000e+00
1.760000000000000000e+02 2.000000000000000000e+01 1.185765258789062500e+03 2.881499767303466797e+00 1.000000000000000000e+00
1.770000000000000000e+02 2.000000000000000000e+01 1.290719360351562500e+03 2.828350305557250977e+00 1.000000000000000000e+00
1.780000000000000000e+02 2.000000000000000000e+01 1.282935913085937500e+03 2.759695291519165039e+00 1.000000000000000000e+00
1.790000000000000000e+02 2.000000000000000000e+01 4.635389648437500000e+03 2.678064107894897461e+00 1.000000000000000000e+00
1.800000000000000000e+02 2.000000000000000000e+01 9.131545898437500000e+03 2.606212139129638672e+00 0.000000000000000000e+00
1.810000000000000000e+02 2.000000000000000000e+01 9.569230468750000000e+03 2.612777948379516602e+00 0.000000000000000000e+00
1.820000000000000000e+02 2.000000000000000000e+01 9.745272460937500000e+03 2.619122028350830078e+00 0.000000000000000000e+00
1.830000000000000000e+02 2.000000000000000000e+01 8.992743164062500000e+03 2.601089954376220703e+00 0.000000000000000000e+00
1.840000000000000000e+02 2.000000000000000000e+01 8.381077148437500000e+03 2.590932846069335938e+00 0.000000000000000000e+00
1.850000000000000000e+02 2.000000000000000000e+01 8.083924316406250000e+03 2.583278417587280273e+00 0.000000000000000000e+00
1.860000000000000000e+02 2.000000000000000000e+01 7.793760253906250000e+03 2.569249629974365234e+00 0.000000000000000000e+00
1.870000000000000000e+02 2.000000000000000000e+01 7.515694335937500000e+03 2.550033330917358398e+00 0.000000000000000000e+00
1.880000000000000000e+02 2.000000000000000000e+01 7.226734375000000000e+03 2.539062500000000000e+00 0.000000000000000000e+00
1.890000000000000000e+02 2.000000000000000000e+01 6.875845703125000000e+03 2.534004449844360352e+00 0.000000000000000000e+00
1.900000000000000000e+02 2.000000000000000000e+01 6.596395996093750000e+03 2.533434391021728516e+00 1.000000000000000000e+00
1.910000000000000000e+02 2.000000000000000000e+01 8.089023925781250000e+03 2.526652574539184570e+00 1.000000000000000000e+00
1.920000000000000000e+02 2.000000000000000000e+01 5.995603515625000000e+03 2.570993423461914062e+00 1.000000000000000000e+00
1.930000000000000000e+02 2.000000000000000000e+01 9.113727500000000000e+05 9.091946875000000000e+05 1.000000000000000000e+00
1.940000000000000000e+02 2.000000000000000000e+01 1.766260864257812500e+03 2.632183551788330078e+00 1.000000000000000000e+00
1.950000000000000000e+02 2.000000000000000000e+01 1.572778320312500000e+03 2.651173591613769531e+00 1.000000000000000000e+00
1.960000000000000000e+02 2.000000000000000000e+01 9.184064941406250000e+02 2.650188446044921875e+00 1.000000000000000000e+00
1.970000000000000000e+02 2.000000000000000000e+01 2.596453857421875000e+02 2.656693220138549805e+00 1.000000000000000000e+00
1.980000000000000000e+02 2.000000000000000000e+01 3.680723876953125000e+02 2.612306833267211914e+00 1.000000000000000000e+00
1.990000000000000000e+02 2.000000000000000000e+01 3.079681396484375000e+02 2.552833795547485352e+00 1.000000000000000000e+00
2.000000000000000000e+02 2.000000000000000000e+01 1.918609008789062500e+02 2.545237779617309570e+00 0.000000000000000000e+00
2.010000000000000000e+02 2.000000000000000000e+01 3.356149291992187500e+02 1.461252968750000000e+05 0.000000000000000000e+00
2.020000000000000000e+02 2.000000000000000000e+01 8.357916259765625000e+02 2.554543495178222656e+00 0.000000000000000000e+00
2.030000000000000000e+02 2.000000000000000000e+01 4.732948303222656250e+02 2.554379701614379883e+00 0.000000000000000000e+00
2.040000000000000000e+02 2.000000000000000000e+01 4.003935623168945312e+01 2.555032253265380859e+00 0.000000000000000000e+00
2.050000000000000000e+02 2.000000000000000000e+01 2.788801269531250000e+02 2.546155691146850586e+00 0.000000000000000000e+00
2.060000000000000000e+02 2.000000000000000000e+01 1.014110778808593750e+03 2.546741724014282227e+00 0.000000000000000000e+00
2.070000000000000000e+02 2.000000000000000000e+01 1.815895996093750000e+03 2.538441658020019531e+00 0.000000000000000000e+00
2.080000000000000000e+02 2.000000000000000000e+01 2.071624023437500000e+03 2.524675130844116211e+00 0.000000000000000000e+00
2.090000000000000000e+02 2.000000000000000000e+01 1.916630737304687500e+03 2.521489620208740234e+00 0.000000000000000000e+00
2.100000000000000000e+02 2.000000000000000000e+01 1.514299804687500000e+03 2.506026029586791992e+00 1.000000000000000000e+00
2.110000000000000000e+02 2.000000000000000000e+01 6.229143676757812500e+02 2.509491205215454102e+00 1.000000000000000000e+00
2.120000000000000000e+02 2.000000000000000000e+01 1.294849487304687500e+03 2.572989225387573242e+00 1.000000000000000000e+00
2.130000000000000000e+02 2.000000000000000000e+01 1.279645141601562500e+03 2.625169515609741211e+00 1.000000000000000000e+00
2.140000000000000000e+02 2.000000000000000000e+01 4.538727416992187500e+02 2.665526866912841797e+00 1.000000000000000000e+00
2.150000000000000000e+02 2.000000000000000000e+01 9.438141632080078125e+01 2.669371128082275391e+00 1.000000000000000000e+00
2.160000000000000000e+02 2.000000000000000000e+01 8.135874938964843750e+01 2.667567491531372070e+00 1.000000000000000000e+00
2.170000000000000000e+02 2.000000000000000000e+01 6.984931030273437500e+02 2.633036136627197266e+00 1.000000000000000000e+00
2.180000000000000000e+02 2.000000000000000000e+01 1.236508666992187500e+03 2.594725131988525391e+00 1.000000000000000000e+00
2.190000000000000000e+02 2.000000000000000000e+01 7.617821044921875000e+02 2.550389766693115234e+00 1.000000000000000000e+00
2.200000000000000000e+02 2.000000000000000000e+01 2.313295593261718750e+02 2.511498451232910156e+00 0.000000000000000000e+00
2.210000000000000000e+02 2.000000000000000000e+01 1.939678192138671875e+02 2.500695943832397461e+00 0.000000000000000000e+00
2.220000000000000000e+02 2.000000000000000000e+01 1.713155059814453125e+02 2.500716447830200195e+00 0.000000000000000000e+00
2.230000000000000000e+02 2.000000000000000000e+01 1.437514953613281250e+02 2.514305353164672852e+00 0.000000000000000000e+00
2.240000000000000000e+02 2.000000000000000000e+01 1.179962463378906250e+02 2.520975589752197266e+00 0.000000000000000000e+00
2.250000000000000000e+02 2.000000000000000000e+01 1.018589935302734375e+02 2.517588138580322266e+00 0.000000000000000000e+00
2.260000000000000000e+02 2.000000000000000000e+01 5.493051910400390625e+01 2.509732007980346680e+00 0.000000000000000000e+00
2.270000000000000000e+02 2.000000000000000000e+01 3.328328323364257812e+01 2.493174076080322266e+00 0.000000000000000000e+00
2.280000000000000000e+02 2.000000000000000000e+01 1.168963699340820312e+02 2.495758771896362305e+00 0.000000000000000000e+00
2.290000000000000000e+02 2.000000000000000000e+01 9.231027221679687500e+02 2.499645233154296875e+00 0.000000000000000000e+00
2.300000000000000000e+02 2.000000000000000000e+01 1.296631347656250000e+03 2.513315677642822266e+00 1.000000000000000000e+00
2.310000000000000000e+02 2.000000000000000000e+01 1.780955688476562500e+03 2.468023300170898438e+00 1.000000000000000000e+00
2.320000000000000000e+02 2.000000000000000000e+01 3.168126220703125000e+03 2.456794738769531250e+00 1.000000000000000000e+00
2.330000000000000000e+02 2.000000000000000000e+01 6.615129882812500000e+03 2.500603675842285156e+00 1.000000000000000000e+00
2.340000000000000000e+02 2.000000000000000000e+01 7.856205566406250000e+03 2.583510398864746094e+00 1.000000000000000000e+00
2.350000000000000000e+02 2.000000000000000000e+01 5.435237792968750000e+03 2.631449222564697266e+00 1.000000000000000000e+00
2.360000000000000000e+02 2.000000000000000000e+01 1.832283447265625000e+03 2.615915775299072266e+00 1.000000000000000000e+00
2.370000000000000000e+02 2.000000000000000000e+01 1.344275878906250000e+03 2.580111980438232422e+00 1.000000000000000000e+00
2.380000000000000000e+02 2.000000000000000000e+01 1.442785156250000000e+03 2.563903093338012695e+00 1.000000000000000000e+00
2.390000000000000000e+02 2.000000000000000000e+01 1.364202026367187500e+03 2.541420698165893555e+00 1.000000000000000000e+00
2.400000000000000000e+02 2.000000000000000000e+01 2.652806396484375000e+03 2.533549308776855469e+00 0.000000000000000000e+00
2.410000000000000000e+02 2.000000000000000000e+01 2.108861572265625000e+03 2.538194894790649414e+00 0.000000000000000000e+00
2.420000000000000000e+02 2.000000000000000000e+01 1.894937622070312500e+03 2.557996511459350586e+00 0.000000000000000000e+00
2.430000000000000000e+02 2.000000000000000000e+01 1.792468505859375000e+03 2.575407028198242188e+00 0.000000000000000000e+00
2.440000000000000000e+02 2.000000000000000000e+01 1.420338867187500000e+03 2.593651294708251953e+00 0.000000000000000000e+00
2.450000000000000000e+02 2.000000000000000000e+01 1.166748413085937500e+03 2.632608175277709961e+00 0.000000000000000000e+00
2.460000000000000000e+02 2.000000000000000000e+01 1.115129516601562500e+03 2.661538124084472656e+00 0.000000000000000000e+00
2.470000000000000000e+02 2.000000000000000000e+01 9.656784057617187500e+02 2.677954673767089844e+00 0.000000000000000000e+00
2.480000000000000000e+02 2.000000000000000000e+01 8.115996704101562500e+02 2.693770408630371094e+00 0.000000000000000000e+00
2.490000000000000000e+02 2.000000000000000000e+01 7.005253906250000000e+02 2.724449634552001953e+00 0.000000000000000000e+00
2.500000000000000000e+02 2.000000000000000000e+01 6.435684814453125000e+02 2.762600898742675781e+00 1.000000000000000000e+00
2.510000000000000000e+02 2.000000000000000000e+01 1.429405151367187500e+03 2.710217952728271484e+00 1.000000000000000000e+00
2.520000000000000000e+02 2.000000000000000000e+01 7.685166250000000000e+05 7.680600625000000000e+05 1.000000000000000000e+00
2.530000000000000000e+02 2.000000000000000000e+01 2.140851593017578125e+02 2.743154048919677734e+00 1.000000000000000000e+00
2.540000000000000000e+02 2.000000000000000000e+01 2.009324188232421875e+02 2.774182319641113281e+00 1.000000000000000000e+00
2.550000000000000000e+02 2.000000000000000000e+01 1.551183624267578125e+02 2.758100032806396484e+00 1.000000000000000000e+00
2.560000000000000000e+02 2.000000000000000000e+01 1.467001647949218750e+02 2.736655712127685547e+00 1.000000000000000000e+00
2.570000000000000000e+02 2.000000000000000000e+01 9.634292602539062500e+02 2.720240592956542969e+00 1.000000000000000000e+00
2.580000000000000000e+02 2.000000000000000000e+01 2.515694091796875000e+03 2.699395656585693359e+00 1.000000000000000000e+00
2.590000000000000000e+02 2.000000000000000000e+01 2.903664550781250000e+03 2.660221815109252930e+00 1.000000000000000000e+00
2.600000000000000000e+02 2.000000000000000000e+01 1.773059082031250000e+03 2.597734451293945312e+00 0.000000000000000000e+00
2.610000000000000000e+02 2.000000000000000000e+01 1.632535400390625000e+03 2.616491079330444336e+00 0.000000000000000000e+00
2.620000000000000000e+02 2.000000000000000000e+01 1.514609863281250000e+03 2.635386228561401367e+00 0.000000000000000000e+00
2.630000000000000000e+02 2.000000000000000000e+01 1.377128540039062500e+03 2.650928974151611328e+00 0.000000000000000000e+00
2.640000000000000000e+02 2.000000000000000000e+01 1.237665771484375000e+03 2.658888339996337891e+00 0.000000000000000000e+00
2.650000000000000000e+02 2.000000000000000000e+01 1.090753662109375000e+03 2.664453744888305664e+00 0.000000000000000000e+00
2.660000000000000000e+02 2.000000000000000000e+01 8.683150024414062500e+02 2.677113771438598633e+00 0.000000000000000000e+00
2.670000000000000000e+02 2.000000000000000000e+01 1.207721801757812500e+03 2.692133903503417969e+00 0.000000000000000000e+00
2.680000000000000000e+02 2.000000000000000000e+01 3.324305664062500000e+03 2.687964200973510742e+00 0.000000000000000000e+00
2.690000000000000000e+02 2.000000000000000000e+01 4.262083984375000000e+03 2.678526639938354492e+00 0.000000000000000000e+00
2.700000000000000000e+02 2.000000000000000000e+01 3.249268554687500000e+03 2.665487289428710938e+00 1.000000000000000000e+00
2.710000000000000000e+02 2.000000000000000000e+01 3.555833740234375000e+03 2.532664299011230469e+00 1.000000000000000000e+00
2.720000000000000000e+02 2.000000000000000000e+01 3.255707275390625000e+03 2.394136428833007812e+00 1.000000000000000000e+00
2.730000000000000000e+02 2.000000000000000000e+01 1.560753417968750000e+03 2.305536270141601562e+00 1.000000000000000000e+00
2.740000000000000000e+02 2.000000000000000000e+01 1.263868125000000000e+05 1.258189218750000000e+05 1.000000000000000000e+00
2.750000000000000000e+02 2.000000000000000000e+01 1.683634796142578125e+02 2.275265932083129883e+00 1.000000000000000000e+00
2.760000000000000000e+02 2.000000000000000000e+01 1.258506698608398438e+02 2.296322822570800781e+00 1.000000000000000000e+00
2.770000000000000000e+02 2.000000000000000000e+01 4.765969848632812500e+02 2.292022466659545898e+00 1.000000000000000000e+00
2.780000000000000000e+02 2.000000000000000000e+01 9.680988159179687500e+02 2.278317451477050781e+00 1.000000000000000000e+00
2.790000000000000000e+02 2.000000000000000000e+01 4.232850646972656250e+02 2.246130704879760742e+00 1.000000000000000000e+00
2.800000000000000000e+02 2.000000000000000000e+01 5.989126586914062500e+02 2.186328887939453125e+00 0.000000000000000000e+00
2.810000000000000000e+02 2.000000000000000000e+01 5.954775390625000000e+02 2.154877901077270508e+00 0.000000000000000000e+00
2.820000000000000000e+02 2.000000000000000000e+01 7.022394409179687500e+02 2.131590604782104492e+00 0.000000000000000000e+00
2.830000000000000000e+02 2.000000000000000000e+01 6.873450317382812500e+02 2.118150472640991211e+00 0.000000000000000000e+00
2.840000000000000000e+02 2.000000000000000000e+01 5.694803466796875000e+02 2.118832826614379883e+00 0.000000000000000000e+00
2.850000000000000000e+02 2.000000000000000000e+01 5.760476074218750000e+02 2.129203081130981445e+00 0.000000000000000000e+00
2.860000000000000000e+02 2.000000000000000000e+01 6.106500244140625000e+02 2.133206844329833984e+00 0.000000000000000000e+00
2.870000000000000000e+02 2.000000000000000000e+01 5.980591430664062500e+02 2.128612518310546875e+00 0.000000000000000000e+00
2.880000000000000000e+02 2.000000000000000000e+01 5.314344482421875000e+02 2.112537860870361328e+00 0.000000000000000000e+00
2.890000000000000000e+02 2.000000000000000000e+01 6.243645629882812500e+02 2.090922355651855469e+00 0.000000000000000000e+00
2.900000000000000000e+02 2.000000000000000000e+01 9.464149780273437500e+02 2.088334083557128906e+00 1.000000000000000000e+00
2.910000000000000000e+02 2.000000000000000000e+01 5.946443481445312500e+02 2.729964494705200195e+00 1.000000000000000000e+00
2.920000000000000000e+02 2.000000000000000000e+01 4.039878173828125000e+03 3.644765136718750000e+03 1.000000000000000000e+00
2.930000000000000000e+02 2.000000000000000000e+01 2.060148010253906250e+02 2.331454515457153320e+00 1.000000000000000000e+00
2.940000000000000000e+02 2.000000000000000000e+01 1.516027832031250000e+02 2.530887603759765625e+00 1.000000000000000000e+00
2.950000000000000000e+02 2.000000000000000000e+01 1.460687561035156250e+02 2.408471822738647461e+00 1.000000000000000000e+00
2.960000000000000000e+02 2.000000000000000000e+01 8.637035522460937500e+02 2.115972042083740234e+00 1.000000000000000000e+00
2.970000000000000000e+02 2.000000000000000000e+01 2.617483886718750000e+03 1.911902427673339844e+00 1.000000000000000000e+00
2.980000000000000000e+02 2.000000000000000000e+01 3.837504394531250000e+03 2.021398067474365234e+00 1.000000000000000000e+00
2.990000000000000000e+02 2.000000000000000000e+01 4.189747558593750000e+03 2.282726526260375977e+00 1.000000000000000000e+00
3.000000000000000000e+02 2.000000000000000000e+01 3.645866943359375000e+03 2.397603034973144531e+00 0.000000000000000000e+00
3.010000000000000000e+02 2.000000000000000000e+01 3.303789062500000000e+03 2.393200874328613281e+00 0.000000000000000000e+00
3.020000000000000000e+02 2.000000000000000000e+01 2.553313964843750000e+03 2.375337123870849609e+00 0.000000000000000000e+00
3.030000000000000000e+02 2.000000000000000000e+01 1.993800292968750000e+03 2.356375694274902344e+00 0.000000000000000000e+00
3.040000000000000000e+02 2.000000000000000000e+01 1.627800048828125000e+03 4.641673125000000000e+05 0.000000000000000000e+00
3.050000000000000000e+02 2.000000000000000000e+01 2.280923828125000000e+03 2.306354999542236328e+00 0.000000000000000000e+00
3.060000000000000000e+02 2.000000000000000000e+01 2.676544189453125000e+03 2.290714263916015625e+00 0.000000000000000000e+00
3.070000000000000000e+02 2.000000000000000000e+01 2.314084960937500000e+03 2.290453672409057617e+00 0.000000000000000000e+00
3.080000000000000000e+02 2.000000000000000000e+01 1.523340820312500000e+03 2.289170265197753906e+00 0.000000000000000000e+00
3.090000000000000000e+02 2.000000000000000000e+01 1.069715087890625000e+03 2.284865856170654297e+00 0.000000000000000000e+00
3.100000000000000000e+02 2.000000000000000000e+01 5.580926513671875000e+02 2.280606269836425781e+00 1.000000000000000000e+00
3.110000000000000000e+02 2.000000000000000000e+01 1.053530029296875000e+03 2.167597055435180664e+00 1.000000000000000000e+00
3.120000000000000000e+02 2.000000000000000000e+01 2.983183105468750000e+03 2.032064676284790039e+00 1.000000000000000000e+00
3.130000000000000000e+02 2.000000000000000000e+01 3.781419189453125000e+03 1.997069835662841797e+00 1.000000000000000000e+00
3.140000000000000000e+02 2.000000000000000000e+01 3.290992919921875000e+03 1.944836378097534180e+00 1.000000000000000000e+00
3.150000000000000000e+02 2.000000000000000000e+01 2.858245849609375000e+03 1.889504671096801758e+00 1.000000000000000000e+00
3.160000000000000000e+02 2.000000000000000000e+01 2.555799072265625000e+03 1.939684391021728516e+00 1.000000000000000000e+00
3.170000000000000000e+02 2.000000000000000000e+01 1.838822021484375000e+03 1.957710862159729004e+00 1.000000000000000000e+00
3.180000000000000000e+02 2.000000000000000000e+01 5.681437377929687500e+02 1.884772896766662598e+00 1.000000000000000000e+00
3.190000000000000000e+02 2.000000000000000000e+01 3.904967041015625000e+02 1.845716834068298340e+00 1.000000000000000000e+00
3.200000000000000000e+02 2.000000000000000000e+01 2.935576477050781250e+02 1.838579773902893066e+00 0.000000000000000000e+00
3.210000000000000000e+02 2.000000000000000000e+01 2.637670288085937500e+02 1.843735575675964355e+00 0.000000000000000000e+00
3.220000000000000000e+02 2.000000000000000000e+01 2.627821655273437500e+02 1.846607208251953125e+00 0.000000000000000000e+00
3.230000000000000000e+02 2.000000000000000000e+01 3.329653015136718750e+02 1.834740638732910156e+00 0.000000000000000000e+00
3.240000000000000000e+02 2.000000000000000000e+01 5.989433593750000000e+02 1.824742674827575684e+00 0.000000000000000000e+00
3.250000000000000000e+02 2.000000000000000000e+01 3.649678649902343750e+02 1.833397388458251953e+00 0.000000000000000000e+00
3.260000000000000000e+02 2.000000000000000000e+01 1.837590942382812500e+02 1.853357553482055664e+00 0.000000000000000000e+00
3.270000000000000000e+02 2.000000000000000000e+01 1.793636779785156250e+02 1.860625267028808594e+00 0.000000000000000000e+00
3.280000000000000000e+02 2.000000000000000000e+01 1.786942138671875000e+02 1.846624135971069336e+00 0.000000000000000000e+00
3.290000000000000000e+02 2.000000000000000000e+01 4.376294250488281250e+02 1.840751647949218750e+00 0.000000000000000000e+00
3.300000000000000000e+02 2.000000000000000000e+01 8.068577880859375000e+02 1.843352079391479492e+00 1.000000000000000000e+00
3.310000000000000000e+02 2.000000000000000000e+01 5.343500976562500000e+02 1.815886735916137695e+00 1.000000000000000000e+00
3.320000000000000000e+02 2.000000000000000000e+01 4.809886169433593750e+02 1.779057383537292480e+00 1.000000000000000000e+00
3.330000000000000000e+02 2.000000000000000000e+01 3.914849548339843750e+02 1.706569433212280273e+00 1.000000000000000000e+00
3.340000000000000000e+02 2.000000000000000000e+01 1.506701507568359375e+02 1.656101465225219727e+00 1.000000000000000000e+00
3.350000000000000000e+02 2.000000000000000000e+01 1.376460876464843750e+02 1.686657071113586426e+00 1.000000000000000000e+00
3.360000000000000000e+02 2.000000000000000000e+01 3.549896545410156250e+02 1.702252864837646484e+00 1.000000000000000000e+00
3.370000000000000000e+02 2.000000000000000000e+01 6.171960449218750000e+02 1.737517833709716797e+00 1.000000000000000000e+00
3.380000000000000000e+02 2.000000000000000000e+01 3.433779602050781250e+02 1.728867769241333008e+00 1.000000000000000000e+00
3.390000000000000000e+02 2.000000000000000000e+01 5.261226196289062500e+02 1.658487081527709961e+00 1.000000000000000000e+00
3.400000000000000000e+02 2.000000000000000000e+01 1.211491699218750000e+03 1.640802025794982910e+00 0.000000000000000000e+00
3.410000000000000000e+02 2.000000000000000000e+01 1.985736999511718750e+02 1.614763021469116211e+00 0.000000000000000000e+00
3.420000000000000000e+02 2.000000000000000000e+01 9.996603012084960938e+00 1.614519596099853516e+00 0.000000000000000000e+00
3.430000000000000000e+02 2.000000000000000000e+01 9.995959281921386719e+00 1.619696736335754395e+00 0.000000000000000000e+00
3.440000000000000000e+02 2.000000000000000000e+01 9.995269775390625000e+00 1.621621370315551758e+00 0.000000000000000000e+00
3.450000000000000000e+02 2.000000000000000000e+01 9.994670867919921875e+00 1.617525219917297363e+00 0.000000000000000000e+00
3.460000000000000000e+02 2.000000000000000000e+01 9.994157791137695312e+00 1.609681606292724609e+00 0.000000000000000000e+00
3.470000000000000000e+02 2.000000000000000000e+01 8.842353057861328125e+01 1.602725386619567871e+00 0.000000000000000000e+00
3.480000000000000000e+02 2.000000000000000000e+01 4.132249145507812500e+02 1.604869246482849121e+00 0.000000000000000000e+00
3.490000000000000000e+02 2.000000000000000000e+01 4.231315002441406250e+02 1.604185104370117188e+00 0.000000000000000000e+00
3.500000000000000000e+02 2.000000000000000000e+01 1.985492248535156250e+02 1.600214481353759766e+00 1.000000000000000000e+00
3.510000000000000000e+02 2.000000000000000000e+01 2.080243225097656250e+02 1.532716274261474609e+00 1.000000000000000000e+00
3.520000000000000000e+02 2.000000000000000000e+01 1.467184906005859375e+02 1.479353904724121094e+00 1.000000000000000000e+00
3.530000000000000000e+02 2.000000000000000000e+01 1.455823059082031250e+02 1.405718088150024414e+00 1.000000000000000000e+00
3.540000000000000000e+02 2.000000000000000000e+01 3.274083862304687500e+02 1.316963315010070801e+00 1.000000000000000000e+00
3.550000000000000000e+02 2.000000000000000000e+01 9.779072265625000000e+02 1.254181623458862305e+00 1.000000000000000000e+00
3.560000000000000000e+02 2.000000000000000000e+01 9.084796142578125000e+02 1.262040019035339355e+00 1.000000000000000000e+00
3.570000000000000000e+02 2.000000000000000000e+01 3.975350341796875000e+02 1.300114631652832031e+00 1.000000000000000000e+00
3.580000000000000000e+02 2.000000000000000000e+01 1.858690490722656250e+02 1.370932936668395996e+00 1.000000000000000000e+00
3.590000000000000000e+02 2.000000000000000000e+01 2.190928039550781250e+02 1.427806854248046875e+00 1.000000000000000000e+00
3.600000000000000000e+02 2.000000000000000000e+01 1.040489273071289062e+02 1.428883075714111328e+00 0.000000000000000000e+00
3.610000000000000000e+02 2.000000000000000000e+01 9.664002990722656250e+01 1.422332286834716797e+00 0.000000000000000000e+00
3.620000000000000000e+02 2.000000000000000000e+01 8.178339385986328125e+01 1.421157836914062500e+00 0.000000000000000000e+00
3.630000000000000000e+02 2.000000000000000000e+01 4.724851989746093750e+01 1.424074172973632812e+00 0.000000000000000000e+00
3.640000000000000000e+02 2.000000000000000000e+01 3.444672851562500000e+02 1.436213731765747070e+00 0.000000000000000000e+00
3.650000000000000000e+02 2.000000000000000000e+01 1.058945190429687500e+03 1.442965149879455566e+00 0.000000000000000000e+00
3.660000000000000000e+02 2.000000000000000000e+01 1.294457763671875000e+03 1.444944143295288086e+00 0.000000000000000000e+00
3.670000000000000000e+02 2.000000000000000000e+01 8.767199096679687500e+02 1.438940167427062988e+00 0.000000000000000000e+00
3.680000000000000000e+02 2.000000000000000000e+01 2.075553741455078125e+02 7.774772500000000000e+05 0.000000000000000000e+00
3.690000000000000000e+02 2.000000000000000000e+01 2.460964679718017578e+00 1.417312383651733398e+00 0.000000000000000000e+00
3.700000000000000000e+02 2.000000000000000000e+01 7.583659362792968750e+01 1.415759801864624023e+00 1.000000000000000000e+00
3.710000000000000000e+02 2.000000000000000000e+01 2.695117492675781250e+02 1.381941914558410645e+00 1.000000000000000000e+00
3.720000000000000000e+02 2.000000000000000000e+01 2.261966552734375000e+02 1.356433629989624023e+00 1.000000000000000000e+00
3.730000000000000000e+02 2.000000000000000000e+01 8.204011535644531250e+01 1.354165673255920410e+00 1.000000000000000000e+00
3.740000000000000000e+02 2.000000000000000000e+01 1.407170104980468750e+02 1.335833072662353516e+00 1.000000000000000000e+00
3.750000000000000000e+02 2.000000000000000000e+01 1.640311126708984375e+02 1.322224378585815430e+00 1.000000000000000000e+00
3.760000000000000000e+02 2.000000000000000000e+01 1.599449920654296875e+02 1.299438595771789551e+00 1.000000000000000000e+00
3.770000000000000000e+02 2.000000000000000000e+01 8.807123565673828125e+01 1.292425155639648438e+00 1.000000000000000000e+00
3.780000000000000000e+02 2.000000000000000000e+01 7.542324066162109375e+01 1.308218479156494141e+00 1.000000000000000000e+00
3.790000000000000000e+02 2.000000000000000000e+01 1.252731399536132812e+02 1.303512096405029297e+00 1.000000000000000000e+00
3.800000000000000000e+02 2.000000000000000000e+01 4.929899978637695312e+01 1.288739681243896484e+00 0.000000000000000000e+00
3.810000000000000000e+02 2.000000000000000000e+01 5.204888534545898438e+01 1.294587850570678711e+00 0.000000000000000000e+00
3.820000000000000000e+02 2.000000000000000000e+01 4.646874237060546875e+01 1.299010276794433594e+00 0.000000000000000000e+00
3.830000000000000000e+02 2.000000000000000000e+01 3.472708129882812500e+01 1.301623582839965820e+00 0.000000000000000000e+00
3.840000000000000000e+02 2.000000000000000000e+01 2.045744132995605469e+01 1.302446722984313965e+00 0.000000000000000000e+00
3.850000000000000000e+02 2.000000000000000000e+01 8.072090148925781250e+00 1.306766510009765625e+00 0.000000000000000000e+00
3.860000000000000000e+02 2.000000000000000000e+01 2.514745950698852539e+00 1.315969347953796387e+00 0.000000000000000000e+00
3.870000000000000000e+02 2.000000000000000000e+01 6.321987152099609375e+00 1.335317969322204590e+00 0.000000000000000000e+00
3.880000000000000000e+02 2.000000000000000000e+01 8.557285766601562500e+02 1.377435684204101562e+00 0.000000000000000000e+00
3.890000000000000000e+02 2.000000000000000000e+01 4.233497070312500000e+03 1.408758163452148438e+00 0.000000000000000000e+00
3.900000000000000000e+02 2.000000000000000000e+01 8.007011718750000000e+03 1.431842088699340820e+00 1.000000000000000000e+00
3.910000000000000000e+02 2.000000000000000000e+01 5.418357910156250000e+03 1.347812891006469727e+00 1.000000000000000000e+00
3.920000000000000000e+02 2.000000000000000000e+01 2.288100585937500000e+03 1.270725607872009277e+00 1.000000000000000000e+00
3.930000000000000000e+02 2.000000000000000000e+01 2.083444824218750000e+02 1.225044846534729004e+00 1.000000000000000000e+00
3.940000000000000000e+02 2.000000000000000000e+01 8.094689941406250000e+01 1.234657526016235352e+00 1.000000000000000000e+00
3.950000000000000000e+02 2.000000000000000000e+01 8.247334289550781250e+01 1.268415689468383789e+00 1.000000000000000000e+00
3.960000000000000000e+02 2.000000000000000000e+01 9.154805755615234375e+01 1.245579957962036133e+00 1.000000000000000000e+00
3.970000000000000000e+02 2.000000000000000000e+01 7.486263275146484375e+01 1.200222969055175781e+00 1.000000000000000000e+00
3.980000000000000000e+02 2.000000000000000000e+01 7.483731842041015625e+01 1.185416817665100098e+00 1.000000000000000000e+00
3.990000000000000000e+02 2.000000000000000000e+01 1.246775970458984375e+02 1.183377385139465332e+00 1.000000000000000000e+00
4.000000000000000000e+02 2.000000000000000000e+01 1.096235656738281250e+02 1.200363159179687500e+00 0.000000000000000000e+00
4.010000000000000000e+02 2.000000000000000000e+01 8.881919097900390625e+01 1.202046990394592285e+00 0.000000000000000000e+00
4.020000000000000000e+02 2.000000000000000000e+01 6.193132400512695312e+01 1.194646835327148438e+00 0.000000000000000000e+00
4.030000000000000000e+02 2.000000000000000000e+01 1.934006195068359375e+02 1.185467958450317383e+00 0.000000000000000000e+00
4.040000000000000000e+02 2.000000000000000000e+01 3.469466552734375000e+02 1.180503606796264648e+00 0.000000000000000000e+00
4.050000000000000000e+02 2.000000000000000000e+01 4.164896774291992188e+01 1.181868910789489746e+00 0.000000000000000000e+00
4.060000000000000000e+02 2.000000000000000000e+01 8.515460014343261719e+00 1.191758990287780762e+00 0.000000000000000000e+00
4.070000000000000000e+02 2.000000000000000000e+01 6.779826164245605469e+00 1.206140756607055664e+00 0.000000000000000000e+00
4.080000000000000000e+02 2.000000000000000000e+01 3.820406913757324219e+00 1.220862746238708496e+00 0.000000000000000000e+00
4.090000000000000000e+02 2.000000000000000000e+01 2.683045387268066406e+01 1.228583216667175293e+00 0.000000000000000000e+00
4.100000000000000000e+02 2.000000000000000000e+01 2.069285278320312500e+02 1.227304935455322266e+00 1.000000000000000000e+00
4.110000000000000000e+02 2.000000000000000000e+01 2.287042541503906250e+02 1.259551048278808594e+00 1.000000000000000000e+00
4.120000000000000000e+02 2.000000000000000000e+01 2.254161987304687500e+02 1.293237090110778809e+00 1.000000000000000000e+00
4.130000000000000000e+02 2.000000000000000000e+01 2.601069946289062500e+02 1.260730981826782227e+00 1.000000000000000000e+00
4.140000000000000000e+02 2.000000000000000000e+01 2.397316436767578125e+02 1.225670337677001953e+00 1.000000000000000000e+00
4.150000000000000000e+02 2.000000000000000000e+01 1.191532592773437500e+03 1.228572368621826172e+00 1.000000000000000000e+00
4.160000000000000000e+02 2.000000000000000000e+01 2.372206787109375000e+03 1.241331219673156738e+00 1.000000000000000000e+00
4.170000000000000000e+02 2.000000000000000000e+01 2.121728027343750000e+03 1.275362014770507812e+00 1.000000000000000000e+00
4.180000000000000000e+02 2.000000000000000000e+01 7.674274291992187500e+02 1.274497747421264648e+00 1.000000000000000000e+00
4.190000000000000000e+02 2.000000000000000000e+01 2.075825958251953125e+02 1.197890639305114746e+00 1.000000000000000000e+00
4.200000000000000000e+02 2.000000000000000000e+01 1.494190521240234375e+02 1.157551288604736328e+00 0.000000000000000000e+00
4.210000000000000000e+02 2.000000000000000000e+01 1.698440933227539062e+01 1.145218729972839355e+00 0.000000000000000000e+00
4.220000000000000000e+02 2.000000000000000000e+01 1.698384666442871094e+01 1.134708881378173828e+00 0.000000000000000000e+00
4.230000000000000000e+02 2.000000000000000000e+01 1.698306655883789062e+01 1.126840353012084961e+00 0.000000000000000000e+00
4.240000000000000000e+02 2.000000000000000000e+01 1.698213768005371094e+01 1.128500580787658691e+00 0.000000000000000000e+00
4.250000000000000000e+02 2.000000000000000000e+01 1.698106575012207031e+01 1.136213421821594238e+00 0.000000000000000000e+00
4.260000000000000000e+02 2.000000000000000000e+01 1.697991943359375000e+01 1.140524864196777344e+00 0.000000000000000000e+00
4.270000000000000000e+02 2.000000000000000000e+01 1.697873306274414062e+01 1.136593103408813477e+00 0.000000000000000000e+00
4.280000000000000000e+02 2.000000000000000000e+01 1.724637985229492188e+01 1.130964159965515137e+00 0.000000000000000000e+00
4.290000000000000000e+02 2.000000000000000000e+01 1.697689247131347656e+01 1.129955053329467773e+00 0.000000000000000000e+00
4.300000000000000000e+02 2.000000000000000000e+01 8.856941986083984375e+01 1.131707549095153809e+00 1.000000000000000000e+00
4.310000000000000000e+02 2.000000000000000000e+01 7.523756408691406250e+01 1.095193028450012207e+00 1.000000000000000000e+00
4.320000000000000000e+02 2.000000000000000000e+01 1.643163909912109375e+02 1.085507273674011230e+00 1.000000000000000000e+00
4.330000000000000000e+02 2.000000000000000000e+01 2.093766479492187500e+02 1.112755060195922852e+00 1.000000000000000000e+00
4.340000000000000000e+02 2.000000000000000000e+01 8.365675354003906250e+01 1.123415112495422363e+00 1.000000000000000000e+00
4.350000000000000000e+02 2.000000000000000000e+01 8.809361267089843750e+01 1.066252946853637695e+00 1.000000000000000000e+00
4.360000000000000000e+02 2.000000000000000000e+01 8.227644348144531250e+01 1.030883908271789551e+00 1.000000000000000000e+00
4.370000000000000000e+02 2.000000000000000000e+01 1.566628906250000000e+03 1.025045156478881836e+00 1.000000000000000000e+00
4.380000000000000000e+02 2.000000000000000000e+01 3.893942626953125000e+03 1.041828393936157227e+00 1.000000000000000000e+00
4.390000000000000000e+02 2.000000000000000000e+01 4.363442382812500000e+03 1.050596714019775391e+00 1.000000000000000000e+00
4.400000000000000000e+02 2.000000000000000000e+01 2.371361572265625000e+03 9.831571578979492188e-01 0.000000000000000000e+00
4.410000000000000000e+02 2.000000000000000000e+01 2.703551513671875000e+03 9.821708202362060547e-01 0.000000000000000000e+00
4.420000000000000000e+02 2.000000000000000000e+01 2.936400146484375000e+03 9.813637733459472656e-01 0.000000000000000000e+00
4.430000000000000000e+02 2.000000000000000000e+01 3.063519287109375000e+03 9.855023622512817383e-01 0.000000000000000000e+00
4.440000000000000000e+02 2.000000000000000000e+01 3.087263183593750000e+03 9.923735857009887695e-01 0.000000000000000000e+00
4.450000000000000000e+02 2.000000000000000000e+01 3.016106201171875000e+03 9.982550144195556641e-01 0.000000000000000000e+00
4.460000000000000000e+02 2.000000000000000000e+01 2.862680419921875000e+03 1.001761674880981445e+00 0.000000000000000000e+00
4.470000000000000000e+02 2.000000000000000000e+01 2.649053955078125000e+03 1.002417683601379395e+00 0.000000000000000000e+00
4.480000000000000000e+02 2.000000000000000000e+01 2.371495117187500000e+03 1.001524209976196289e+00 0.000000000000000000e+00
4.490000000000000000e+02 2.000000000000000000e+01 2.067844970703125000e+03 1.001281023025512695e+00 0.000000000000000000e+00
4.500000000000000000e+02 2.000000000000000000e+01 1.819372558593750000e+03 1.002870917320251465e+00 1.000000000000000000e+00
4.510000000000000000e+02 2.000000000000000000e+01 7.864189147949218750e+01 9.681202173233032227e-01 1.000000000000000000e+00
4.520000000000000000e+02 2.000000000000000000e+01 9.023152160644531250e+01 9.537739157676696777e-01 1.000000000000000000e+00
4.530000000000000000e+02 2.000000000000000000e+01 7.316452789306640625e+01 9.464418888092041016e-01 1.000000000000000000e+00
4.540000000000000000e+02 2.000000000000000000e+01 7.483648681640625000e+01 9.386596679687500000e-01 1.000000000000000000e+00
4.550000000000000000e+02 2.000000000000000000e+01 7.316889953613281250e+01 9.483098387718200684e-01 1.000000000000000000e+00
4.560000000000000000e+02 2.000000000000000000e+01 7.310863494873046875e+01 9.732199311256408691e-01 1.000000000000000000e+00
4.570000000000000000e+02 2.000000000000000000e+01 1.972349700927734375e+02 9.579261541366577148e-01 1.000000000000000000e+00
4.580000000000000000e+02 2.000000000000000000e+01 3.285939453125000000e+03 1.388812780380249023e+00 1.000000000000000000e+00
4.590000000000000000e+02 2.000000000000000000e+01 8.574949218750000000e+03 1.022660374641418457e+00 1.000000000000000000e+00
4.600000000000000000e+02 2.000000000000000000e+01 1.062542480468750000e+04 1.078034996986389160e+00 0.000000000000000000e+00
4.610000000000000000e+02 2.000000000000000000e+01 1.094345703125000000e+04 1.072414040565490723e+00 0.000000000000000000e+00
4.620000000000000000e+02 2.000000000000000000e+01 1.078577832031250000e+04 1.068972110748291016e+00 0.000000000000000000e+00
4.630000000000000000e+02 2.000000000000000000e+01 1.054639257812500000e+04 1.079804062843322754e+00 0.000000000000000000e+00
4.640000000000000000e+02 2.000000000000000000e+01 1.030295117187500000e+04 1.098082780838012695e+00 0.000000000000000000e+00
4.650000000000000000e+02 2.000000000000000000e+01 9.978033203125000000e+03 1.122420787811279297e+00 0.000000000000000000e+00
4.660000000000000000e+02 2.000000000000000000e+01 9.587997070312500000e+03 1.144996285438537598e+00 0.000000000000000000e+00
4.670000000000000000e+02 2.000000000000000000e+01 9.148157226562500000e+03 1.174874424934387207e+00 0.000000000000000000e+00
4.680000000000000000e+02 2.000000000000000000e+01 8.663302734375000000e+03 1.209924697875976562e+00 0.000000000000000000e+00
4.690000000000000000e+02 2.000000000000000000e+01 8.140821777343750000e+03 1.234303236007690430e+00 0.000000000000000000e+00
4.700000000000000000e+02 2.000000000000000000e+01 7.661175781250000000e+03 1.237524747848510742e+00 1.000000000000000000e+00
4.710000000000000000e+02 2.000000000000000000e+01 6.330332031250000000e+03 1.109952449798583984e+00 1.000000000000000000e+00
4.720000000000000000e+02 2.000000000000000000e+01 2.903779296875000000e+03 9.731264114379882812e-01 1.000000000000000000e+00
4.730000000000000000e+02 2.000000000000000000e+01 2.040923919677734375e+02 1.108599901199340820e+00 1.000000000000000000e+00
4.740000000000000000e+02 2.000000000000000000e+01 1.163593063354492188e+02 1.190641045570373535e+00 1.000000000000000000e+00
4.750000000000000000e+02 2.000000000000000000e+01 7.288194274902343750e+01 1.082807898521423340e+00 1.000000000000000000e+00
4.760000000000000000e+02 2.000000000000000000e+01 7.270491027832031250e+01 9.254359602928161621e-01 1.000000000000000000e+00
4.770000000000000000e+02 2.000000000000000000e+01 7.265589141845703125e+01 9.041615724563598633e-01 1.000000000000000000e+00
4.780000000000000000e+02 2.000000000000000000e+01 7.261549377441406250e+01 9.195286035537719727e-01 1.000000000000000000e+00
4.790000000000000000e+02 2.000000000000000000e+01 1.077729034423828125e+02 8.707692623138427734e-01 1.000000000000000000e+00
4.800000000000000000e+02 2.000000000000000000e+01 1.893684997558593750e+02 8.917594552040100098e-01 0.000000000000000000e+00
4.810000000000000000e+02 2.000000000000000000e+01 1.871057281494140625e+02 8.903234601020812988e-01 0.000000000000000000e+00
4.820000000000000000e+02 2.000000000000000000e+01 1.773548126220703125e+02 8.906992673873901367e-01 0.000000000000000000e+00
4.830000000000000000e+02 2.000000000000000000e+01 1.623031463623046875e+02 8.901917338371276855e-01 0.000000000000000000e+00
4.840000000000000000e+02 2.000000000000000000e+01 1.447861480712890625e+02 8.887962102890014648e-01 0.000000000000000000e+00
4.850000000000000000e+02 2.000000000000000000e+01 1.286362152099609375e+02 8.934708833694458008e-01 0.000000000000000000e+00
4.860000000000000000e+02 2.000000000000000000e+01 2.695530090332031250e+02 9.062970876693725586e-01 0.000000000000000000e+00
4.870000000000000000e+02 2.000000000000000000e+01 4.016166076660156250e+02 9.183813333511352539e-01 0.000000000000000000e+00
4.880000000000000000e+02 2.000000000000000000e+01 3.485541076660156250e+02 9.327949285507202148e-01 0.000000000000000000e+00
4.890000000000000000e+02 2.000000000000000000e+01 2.013929748535156250e+02 9.451727867126464844e-01 0.000000000000000000e+00
4.900000000000000000e+02 2.000000000000000000e+01 4.706314086914062500e+02 1.087379574775695801e+00 1.000000000000000000e+00
4.910000000000000000e+02 2.000000000000000000e+01 7.069940795898437500e+02 9.907094240188598633e-01 1.000000000000000000e+00
4.920000000000000000e+02 2.000000000000000000e+01 9.002262573242187500e+02 4.047785949707031250e+02 1.000000000000000000e+00
4.930000000000000000e+02 2.000000000000000000e+01 9.604322052001953125e+01 8.855724334716796875e-01 1.000000000000000000e+00
4.940000000000000000e+02 2.000000000000000000e+01 7.215447235107421875e+01 8.795270323753356934e-01 1.000000000000000000e+00
4.950000000000000000e+02 2.000000000000000000e+01 9.144597625732421875e+01 8.495439291000366211e-01 1.000000000000000000e+00
4.960000000000000000e+02 2.000000000000000000e+01 2.566656799316406250e+02 8.726511001586914062e-01 1.000000000000000000e+00
4.970000000000000000e+02 2.000000000000000000e+01 3.045813293457031250e+02 8.779888749122619629e-01 1.000000000000000000e+00
4.980000000000000000e+02 2.000000000000000000e+01 1.396934509277343750e+02 8.556758165359497070e-01 1.000000000000000000e+00
4.990000000000000000e+02 2.000000000000000000e+01 3.224827880859375000e+02 8.963897228240966797e-01 1.000000000000000000e+00
5.010000000000000000e+02 2.000000000000000000e+01 2.163505554199218750e+00 6.839336872100830078e+00 0.000000000000000000e+00
5.020000000000000000e+02 2.000000000000000000e+01 2.077680587768554688e+00 7.026850700378417969e+00 0.000000000000000000e+00
5.030000000000000000e+02 2.000000000000000000e+01 2.031315326690673828e+00 7.153453350067138672e+00 0.000000000000000000e+00
5.040000000000000000e+02 2.000000000000000000e+01 2.005453109741210938e+00 7.204541683197021484e+00 0.000000000000000000e+00
5.050000000000000000e+02 2.000000000000000000e+01 1.991797208786010742e+00 7.272802352905273438e+00 0.000000000000000000e+00
5.060000000000000000e+02 2.000000000000000000e+01 1.984975337982177734e+00 7.379164218902587891e+00 0.000000000000000000e+00
5.070000000000000000e+02 2.000000000000000000e+01 1.980686664581298828e+00 7.520780086517333984e+00 0.000000000000000000e+00
5.080000000000000000e+02 2.000000000000000000e+01 1.976724624633789062e+00 7.653557777404785156e+00 0.000000000000000000e+00
5.090000000000000000e+02 2.000000000000000000e+01 1.972516059875488281e+00 7.772025585174560547e+00 0.000000000000000000e+00
5.100000000000000000e+02 2.000000000000000000e+01 7.824221038818359375e+01 7.832887649536132812e+00 1.000000000000000000e+00
5.110000000000000000e+02 2.000000000000000000e+01 7.573094940185546875e+01 5.571828365325927734e+00 1.000000000000000000e+00
5.120000000000000000e+02 2.000000000000000000e+01 7.473981475830078125e+01 4.410861015319824219e+00 1.000000000000000000e+00
5.130000000000000000e+02 2.000000000000000000e+01 7.436705780029296875e+01 3.357126951217651367e+00 1.000000000000000000e+00
5.140000000000000000e+02 2.000000000000000000e+01 7.951907958984375000e+02 2.708523750305175781e+00 1.000000000000000000e+00
5.150000000000000000e+02 2.000000000000000000e+01 5.675249633789062500e+02 3.230552978515625000e+02 1.000000000000000000e+00
5.160000000000000000e+02 2.000000000000000000e+01 7.464710998535156250e+01 2.164993524551391602e+00 1.000000000000000000e+00
5.170000000000000000e+02 2.000000000000000000e+01 1.640451660156250000e+03 2.015057563781738281e+00 1.000000000000000000e+00
5.180000000000000000e+02 2.000000000000000000e+01 4.768596679687500000e+03 1.926717877388000488e+00 1.000000000000000000e+00
5.190000000000000000e+02 2.000000000000000000e+01 6.118620605468750000e+03 2.098949432373046875e+00 1.000000000000000000e+00
5.200000000000000000e+02 2.000000000000000000e+01 5.164901855468750000e+03 2.350991725921630859e+00 0.000000000000000000e+00
5.210000000000000000e+02 2.000000000000000000e+01 3.955579101562500000e+03 2.361246585845947266e+00 0.000000000000000000e+00
5.220000000000000000e+02 2.000000000000000000e+01 1.747908569335937500e+03 2.370332241058349609e+00 0.000000000000000000e+00
5.230000000000000000e+02 2.000000000000000000e+01 1.183443679809570312e+02 2.370814323425292969e+00 0.000000000000000000e+00
5.240000000000000000e+02 2.000000000000000000e+01 1.940754294395446777e+00 2.368800401687622070e+00 0.000000000000000000e+00
5.250000000000000000e+02 2.000000000000000000e+01 1.937392711639404297e+00 2.370886802673339844e+00 0.000000000000000000e+00
5.260000000000000000e+02 2.000000000000000000e+01 1.934658527374267578e+00 2.375661849975585938e+00 0.000000000000000000e+00
5.270000000000000000e+02 2.000000000000000000e+01 1.932407140731811523e+00 2.383325099945068359e+00 0.000000000000000000e+00
5.280000000000000000e+02 2.000000000000000000e+01 1.930681109428405762e+00 2.386442661285400391e+00 0.000000000000000000e+00
5.290000000000000000e+02 2.000000000000000000e+01 1.929556012153625488e+00 2.382611274719238281e+00 0.000000000000000000e+00
5.300000000000000000e+02 2.000000000000000000e+01 7.379962158203125000e+01 2.374138355255126953e+00 1.000000000000000000e+00
5.310000000000000000e+02 2.000000000000000000e+01 7.842450561523437500e+02 2.340980052947998047e+00 1.000000000000000000e+00
5.320000000000000000e+02 2.000000000000000000e+01 4.369660644531250000e+02 2.075712442398071289e+00 1.000000000000000000e+00
5.330000000000000000e+02 2.000000000000000000e+01 7.300148773193359375e+01 1.825108051300048828e+00 1.000000000000000000e+00
5.340000000000000000e+02 2.000000000000000000e+01 7.292098236083984375e+01 1.812744855880737305e+00 1.000000000000000000e+00
5.350000000000000000e+02 2.000000000000000000e+01 7.288315582275390625e+01 1.894659399986267090e+00 1.000000000000000000e+00
5.360000000000000000e+02 2.000000000000000000e+01 7.280796813964843750e+01 1.999451994895935059e+00 1.000000000000000000e+00
5.370000000000000000e+02 2.000000000000000000e+01 7.271666717529296875e+01 2.123037576675415039e+00 1.000000000000000000e+00
5.380000000000000000e+02 2.000000000000000000e+01 7.267350769042968750e+01 2.239685535430908203e+00 1.000000000000000000e+00
5.390000000000000000e+02 2.000000000000000000e+01 7.263749694824218750e+01 2.237437248229980469e+00 1.000000000000000000e+00
5.400000000000000000e+02 2.000000000000000000e+01 1.955507516860961914e+00 2.083288192749023438e+00 0.000000000000000000e+00
5.410000000000000000e+02 2.000000000000000000e+01 1.954941272735595703e+00 2.090063333511352539e+00 0.000000000000000000e+00
5.420000000000000000e+02 2.000000000000000000e+01 1.954264640808105469e+00 2.100160598754882812e+00 0.000000000000000000e+00
5.430000000000000000e+02 2.000000000000000000e+01 1.953591823577880859e+00 2.115367412567138672e+00 0.000000000000000000e+00
5.440000000000000000e+02 2.000000000000000000e+01 1.952918767929077148e+00 2.126279830932617188e+00 0.000000000000000000e+00
5.450000000000000000e+02 2.000000000000000000e+01 1.952115416526794434e+00 2.134326696395874023e+00 0.000000000000000000e+00
5.460000000000000000e+02 2.000000000000000000e+01 1.951212406158447266e+00 2.140413999557495117e+00 0.000000000000000000e+00
5.470000000000000000e+02 2.000000000000000000e+01 1.950424075126647949e+00 2.148389816284179688e+00 0.000000000000000000e+00
5.480000000000000000e+02 2.000000000000000000e+01 1.949939012527465820e+00 2.149993419647216797e+00 0.000000000000000000e+00
5.490000000000000000e+02 2.000000000000000000e+01 1.949642062187194824e+00 2.147499084472656250e+00 0.000000000000000000e+00
5.500000000000000000e+02 2.000000000000000000e+01 7.232679748535156250e+01 2.142083168029785156e+00 1.000000000000000000e+00
5.510000000000000000e+02 2.000000000000000000e+01 7.223112487792968750e+01 1.952258467674255371e+00 1.000000000000000000e+00
5.520000000000000000e+02 2.000000000000000000e+01 7.214131164550781250e+01 1.759222030639648438e+00 1.000000000000000000e+00
5.530000000000000000e+02 2.000000000000000000e+01 7.207183837890625000e+01 1.611816406250000000e+00 1.000000000000000000e+00
5.540000000000000000e+02 2.000000000000000000e+01 7.201729583740234375e+01 1.550589203834533691e+00 1.000000000000000000e+00
5.550000000000000000e+02 2.000000000000000000e+01 7.197194671630859375e+01 1.569298267364501953e+00 1.000000000000000000e+00
5.560000000000000000e+02 2.000000000000000000e+01 3.371896362304687500e+02 9.299671936035156250e+01 1.000000000000000000e+00
5.570000000000000000e+02 2.000000000000000000e+01 7.191171264648437500e+01 1.493397831916809082e+00 1.000000000000000000e+00
5.580000000000000000e+02 2.000000000000000000e+01 1.775548858642578125e+02 1.414361953735351562e+00 1.000000000000000000e+00
5.590000000000000000e+02 2.000000000000000000e+01 3.952247009277343750e+02 1.402971863746643066e+00 1.000000000000000000e+00
5.600000000000000000e+02 2.000000000000000000e+01 4.203890380859375000e+02 1.434999942779541016e+00 0.000000000000000000e+00
5.610000000000000000e+02 2.000000000000000000e+01 2.998742980957031250e+02 1.433714151382446289e+00 0.000000000000000000e+00
5.620000000000000000e+02 2.000000000000000000e+01 1.854638824462890625e+02 1.431851148605346680e+00 0.000000000000000000e+00
5.630000000000000000e+02 2.000000000000000000e+01 8.975399780273437500e+01 1.434253215789794922e+00 0.000000000000000000e+00
5.640000000000000000e+02 2.000000000000000000e+01 2.481518554687500000e+01 1.434834122657775879e+00 0.000000000000000000e+00
5.650000000000000000e+02 2.000000000000000000e+01 1.980315446853637695e+00 1.430617332458496094e+00 0.000000000000000000e+00
5.660000000000000000e+02 2.000000000000000000e+01 1.980228185653686523e+00 1.421297907829284668e+00 0.000000000000000000e+00
5.670000000000000000e+02 2.000000000000000000e+01 1.980198383331298828e+00 1.412980556488037109e+00 0.000000000000000000e+00
5.680000000000000000e+02 2.000000000000000000e+01 1.980220079421997070e+00 1.410008788108825684e+00 0.000000000000000000e+00
5.690000000000000000e+02 2.000000000000000000e+01 1.980129957199096680e+00 1.406344771385192871e+00 0.000000000000000000e+00
5.700000000000000000e+02 2.000000000000000000e+01 7.156584167480468750e+01 1.402259469032287598e+00 1.000000000000000000e+00
5.710000000000000000e+02 2.000000000000000000e+01 7.149464416503906250e+01 1.444856524467468262e+00 1.000000000000000000e+00
5.720000000000000000e+02 2.000000000000000000e+01 7.138323974609375000e+01 1.493833303451538086e+00 1.000000000000000000e+00
5.730000000000000000e+02 2.000000000000000000e+01 7.124815368652343750e+01 1.504753947257995605e+00 1.000000000000000000e+00
5.740000000000000000e+02 2.000000000000000000e+01 8.175446166992187500e+02 1.443323969841003418e+00 1.000000000000000000e+00
5.750000000000000000e+02 2.000000000000000000e+01 1.727941162109375000e+03 1.372264623641967773e+00 1.000000000000000000e+00
5.760000000000000000e+02 2.000000000000000000e+01 6.275848388671875000e+02 1.293755173683166504e+00 1.000000000000000000e+00
5.770000000000000000e+02 2.000000000000000000e+01 7.092023468017578125e+01 1.225641250610351562e+00 1.000000000000000000e+00
5.780000000000000000e+02 2.000000000000000000e+01 7.086654663085937500e+01 1.171657681465148926e+00 1.000000000000000000e+00
5.790000000000000000e+02 2.000000000000000000e+01 7.081374359130859375e+01 1.120337009429931641e+00 1.000000000000000000e+00
5.800000000000000000e+02 2.000000000000000000e+01 2.024892091751098633e+00 1.099081397056579590e+00 0.000000000000000000e+00
5.810000000000000000e+02 2.000000000000000000e+01 2.024151325225830078e+00 1.096851348876953125e+00 0.000000000000000000e+00
5.820000000000000000e+02 2.000000000000000000e+01 2.023053407669067383e+00 1.097238183021545410e+00 0.000000000000000000e+00
5.830000000000000000e+02 2.000000000000000000e+01 2.021940708160400391e+00 1.098989129066467285e+00 0.000000000000000000e+00
5.840000000000000000e+02 2.000000000000000000e+01 2.021047115325927734e+00 1.104568481445312500e+00 0.000000000000000000e+00
5.850000000000000000e+02 2.000000000000000000e+01 2.020470142364501953e+00 1.110168457031250000e+00 0.000000000000000000e+00
5.860000000000000000e+02 2.000000000000000000e+01 2.020126819610595703e+00 1.115506410598754883e+00 0.000000000000000000e+00
5.870000000000000000e+02 2.000000000000000000e+01 2.019879341125488281e+00 1.116734027862548828e+00 0.000000000000000000e+00
5.880000000000000000e+02 2.000000000000000000e+01 2.019704818725585938e+00 1.117354154586791992e+00 0.000000000000000000e+00
5.890000000000000000e+02 2.000000000000000000e+01 2.019607543945312500e+00 1.115959167480468750e+00 0.000000000000000000e+00
5.900000000000000000e+02 2.000000000000000000e+01 7.044942474365234375e+01 1.112600445747375488e+00 1.000000000000000000e+00
5.910000000000000000e+02 2.000000000000000000e+01 7.038566589355468750e+01 1.131961703300476074e+00 1.000000000000000000e+00
5.920000000000000000e+02 2.000000000000000000e+01 7.032373046875000000e+01 1.171986937522888184e+00 1.000000000000000000e+00
5.930000000000000000e+02 2.000000000000000000e+01 1.470966491699218750e+02 1.200907945632934570e+00 1.000000000000000000e+00
5.940000000000000000e+02 2.000000000000000000e+01 7.022577667236328125e+01 1.177914381027221680e+00 1.000000000000000000e+00
5.950000000000000000e+02 2.000000000000000000e+01 1.594006347656250000e+02 1.135043144226074219e+00 1.000000000000000000e+00
5.960000000000000000e+02 2.000000000000000000e+01 9.935591888427734375e+01 1.094250917434692383e+00 1.000000000000000000e+00
5.970000000000000000e+02 2.000000000000000000e+01 7.019934082031250000e+01 1.053221464157104492e+00 1.000000000000000000e+00
5.980000000000000000e+02 2.000000000000000000e+01 3.168739624023437500e+02 8.682086181640625000e+01 1.000000000000000000e+00
5.990000000000000000e+02 2.000000000000000000e+01 7.014973449707031250e+01 9.705725908279418945e-01 1.000000000000000000e+00
6.000000000000000000e+02 2.000000000000000000e+01 2.094309329986572266e+00 9.616172313690185547e-01 0.000000000000000000e+00
6.010000000000000000e+02 2.000000000000000000e+01 2.093788385391235352e+00 9.570732712745666504e-01 0.000000000000000000e+00
6.020000000000000000e+02 2.000000000000000000e+01 2.093038320541381836e+00 9.542829990386962891e-01 0.000000000000000000e+00
6.030000000000000000e+02 2.000000000000000000e+01 2.092178821563720703e+00 9.550637602806091309e-01 0.000000000000000000e+00
6.040000000000000000e+02 2.000000000000000000e+01 2.091423273086547852e+00 9.559684991836547852e-01 0.000000000000000000e+00
6.050000000000000000e+02 2.000000000000000000e+01 2.090875864028930664e+00 9.555829763412475586e-01 0.000000000000000000e+00
6.060000000000000000e+02 2.000000000000000000e+01 2.090566158294677734e+00 9.552370309829711914e-01 0.000000000000000000e+00
6.070000000000000000e+02 2.000000000000000000e+01 2.090487480163574219e+00 9.555012583732604980e-01 0.000000000000000000e+00
6.080000000000000000e+02 2.000000000000000000e+01 2.090512514114379883e+00 9.571219682693481445e-01 0.000000000000000000e+00
6.090000000000000000e+02 2.000000000000000000e+01 2.090451717376708984e+00 9.596272706985473633e-01 0.000000000000000000e+00
6.100000000000000000e+02 2.000000000000000000e+01 6.977696990966796875e+01 9.631485939025878906e-01 1.000000000000000000e+00
6.110000000000000000e+02 2.000000000000000000e+01 6.967740631103515625e+01 9.723205566406250000e-01 1.000000000000000000e+00
6.120000000000000000e+02 2.000000000000000000e+01 6.957214355468750000e+01 9.934561252593994141e-01 1.000000000000000000e+00
6.130000000000000000e+02 2.000000000000000000e+01 6.949731445312500000e+01 1.023029327392578125e+00 1.000000000000000000e+00
6.140000000000000000e+02 2.000000000000000000e+01 6.945207977294921875e+01 1.012825131416320801e+00 1.000000000000000000e+00
6.150000000000000000e+02 2.000000000000000000e+01 6.942955017089843750e+01 1.002083301544189453e+00 1.000000000000000000e+00
6.160000000000000000e+02 2.000000000000000000e+01 5.360296630859375000e+02 1.000601410865783691e+00 1.000000000000000000e+00
6.170000000000000000e+02 2.000000000000000000e+01 4.958267822265625000e+02 9.854468703269958496e-01 1.000000000000000000e+00
6.180000000000000000e+02 2.000000000000000000e+01 8.584380340576171875e+01 9.936733245849609375e-01 1.000000000000000000e+00
6.190000000000000000e+02 2.000000000000000000e+01 3.233673706054687500e+02 9.902241230010986328e-01 1.000000000000000000e+00
6.200000000000000000e+02 2.000000000000000000e+01 3.546330871582031250e+02 9.489693641662597656e-01 0.000000000000000000e+00
6.210000000000000000e+02 2.000000000000000000e+01 3.222726135253906250e+02 9.515928626060485840e-01 0.000000000000000000e+00
6.220000000000000000e+02 2.000000000000000000e+01 2.708586425781250000e+02 9.522758722305297852e-01 0.000000000000000000e+00
6.230000000000000000e+02 2.000000000000000000e+01 2.077180480957031250e+02 9.485810995101928711e-01 0.000000000000000000e+00
6.240000000000000000e+02 2.000000000000000000e+01 1.410038909912109375e+02 9.433922767639160156e-01 0.000000000000000000e+00
6.250000000000000000e+02 2.000000000000000000e+01 7.924497985839843750e+01 9.400796890258789062e-01 0.000000000000000000e+00
6.260000000000000000e+02 2.000000000000000000e+01 3.101884078979492188e+01 9.394795298576354980e-01 0.000000000000000000e+00
6.270000000000000000e+02 2.000000000000000000e+01 4.715581417083740234e+00 9.380313754081726074e-01 0.000000000000000000e+00
6.280000000000000000e+02 2.000000000000000000e+01 2.148855447769165039e+00 9.342992305755615234e-01 0.000000000000000000e+00
6.290000000000000000e+02 2.000000000000000000e+01 2.149192333221435547e+00 9.327237606048583984e-01 0.000000000000000000e+00
6.300000000000000000e+02 2.000000000000000000e+01 6.907115173339843750e+01 9.369215369224548340e-01 1.000000000000000000e+00
6.310000000000000000e+02 2.000000000000000000e+01 6.900522613525390625e+01 9.468234777450561523e-01 1.000000000000000000e+00
6.320000000000000000e+02 2.000000000000000000e+01 6.890509033203125000e+01 9.354857206344604492e-01 1.000000000000000000e+00
6.330000000000000000e+02 2.000000000000000000e+01 1.526501770019531250e+02 9.180902242660522461e-01 1.000000000000000000e+00
6.340000000000000000e+02 2.000000000000000000e+01 1.664191284179687500e+02 9.025704860687255859e-01 1.000000000000000000e+00
6.350000000000000000e+02 2.000000000000000000e+01 7.157375335693359375e+01 9.276648759841918945e-01 1.000000000000000000e+00
6.360000000000000000e+02 2.000000000000000000e+01 8.603386840820312500e+02 9.459266066551208496e-01 1.000000000000000000e+00
6.370000000000000000e+02 2.000000000000000000e+01 2.524205322265625000e+03 9.899682402610778809e-01 1.000000000000000000e+00
6.380000000000000000e+02 2.000000000000000000e+01 3.493546142578125000e+03 1.044952511787414551e+00 1.000000000000000000e+00
6.390000000000000000e+02 2.000000000000000000e+01 2.704049072265625000e+03 1.071919679641723633e+00 1.000000000000000000e+00
6.400000000000000000e+02 2.000000000000000000e+01 7.941111450195312500e+02 1.078672051429748535e+00 0.000000000000000000e+00
6.410000000000000000e+02 2.000000000000000000e+01 7.279319458007812500e+02 1.084436535835266113e+00 0.000000000000000000e+00
6.420000000000000000e+02 2.000000000000000000e+01 6.429064941406250000e+02 1.090516090393066406e+00 0.000000000000000000e+00
6.430000000000000000e+02 2.000000000000000000e+01 5.456265869140625000e+02 1.095431208610534668e+00 0.000000000000000000e+00
6.440000000000000000e+02 2.000000000000000000e+01 4.428336486816406250e+02 1.099474787712097168e+00 0.000000000000000000e+00
6.450000000000000000e+02 2.000000000000000000e+01 3.412012023925781250e+02 1.103148341178894043e+00 0.000000000000000000e+00
6.460000000000000000e+02 2.000000000000000000e+01 2.471775970458984375e+02 1.112148404121398926e+00 0.000000000000000000e+00
6.470000000000000000e+02 2.000000000000000000e+01 1.669057617187500000e+02 1.126429080963134766e+00 0.000000000000000000e+00
6.480000000000000000e+02 2.000000000000000000e+01 1.050229568481445312e+02 1.144764900207519531e+00 0.000000000000000000e+00
6.490000000000000000e+02 2.000000000000000000e+01 5.654677581787109375e+01 1.157940745353698730e+00 0.000000000000000000e+00
6.500000000000000000e+02 2.000000000000000000e+01 4.789984375000000000e+03 1.145254969596862793e+00 1.000000000000000000e+00
6.510000000000000000e+02 2.000000000000000000e+01 1.931022583007812500e+03 1.080142140388488770e+00 1.000000000000000000e+00
6.520000000000000000e+02 2.000000000000000000e+01 2.443803405761718750e+02 9.948241114616394043e-01 1.000000000000000000e+00
6.530000000000000000e+02 2.000000000000000000e+01 6.826237487792968750e+01 9.783374667167663574e-01 1.000000000000000000e+00
6.540000000000000000e+02 2.000000000000000000e+01 6.822383880615234375e+01 1.014394402503967285e+00 1.000000000000000000e+00
6.550000000000000000e+02 2.000000000000000000e+01 7.168641662597656250e+01 1.054836273193359375e+00 1.000000000000000000e+00
6.560000000000000000e+02 2.000000000000000000e+01 6.807800292968750000e+01 1.114187717437744141e+00 1.000000000000000000e+00
6.570000000000000000e+02 2.000000000000000000e+01 6.799468994140625000e+01 1.112860202789306641e+00 1.000000000000000000e+00
6.580000000000000000e+02 2.000000000000000000e+01 6.792119598388671875e+01 1.055105328559875488e+00 1.000000000000000000e+00
6.590000000000000000e+02 2.000000000000000000e+01 2.590326538085937500e+02 9.932677745819091797e-01 1.000000000000000000e+00
6.600000000000000000e+02 2.000000000000000000e+01 3.542992248535156250e+02 9.660151600837707520e-01 0.000000000000000000e+00
6.610000000000000000e+02 2.000000000000000000e+01 3.247204589843750000e+02 9.626788496971130371e-01 0.000000000000000000e+00
6.620000000000000000e+02 2.000000000000000000e+01 1.200997192382812500e+03 9.625801444053649902e-01 0.000000000000000000e+00
6.630000000000000000e+02 2.000000000000000000e+01 2.115754394531250000e+03 9.683677554130554199e-01 0.000000000000000000e+00
6.640000000000000000e+02 2.000000000000000000e+01 1.380706176757812500e+03 9.800211191177368164e-01 0.000000000000000000e+00
6.650000000000000000e+02 2.000000000000000000e+01 1.638410949707031250e+02 9.970533847808837891e-01 0.000000000000000000e+00
6.660000000000000000e+02 2.000000000000000000e+01 7.278569793701171875e+01 1.016850233078002930e+00 0.000000000000000000e+00
6.670000000000000000e+02 2.000000000000000000e+01 3.384167480468750000e+01 1.039766788482666016e+00 0.000000000000000000e+00
6.680000000000000000e+02 2.000000000000000000e+01 9.094817161560058594e+00 1.057336568832397461e+00 0.000000000000000000e+00
6.690000000000000000e+02 2.000000000000000000e+01 2.210095167160034180e+00 1.066913127899169922e+00 0.000000000000000000e+00
6.700000000000000000e+02 2.000000000000000000e+01 6.756185150146484375e+01 1.068876385688781738e+00 1.000000000000000000e+00
6.710000000000000000e+02 2.000000000000000000e+01 6.742021942138671875e+01 1.045531034469604492e+00 1.000000000000000000e+00
6.720000000000000000e+02 2.000000000000000000e+01 6.735320281982421875e+01 1.110741972923278809e+00 1.000000000000000000e+00
6.730000000000000000e+02 2.000000000000000000e+01 6.733792114257812500e+01 1.131281971931457520e+00 1.000000000000000000e+00
6.740000000000000000e+02 2.000000000000000000e+01 9.201792907714843750e+01 1.058417439460754395e+00 1.000000000000000000e+00
6.750000000000000000e+02 2.000000000000000000e+01 6.775613403320312500e+01 1.024075031280517578e+00 1.000000000000000000e+00
6.760000000000000000e+02 2.000000000000000000e+01 1.313242797851562500e+02 1.050387740135192871e+00 1.000000000000000000e+00
6.770000000000000000e+02 2.000000000000000000e+01 6.710355377197265625e+01 1.086873054504394531e+00 1.000000000000000000e+00
6.780000000000000000e+02 2.000000000000000000e+01 6.703276062011718750e+01 1.133051872253417969e+00 1.000000000000000000e+00
6.790000000000000000e+02 2.000000000000000000e+01 6.698274993896484375e+01 1.120071411132812500e+00 1.000000000000000000e+00
6.800000000000000000e+02 2.000000000000000000e+01 2.236350536346435547e+00 1.080555915832519531e+00 0.000000000000000000e+00
6.810000000000000000e+02 2.000000000000000000e+01 2.235911130905151367e+00 1.077968358993530273e+00 0.000000000000000000e+00
6.820000000000000000e+02 2.000000000000000000e+01 2.235316991806030273e+00 1.072477459907531738e+00 0.000000000000000000e+00
6.830000000000000000e+02 2.000000000000000000e+01 2.234663963317871094e+00 1.067419767379760742e+00 0.000000000000000000e+00
6.840000000000000000e+02 2.000000000000000000e+01 2.234036445617675781e+00 1.068921327590942383e+00 0.000000000000000000e+00
6.850000000000000000e+02 2.000000000000000000e+01 2.233542203903198242e+00 1.072282433509826660e+00 0.000000000000000000e+00
6.860000000000000000e+02 2.000000000000000000e+01 2.233162641525268555e+00 1.072726845741271973e+00 0.000000000000000000e+00
6.870000000000000000e+02 2.000000000000000000e+01 2.232759952545166016e+00 1.070621609687805176e+00 0.000000000000000000e+00
6.880000000000000000e+02 2.000000000000000000e+01 2.232243537902832031e+00 1.071207880973815918e+00 0.000000000000000000e+00
6.890000000000000000e+02 2.000000000000000000e+01 2.231687068939208984e+00 1.081693649291992188e+00 0.000000000000000000e+00
6.900000000000000000e+02 2.000000000000000000e+01 6.769220733642578125e+01 1.089704155921936035e+00 1.000000000000000000e+00
6.910000000000000000e+02 2.000000000000000000e+01 6.650891113281250000e+01 1.083590507507324219e+00 1.000000000000000000e+00
6.920000000000000000e+02 2.000000000000000000e+01 6.642739105224609375e+01 1.074530363082885742e+00 1.000000000000000000e+00
6.930000000000000000e+02 2.000000000000000000e+01 6.640692901611328125e+01 1.108231067657470703e+00 1.000000000000000000e+00
6.940000000000000000e+02 2.000000000000000000e+01 6.638367462158203125e+01 1.095256328582763672e+00 1.000000000000000000e+00
6.950000000000000000e+02 2.000000000000000000e+01 6.636810302734375000e+01 1.090937972068786621e+00 1.000000000000000000e+00
6.960000000000000000e+02 2.000000000000000000e+01 6.634339141845703125e+01 1.104694604873657227e+00 1.000000000000000000e+00
6.970000000000000000e+02 2.000000000000000000e+01 1.070592422485351562e+02 1.107613801956176758e+00 1.000000000000000000e+00
6.980000000000000000e+02 2.000000000000000000e+01 6.639195251464843750e+01 1.099271178245544434e+00 1.000000000000000000e+00
6.990000000000000000e+02 2.000000000000000000e+01 6.614533233642578125e+01 1.070085763931274414e+00 1.000000000000000000e+00
7.000000000000000000e+02 2.000000000000000000e+01 2.240835189819335938e+00 1.037013649940490723e+00 0.000000000000000000e+00
7.010000000000000000e+02 2.000000000000000000e+01 2.240132808685302734e+00 1.038635730743408203e+00 0.000000000000000000e+00
7.020000000000000000e+02 2.000000000000000000e+01 2.239467620849609375e+00 1.040462970733642578e+00 0.000000000000000000e+00
7.030000000000000000e+02 2.000000000000000000e+01 2.238922357559204102e+00 1.046485304832458496e+00 0.000000000000000000e+00
7.040000000000000000e+02 2.000000000000000000e+01 2.238587856292724609e+00 1.055660009384155273e+00 0.000000000000000000e+00
7.050000000000000000e+02 2.000000000000000000e+01 2.238483428955078125e+00 1.060669541358947754e+00 0.000000000000000000e+00
7.060000000000000000e+02 2.000000000000000000e+01 2.238407850265502930e+00 1.058767318725585938e+00 0.000000000000000000e+00
7.070000000000000000e+02 2.000000000000000000e+01 2.238204956054687500e+00 1.058783054351806641e+00 0.000000000000000000e+00
7.080000000000000000e+02 2.000000000000000000e+01 2.238038539886474609e+00 1.066732287406921387e+00 0.000000000000000000e+00
7.090000000000000000e+02 2.000000000000000000e+01 4.174534797668457031e+00 1.072040081024169922e+00 0.000000000000000000e+00
7.100000000000000000e+02 2.000000000000000000e+01 7.224844360351562500e+01 1.074820041656494141e+00 1.000000000000000000e+00
7.110000000000000000e+02 2.000000000000000000e+01 6.576482391357421875e+01 1.014913439750671387e+00 1.000000000000000000e+00
7.120000000000000000e+02 2.000000000000000000e+01 6.573175811767578125e+01 9.864091873168945312e-01 1.000000000000000000e+00
7.130000000000000000e+02 2.000000000000000000e+01 6.565282440185546875e+01 9.428414106369018555e-01 1.000000000000000000e+00
7.140000000000000000e+02 2.000000000000000000e+01 6.559265899658203125e+01 9.687057733535766602e-01 1.000000000000000000e+00
7.150000000000000000e+02 2.000000000000000000e+01 2.096589965820312500e+02 1.021086931228637695e+00 1.000000000000000000e+00
7.160000000000000000e+02 2.000000000000000000e+01 4.640056152343750000e+02 1.027550935745239258e+00 1.000000000000000000e+00
7.170000000000000000e+02 2.000000000000000000e+01 2.812367248535156250e+02 1.050225734710693359e+00 1.000000000000000000e+00
7.180000000000000000e+02 2.000000000000000000e+01 6.533528137207031250e+01 1.080576658248901367e+00 1.000000000000000000e+00
7.190000000000000000e+02 2.000000000000000000e+01 6.526470947265625000e+01 1.056811213493347168e+00 1.000000000000000000e+00
7.200000000000000000e+02 2.000000000000000000e+01 2.276580095291137695e+00 1.010780334472656250e+00 0.000000000000000000e+00
7.210000000000000000e+02 2.000000000000000000e+01 2.276263236999511719e+00 1.017346739768981934e+00 0.000000000000000000e+00
7.220000000000000000e+02 2.000000000000000000e+01 2.275727272033691406e+00 1.023346424102783203e+00 0.000000000000000000e+00
7.230000000000000000e+02 2.000000000000000000e+01 2.275136470794677734e+00 1.023506999015808105e+00 0.000000000000000000e+00
7.240000000000000000e+02 2.000000000000000000e+01 2.274687767028808594e+00 1.018673658370971680e+00 0.000000000000000000e+00
7.250000000000000000e+02 2.000000000000000000e+01 2.274476051330566406e+00 1.013113856315612793e+00 0.000000000000000000e+00
7.260000000000000000e+02 2.000000000000000000e+01 2.274418115615844727e+00 1.010032892227172852e+00 0.000000000000000000e+00
7.270000000000000000e+02 2.000000000000000000e+01 2.274426698684692383e+00 1.008649587631225586e+00 0.000000000000000000e+00
7.280000000000000000e+02 2.000000000000000000e+01 2.274459362030029297e+00 1.006277084350585938e+00 0.000000000000000000e+00
7.290000000000000000e+02 2.000000000000000000e+01 2.274422168731689453e+00 1.002132534980773926e+00 0.000000000000000000e+00
7.300000000000000000e+02 2.000000000000000000e+01 6.483109283447265625e+01 9.996303915977478027e-01 1.000000000000000000e+00
7.310000000000000000e+02 2.000000000000000000e+01 6.477961730957031250e+01 9.402602314949035645e-01 1.000000000000000000e+00
7.320000000000000000e+02 2.000000000000000000e+01 2.050671691894531250e+02 9.190608263015747070e-01 1.000000000000000000e+00
7.330000000000000000e+02 2.000000000000000000e+01 6.804373779296875000e+02 9.105072021484375000e-01 1.000000000000000000e+00
7.340000000000000000e+02 2.000000000000000000e+01 6.435628662109375000e+02 9.301768541336059570e-01 1.000000000000000000e+00
7.350000000000000000e+02 2.000000000000000000e+01 1.735074920654296875e+02 9.780407547950744629e-01 1.000000000000000000e+00
7.360000000000000000e+02 2.000000000000000000e+01 6.467173767089843750e+01 9.653859138488769531e-01 1.000000000000000000e+00
7.370000000000000000e+02 2.000000000000000000e+01 1.247969818115234375e+02 9.139485359191894531e-01 1.000000000000000000e+00
7.380000000000000000e+02 2.000000000000000000e+01 1.236619873046875000e+02 8.696919679641723633e-01 1.000000000000000000e+00
7.390000000000000000e+02 2.000000000000000000e+01 6.452029418945312500e+01 8.490586876869201660e-01 1.000000000000000000e+00
7.400000000000000000e+02 2.000000000000000000e+01 2.352378368377685547e+00 8.901767730712890625e-01 0.000000000000000000e+00
7.410000000000000000e+02 2.000000000000000000e+01 2.312831401824951172e+00 8.874735832214355469e-01 0.000000000000000000e+00
7.420000000000000000e+02 2.000000000000000000e+01 2.311676502227783203e+00 8.887528181076049805e-01 0.000000000000000000e+00
7.430000000000000000e+02 2.000000000000000000e+01 2.311356782913208008e+00 8.966835737228393555e-01 0.000000000000000000e+00
7.440000000000000000e+02 2.000000000000000000e+01 2.311124324798583984e+00 9.100777506828308105e-01 0.000000000000000000e+00
7.450000000000000000e+02 2.000000000000000000e+01 2.311011791229248047e+00 9.250282049179077148e-01 0.000000000000000000e+00
7.460000000000000000e+02 2.000000000000000000e+01 2.310980796813964844e+00 9.330953359603881836e-01 0.000000000000000000e+00
7.470000000000000000e+02 2.000000000000000000e+01 2.311003446578979492e+00 9.328851103782653809e-01 0.000000000000000000e+00
7.480000000000000000e+02 2.000000000000000000e+01 2.576885938644409180e+00 9.250324964523315430e-01 0.000000000000000000e+00
7.490000000000000000e+02 2.000000000000000000e+01 3.273658752441406250e+00 9.156781435012817383e-01 0.000000000000000000e+00
7.500000000000000000e+02 2.000000000000000000e+01 6.528758239746093750e+01 9.039351344108581543e-01 1.000000000000000000e+00
7.510000000000000000e+02 2.000000000000000000e+01 7.411299896240234375e+01 9.375579357147216797e-01 1.000000000000000000e+00
7.520000000000000000e+02 2.000000000000000000e+01 6.396099090576171875e+01 8.901578187942504883e-01 1.000000000000000000e+00
7.530000000000000000e+02 2.000000000000000000e+01 6.395324707031250000e+01 8.997374176979064941e-01 1.000000000000000000e+00
7.540000000000000000e+02 2.000000000000000000e+01 2.924033813476562500e+02 9.305329322814941406e-01 1.000000000000000000e+00
7.550000000000000000e+02 2.000000000000000000e+01 1.673271118164062500e+03 9.080712795257568359e-01 1.000000000000000000e+00
7.560000000000000000e+02 2.000000000000000000e+01 2.442619384765625000e+03 9.671428203582763672e-01 1.000000000000000000e+00
7.570000000000000000e+02 2.000000000000000000e+01 1.873626708984375000e+03 1.007358551025390625e+00 1.000000000000000000e+00
7.580000000000000000e+02 2.000000000000000000e+01 8.855341186523437500e+02 9.779288768768310547e-01 1.000000000000000000e+00
7.590000000000000000e+02 2.000000000000000000e+01 1.365080810546875000e+03 9.310680031776428223e-01 1.000000000000000000e+00
7.600000000000000000e+02 2.000000000000000000e+01 1.231813110351562500e+03 9.204121828079223633e-01 0.000000000000000000e+00
7.610000000000000000e+02 2.000000000000000000e+01 1.244266601562500000e+03 9.204064607620239258e-01 0.000000000000000000e+00
7.620000000000000000e+02 2.000000000000000000e+01 1.244480346679687500e+03 9.252868890762329102e-01 0.000000000000000000e+00
7.630000000000000000e+02 2.000000000000000000e+01 1.235896362304687500e+03 9.337961077690124512e-01 0.000000000000000000e+00
7.640000000000000000e+02 2.000000000000000000e+01 1.220082153320312500e+03 9.471694231033325195e-01 0.000000000000000000e+00
7.650000000000000000e+02 2.000000000000000000e+01 1.196940185546875000e+03 9.656639099121093750e-01 0.000000000000000000e+00
7.660000000000000000e+02 2.000000000000000000e+01 1.167421630859375000e+03 9.793368577957153320e-01 0.000000000000000000e+00
7.670000000000000000e+02 2.000000000000000000e+01 1.132944946289062500e+03 9.809666872024536133e-01 0.000000000000000000e+00
7.680000000000000000e+02 2.000000000000000000e+01 1.094109252929687500e+03 9.723494052886962891e-01 0.000000000000000000e+00
7.690000000000000000e+02 2.000000000000000000e+01 1.050021728515625000e+03 9.626758694648742676e-01 0.000000000000000000e+00
7.700000000000000000e+02 2.000000000000000000e+01 1.063874511718750000e+03 9.545104503631591797e-01 1.000000000000000000e+00
7.710000000000000000e+02 2.000000000000000000e+01 3.885503540039062500e+02 9.458356499671936035e-01 1.000000000000000000e+00
7.720000000000000000e+02 2.000000000000000000e+01 1.092160568237304688e+02 9.915411472320556641e-01 1.000000000000000000e+00
7.730000000000000000e+02 2.000000000000000000e+01 2.096712036132812500e+02 1.013192653656005859e+00 1.000000000000000000e+00
7.740000000000000000e+02 2.000000000000000000e+01 1.635829162597656250e+02 9.806393980979919434e-01 1.000000000000000000e+00
7.750000000000000000e+02 2.000000000000000000e+01 7.041103363037109375e+01 1.008023262023925781e+00 1.000000000000000000e+00
7.760000000000000000e+02 2.000000000000000000e+01 6.310180282592773438e+01 1.026949167251586914e+00 1.000000000000000000e+00
7.770000000000000000e+02 2.000000000000000000e+01 6.297861862182617188e+01 9.822189807891845703e-01 1.000000000000000000e+00
7.780000000000000000e+02 2.000000000000000000e+01 6.292094802856445312e+01 1.015133142471313477e+00 1.000000000000000000e+00
7.790000000000000000e+02 2.000000000000000000e+01 6.289235687255859375e+01 1.028630256652832031e+00 1.000000000000000000e+00
7.800000000000000000e+02 2.000000000000000000e+01 2.295994281768798828e+00 9.820984601974487305e-01 0.000000000000000000e+00
7.810000000000000000e+02 2.000000000000000000e+01 2.296267509460449219e+00 9.756679534912109375e-01 0.000000000000000000e+00
7.820000000000000000e+02 2.000000000000000000e+01 2.296269893646240234e+00 9.760510921478271484e-01 0.000000000000000000e+00
7.830000000000000000e+02 2.000000000000000000e+01 2.295999050140380859e+00 9.784686565399169922e-01 0.000000000000000000e+00
7.840000000000000000e+02 2.000000000000000000e+01 2.295548915863037109e+00 9.877273440361022949e-01 0.000000000000000000e+00
7.850000000000000000e+02 2.000000000000000000e+01 4.467634201049804688e+00 1.002989292144775391e+00 0.000000000000000000e+00
7.860000000000000000e+02 2.000000000000000000e+01 9.227040290832519531e+00 1.021084904670715332e+00 0.000000000000000000e+00
7.870000000000000000e+02 2.000000000000000000e+01 1.178212928771972656e+01 1.038888335227966309e+00 0.000000000000000000e+00
7.880000000000000000e+02 2.000000000000000000e+01 1.062868118286132812e+01 1.048371911048889160e+00 0.000000000000000000e+00
7.890000000000000000e+02 2.000000000000000000e+01 6.776682853698730469e+00 1.052293419837951660e+00 0.000000000000000000e+00
7.900000000000000000e+02 2.000000000000000000e+01 6.319841384887695312e+01 1.052694916725158691e+00 1.000000000000000000e+00
7.910000000000000000e+02 2.000000000000000000e+01 6.366502761840820312e+01 9.685205221176147461e-01 1.000000000000000000e+00
7.920000000000000000e+02 2.000000000000000000e+01 6.242150497436523438e+01 9.547159671783447266e-01 1.000000000000000000e+00
7.930000000000000000e+02 2.000000000000000000e+01 6.237015533447265625e+01 9.665082693099975586e-01 1.000000000000000000e+00
7.940000000000000000e+02 2.000000000000000000e+01 6.229825973510742188e+01 9.806441664695739746e-01 1.000000000000000000e+00
7.950000000000000000e+02 2.000000000000000000e+01 6.263339233398437500e+01 9.585715532302856445e-01 1.000000000000000000e+00
7.960000000000000000e+02 2.000000000000000000e+01 6.269239425659179688e+01 9.064745306968688965e-01 1.000000000000000000e+00
7.970000000000000000e+02 2.000000000000000000e+01 6.211800384521484375e+01 8.665088415145874023e-01 1.000000000000000000e+00
7.980000000000000000e+02 2.000000000000000000e+01 6.206967163085937500e+01 8.818877935409545898e-01 1.000000000000000000e+00
7.990000000000000000e+02 2.000000000000000000e+01 6.201495742797851562e+01 8.992993831634521484e-01 1.000000000000000000e+00
8.000000000000000000e+02 2.000000000000000000e+01 2.317249298095703125e+00 9.246622323989868164e-01 0.000000000000000000e+00
8.010000000000000000e+02 2.000000000000000000e+01 2.316598415374755859e+00 9.265747666358947754e-01 0.000000000000000000e+00
8.020000000000000000e+02 2.000000000000000000e+01 2.316015720367431641e+00 9.300204515457153320e-01 0.000000000000000000e+00
8.030000000000000000e+02 2.000000000000000000e+01 2.315555095672607422e+00 9.356855750083923340e-01 0.000000000000000000e+00
8.040000000000000000e+02 2.000000000000000000e+01 2.315204858779907227e+00 9.450106620788574219e-01 0.000000000000000000e+00
8.050000000000000000e+02 2.000000000000000000e+01 2.314927577972412109e+00 9.574851989746093750e-01 0.000000000000000000e+00
8.060000000000000000e+02 2.000000000000000000e+01 2.314744949340820312e+00 9.739583134651184082e-01 0.000000000000000000e+00
8.070000000000000000e+02 2.000000000000000000e+01 2.314708232879638672e+00 9.881231784820556641e-01 0.000000000000000000e+00
8.080000000000000000e+02 2.000000000000000000e+01 2.314743757247924805e+00 9.946587681770324707e-01 0.000000000000000000e+00
8.090000000000000000e+02 2.000000000000000000e+01 2.314716339111328125e+00 9.947566986083984375e-01 0.000000000000000000e+00
8.100000000000000000e+02 2.000000000000000000e+01 6.165686416625976562e+01 9.894216060638427734e-01 1.000000000000000000e+00
8.110000000000000000e+02 2.000000000000000000e+01 6.159952545166015625e+01 1.005301237106323242e+00 1.000000000000000000e+00
8.120000000000000000e+02 2.000000000000000000e+01 6.154652786254882812e+01 1.040662407875061035e+00 1.000000000000000000e+00
8.130000000000000000e+02 2.000000000000000000e+01 8.702751159667968750e+01 1.050971627235412598e+00 1.000000000000000000e+00
8.140000000000000000e+02 2.000000000000000000e+01 6.143995666503906250e+01 1.020276784896850586e+00 1.000000000000000000e+00
8.150000000000000000e+02 2.000000000000000000e+01 6.138909149169921875e+01 9.924287199974060059e-01 1.000000000000000000e+00
8.160000000000000000e+02 2.000000000000000000e+01 6.134341812133789062e+01 9.813216328620910645e-01 1.000000000000000000e+00
8.170000000000000000e+02 2.000000000000000000e+01 6.130310440063476562e+01 9.720056653022766113e-01 1.000000000000000000e+00
8.180000000000000000e+02 2.000000000000000000e+01 6.125802993774414062e+01 9.588873982429504395e-01 1.000000000000000000e+00
8.190000000000000000e+02 2.000000000000000000e+01 6.120808410644531250e+01 9.566307067871093750e-01 1.000000000000000000e+00
8.200000000000000000e+02 2.000000000000000000e+01 2.347898006439208984e+00 1.007433176040649414e+00 0.000000000000000000e+00
8.210000000000000000e+02 2.000000000000000000e+01 2.347694158554077148e+00 1.005614161491394043e+00 0.000000000000000000e+00
8.220000000000000000e+02 2.000000000000000000e+01 2.347462177276611328e+00 1.006425023078918457e+00 0.000000000000000000e+00
8.230000000000000000e+02 2.000000000000000000e+01 2.347236633300781250e+00 1.006812930107116699e+00 0.000000000000000000e+00
8.240000000000000000e+02 2.000000000000000000e+01 2.347019195556640625e+00 1.005654811859130859e+00 0.000000000000000000e+00
8.250000000000000000e+02 2.000000000000000000e+01 2.346924543380737305e+00 1.005402684211730957e+00 0.000000000000000000e+00
8.260000000000000000e+02 2.000000000000000000e+01 2.346894502639770508e+00 1.003029465675354004e+00 0.000000000000000000e+00
8.270000000000000000e+02 2.000000000000000000e+01 2.346888065338134766e+00 1.004020214080810547e+00 0.000000000000000000e+00
8.280000000000000000e+02 2.000000000000000000e+01 2.346886634826660156e+00 1.003644347190856934e+00 0.000000000000000000e+00
8.290000000000000000e+02 2.000000000000000000e+01 2.346830368041992188e+00 1.003099679946899414e+00 0.000000000000000000e+00
8.300000000000000000e+02 2.000000000000000000e+01 6.076002120971679688e+01 1.004430294036865234e+00 1.000000000000000000e+00
8.310000000000000000e+02 2.000000000000000000e+01 6.070824813842773438e+01 1.040985703468322754e+00 1.000000000000000000e+00
8.320000000000000000e+02 2.000000000000000000e+01 6.064960098266601562e+01 1.041639924049377441e+00 1.000000000000000000e+00
8.330000000000000000e+02 2.000000000000000000e+01 8.070535278320312500e+01 1.011869668960571289e+00 1.000000000000000000e+00
8.340000000000000000e+02 2.000000000000000000e+01 1.004949417114257812e+02 9.796191453933715820e-01 1.000000000000000000e+00
8.350000000000000000e+02 2.000000000000000000e+01 6.699406433105468750e+01 9.447182416915893555e-01 1.000000000000000000e+00
8.360000000000000000e+02 2.000000000000000000e+01 6.052282333374023438e+01 9.197959303855895996e-01 1.000000000000000000e+00
8.370000000000000000e+02 2.000000000000000000e+01 8.601322937011718750e+01 8.986682891845703125e-01 1.000000000000000000e+00
8.380000000000000000e+02 2.000000000000000000e+01 6.548407745361328125e+01 9.402446746826171875e-01 1.000000000000000000e+00
8.390000000000000000e+02 2.000000000000000000e+01 7.121456909179687500e+01 9.742480516433715820e-01 1.000000000000000000e+00
8.400000000000000000e+02 2.000000000000000000e+01 4.830421447753906250e+02 9.668109416961669922e-01 0.000000000000000000e+00
8.410000000000000000e+02 2.000000000000000000e+01 4.783276062011718750e+02 9.658562541007995605e-01 0.000000000000000000e+00
8.420000000000000000e+02 2.000000000000000000e+01 4.672466125488281250e+02 9.656676650047302246e-01 0.000000000000000000e+00
8.430000000000000000e+02 2.000000000000000000e+01 4.506931152343750000e+02 9.683356285095214844e-01 0.000000000000000000e+00
8.440000000000000000e+02 2.000000000000000000e+01 4.296006164550781250e+02 9.727790951728820801e-01 0.000000000000000000e+00
8.450000000000000000e+02 2.000000000000000000e+01 4.046311950683593750e+02 9.753215312957763672e-01 0.000000000000000000e+00
8.460000000000000000e+02 2.000000000000000000e+01 3.765461120605468750e+02 9.745539426803588867e-01 0.000000000000000000e+00
8.470000000000000000e+02 2.000000000000000000e+01 3.463550109863281250e+02 9.746069908142089844e-01 0.000000000000000000e+00
8.480000000000000000e+02 2.000000000000000000e+01 3.146682128906250000e+02 9.785091876983642578e-01 0.000000000000000000e+00
8.490000000000000000e+02 2.000000000000000000e+01 2.821559753417968750e+02 9.859535098075866699e-01 0.000000000000000000e+00
8.500000000000000000e+02 2.000000000000000000e+01 3.069862060546875000e+02 9.910758733749389648e-01 1.000000000000000000e+00
8.510000000000000000e+02 2.000000000000000000e+01 4.061873779296875000e+02 9.916814565658569336e-01 1.000000000000000000e+00
8.520000000000000000e+02 2.000000000000000000e+01 1.449028625488281250e+02 9.996271729469299316e-01 1.000000000000000000e+00
8.530000000000000000e+02 2.000000000000000000e+01 5.995796966552734375e+01 9.590232968330383301e-01 1.000000000000000000e+00
8.540000000000000000e+02 2.000000000000000000e+01 5.988653564453125000e+01 9.151941537857055664e-01 1.000000000000000000e+00
8.550000000000000000e+02 2.000000000000000000e+01 6.912019348144531250e+01 8.827958106994628906e-01 1.000000000000000000e+00
8.560000000000000000e+02 2.000000000000000000e+01 8.581845092773437500e+01 8.785333633422851562e-01 1.000000000000000000e+00
8.570000000000000000e+02 2.000000000000000000e+01 9.157909393310546875e+01 8.919236063957214355e-01 1.000000000000000000e+00
8.580000000000000000e+02 2.000000000000000000e+01 5.959101104736328125e+01 8.859176635742187500e-01 1.000000000000000000e+00
8.590000000000000000e+02 2.000000000000000000e+01 5.950082778930664062e+01 8.546313047409057617e-01 1.000000000000000000e+00
8.600000000000000000e+02 2.000000000000000000e+01 2.395938873291015625e+00 8.777204751968383789e-01 0.000000000000000000e+00
8.610000000000000000e+02 2.000000000000000000e+01 2.396225452423095703e+00 8.912070989608764648e-01 0.000000000000000000e+00
8.620000000000000000e+02 2.000000000000000000e+01 2.396268606185913086e+00 8.892818689346313477e-01 0.000000000000000000e+00
8.630000000000000000e+02 2.000000000000000000e+01 2.396199703216552734e+00 8.788412213325500488e-01 0.000000000000000000e+00
8.640000000000000000e+02 2.000000000000000000e+01 2.396096706390380859e+00 8.669167757034301758e-01 0.000000000000000000e+00
8.650000000000000000e+02 2.000000000000000000e+01 2.395972490310668945e+00 8.617676496505737305e-01 0.000000000000000000e+00
8.660000000000000000e+02 2.000000000000000000e+01 2.395796775817871094e+00 8.674305677413940430e-01 0.000000000000000000e+00
8.670000000000000000e+02 2.000000000000000000e+01 2.395489692687988281e+00 8.728668689727783203e-01 0.000000000000000000e+00
8.680000000000000000e+02 2.000000000000000000e+01 2.395077705383300781e+00 8.736292123794555664e-01 0.000000000000000000e+00
8.690000000000000000e+02 2.000000000000000000e+01 2.394603013992309570e+00 8.682159185409545898e-01 0.000000000000000000e+00
8.700000000000000000e+02 2.000000000000000000e+01 5.903921127319335938e+01 8.617213368415832520e-01 1.000000000000000000e+00
8.710000000000000000e+02 2.000000000000000000e+01 5.899259948730468750e+01 8.662210702896118164e-01 1.000000000000000000e+00
8.720000000000000000e+02 2.000000000000000000e+01 8.066461944580078125e+01 8.830940723419189453e-01 1.000000000000000000e+00
8.730000000000000000e+02 2.000000000000000000e+01 8.255022430419921875e+01 8.937009572982788086e-01 1.000000000000000000e+00
8.740000000000000000e+02 2.000000000000000000e+01 5.888608551025390625e+01 9.046799540519714355e-01 1.000000000000000000e+00
8.750000000000000000e+02 2.000000000000000000e+01 5.886038208007812500e+01 9.049922227859497070e-01 1.000000000000000000e+00
8.760000000000000000e+02 2.000000000000000000e+01 5.880213165283203125e+01 8.828797936439514160e-01 1.000000000000000000e+00
8.770000000000000000e+02 2.000000000000000000e+01 5.874087524414062500e+01 8.668369650840759277e-01 1.000000000000000000e+00
8.780000000000000000e+02 2.000000000000000000e+01 6.131336212158203125e+01 8.590520024299621582e-01 1.000000000000000000e+00
8.790000000000000000e+02 2.000000000000000000e+01 6.437085723876953125e+01 8.875826597213745117e-01 1.000000000000000000e+00
8.800000000000000000e+02 2.000000000000000000e+01 2.414096355438232422e+00 9.245145916938781738e-01 0.000000000000000000e+00
8.810000000000000000e+02 2.000000000000000000e+01 2.413730144500732422e+00 9.271374344825744629e-01 0.000000000000000000e+00
8.820000000000000000e+02 2.000000000000000000e+01 2.413227081298828125e+00 9.342370033264160156e-01 0.000000000000000000e+00
8.830000000000000000e+02 2.000000000000000000e+01 2.412745952606201172e+00 9.392148256301879883e-01 0.000000000000000000e+00
8.840000000000000000e+02 2.000000000000000000e+01 2.412474155426025391e+00 9.407645463943481445e-01 0.000000000000000000e+00
8.850000000000000000e+02 2.000000000000000000e+01 2.412366390228271484e+00 9.379157423973083496e-01 0.000000000000000000e+00
8.860000000000000000e+02 2.000000000000000000e+01 2.412329435348510742e+00 9.378820061683654785e-01 0.000000000000000000e+00
8.870000000000000000e+02 2.000000000000000000e+01 2.412280082702636719e+00 9.378368258476257324e-01 0.000000000000000000e+00
8.880000000000000000e+02 2.000000000000000000e+01 2.412211894989013672e+00 9.455066919326782227e-01 0.000000000000000000e+00
8.890000000000000000e+02 2.000000000000000000e+01 2.412190914154052734e+00 9.556129574775695801e-01 0.000000000000000000e+00
8.900000000000000000e+02 2.000000000000000000e+01 5.820518493652343750e+01 9.592297673225402832e-01 1.000000000000000000e+00
8.910000000000000000e+02 2.000000000000000000e+01 5.813217163085937500e+01 9.682512879371643066e-01 1.000000000000000000e+00
8.920000000000000000e+02 2.000000000000000000e+01 5.825400543212890625e+01 9.868832826614379883e-01 1.000000000000000000e+00
8.930000000000000000e+02 2.000000000000000000e+01 5.810684967041015625e+01 1.000345706939697266e+00 1.000000000000000000e+00
8.940000000000000000e+02 2.000000000000000000e+01 5.947264862060546875e+01 9.769613146781921387e-01 1.000000000000000000e+00
8.950000000000000000e+02 2.000000000000000000e+01 7.974157714843750000e+01 9.547969102859497070e-01 1.000000000000000000e+00
8.960000000000000000e+02 2.000000000000000000e+01 7.700820922851562500e+01 9.552664756774902344e-01 1.000000000000000000e+00
8.970000000000000000e+02 2.000000000000000000e+01 5.829296112060546875e+01 9.945896267890930176e-01 1.000000000000000000e+00
8.980000000000000000e+02 2.000000000000000000e+01 5.834109497070312500e+01 9.778357744216918945e-01 1.000000000000000000e+00
8.990000000000000000e+02 2.000000000000000000e+01 5.786734390258789062e+01 9.690182209014892578e-01 1.000000000000000000e+00
9.000000000000000000e+02 2.000000000000000000e+01 2.414276361465454102e+00 9.754170179367065430e-01 0.000000000000000000e+00
9.010000000000000000e+02 2.000000000000000000e+01 2.414118766784667969e+00 9.750863909721374512e-01 0.000000000000000000e+00
9.020000000000000000e+02 2.000000000000000000e+01 2.413942813873291016e+00 9.760483503341674805e-01 0.000000000000000000e+00
9.030000000000000000e+02 2.000000000000000000e+01 2.413780450820922852e+00 9.745022058486938477e-01 0.000000000000000000e+00
9.040000000000000000e+02 2.000000000000000000e+01 2.413586854934692383e+00 9.724491238594055176e-01 0.000000000000000000e+00
9.050000000000000000e+02 2.000000000000000000e+01 2.413424491882324219e+00 9.735326766967773438e-01 0.000000000000000000e+00
9.060000000000000000e+02 2.000000000000000000e+01 2.413380622863769531e+00 9.754098057746887207e-01 0.000000000000000000e+00
9.070000000000000000e+02 2.000000000000000000e+01 2.413344383239746094e+00 9.787131547927856445e-01 0.000000000000000000e+00
9.080000000000000000e+02 2.000000000000000000e+01 2.413220167160034180e+00 9.826803803443908691e-01 0.000000000000000000e+00
9.090000000000000000e+02 2.000000000000000000e+01 2.413173675537109375e+00 9.815531373023986816e-01 0.000000000000000000e+00
9.100000000000000000e+02 2.000000000000000000e+01 5.739186096191406250e+01 9.799093008041381836e-01 1.000000000000000000e+00
9.110000000000000000e+02 2.000000000000000000e+01 5.733189392089843750e+01 1.029877781867980957e+00 1.000000000000000000e+00
9.120000000000000000e+02 2.000000000000000000e+01 5.034113159179687500e+02 1.060379624366760254e+00 1.000000000000000000e+00
9.130000000000000000e+02 2.000000000000000000e+01 2.740153320312500000e+03 1.059922218322753906e+00 1.000000000000000000e+00
9.140000000000000000e+02 2.000000000000000000e+01 4.441246093750000000e+03 1.083277821540832520e+00 1.000000000000000000e+00
9.150000000000000000e+02 2.000000000000000000e+01 4.351283691406250000e+03 1.106384754180908203e+00 1.000000000000000000e+00
9.160000000000000000e+02 2.000000000000000000e+01 2.664507812500000000e+03 1.052002787590026855e+00 1.000000000000000000e+00
9.170000000000000000e+02 2.000000000000000000e+01 6.357526855468750000e+02 1.028123617172241211e+00 1.000000000000000000e+00
9.180000000000000000e+02 2.000000000000000000e+01 5.721386337280273438e+01 1.043400406837463379e+00 1.000000000000000000e+00
9.190000000000000000e+02 2.000000000000000000e+01 5.720014953613281250e+01 1.047329187393188477e+00 1.000000000000000000e+00
9.200000000000000000e+02 2.000000000000000000e+01 2.431676864624023438e+00 1.031031370162963867e+00 0.000000000000000000e+00
9.210000000000000000e+02 2.000000000000000000e+01 2.431495666503906250e+00 1.031608819961547852e+00 0.000000000000000000e+00
9.220000000000000000e+02 2.000000000000000000e+01 2.431238174438476562e+00 1.036107778549194336e+00 0.000000000000000000e+00
9.230000000000000000e+02 2.000000000000000000e+01 2.431045055389404297e+00 1.042449474334716797e+00 0.000000000000000000e+00
9.240000000000000000e+02 2.000000000000000000e+01 2.430919885635375977e+00 1.046445846557617188e+00 0.000000000000000000e+00
9.250000000000000000e+02 2.000000000000000000e+01 2.430823564529418945e+00 1.050577878952026367e+00 0.000000000000000000e+00
9.260000000000000000e+02 2.000000000000000000e+01 2.430762290954589844e+00 1.054673314094543457e+00 0.000000000000000000e+00
9.270000000000000000e+02 2.000000000000000000e+01 2.430768728256225586e+00 1.062712550163269043e+00 0.000000000000000000e+00
9.280000000000000000e+02 2.000000000000000000e+01 2.430793285369873047e+00 1.066890597343444824e+00 0.000000000000000000e+00
9.290000000000000000e+02 2.000000000000000000e+01 2.430734634399414062e+00 1.062710762023925781e+00 0.000000000000000000e+00
9.300000000000000000e+02 2.000000000000000000e+01 5.673828887939453125e+01 1.051780581474304199e+00 1.000000000000000000e+00
9.310000000000000000e+02 2.000000000000000000e+01 5.667013549804687500e+01 1.026707530021667480e+00 1.000000000000000000e+00
9.320000000000000000e+02 2.000000000000000000e+01 5.662584686279296875e+01 1.053108811378479004e+00 1.000000000000000000e+00
9.330000000000000000e+02 2.000000000000000000e+01 5.652943420410156250e+01 1.051181554794311523e+00 1.000000000000000000e+00
9.340000000000000000e+02 2.000000000000000000e+01 5.644659042358398438e+01 1.044834613800048828e+00 1.000000000000000000e+00
9.350000000000000000e+02 2.000000000000000000e+01 6.042067718505859375e+01 1.013983607292175293e+00 1.000000000000000000e+00
9.360000000000000000e+02 2.000000000000000000e+01 7.500290679931640625e+01 9.620218276977539062e-01 1.000000000000000000e+00
9.370000000000000000e+02 2.000000000000000000e+01 5.714896774291992188e+01 9.004598855972290039e-01 1.000000000000000000e+00
9.380000000000000000e+02 2.000000000000000000e+01 5.609122085571289062e+01 8.597631454467773438e-01 1.000000000000000000e+00
9.390000000000000000e+02 2.000000000000000000e+01 5.603009033203125000e+01 8.175618052482604980e-01 1.000000000000000000e+00
9.400000000000000000e+02 2.000000000000000000e+01 1.313735961914062500e+01 8.132963776588439941e-01 0.000000000000000000e+00
9.410000000000000000e+02 2.000000000000000000e+01 1.266822528839111328e+01 8.131982088088989258e-01 0.000000000000000000e+00
9.420000000000000000e+02 2.000000000000000000e+01 8.961971282958984375e+00 8.168137073516845703e-01 0.000000000000000000e+00
9.430000000000000000e+02 2.000000000000000000e+01 4.389594078063964844e+00 8.230671882629394531e-01 0.000000000000000000e+00
9.440000000000000000e+02 2.000000000000000000e+01 2.455754280090332031e+00 8.290634155273437500e-01 0.000000000000000000e+00
9.450000000000000000e+02 2.000000000000000000e+01 2.455691337585449219e+00 8.319187164306640625e-01 0.000000000000000000e+00
9.460000000000000000e+02 2.000000000000000000e+01 2.455695629119873047e+00 8.345723748207092285e-01 0.000000000000000000e+00
9.470000000000000000e+02 2.000000000000000000e+01 2.455637931823730469e+00 8.333643674850463867e-01 0.000000000000000000e+00
9.480000000000000000e+02 2.000000000000000000e+01 2.455579280853271484e+00 8.291376829147338867e-01 0.000000000000000000e+00
9.490000000000000000e+02 2.000000000000000000e+01 2.455559492111206055e+00 8.292118310928344727e-01 0.000000000000000000e+00
9.500000000000000000e+02 2.000000000000000000e+01 5.766316223144531250e+01 8.311021327972412109e-01 1.000000000000000000e+00
9.510000000000000000e+02 2.000000000000000000e+01 5.554935073852539062e+01 8.551763296127319336e-01 1.000000000000000000e+00
9.520000000000000000e+02 2.000000000000000000e+01 5.550999832153320312e+01 8.652626872062683105e-01 1.000000000000000000e+00
9.530000000000000000e+02 2.000000000000000000e+01 6.796863555908203125e+01 8.369162082672119141e-01 1.000000000000000000e+00
9.540000000000000000e+02 2.000000000000000000e+01 6.016047668457031250e+01 9.271694421768188477e-01 1.000000000000000000e+00
9.550000000000000000e+02 2.000000000000000000e+01 5.562599563598632812e+01 1.029872417449951172e+00 1.000000000000000000e+00
9.560000000000000000e+02 2.000000000000000000e+01 5.599815750122070312e+01 9.603261947631835938e-01 1.000000000000000000e+00
9.570000000000000000e+02 2.000000000000000000e+01 5.538874816894531250e+01 9.217479825019836426e-01 1.000000000000000000e+00
9.580000000000000000e+02 2.000000000000000000e+01 5.531829071044921875e+01 9.055399894714355469e-01 1.000000000000000000e+00
9.590000000000000000e+02 2.000000000000000000e+01 1.719830017089843750e+02 8.713266253471374512e-01 1.000000000000000000e+00
9.600000000000000000e+02 2.000000000000000000e+01 1.545709533691406250e+02 8.671556711196899414e-01 0.000000000000000000e+00
9.610000000000000000e+02 2.000000000000000000e+01 1.540406799316406250e+02 8.729535937309265137e-01 0.000000000000000000e+00
9.620000000000000000e+02 2.000000000000000000e+01 1.506035461425781250e+02 8.754023909568786621e-01 0.000000000000000000e+00
9.630000000000000000e+02 2.000000000000000000e+01 1.446431274414062500e+02 8.745270371437072754e-01 0.000000000000000000e+00
9.640000000000000000e+02 2.000000000000000000e+01 1.365662536621093750e+02 8.690958619117736816e-01 0.000000000000000000e+00
9.650000000000000000e+02 2.000000000000000000e+01 1.267859191894531250e+02 8.612379431724548340e-01 0.000000000000000000e+00
9.660000000000000000e+02 2.000000000000000000e+01 1.157101516723632812e+02 8.545536994934082031e-01 0.000000000000000000e+00
9.670000000000000000e+02 2.000000000000000000e+01 2.740687988281250000e+03 8.558957576751708984e-01 0.000000000000000000e+00
9.680000000000000000e+02 2.000000000000000000e+01 7.895749511718750000e+03 8.706277608871459961e-01 0.000000000000000000e+00
9.690000000000000000e+02 2.000000000000000000e+01 1.121619238281250000e+04 8.767914772033691406e-01 0.000000000000000000e+00
9.700000000000000000e+02 2.000000000000000000e+01 1.108777343750000000e+04 8.715946674346923828e-01 1.000000000000000000e+00
9.710000000000000000e+02 2.000000000000000000e+01 1.121517187500000000e+04 8.655045032501220703e-01 1.000000000000000000e+00
9.720000000000000000e+02 2.000000000000000000e+01 9.730550781250000000e+03 8.797437548637390137e-01 1.000000000000000000e+00
9.730000000000000000e+02 2.000000000000000000e+01 7.047282226562500000e+03 8.871692419052124023e-01 1.000000000000000000e+00
9.740000000000000000e+02 2.000000000000000000e+01 3.918148681640625000e+03 9.003559350967407227e-01 1.000000000000000000e+00
9.750000000000000000e+02 2.000000000000000000e+01 1.254804443359375000e+03 9.054151177406311035e-01 1.000000000000000000e+00
9.760000000000000000e+02 2.000000000000000000e+01 6.086655426025390625e+01 9.019415974617004395e-01 1.000000000000000000e+00
9.770000000000000000e+02 2.000000000000000000e+01 5.993513488769531250e+01 9.089580774307250977e-01 1.000000000000000000e+00
9.780000000000000000e+02 2.000000000000000000e+01 3.454526977539062500e+02 9.288132786750793457e-01 1.000000000000000000e+00
9.790000000000000000e+02 2.000000000000000000e+01 5.368217773437500000e+02 9.805431365966796875e-01 1.000000000000000000e+00
9.800000000000000000e+02 2.000000000000000000e+01 3.394453735351562500e+02 9.748126268386840820e-01 0.000000000000000000e+00
9.810000000000000000e+02 2.000000000000000000e+01 2.699507751464843750e+02 9.802021980285644531e-01 0.000000000000000000e+00
9.820000000000000000e+02 2.000000000000000000e+01 1.894009094238281250e+02 9.837027788162231445e-01 0.000000000000000000e+00
9.830000000000000000e+02 2.000000000000000000e+01 1.154570617675781250e+02 9.797363281250000000e-01 0.000000000000000000e+00
9.840000000000000000e+02 2.000000000000000000e+01 6.706142425537109375e+01 9.755211472511291504e-01 0.000000000000000000e+00
9.850000000000000000e+02 2.000000000000000000e+01 5.315953063964843750e+01 9.737018346786499023e-01 0.000000000000000000e+00
9.860000000000000000e+02 2.000000000000000000e+01 3.007192993164062500e+02 9.772434830665588379e-01 0.000000000000000000e+00
9.870000000000000000e+02 2.000000000000000000e+01 1.601180053710937500e+03 9.702954292297363281e-01 0.000000000000000000e+00
9.880000000000000000e+02 2.000000000000000000e+01 1.978909545898437500e+03 9.652782082557678223e-01 0.000000000000000000e+00
9.890000000000000000e+02 2.000000000000000000e+01 1.030424438476562500e+03 9.661961197853088379e-01 0.000000000000000000e+00
9.900000000000000000e+02 2.000000000000000000e+01 1.536932006835937500e+03 9.742279052734375000e-01 1.000000000000000000e+00
9.910000000000000000e+02 2.000000000000000000e+01 1.515111083984375000e+03 9.534889459609985352e-01 1.000000000000000000e+00
9.920000000000000000e+02 2.000000000000000000e+01 1.525649169921875000e+03 9.085353612899780273e-01 1.000000000000000000e+00
9.930000000000000000e+02 2.000000000000000000e+01 1.711321533203125000e+03 8.703819513320922852e-01 1.000000000000000000e+00
9.940000000000000000e+02 2.000000000000000000e+01 1.639351318359375000e+03 8.609738945960998535e-01 1.000000000000000000e+00
9.950000000000000000e+02 2.000000000000000000e+01 1.509501586914062500e+03 8.402687311172485352e-01 1.000000000000000000e+00
9.960000000000000000e+02 2.000000000000000000e+01 1.908082519531250000e+03 8.410909175872802734e-01 1.000000000000000000e+00
9.970000000000000000e+02 2.000000000000000000e+01 2.315843994140625000e+03 8.419324159622192383e-01 1.000000000000000000e+00
9.980000000000000000e+02 2.000000000000000000e+01 2.109619384765625000e+03 8.731985688209533691e-01 1.000000000000000000e+00
9.990000000000000000e+02 2.000000000000000000e+01 1.580856079101562500e+03 8.785992860794067383e-01 1.000000000000000000e+00
1.001000000000000000e+03 2.000000000000000000e+01 2.154280185699462891e+00 5.209288120269775391e+00 0.000000000000000000e+00
1.002000000000000000e+03 2.000000000000000000e+01 2.063023567199707031e+00 5.245538711547851562e+00 0.000000000000000000e+00
1.003000000000000000e+03 2.000000000000000000e+01 2.015902042388916016e+00 5.376715660095214844e+00 0.000000000000000000e+00
1.004000000000000000e+03 2.000000000000000000e+01 1.991873860359191895e+00 5.536202430725097656e+00 0.000000000000000000e+00
1.005000000000000000e+03 2.000000000000000000e+01 1.978668212890625000e+00 5.705130577087402344e+00 0.000000000000000000e+00
1.006000000000000000e+03 2.000000000000000000e+01 1.969867229461669922e+00 5.812799930572509766e+00 0.000000000000000000e+00
1.007000000000000000e+03 2.000000000000000000e+01 1.962830185890197754e+00 5.828476428985595703e+00 0.000000000000000000e+00
1.008000000000000000e+03 2.000000000000000000e+01 1.956813573837280273e+00 5.823647499084472656e+00 0.000000000000000000e+00
1.009000000000000000e+03 2.000000000000000000e+01 1.951989412307739258e+00 5.814990043640136719e+00 0.000000000000000000e+00
1.010000000000000000e+03 2.000000000000000000e+01 5.767862701416015625e+01 5.794417381286621094e+00 1.000000000000000000e+00
1.011000000000000000e+03 2.000000000000000000e+01 5.623915100097656250e+01 4.101334095001220703e+00 1.000000000000000000e+00
1.012000000000000000e+03 2.000000000000000000e+01 5.588340759277343750e+01 3.129158496856689453e+00 1.000000000000000000e+00
1.013000000000000000e+03 2.000000000000000000e+01 5.559609985351562500e+01 2.532903909683227539e+00 1.000000000000000000e+00
1.014000000000000000e+03 2.000000000000000000e+01 5.512038803100585938e+01 1.889084339141845703e+00 1.000000000000000000e+00
1.015000000000000000e+03 2.000000000000000000e+01 5.469336700439453125e+01 1.400155425071716309e+00 1.000000000000000000e+00
1.016000000000000000e+03 2.000000000000000000e+01 5.456385803222656250e+01 1.255071759223937988e+00 1.000000000000000000e+00
1.017000000000000000e+03 2.000000000000000000e+01 5.458083724975585938e+01 1.247619152069091797e+00 1.000000000000000000e+00
1.018000000000000000e+03 2.000000000000000000e+01 5.450355911254882812e+01 1.152302742004394531e+00 1.000000000000000000e+00
1.019000000000000000e+03 2.000000000000000000e+01 5.431613922119140625e+01 1.002291321754455566e+00 1.000000000000000000e+00
1.020000000000000000e+03 2.000000000000000000e+01 4.232122421264648438e+01 9.272145032882690430e-01 0.000000000000000000e+00
1.021000000000000000e+03 2.000000000000000000e+01 1.957463979721069336e+00 9.514315128326416016e-01 0.000000000000000000e+00
1.022000000000000000e+03 2.000000000000000000e+01 1.952679038047790527e+00 9.724797010421752930e-01 0.000000000000000000e+00
1.023000000000000000e+03 2.000000000000000000e+01 1.948213338851928711e+00 9.813798666000366211e-01 0.000000000000000000e+00
1.024000000000000000e+03 2.000000000000000000e+01 1.944394826889038086e+00 9.779349565505981445e-01 0.000000000000000000e+00
1.025000000000000000e+03 2.000000000000000000e+01 1.941307187080383301e+00 9.648104906082153320e-01 0.000000000000000000e+00
1.026000000000000000e+03 2.000000000000000000e+01 1.938800096511840820e+00 9.635191559791564941e-01 0.000000000000000000e+00
1.027000000000000000e+03 2.000000000000000000e+01 1.936936616897583008e+00 9.724855422973632812e-01 0.000000000000000000e+00
1.028000000000000000e+03 2.000000000000000000e+01 1.935548543930053711e+00 9.796003103256225586e-01 0.000000000000000000e+00
1.029000000000000000e+03 2.000000000000000000e+01 1.934118032455444336e+00 9.849760532379150391e-01 0.000000000000000000e+00
1.030000000000000000e+03 2.000000000000000000e+01 5.375669479370117188e+01 9.877275228500366211e-01 1.000000000000000000e+00
1.031000000000000000e+03 2.000000000000000000e+01 5.360388946533203125e+01 9.918277263641357422e-01 1.000000000000000000e+00
1.032000000000000000e+03 2.000000000000000000e+01 5.346857070922851562e+01 1.020912528038024902e+00 1.000000000000000000e+00
1.033000000000000000e+03 2.000000000000000000e+01 5.332830047607421875e+01 9.842220544815063477e-01 1.000000000000000000e+00
1.034000000000000000e+03 2.000000000000000000e+01 5.320186996459960938e+01 9.305360913276672363e-01 1.000000000000000000e+00
1.035000000000000000e+03 2.000000000000000000e+01 5.310139465332031250e+01 8.710968494415283203e-01 1.000000000000000000e+00
1.036000000000000000e+03 2.000000000000000000e+01 5.302055740356445312e+01 8.371967077255249023e-01 1.000000000000000000e+00
1.037000000000000000e+03 2.000000000000000000e+01 5.296348190307617188e+01 8.565421104431152344e-01 1.000000000000000000e+00
1.038000000000000000e+03 2.000000000000000000e+01 5.292757797241210938e+01 9.378454685211181641e-01 1.000000000000000000e+00
1.039000000000000000e+03 2.000000000000000000e+01 5.287476730346679688e+01 9.557484388351440430e-01 1.000000000000000000e+00
1.040000000000000000e+03 2.000000000000000000e+01 1.942831516265869141e+00 8.768227696418762207e-01 0.000000000000000000e+00
1.041000000000000000e+03 2.000000000000000000e+01 1.940676450729370117e+00 8.776822686195373535e-01 0.000000000000000000e+00
1.042000000000000000e+03 2.000000000000000000e+01 1.938734769821166992e+00 8.742836117744445801e-01 0.000000000000000000e+00
1.043000000000000000e+03 2.000000000000000000e+01 1.937250494956970215e+00 8.732125163078308105e-01 0.000000000000000000e+00
1.044000000000000000e+03 2.000000000000000000e+01 1.936105370521545410e+00 8.682158589363098145e-01 0.000000000000000000e+00
1.045000000000000000e+03 2.000000000000000000e+01 1.935180902481079102e+00 8.627346754074096680e-01 0.000000000000000000e+00
1.046000000000000000e+03 2.000000000000000000e+01 1.934336900711059570e+00 8.595809936523437500e-01 0.000000000000000000e+00
1.047000000000000000e+03 2.000000000000000000e+01 1.933568000793457031e+00 8.598127961158752441e-01 0.000000000000000000e+00
1.048000000000000000e+03 2.000000000000000000e+01 1.932910919189453125e+00 8.621263504028320312e-01 0.000000000000000000e+00
1.049000000000000000e+03 2.000000000000000000e+01 1.932394385337829590e+00 8.628158569335937500e-01 0.000000000000000000e+00
1.050000000000000000e+03 2.000000000000000000e+01 5.230387115478515625e+01 8.610623478889465332e-01 1.000000000000000000e+00
1.051000000000000000e+03 2.000000000000000000e+01 5.219875717163085938e+01 7.293467521667480469e-01 1.000000000000000000e+00
1.052000000000000000e+03 2.000000000000000000e+01 5.212302017211914062e+01 6.452013254165649414e-01 1.000000000000000000e+00
1.053000000000000000e+03 2.000000000000000000e+01 5.205290222167968750e+01 6.293867826461791992e-01 1.000000000000000000e+00
1.054000000000000000e+03 2.000000000000000000e+01 5.199533081054687500e+01 6.791973710060119629e-01 1.000000000000000000e+00
1.055000000000000000e+03 2.000000000000000000e+01 5.194623184204101562e+01 7.109337449073791504e-01 1.000000000000000000e+00
1.056000000000000000e+03 2.000000000000000000e+01 5.188612365722656250e+01 7.001160979270935059e-01 1.000000000000000000e+00
1.057000000000000000e+03 2.000000000000000000e+01 5.183277511596679688e+01 6.551939845085144043e-01 1.000000000000000000e+00
1.058000000000000000e+03 2.000000000000000000e+01 5.178244400024414062e+01 6.388394832611083984e-01 1.000000000000000000e+00
1.059000000000000000e+03 2.000000000000000000e+01 5.172702407836914062e+01 6.410184502601623535e-01 1.000000000000000000e+00
1.060000000000000000e+03 2.000000000000000000e+01 1.960429310798645020e+00 6.507428884506225586e-01 0.000000000000000000e+00
1.061000000000000000e+03 2.000000000000000000e+01 1.959826469421386719e+00 6.523283720016479492e-01 0.000000000000000000e+00
1.062000000000000000e+03 2.000000000000000000e+01 1.959060549736022949e+00 6.558297872543334961e-01 0.000000000000000000e+00
1.063000000000000000e+03 2.000000000000000000e+01 1.958481192588806152e+00 6.614007949829101562e-01 0.000000000000000000e+00
1.064000000000000000e+03 2.000000000000000000e+01 1.958026885986328125e+00 6.640301942825317383e-01 0.000000000000000000e+00
1.065000000000000000e+03 2.000000000000000000e+01 1.957531452178955078e+00 6.634960174560546875e-01 0.000000000000000000e+00
1.066000000000000000e+03 2.000000000000000000e+01 1.957034230232238770e+00 6.557137966156005859e-01 0.000000000000000000e+00
1.067000000000000000e+03 2.000000000000000000e+01 1.956610083580017090e+00 6.477211713790893555e-01 0.000000000000000000e+00
1.068000000000000000e+03 2.000000000000000000e+01 1.956348299980163574e+00 6.428402662277221680e-01 0.000000000000000000e+00
1.069000000000000000e+03 2.000000000000000000e+01 1.956205487251281738e+00 6.384345293045043945e-01 0.000000000000000000e+00
1.070000000000000000e+03 2.000000000000000000e+01 5.118208312988281250e+01 6.345587372779846191e-01 1.000000000000000000e+00
1.071000000000000000e+03 2.000000000000000000e+01 5.110637283325195312e+01 6.539940834045410156e-01 1.000000000000000000e+00
1.072000000000000000e+03 2.000000000000000000e+01 5.104346466064453125e+01 6.536637544631958008e-01 1.000000000000000000e+00
1.073000000000000000e+03 2.000000000000000000e+01 5.098524856567382812e+01 6.227039098739624023e-01 1.000000000000000000e+00
1.074000000000000000e+03 2.000000000000000000e+01 5.092187118530273438e+01 6.136772036552429199e-01 1.000000000000000000e+00
1.075000000000000000e+03 2.000000000000000000e+01 5.084996414184570312e+01 6.228296756744384766e-01 1.000000000000000000e+00
1.076000000000000000e+03 2.000000000000000000e+01 5.078788757324218750e+01 6.067585945129394531e-01 1.000000000000000000e+00
1.077000000000000000e+03 2.000000000000000000e+01 5.073159790039062500e+01 5.581410527229309082e-01 1.000000000000000000e+00
1.078000000000000000e+03 2.000000000000000000e+01 5.067288208007812500e+01 4.968851208686828613e-01 1.000000000000000000e+00
1.079000000000000000e+03 2.000000000000000000e+01 5.060953903198242188e+01 4.654769897460937500e-01 1.000000000000000000e+00
1.080000000000000000e+03 2.000000000000000000e+01 1.982093214988708496e+00 4.561133682727813721e-01 0.000000000000000000e+00
1.081000000000000000e+03 2.000000000000000000e+01 1.981500148773193359e+00 4.566122591495513916e-01 0.000000000000000000e+00
1.082000000000000000e+03 2.000000000000000000e+01 1.980739355087280273e+00 4.580736756324768066e-01 0.000000000000000000e+00
1.083000000000000000e+03 2.000000000000000000e+01 1.979893445968627930e+00 4.582476615905761719e-01 0.000000000000000000e+00
1.084000000000000000e+03 2.000000000000000000e+01 1.979154586791992188e+00 4.589169919490814209e-01 0.000000000000000000e+00
1.085000000000000000e+03 2.000000000000000000e+01 1.978711366653442383e+00 4.596699774265289307e-01 0.000000000000000000e+00
1.086000000000000000e+03 2.000000000000000000e+01 1.978495478630065918e+00 4.623026847839355469e-01 0.000000000000000000e+00
1.087000000000000000e+03 2.000000000000000000e+01 1.978397250175476074e+00 4.677477478981018066e-01 0.000000000000000000e+00
1.088000000000000000e+03 2.000000000000000000e+01 1.978394865989685059e+00 4.740076959133148193e-01 0.000000000000000000e+00
1.089000000000000000e+03 2.000000000000000000e+01 1.978434085845947266e+00 4.809198379516601562e-01 0.000000000000000000e+00
1.090000000000000000e+03 2.000000000000000000e+01 5.010566711425781250e+01 4.851059615612030029e-01 1.000000000000000000e+00
1.091000000000000000e+03 2.000000000000000000e+01 5.004236602783203125e+01 4.872293770313262939e-01 1.000000000000000000e+00
1.092000000000000000e+03 2.000000000000000000e+01 4.999385452270507812e+01 4.929313063621520996e-01 1.000000000000000000e+00
1.093000000000000000e+03 2.000000000000000000e+01 4.993257522583007812e+01 4.730646312236785889e-01 1.000000000000000000e+00
1.094000000000000000e+03 2.000000000000000000e+01 4.987160491943359375e+01 4.831084907054901123e-01 1.000000000000000000e+00
1.095000000000000000e+03 2.000000000000000000e+01 4.981247329711914062e+01 5.192252993583679199e-01 1.000000000000000000e+00
1.096000000000000000e+03 2.000000000000000000e+01 4.974411010742187500e+01 5.365823507308959961e-01 1.000000000000000000e+00
1.097000000000000000e+03 2.000000000000000000e+01 4.968162918090820312e+01 5.505737066268920898e-01 1.000000000000000000e+00
1.098000000000000000e+03 2.000000000000000000e+01 4.962567901611328125e+01 5.401915907859802246e-01 1.000000000000000000e+00
1.099000000000000000e+03 2.000000000000000000e+01 4.956856918334960938e+01 5.281708836555480957e-01 1.000000000000000000e+00
1.100000000000000000e+03 2.000000000000000000e+01 2.015752792358398438e+00 5.079476833343505859e-01 0.000000000000000000e+00
1.101000000000000000e+03 2.000000000000000000e+01 2.015656709671020508e+00 5.094719529151916504e-01 0.000000000000000000e+00
1.102000000000000000e+03 2.000000000000000000e+01 2.015440464019775391e+00 5.102131366729736328e-01 0.000000000000000000e+00
1.103000000000000000e+03 2.000000000000000000e+01 2.015160560607910156e+00 5.085985064506530762e-01 0.000000000000000000e+00
1.104000000000000000e+03 2.000000000000000000e+01 2.014819622039794922e+00 5.068224668502807617e-01 0.000000000000000000e+00
1.105000000000000000e+03 2.000000000000000000e+01 2.014567375183105469e+00 5.037976503372192383e-01 0.000000000000000000e+00
1.106000000000000000e+03 2.000000000000000000e+01 2.014497041702270508e+00 5.014388561248779297e-01 0.000000000000000000e+00
1.107000000000000000e+03 2.000000000000000000e+01 2.014438152313232422e+00 4.998579323291778564e-01 0.000000000000000000e+00
1.108000000000000000e+03 2.000000000000000000e+01 2.014298915863037109e+00 4.989671707153320312e-01 0.000000000000000000e+00
1.109000000000000000e+03 2.000000000000000000e+01 2.014124870300292969e+00 4.994193911552429199e-01 0.000000000000000000e+00
1.110000000000000000e+03 2.000000000000000000e+01 4.903355026245117188e+01 5.001150369644165039e-01 1.000000000000000000e+00
1.111000000000000000e+03 2.000000000000000000e+01 4.896766281127929688e+01 5.097476840019226074e-01 1.000000000000000000e+00
1.112000000000000000e+03 2.000000000000000000e+01 1.712958068847656250e+02 5.514379739761352539e-01 1.000000000000000000e+00
1.113000000000000000e+03 2.000000000000000000e+01 5.942094726562500000e+02 5.674601197242736816e-01 1.000000000000000000e+00
1.114000000000000000e+03 2.000000000000000000e+01 2.157098846435546875e+02 5.523258447647094727e-01 1.000000000000000000e+00
1.115000000000000000e+03 2.000000000000000000e+01 4.962967300415039062e+01 5.400123000144958496e-01 1.000000000000000000e+00
1.116000000000000000e+03 2.000000000000000000e+01 1.191502075195312500e+02 5.449087619781494141e-01 1.000000000000000000e+00
1.117000000000000000e+03 2.000000000000000000e+01 3.627732238769531250e+02 5.504660606384277344e-01 1.000000000000000000e+00
1.118000000000000000e+03 2.000000000000000000e+01 4.358498229980468750e+02 5.472919344902038574e-01 1.000000000000000000e+00
1.119000000000000000e+03 2.000000000000000000e+01 2.733832397460937500e+02 5.464352965354919434e-01 1.000000000000000000e+00
1.120000000000000000e+03 2.000000000000000000e+01 1.720143890380859375e+02 5.338289737701416016e-01 0.000000000000000000e+00
1.121000000000000000e+03 2.000000000000000000e+01 1.535811920166015625e+02 5.362612009048461914e-01 0.000000000000000000e+00
1.122000000000000000e+03 2.000000000000000000e+01 1.171197662353515625e+02 5.391286611557006836e-01 0.000000000000000000e+00
1.123000000000000000e+03 2.000000000000000000e+01 7.217910766601562500e+01 5.429052710533142090e-01 0.000000000000000000e+00
1.124000000000000000e+03 2.000000000000000000e+01 3.044867897033691406e+01 5.474976897239685059e-01 0.000000000000000000e+00
1.125000000000000000e+03 2.000000000000000000e+01 4.807124137878417969e+00 5.525553226470947266e-01 0.000000000000000000e+00
1.126000000000000000e+03 2.000000000000000000e+01 2.049309253692626953e+00 5.603734254837036133e-01 0.000000000000000000e+00
1.127000000000000000e+03 2.000000000000000000e+01 2.049424171447753906e+00 5.688704848289489746e-01 0.000000000000000000e+00
1.128000000000000000e+03 2.000000000000000000e+01 2.049460887908935547e+00 5.740983486175537109e-01 0.000000000000000000e+00
1.129000000000000000e+03 2.000000000000000000e+01 2.049410343170166016e+00 5.751045942306518555e-01 0.000000000000000000e+00
1.130000000000000000e+03 2.000000000000000000e+01 4.816356658935546875e+01 5.734266042709350586e-01 1.000000000000000000e+00
1.131000000000000000e+03 2.000000000000000000e+01 4.812823104858398438e+01 5.556195378303527832e-01 1.000000000000000000e+00
1.132000000000000000e+03 2.000000000000000000e+01 1.260510009765625000e+03 5.780573487281799316e-01 1.000000000000000000e+00
1.133000000000000000e+03 2.000000000000000000e+01 3.291369384765625000e+03 5.844261646270751953e-01 1.000000000000000000e+00
1.134000000000000000e+03 2.000000000000000000e+01 3.764572265625000000e+03 5.510017871856689453e-01 1.000000000000000000e+00
1.135000000000000000e+03 2.000000000000000000e+01 2.378084228515625000e+03 5.138753652572631836e-01 1.000000000000000000e+00
1.136000000000000000e+03 2.000000000000000000e+01 4.985633239746093750e+02 4.897947907447814941e-01 1.000000000000000000e+00
1.137000000000000000e+03 2.000000000000000000e+01 1.398996276855468750e+02 5.172171592712402344e-01 1.000000000000000000e+00
1.138000000000000000e+03 2.000000000000000000e+01 6.763378143310546875e+01 5.534257292747497559e-01 1.000000000000000000e+00
1.139000000000000000e+03 2.000000000000000000e+01 4.756125259399414062e+01 5.706950426101684570e-01 1.000000000000000000e+00
1.140000000000000000e+03 2.000000000000000000e+01 7.710467338562011719e+00 5.723894238471984863e-01 0.000000000000000000e+00
1.141000000000000000e+03 2.000000000000000000e+01 6.617001056671142578e+00 5.714247226715087891e-01 0.000000000000000000e+00
1.142000000000000000e+03 2.000000000000000000e+01 5.365467071533203125e+00 5.711678266525268555e-01 0.000000000000000000e+00
1.143000000000000000e+03 2.000000000000000000e+01 4.119087219238281250e+00 5.685521960258483887e-01 0.000000000000000000e+00
1.144000000000000000e+03 2.000000000000000000e+01 3.045391798019409180e+00 5.656797289848327637e-01 0.000000000000000000e+00
1.145000000000000000e+03 2.000000000000000000e+01 2.311192989349365234e+00 5.648908019065856934e-01 0.000000000000000000e+00
1.146000000000000000e+03 2.000000000000000000e+01 2.074654102325439453e+00 5.660979747772216797e-01 0.000000000000000000e+00
1.147000000000000000e+03 2.000000000000000000e+01 2.074931621551513672e+00 5.681601762771606445e-01 0.000000000000000000e+00
1.148000000000000000e+03 2.000000000000000000e+01 2.075206518173217773e+00 5.685676932334899902e-01 0.000000000000000000e+00
1.149000000000000000e+03 2.000000000000000000e+01 2.075298786163330078e+00 5.697401165962219238e-01 0.000000000000000000e+00
1.150000000000000000e+03 2.000000000000000000e+01 4.705359649658203125e+01 5.733185410499572754e-01 1.000000000000000000e+00
1.151000000000000000e+03 2.000000000000000000e+01 1.365961791992187500e+03 5.421631336212158203e-01 1.000000000000000000e+00
1.152000000000000000e+03 2.000000000000000000e+01 3.614351562500000000e+03 5.106701254844665527e-01 1.000000000000000000e+00
1.153000000000000000e+03 2.000000000000000000e+01 3.031420654296875000e+03 5.187593698501586914e-01 1.000000000000000000e+00
1.154000000000000000e+03 2.000000000000000000e+01 5.758784179687500000e+02 5.639811158180236816e-01 1.000000000000000000e+00
1.155000000000000000e+03 2.000000000000000000e+01 4.682938766479492188e+01 5.492063164710998535e-01 1.000000000000000000e+00
1.156000000000000000e+03 2.000000000000000000e+01 4.675127792358398438e+01 5.335150361061096191e-01 1.000000000000000000e+00
1.157000000000000000e+03 2.000000000000000000e+01 1.028762664794921875e+02 5.466860532760620117e-01 1.000000000000000000e+00
1.158000000000000000e+03 2.000000000000000000e+01 3.498323059082031250e+02 5.822203159332275391e-01 1.000000000000000000e+00
1.159000000000000000e+03 2.000000000000000000e+01 2.682505493164062500e+02 5.991400480270385742e-01 1.000000000000000000e+00
1.160000000000000000e+03 2.000000000000000000e+01 6.200763702392578125e+01 5.704695582389831543e-01 0.000000000000000000e+00
1.161000000000000000e+03 2.000000000000000000e+01 6.341619491577148438e+00 5.675000548362731934e-01 0.000000000000000000e+00
1.162000000000000000e+03 2.000000000000000000e+01 2.095096111297607422e+00 5.649384260177612305e-01 0.000000000000000000e+00
1.163000000000000000e+03 2.000000000000000000e+01 2.094736814498901367e+00 5.637403726577758789e-01 0.000000000000000000e+00
1.164000000000000000e+03 2.000000000000000000e+01 2.094401597976684570e+00 5.652673244476318359e-01 0.000000000000000000e+00
1.165000000000000000e+03 2.000000000000000000e+01 2.094125747680664062e+00 5.681012272834777832e-01 0.000000000000000000e+00
1.166000000000000000e+03 2.000000000000000000e+01 2.093797683715820312e+00 5.728772878646850586e-01 0.000000000000000000e+00
1.167000000000000000e+03 2.000000000000000000e+01 3.194478607177734375e+01 5.761460661888122559e-01 0.000000000000000000e+00
1.168000000000000000e+03 2.000000000000000000e+01 1.330900268554687500e+02 5.790051817893981934e-01 0.000000000000000000e+00
1.169000000000000000e+03 2.000000000000000000e+01 1.078920288085937500e+02 5.826516151428222656e-01 0.000000000000000000e+00
1.170000000000000000e+03 2.000000000000000000e+01 5.340115356445312500e+01 5.869286656379699707e-01 1.000000000000000000e+00
1.171000000000000000e+03 2.000000000000000000e+01 4.604955673217773438e+01 5.614798665046691895e-01 1.000000000000000000e+00
1.172000000000000000e+03 2.000000000000000000e+01 4.598138427734375000e+01 5.363424420356750488e-01 1.000000000000000000e+00
1.173000000000000000e+03 2.000000000000000000e+01 4.591368103027343750e+01 5.195537805557250977e-01 1.000000000000000000e+00
1.174000000000000000e+03 2.000000000000000000e+01 4.586149978637695312e+01 4.938660562038421631e-01 1.000000000000000000e+00
1.175000000000000000e+03 2.000000000000000000e+01 4.581211090087890625e+01 4.816455841064453125e-01 1.000000000000000000e+00
1.176000000000000000e+03 2.000000000000000000e+01 4.574858093261718750e+01 4.750839471817016602e-01 1.000000000000000000e+00
1.177000000000000000e+03 2.000000000000000000e+01 6.375400543212890625e+01 4.650871753692626953e-01 1.000000000000000000e+00
1.178000000000000000e+03 2.000000000000000000e+01 4.976484680175781250e+01 4.696216881275177002e-01 1.000000000000000000e+00
1.179000000000000000e+03 2.000000000000000000e+01 4.922145080566406250e+01 4.716841578483581543e-01 1.000000000000000000e+00
1.180000000000000000e+03 2.000000000000000000e+01 3.283599853515625000e+01 4.622462987899780273e-01 0.000000000000000000e+00
1.181000000000000000e+03 2.000000000000000000e+01 1.997897338867187500e+01 4.632518291473388672e-01 0.000000000000000000e+00
1.182000000000000000e+03 2.000000000000000000e+01 8.628740310668945312e+00 4.659002423286437988e-01 0.000000000000000000e+00
1.183000000000000000e+03 2.000000000000000000e+01 2.422486066818237305e+00 4.679289460182189941e-01 0.000000000000000000e+00
1.184000000000000000e+03 2.000000000000000000e+01 2.113309860229492188e+00 4.682364761829376221e-01 0.000000000000000000e+00
1.185000000000000000e+03 2.000000000000000000e+01 2.113203287124633789e+00 4.682579338550567627e-01 0.000000000000000000e+00
1.186000000000000000e+03 2.000000000000000000e+01 2.113060474395751953e+00 4.708574712276458740e-01 0.000000000000000000e+00
1.187000000000000000e+03 2.000000000000000000e+01 2.112964630126953125e+00 4.717764854431152344e-01 0.000000000000000000e+00
1.188000000000000000e+03 2.000000000000000000e+01 2.112997055053710938e+00 4.755893945693969727e-01 0.000000000000000000e+00
1.189000000000000000e+03 2.000000000000000000e+01 2.113030195236206055e+00 4.752478599548339844e-01 0.000000000000000000e+00
1.190000000000000000e+03 2.000000000000000000e+01 4.512477111816406250e+01 4.723574221134185791e-01 1.000000000000000000e+00
1.191000000000000000e+03 2.000000000000000000e+01 6.062831878662109375e+01 4.550440907478332520e-01 1.000000000000000000e+00
1.192000000000000000e+03 2.000000000000000000e+01 9.436178588867187500e+01 4.529077112674713135e-01 1.000000000000000000e+00
1.193000000000000000e+03 2.000000000000000000e+01 1.102590209960937500e+03 4.432356357574462891e-01 1.000000000000000000e+00
1.194000000000000000e+03 2.000000000000000000e+01 2.736370849609375000e+03 4.272338449954986572e-01 1.000000000000000000e+00
1.195000000000000000e+03 2.000000000000000000e+01 1.939726440429687500e+03 4.358139336109161377e-01 1.000000000000000000e+00
1.196000000000000000e+03 2.000000000000000000e+01 5.979916992187500000e+02 4.670766592025756836e-01 1.000000000000000000e+00
1.197000000000000000e+03 2.000000000000000000e+01 4.471982574462890625e+01 5.057104825973510742e-01 1.000000000000000000e+00
1.198000000000000000e+03 2.000000000000000000e+01 1.082208099365234375e+02 5.400493144989013672e-01 1.000000000000000000e+00
1.199000000000000000e+03 2.000000000000000000e+01 3.047196655273437500e+02 5.538290143013000488e-01 1.000000000000000000e+00
1.200000000000000000e+03 2.000000000000000000e+01 1.911086273193359375e+02 5.551407337188720703e-01 0.000000000000000000e+00
1.201000000000000000e+03 2.000000000000000000e+01 1.660362854003906250e+02 5.505228638648986816e-01 0.000000000000000000e+00
1.202000000000000000e+03 2.000000000000000000e+01 1.350864562988281250e+02 5.487968921661376953e-01 0.000000000000000000e+00
1.203000000000000000e+03 2.000000000000000000e+01 1.014081497192382812e+02 5.525106787681579590e-01 0.000000000000000000e+00
1.204000000000000000e+03 2.000000000000000000e+01 6.825511932373046875e+01 5.620794296264648438e-01 0.000000000000000000e+00
1.205000000000000000e+03 2.000000000000000000e+01 3.886578369140625000e+01 5.713627338409423828e-01 0.000000000000000000e+00
1.206000000000000000e+03 2.000000000000000000e+01 1.638787841796875000e+01 5.774699449539184570e-01 0.000000000000000000e+00
1.207000000000000000e+03 2.000000000000000000e+01 3.824074268341064453e+00 5.840756297111511230e-01 0.000000000000000000e+00
1.208000000000000000e+03 2.000000000000000000e+01 2.150585651397705078e+00 5.888149142265319824e-01 0.000000000000000000e+00
1.209000000000000000e+03 2.000000000000000000e+01 2.151101589202880859e+00 5.896076560020446777e-01 0.000000000000000000e+00
1.210000000000000000e+03 2.000000000000000000e+01 4.415023422241210938e+01 5.868518352508544922e-01 1.000000000000000000e+00
1.211000000000000000e+03 2.000000000000000000e+01 9.999832153320312500e+02 5.726454257965087891e-01 1.000000000000000000e+00
1.212000000000000000e+03 2.000000000000000000e+01 2.928260498046875000e+03 5.512406229972839355e-01 1.000000000000000000e+00
1.213000000000000000e+03 2.000000000000000000e+01 2.390991210937500000e+03 5.248762369155883789e-01 1.000000000000000000e+00
1.214000000000000000e+03 2.000000000000000000e+01 3.548161010742187500e+02 4.795409739017486572e-01 1.000000000000000000e+00
1.215000000000000000e+03 2.000000000000000000e+01 1.802760314941406250e+02 4.356772899627685547e-01 1.000000000000000000e+00
1.216000000000000000e+03 2.000000000000000000e+01 1.131294097900390625e+02 4.094603657722473145e-01 1.000000000000000000e+00
1.217000000000000000e+03 2.000000000000000000e+01 1.910633239746093750e+02 4.262390136718750000e-01 1.000000000000000000e+00
1.218000000000000000e+03 2.000000000000000000e+01 4.177419433593750000e+02 4.200184941291809082e-01 1.000000000000000000e+00
1.219000000000000000e+03 2.000000000000000000e+01 7.012551879882812500e+02 4.269655346870422363e-01 1.000000000000000000e+00
1.220000000000000000e+03 2.000000000000000000e+01 1.012642517089843750e+03 4.550744891166687012e-01 0.000000000000000000e+00
1.221000000000000000e+03 2.000000000000000000e+01 9.992666015625000000e+02 4.566027224063873291e-01 0.000000000000000000e+00
1.222000000000000000e+03 2.000000000000000000e+01 9.698075561523437500e+02 4.582147598266601562e-01 0.000000000000000000e+00
1.223000000000000000e+03 2.000000000000000000e+01 9.325289306640625000e+02 4.582094550132751465e-01 0.000000000000000000e+00
1.224000000000000000e+03 2.000000000000000000e+01 8.880227661132812500e+02 4.616341590881347656e-01 0.000000000000000000e+00
1.225000000000000000e+03 2.000000000000000000e+01 8.387791748046875000e+02 4.655303955078125000e-01 0.000000000000000000e+00
1.226000000000000000e+03 2.000000000000000000e+01 7.872115478515625000e+02 4.742373526096343994e-01 0.000000000000000000e+00
1.227000000000000000e+03 2.000000000000000000e+01 7.356167602539062500e+02 4.882148206233978271e-01 0.000000000000000000e+00
1.228000000000000000e+03 2.000000000000000000e+01 6.861500854492187500e+02 5.022256374359130859e-01 0.000000000000000000e+00
1.229000000000000000e+03 2.000000000000000000e+01 6.408161621093750000e+02 5.141397714614868164e-01 0.000000000000000000e+00
1.230000000000000000e+03 2.000000000000000000e+01 8.495429687500000000e+02 5.350914001464843750e-01 1.000000000000000000e+00
1.231000000000000000e+03 2.000000000000000000e+01 2.036450347900390625e+02 4.970178008079528809e-01 1.000000000000000000e+00
1.232000000000000000e+03 2.000000000000000000e+01 6.250682830810546875e+01 4.454581737518310547e-01 1.000000000000000000e+00
1.233000000000000000e+03 2.000000000000000000e+01 4.298253250122070312e+01 4.595831036567687988e-01 1.000000000000000000e+00
1.234000000000000000e+03 2.000000000000000000e+01 4.292054748535156250e+01 4.965363740921020508e-01 1.000000000000000000e+00
1.235000000000000000e+03 2.000000000000000000e+01 4.282316589355468750e+01 5.215895771980285645e-01 1.000000000000000000e+00
1.236000000000000000e+03 2.000000000000000000e+01 4.274112701416015625e+01 5.603364706039428711e-01 1.000000000000000000e+00
1.237000000000000000e+03 2.000000000000000000e+01 1.557284393310546875e+02 5.941056609153747559e-01 1.000000000000000000e+00
1.238000000000000000e+03 2.000000000000000000e+01 2.788421630859375000e+02 5.755780339241027832e-01 1.000000000000000000e+00
1.239000000000000000e+03 2.000000000000000000e+01 1.675330200195312500e+02 5.059766173362731934e-01 1.000000000000000000e+00
1.240000000000000000e+03 2.000000000000000000e+01 3.960621595382690430e+00 4.668428897857666016e-01 0.000000000000000000e+00
1.241000000000000000e+03 2.000000000000000000e+01 3.833115577697753906e+00 4.631463289260864258e-01 0.000000000000000000e+00
1.242000000000000000e+03 2.000000000000000000e+01 3.086446762084960938e+00 4.607880413532257080e-01 0.000000000000000000e+00
1.243000000000000000e+03 2.000000000000000000e+01 8.065724945068359375e+01 4.585311412811279297e-01 0.000000000000000000e+00
1.244000000000000000e+03 2.000000000000000000e+01 2.008312377929687500e+02 1.089413250000000000e+06 0.000000000000000000e+00
1.245000000000000000e+03 2.000000000000000000e+01 1.556021881103515625e+02 4.640229344367980957e-01 0.000000000000000000e+00
1.246000000000000000e+03 2.000000000000000000e+01 2.176965522766113281e+01 4.695481061935424805e-01 0.000000000000000000e+00
1.247000000000000000e+03 2.000000000000000000e+01 2.204759597778320312e+00 4.775432944297790527e-01 0.000000000000000000e+00
1.248000000000000000e+03 2.000000000000000000e+01 2.203993558883666992e+00 4.913873970508575439e-01 0.000000000000000000e+00
1.249000000000000000e+03 2.000000000000000000e+01 2.203180789947509766e+00 5.048515200614929199e-01 0.000000000000000000e+00
1.250000000000000000e+03 2.000000000000000000e+01 4.210706329345703125e+01 5.132565498352050781e-01 1.000000000000000000e+00
1.251000000000000000e+03 2.000000000000000000e+01 5.126685714721679688e+01 5.122283697128295898e-01 1.000000000000000000e+00
1.252000000000000000e+03 2.000000000000000000e+01 4.198007583618164062e+01 4.983891546726226807e-01 1.000000000000000000e+00
1.253000000000000000e+03 2.000000000000000000e+01 1.862816314697265625e+02 5.054752826690673828e-01 1.000000000000000000e+00
1.254000000000000000e+03 2.000000000000000000e+01 3.205952148437500000e+02 5.879370570182800293e-01 1.000000000000000000e+00
1.255000000000000000e+03 2.000000000000000000e+01 4.723328857421875000e+02 6.430829167366027832e-01 1.000000000000000000e+00
1.256000000000000000e+03 2.000000000000000000e+01 2.605301208496093750e+02 5.810366272926330566e-01 1.000000000000000000e+00
1.257000000000000000e+03 2.000000000000000000e+01 4.450549316406250000e+01 5.117987990379333496e-01 1.000000000000000000e+00
1.258000000000000000e+03 2.000000000000000000e+01 4.172736740112304688e+01 5.174107551574707031e-01 1.000000000000000000e+00
1.259000000000000000e+03 2.000000000000000000e+01 4.166824340820312500e+01 4.976699948310852051e-01 1.000000000000000000e+00
1.260000000000000000e+03 2.000000000000000000e+01 2.205756664276123047e+00 4.731647670269012451e-01 0.000000000000000000e+00
1.261000000000000000e+03 2.000000000000000000e+01 2.204694032669067383e+00 4.748731851577758789e-01 0.000000000000000000e+00
1.262000000000000000e+03 2.000000000000000000e+01 2.203649044036865234e+00 4.756724238395690918e-01 0.000000000000000000e+00
1.263000000000000000e+03 2.000000000000000000e+01 2.202755689620971680e+00 4.819461107254028320e-01 0.000000000000000000e+00
1.264000000000000000e+03 2.000000000000000000e+01 2.202069520950317383e+00 4.948837161064147949e-01 0.000000000000000000e+00
1.265000000000000000e+03 2.000000000000000000e+01 2.201630353927612305e+00 5.147738456726074219e-01 0.000000000000000000e+00
1.266000000000000000e+03 2.000000000000000000e+01 2.201374530792236328e+00 5.379221439361572266e-01 0.000000000000000000e+00
1.267000000000000000e+03 2.000000000000000000e+01 2.201165437698364258e+00 5.578226447105407715e-01 0.000000000000000000e+00
1.268000000000000000e+03 2.000000000000000000e+01 2.200918912887573242e+00 5.819724798202514648e-01 0.000000000000000000e+00
1.269000000000000000e+03 2.000000000000000000e+01 2.200748443603515625e+00 6.171933412551879883e-01 0.000000000000000000e+00
1.270000000000000000e+03 2.000000000000000000e+01 4.128638076782226562e+01 6.520129442214965820e-01 1.000000000000000000e+00
1.271000000000000000e+03 2.000000000000000000e+01 4.114059448242187500e+01 5.954169034957885742e-01 1.000000000000000000e+00
1.272000000000000000e+03 2.000000000000000000e+01 9.217919921875000000e+02 6.385174989700317383e-01 1.000000000000000000e+00
1.273000000000000000e+03 2.000000000000000000e+01 1.218305786132812500e+03 6.802603006362915039e-01 1.000000000000000000e+00
1.274000000000000000e+03 2.000000000000000000e+01 2.634595642089843750e+02 6.274180412292480469e-01 1.000000000000000000e+00
1.275000000000000000e+03 2.000000000000000000e+01 4.087403106689453125e+01 5.152387022972106934e-01 1.000000000000000000e+00
1.276000000000000000e+03 2.000000000000000000e+01 4.082713699340820312e+01 4.574145674705505371e-01 1.000000000000000000e+00
1.277000000000000000e+03 2.000000000000000000e+01 4.080028915405273438e+01 4.613159298896789551e-01 1.000000000000000000e+00
1.278000000000000000e+03 2.000000000000000000e+01 4.073860931396484375e+01 4.623796939849853516e-01 1.000000000000000000e+00
1.279000000000000000e+03 2.000000000000000000e+01 4.066403198242187500e+01 4.577671289443969727e-01 1.000000000000000000e+00
1.280000000000000000e+03 2.000000000000000000e+01 2.214887619018554688e+00 4.247301816940307617e-01 0.000000000000000000e+00
1.281000000000000000e+03 2.000000000000000000e+01 2.214535951614379883e+00 4.232299923896789551e-01 0.000000000000000000e+00
1.282000000000000000e+03 2.000000000000000000e+01 2.214152097702026367e+00 4.266574680805206299e-01 0.000000000000000000e+00
1.283000000000000000e+03 2.000000000000000000e+01 2.213780403137207031e+00 4.325758218765258789e-01 0.000000000000000000e+00
1.284000000000000000e+03 2.000000000000000000e+01 2.213522434234619141e+00 4.379653930664062500e-01 0.000000000000000000e+00
1.285000000000000000e+03 2.000000000000000000e+01 2.213380813598632812e+00 4.440324008464813232e-01 0.000000000000000000e+00
1.286000000000000000e+03 2.000000000000000000e+01 2.213325262069702148e+00 4.497575461864471436e-01 0.000000000000000000e+00
1.287000000000000000e+03 2.000000000000000000e+01 2.213260412216186523e+00 4.492939114570617676e-01 0.000000000000000000e+00
1.288000000000000000e+03 2.000000000000000000e+01 2.213140010833740234e+00 4.475975334644317627e-01 0.000000000000000000e+00
1.289000000000000000e+03 2.000000000000000000e+01 2.213018417358398438e+00 4.441710710525512695e-01 0.000000000000000000e+00
1.290000000000000000e+03 2.000000000000000000e+01 4.012374877929687500e+01 4.382376670837402344e-01 1.000000000000000000e+00
1.291000000000000000e+03 2.000000000000000000e+01 4.005600357055664062e+01 4.079732000827789307e-01 1.000000000000000000e+00
1.292000000000000000e+03 2.000000000000000000e+01 4.001393508911132812e+01 4.204073250293731689e-01 1.000000000000000000e+00
1.293000000000000000e+03 2.000000000000000000e+01 3.995203399658203125e+01 4.165631830692291260e-01 1.000000000000000000e+00
1.294000000000000000e+03 2.000000000000000000e+01 3.974045625000000000e+05 3.971627812500000000e+05 1.000000000000000000e+00
1.295000000000000000e+03 2.000000000000000000e+01 4.370133666992187500e+02 4.510444700717926025e-01 1.000000000000000000e+00
1.296000000000000000e+03 2.000000000000000000e+01 4.058198165893554688e+01 4.418213665485382080e-01 1.000000000000000000e+00
1.297000000000000000e+03 2.000000000000000000e+01 3.978279876708984375e+01 4.391046762466430664e-01 1.000000000000000000e+00
1.298000000000000000e+03 2.000000000000000000e+01 3.972401809692382812e+01 4.292113780975341797e-01 1.000000000000000000e+00
1.299000000000000000e+03 2.000000000000000000e+01 3.967895126342773438e+01 4.252091050148010254e-01 1.000000000000000000e+00
1.300000000000000000e+03 2.000000000000000000e+01 2.218736648559570312e+00 4.133600592613220215e-01 0.000000000000000000e+00
1.301000000000000000e+03 2.000000000000000000e+01 2.218649864196777344e+00 4.085133671760559082e-01 0.000000000000000000e+00
1.302000000000000000e+03 2.000000000000000000e+01 2.218502521514892578e+00 4.067460894584655762e-01 0.000000000000000000e+00
1.303000000000000000e+03 2.000000000000000000e+01 2.218314886093139648e+00 4.066463112831115723e-01 0.000000000000000000e+00
1.304000000000000000e+03 2.000000000000000000e+01 2.218199729919433594e+00 4.088640511035919189e-01 0.000000000000000000e+00
1.305000000000000000e+03 2.000000000000000000e+01 2.218192100524902344e+00 4.127103090286254883e-01 0.000000000000000000e+00
1.306000000000000000e+03 2.000000000000000000e+01 2.218238115310668945e+00 4.132685065269470215e-01 0.000000000000000000e+00
1.307000000000000000e+03 2.000000000000000000e+01 2.218250036239624023e+00 4.141739308834075928e-01 0.000000000000000000e+00
1.308000000000000000e+03 2.000000000000000000e+01 2.218189239501953125e+00 4.139906167984008789e-01 0.000000000000000000e+00
1.309000000000000000e+03 2.000000000000000000e+01 2.218114614486694336e+00 4.114314913749694824e-01 0.000000000000000000e+00
1.310000000000000000e+03 2.000000000000000000e+01 3.916450500488281250e+01 4.118939638137817383e-01 1.000000000000000000e+00
1.311000000000000000e+03 2.000000000000000000e+01 3.911685180664062500e+01 3.884514570236206055e-01 1.000000000000000000e+00
1.312000000000000000e+03 2.000000000000000000e+01 3.906328964233398438e+01 3.780494332313537598e-01 1.000000000000000000e+00
1.313000000000000000e+03 2.000000000000000000e+01 4.525531005859375000e+01 3.795050382614135742e-01 1.000000000000000000e+00
1.314000000000000000e+03 2.000000000000000000e+01 3.894356536865234375e+01 3.740395903587341309e-01 1.000000000000000000e+00
1.315000000000000000e+03 2.000000000000000000e+01 8.106226348876953125e+01 3.706851899623870850e-01 1.000000000000000000e+00
1.316000000000000000e+03 2.000000000000000000e+01 3.884716033935546875e+01 3.825080096721649170e-01 1.000000000000000000e+00
1.317000000000000000e+03 2.000000000000000000e+01 3.880598831176757812e+01 3.759748935699462891e-01 1.000000000000000000e+00
1.318000000000000000e+03 2.000000000000000000e+01 3.875258255004882812e+01 3.599420785903930664e-01 1.000000000000000000e+00
1.319000000000000000e+03 2.000000000000000000e+01 3.871322250366210938e+01 3.787143230438232422e-01 1.000000000000000000e+00
1.320000000000000000e+03 2.000000000000000000e+01 2.232504844665527344e+00 3.779771625995635986e-01 0.000000000000000000e+00
1.321000000000000000e+03 2.000000000000000000e+01 2.237629890441894531e+00 3.822878301143646240e-01 0.000000000000000000e+00
1.322000000000000000e+03 2.000000000000000000e+01 2.243224143981933594e+00 3.828752338886260986e-01 0.000000000000000000e+00
1.323000000000000000e+03 2.000000000000000000e+01 2.231520175933837891e+00 3.777995407581329346e-01 0.000000000000000000e+00
1.324000000000000000e+03 2.000000000000000000e+01 2.231324195861816406e+00 3.767530322074890137e-01 0.000000000000000000e+00
1.325000000000000000e+03 2.000000000000000000e+01 2.231163740158081055e+00 3.782363533973693848e-01 0.000000000000000000e+00
1.326000000000000000e+03 2.000000000000000000e+01 2.231057167053222656e+00 3.783494830131530762e-01 0.000000000000000000e+00
1.327000000000000000e+03 2.000000000000000000e+01 2.231044769287109375e+00 3.767306804656982422e-01 0.000000000000000000e+00
1.328000000000000000e+03 2.000000000000000000e+01 2.231052398681640625e+00 3.735262155532836914e-01 0.000000000000000000e+00
1.329000000000000000e+03 2.000000000000000000e+01 2.231011867523193359e+00 3.723436295986175537e-01 0.000000000000000000e+00
1.330000000000000000e+03 2.000000000000000000e+01 3.818340301513671875e+01 3.716796934604644775e-01 1.000000000000000000e+00
1.331000000000000000e+03 2.000000000000000000e+01 4.011618804931640625e+01 3.854637145996093750e-01 1.000000000000000000e+00
1.332000000000000000e+03 2.000000000000000000e+01 6.308437500000000000e+02 3.852950334548950195e-01 1.000000000000000000e+00
1.333000000000000000e+03 2.000000000000000000e+01 1.319777709960937500e+03 3.875983059406280518e-01 1.000000000000000000e+00
1.334000000000000000e+03 2.000000000000000000e+01 1.133700927734375000e+03 3.559157550334930420e-01 1.000000000000000000e+00
1.335000000000000000e+03 2.000000000000000000e+01 4.198441772460937500e+02 3.434621691703796387e-01 1.000000000000000000e+00
1.336000000000000000e+03 2.000000000000000000e+01 4.558697891235351562e+01 3.581959605216979980e-01 1.000000000000000000e+00
1.337000000000000000e+03 2.000000000000000000e+01 3.782560348510742188e+01 3.858702778816223145e-01 1.000000000000000000e+00
1.338000000000000000e+03 2.000000000000000000e+01 3.777944183349609375e+01 3.669477105140686035e-01 1.000000000000000000e+00
1.339000000000000000e+03 2.000000000000000000e+01 3.773493194580078125e+01 3.636189699172973633e-01 1.000000000000000000e+00
1.340000000000000000e+03 2.000000000000000000e+01 2.245911121368408203e+00 3.824982345104217529e-01 0.000000000000000000e+00
1.341000000000000000e+03 2.000000000000000000e+01 2.245733499526977539e+00 3.833958208560943604e-01 0.000000000000000000e+00
1.342000000000000000e+03 2.000000000000000000e+01 2.245461940765380859e+00 3.836202323436737061e-01 0.000000000000000000e+00
1.343000000000000000e+03 2.000000000000000000e+01 2.245151519775390625e+00 3.847618699073791504e-01 0.000000000000000000e+00
1.344000000000000000e+03 2.000000000000000000e+01 2.244935512542724609e+00 3.834235668182373047e-01 0.000000000000000000e+00
1.345000000000000000e+03 2.000000000000000000e+01 2.244898796081542969e+00 3.823775649070739746e-01 0.000000000000000000e+00
1.346000000000000000e+03 2.000000000000000000e+01 2.245001077651977539e+00 3.829788565635681152e-01 0.000000000000000000e+00
1.347000000000000000e+03 2.000000000000000000e+01 2.245052814483642578e+00 3.849351108074188232e-01 0.000000000000000000e+00
1.348000000000000000e+03 2.000000000000000000e+01 2.244982719421386719e+00 3.854778409004211426e-01 0.000000000000000000e+00
1.349000000000000000e+03 2.000000000000000000e+01 2.244958400726318359e+00 3.841340839862823486e-01 0.000000000000000000e+00
1.350000000000000000e+03 2.000000000000000000e+01 3.721662139892578125e+01 3.838898241519927979e-01 1.000000000000000000e+00
1.351000000000000000e+03 2.000000000000000000e+01 3.715704345703125000e+01 3.854604363441467285e-01 1.000000000000000000e+00
1.352000000000000000e+03 2.000000000000000000e+01 3.709852981567382812e+01 3.986561298370361328e-01 1.000000000000000000e+00
1.353000000000000000e+03 2.000000000000000000e+01 3.704294204711914062e+01 4.172280430793762207e-01 1.000000000000000000e+00
1.354000000000000000e+03 2.000000000000000000e+01 3.699924087524414062e+01 4.091694653034210205e-01 1.000000000000000000e+00
1.355000000000000000e+03 2.000000000000000000e+01 3.695641326904296875e+01 3.954860568046569824e-01 1.000000000000000000e+00
1.356000000000000000e+03 2.000000000000000000e+01 3.690533828735351562e+01 3.802926838397979736e-01 1.000000000000000000e+00
1.357000000000000000e+03 2.000000000000000000e+01 4.475903320312500000e+01 3.537599742412567139e-01 1.000000000000000000e+00
1.358000000000000000e+03 2.000000000000000000e+01 7.898546600341796875e+01 3.359258472919464111e-01 1.000000000000000000e+00
1.359000000000000000e+03 2.000000000000000000e+01 1.612082519531250000e+02 3.320981562137603760e-01 1.000000000000000000e+00
1.360000000000000000e+03 2.000000000000000000e+01 7.232337951660156250e+01 3.443143963813781738e-01 0.000000000000000000e+00
1.361000000000000000e+03 2.000000000000000000e+01 6.413600921630859375e+01 3.462254405021667480e-01 0.000000000000000000e+00
1.362000000000000000e+03 2.000000000000000000e+01 4.956618499755859375e+01 3.519762754440307617e-01 0.000000000000000000e+00
1.363000000000000000e+03 2.000000000000000000e+01 3.200941467285156250e+01 3.590152263641357422e-01 0.000000000000000000e+00
1.364000000000000000e+03 2.000000000000000000e+01 1.550072097778320312e+01 3.633264303207397461e-01 0.000000000000000000e+00
1.365000000000000000e+03 2.000000000000000000e+01 4.425955772399902344e+00 3.657728135585784912e-01 0.000000000000000000e+00
1.366000000000000000e+03 2.000000000000000000e+01 2.267206668853759766e+00 3.692833185195922852e-01 0.000000000000000000e+00
1.367000000000000000e+03 2.000000000000000000e+01 2.267215490341186523e+00 3.729349374771118164e-01 0.000000000000000000e+00
1.368000000000000000e+03 2.000000000000000000e+01 2.267040252685546875e+00 3.737440109252929688e-01 0.000000000000000000e+00
1.369000000000000000e+03 2.000000000000000000e+01 2.267008304595947266e+00 3.664248585700988770e-01 0.000000000000000000e+00
1.370000000000000000e+03 2.000000000000000000e+01 3.627452468872070312e+01 3.582823276519775391e-01 1.000000000000000000e+00
1.371000000000000000e+03 2.000000000000000000e+01 3.623706054687500000e+01 3.663322031497955322e-01 1.000000000000000000e+00
1.372000000000000000e+03 2.000000000000000000e+01 3.619825744628906250e+01 3.895119130611419678e-01 1.000000000000000000e+00
1.373000000000000000e+03 2.000000000000000000e+01 3.612656021118164062e+01 3.662502765655517578e-01 1.000000000000000000e+00
1.374000000000000000e+03 2.000000000000000000e+01 3.608603668212890625e+01 3.616461455821990967e-01 1.000000000000000000e+00
1.375000000000000000e+03 2.000000000000000000e+01 3.604316711425781250e+01 3.723535537719726562e-01 1.000000000000000000e+00
1.376000000000000000e+03 2.000000000000000000e+01 3.599541091918945312e+01 4.085867106914520264e-01 1.000000000000000000e+00
1.377000000000000000e+03 2.000000000000000000e+01 3.592214584350585938e+01 4.122846126556396484e-01 1.000000000000000000e+00
1.378000000000000000e+03 2.000000000000000000e+01 3.586457824707031250e+01 4.066671729087829590e-01 1.000000000000000000e+00
1.379000000000000000e+03 2.000000000000000000e+01 3.581256103515625000e+01 3.990753293037414551e-01 1.000000000000000000e+00
1.380000000000000000e+03 2.000000000000000000e+01 2.276787042617797852e+00 3.985152244567871094e-01 0.000000000000000000e+00
1.381000000000000000e+03 2.000000000000000000e+01 3.295028686523437500e+00 3.986382484436035156e-01 0.000000000000000000e+00
1.382000000000000000e+03 2.000000000000000000e+01 2.304897785186767578e+00 3.984602987766265869e-01 0.000000000000000000e+00
1.383000000000000000e+03 2.000000000000000000e+01 2.275723457336425781e+00 3.978201746940612793e-01 0.000000000000000000e+00
1.384000000000000000e+03 2.000000000000000000e+01 2.275400400161743164e+00 3.985960483551025391e-01 0.000000000000000000e+00
1.385000000000000000e+03 2.000000000000000000e+01 2.275306224822998047e+00 4.021354019641876221e-01 0.000000000000000000e+00
1.386000000000000000e+03 2.000000000000000000e+01 2.275386333465576172e+00 4.075766205787658691e-01 0.000000000000000000e+00
1.387000000000000000e+03 2.000000000000000000e+01 2.275501251220703125e+00 4.102984070777893066e-01 0.000000000000000000e+00
1.388000000000000000e+03 2.000000000000000000e+01 2.275523662567138672e+00 4.101281762123107910e-01 0.000000000000000000e+00
1.389000000000000000e+03 2.000000000000000000e+01 2.275427579879760742e+00 4.089419245719909668e-01 0.000000000000000000e+00
1.390000000000000000e+03 2.000000000000000000e+01 3.530550003051757812e+01 4.073508977890014648e-01 1.000000000000000000e+00
1.391000000000000000e+03 2.000000000000000000e+01 3.525934219360351562e+01 3.991630375385284424e-01 1.000000000000000000e+00
1.392000000000000000e+03 2.000000000000000000e+01 3.521183395385742188e+01 3.865747153759002686e-01 1.000000000000000000e+00
1.393000000000000000e+03 2.000000000000000000e+01 3.516479110717773438e+01 3.672684729099273682e-01 1.000000000000000000e+00
1.394000000000000000e+03 2.000000000000000000e+01 3.511368179321289062e+01 3.553306758403778076e-01 1.000000000000000000e+00
1.395000000000000000e+03 2.000000000000000000e+01 3.505762863159179688e+01 3.432812094688415527e-01 1.000000000000000000e+00
1.396000000000000000e+03 2.000000000000000000e+01 3.501155090332031250e+01 3.407462835311889648e-01 1.000000000000000000e+00
1.397000000000000000e+03 2.000000000000000000e+01 3.561325454711914062e+01 3.447419703006744385e-01 1.000000000000000000e+00
1.398000000000000000e+03 2.000000000000000000e+01 3.943024902343750000e+02 3.849926888942718506e-01 1.000000000000000000e+00
1.399000000000000000e+03 2.000000000000000000e+01 7.819256591796875000e+02 3.816639780998229980e-01 1.000000000000000000e+00
1.400000000000000000e+03 2.000000000000000000e+01 3.687826232910156250e+02 3.561855852603912354e-01 0.000000000000000000e+00
1.401000000000000000e+03 2.000000000000000000e+01 2.807353515625000000e+02 3.523040413856506348e-01 0.000000000000000000e+00
1.402000000000000000e+03 2.000000000000000000e+01 8.915660858154296875e+01 3.513439893722534180e-01 0.000000000000000000e+00
1.403000000000000000e+03 2.000000000000000000e+01 2.285078287124633789e+00 3.534656763076782227e-01 0.000000000000000000e+00
1.404000000000000000e+03 2.000000000000000000e+01 2.284747123718261719e+00 3.598515987396240234e-01 0.000000000000000000e+00
1.405000000000000000e+03 2.000000000000000000e+01 2.284445285797119141e+00 3.729003667831420898e-01 0.000000000000000000e+00
1.406000000000000000e+03 2.000000000000000000e+01 2.284317016601562500e+00 3.861489892005920410e-01 0.000000000000000000e+00
1.407000000000000000e+03 2.000000000000000000e+01 2.284351110458374023e+00 3.952018022537231445e-01 0.000000000000000000e+00
1.408000000000000000e+03 2.000000000000000000e+01 6.994113159179687500e+01 4.077652692794799805e-01 0.000000000000000000e+00
1.409000000000000000e+03 2.000000000000000000e+01 1.858988037109375000e+02 4.142935276031494141e-01 0.000000000000000000e+00
1.410000000000000000e+03 2.000000000000000000e+01 2.083539123535156250e+02 4.140796661376953125e-01 1.000000000000000000e+00
1.411000000000000000e+03 2.000000000000000000e+01 3.436117553710937500e+01 4.031661748886108398e-01 1.000000000000000000e+00
1.412000000000000000e+03 2.000000000000000000e+01 3.427809906005859375e+01 3.860085904598236084e-01 1.000000000000000000e+00
1.413000000000000000e+03 2.000000000000000000e+01 3.424974441528320312e+01 4.305889904499053955e-01 1.000000000000000000e+00
1.414000000000000000e+03 2.000000000000000000e+01 3.420471191406250000e+01 4.271675646305084229e-01 1.000000000000000000e+00
1.415000000000000000e+03 2.000000000000000000e+01 3.415221405029296875e+01 3.919428288936614990e-01 1.000000000000000000e+00
1.416000000000000000e+03 2.000000000000000000e+01 3.410129928588867188e+01 3.747383058071136475e-01 1.000000000000000000e+00
1.417000000000000000e+03 2.000000000000000000e+01 3.405309295654296875e+01 3.877885639667510986e-01 1.000000000000000000e+00
1.418000000000000000e+03 2.000000000000000000e+01 3.400013732910156250e+01 4.051570296287536621e-01 1.000000000000000000e+00
1.419000000000000000e+03 2.000000000000000000e+01 3.393717956542968750e+01 4.118946492671966553e-01 1.000000000000000000e+00
1.420000000000000000e+03 2.000000000000000000e+01 2.282949686050415039e+00 4.219897389411926270e-01 0.000000000000000000e+00
1.421000000000000000e+03 2.000000000000000000e+01 2.282729148864746094e+00 4.260429143905639648e-01 0.000000000000000000e+00
1.422000000000000000e+03 2.000000000000000000e+01 2.282386302947998047e+00 4.277151226997375488e-01 0.000000000000000000e+00
1.423000000000000000e+03 2.000000000000000000e+01 2.282201051712036133e+00 4.285651147365570068e-01 0.000000000000000000e+00
1.424000000000000000e+03 2.000000000000000000e+01 2.936749572753906250e+02 4.324373304843902588e-01 0.000000000000000000e+00
1.425000000000000000e+03 2.000000000000000000e+01 8.506113281250000000e+02 4.396976530551910400e-01 0.000000000000000000e+00
1.426000000000000000e+03 2.000000000000000000e+01 1.169129028320312500e+03 4.445547461509704590e-01 0.000000000000000000e+00
1.427000000000000000e+03 2.000000000000000000e+01 1.082862792968750000e+03 4.453900456428527832e-01 0.000000000000000000e+00
1.428000000000000000e+03 2.000000000000000000e+01 6.729030151367187500e+02 4.439316689968109131e-01 0.000000000000000000e+00
1.429000000000000000e+03 2.000000000000000000e+01 1.927526702880859375e+02 5.261784375000000000e+05 0.000000000000000000e+00
1.430000000000000000e+03 2.000000000000000000e+01 3.344570922851562500e+01 4.374647736549377441e-01 1.000000000000000000e+00
1.431000000000000000e+03 2.000000000000000000e+01 3.854197387695312500e+02 4.330460727214813232e-01 1.000000000000000000e+00
1.432000000000000000e+03 2.000000000000000000e+01 5.966380615234375000e+02 4.207442402839660645e-01 1.000000000000000000e+00
1.433000000000000000e+03 2.000000000000000000e+01 2.359855499267578125e+02 4.071783423423767090e-01 1.000000000000000000e+00
1.434000000000000000e+03 2.000000000000000000e+01 3.324510574340820312e+01 3.903900086879730225e-01 1.000000000000000000e+00
1.435000000000000000e+03 2.000000000000000000e+01 3.319410705566406250e+01 3.811565041542053223e-01 1.000000000000000000e+00
1.436000000000000000e+03 2.000000000000000000e+01 3.315128707885742188e+01 3.799411952495574951e-01 1.000000000000000000e+00
1.437000000000000000e+03 2.000000000000000000e+01 3.310342025756835938e+01 3.633952736854553223e-01 1.000000000000000000e+00
1.438000000000000000e+03 2.000000000000000000e+01 3.305681991577148438e+01 3.596445322036743164e-01 1.000000000000000000e+00
1.439000000000000000e+03 2.000000000000000000e+01 6.148296356201171875e+01 3.675635457038879395e-01 1.000000000000000000e+00
1.440000000000000000e+03 2.000000000000000000e+01 2.098160552978515625e+01 3.473093807697296143e-01 0.000000000000000000e+00
1.441000000000000000e+03 2.000000000000000000e+01 1.907695770263671875e+01 3.509231209754943848e-01 0.000000000000000000e+00
1.442000000000000000e+03 2.000000000000000000e+01 1.569351673126220703e+01 3.541000485420227051e-01 0.000000000000000000e+00
1.443000000000000000e+03 2.000000000000000000e+01 1.150834465026855469e+01 3.528314232826232910e-01 0.000000000000000000e+00
1.444000000000000000e+03 2.000000000000000000e+01 7.314605712890625000e+00 3.475417196750640869e-01 0.000000000000000000e+00
1.445000000000000000e+03 2.000000000000000000e+01 3.967372655868530273e+00 3.452686965465545654e-01 0.000000000000000000e+00
1.446000000000000000e+03 2.000000000000000000e+01 2.342950344085693359e+00 3.486869037151336670e-01 0.000000000000000000e+00
1.447000000000000000e+03 2.000000000000000000e+01 2.301181316375732422e+00 3.543399274349212646e-01 0.000000000000000000e+00
1.448000000000000000e+03 2.000000000000000000e+01 2.301435708999633789e+00 3.581942617893218994e-01 0.000000000000000000e+00
1.449000000000000000e+03 2.000000000000000000e+01 2.301562547683715820e+00 3.581315279006958008e-01 0.000000000000000000e+00
1.450000000000000000e+03 2.000000000000000000e+01 3.250603866577148438e+01 3.609311282634735107e-01 1.000000000000000000e+00
1.451000000000000000e+03 2.000000000000000000e+01 3.621228942871093750e+02 3.354246616363525391e-01 1.000000000000000000e+00
1.452000000000000000e+03 2.000000000000000000e+01 8.376992187500000000e+02 3.641256093978881836e-01 1.000000000000000000e+00
1.453000000000000000e+03 2.000000000000000000e+01 5.492238159179687500e+02 3.635448515415191650e-01 1.000000000000000000e+00
1.454000000000000000e+03 2.000000000000000000e+01 4.147453308105468750e+01 3.458508849143981934e-01 1.000000000000000000e+00
1.455000000000000000e+03 2.000000000000000000e+01 3.229834365844726562e+01 3.773717284202575684e-01 1.000000000000000000e+00
1.456000000000000000e+03 2.000000000000000000e+01 3.226520919799804688e+01 3.981902003288269043e-01 1.000000000000000000e+00
1.457000000000000000e+03 2.000000000000000000e+01 3.218573760986328125e+01 3.729933202266693115e-01 1.000000000000000000e+00
1.458000000000000000e+03 2.000000000000000000e+01 3.214747619628906250e+01 3.773485124111175537e-01 1.000000000000000000e+00
1.459000000000000000e+03 2.000000000000000000e+01 3.212990188598632812e+01 3.983947336673736572e-01 1.000000000000000000e+00
1.460000000000000000e+03 2.000000000000000000e+01 2.306604862213134766e+00 3.858041763305664062e-01 0.000000000000000000e+00
1.461000000000000000e+03 2.000000000000000000e+01 2.306514739990234375e+00 3.748064637184143066e-01 0.000000000000000000e+00
1.462000000000000000e+03 2.000000000000000000e+01 2.306363821029663086e+00 3.691896796226501465e-01 0.000000000000000000e+00
1.463000000000000000e+03 2.000000000000000000e+01 2.306172370910644531e+00 3.654782772064208984e-01 0.000000000000000000e+00
1.464000000000000000e+03 2.000000000000000000e+01 2.306015729904174805e+00 3.663441240787506104e-01 0.000000000000000000e+00
1.465000000000000000e+03 2.000000000000000000e+01 2.305803060531616211e+00 3.648992180824279785e-01 0.000000000000000000e+00
1.466000000000000000e+03 2.000000000000000000e+01 2.305520057678222656e+00 3.645498156547546387e-01 0.000000000000000000e+00
1.467000000000000000e+03 2.000000000000000000e+01 2.305254459381103516e+00 3.625032901763916016e-01 0.000000000000000000e+00
1.468000000000000000e+03 2.000000000000000000e+01 2.305078983306884766e+00 3.623409569263458252e-01 0.000000000000000000e+00
1.469000000000000000e+03 2.000000000000000000e+01 2.305007934570312500e+00 3.632861971855163574e-01 0.000000000000000000e+00
1.470000000000000000e+03 2.000000000000000000e+01 3.160175132751464844e+01 3.647378385066986084e-01 1.000000000000000000e+00
1.471000000000000000e+03 2.000000000000000000e+01 3.155461692810058594e+01 3.745138347148895264e-01 1.000000000000000000e+00
1.472000000000000000e+03 2.000000000000000000e+01 3.150629615783691406e+01 3.955186009407043457e-01 1.000000000000000000e+00
1.473000000000000000e+03 2.000000000000000000e+01 3.144249343872070312e+01 3.864499330520629883e-01 1.000000000000000000e+00
1.474000000000000000e+03 2.000000000000000000e+01 3.138317871093750000e+01 3.639410436153411865e-01 1.000000000000000000e+00
1.475000000000000000e+03 2.000000000000000000e+01 3.134774208068847656e+01 3.722883760929107666e-01 1.000000000000000000e+00
1.476000000000000000e+03 2.000000000000000000e+01 3.130021476745605469e+01 3.703522384166717529e-01 1.000000000000000000e+00
1.477000000000000000e+03 2.000000000000000000e+01 3.125265121459960938e+01 3.610324263572692871e-01 1.000000000000000000e+00
1.478000000000000000e+03 2.000000000000000000e+01 3.120224571228027344e+01 3.583101630210876465e-01 1.000000000000000000e+00
1.479000000000000000e+03 2.000000000000000000e+01 5.156553268432617188e+01 3.452450335025787354e-01 1.000000000000000000e+00
1.480000000000000000e+03 2.000000000000000000e+01 2.305711030960083008e+00 3.238090872764587402e-01 0.000000000000000000e+00
1.481000000000000000e+03 2.000000000000000000e+01 1.516609573364257812e+01 3.258116841316223145e-01 0.000000000000000000e+00
1.482000000000000000e+03 2.000000000000000000e+01 5.649928092956542969e+00 3.310095667839050293e-01 0.000000000000000000e+00
1.483000000000000000e+03 2.000000000000000000e+01 2.304862976074218750e+00 3.397176861763000488e-01 0.000000000000000000e+00
1.484000000000000000e+03 2.000000000000000000e+01 2.304836750030517578e+00 3.451228439807891846e-01 0.000000000000000000e+00
1.485000000000000000e+03 2.000000000000000000e+01 2.304842472076416016e+00 3.490650653839111328e-01 0.000000000000000000e+00
1.486000000000000000e+03 2.000000000000000000e+01 2.304794311523437500e+00 3.476543426513671875e-01 0.000000000000000000e+00
1.487000000000000000e+03 2.000000000000000000e+01 2.304682016372680664e+00 3.388963937759399414e-01 0.000000000000000000e+00
1.488000000000000000e+03 2.000000000000000000e+01 3.000006484985351562e+01 3.270472884178161621e-01 0.000000000000000000e+00
1.489000000000000000e+03 2.000000000000000000e+01 1.670549774169921875e+02 3.232255876064300537e-01 0.000000000000000000e+00
1.490000000000000000e+03 2.000000000000000000e+01 1.824776000976562500e+02 3.230604231357574463e-01 1.000000000000000000e+00
1.491000000000000000e+03 2.000000000000000000e+01 3.060965156555175781e+01 3.130314946174621582e-01 1.000000000000000000e+00
1.492000000000000000e+03 2.000000000000000000e+01 3.057481193542480469e+01 3.246535360813140869e-01 1.000000000000000000e+00
1.493000000000000000e+03 2.000000000000000000e+01 3.052871894836425781e+01 3.259454965591430664e-01 1.000000000000000000e+00
1.494000000000000000e+03 2.000000000000000000e+01 3.047951507568359375e+01 3.063618838787078857e-01 1.000000000000000000e+00
1.495000000000000000e+03 2.000000000000000000e+01 8.118371582031250000e+01 3.144831955432891846e-01 1.000000000000000000e+00
1.496000000000000000e+03 2.000000000000000000e+01 2.621341552734375000e+02 3.159464895725250244e-01 1.000000000000000000e+00
1.497000000000000000e+03 2.000000000000000000e+01 5.399730682373046875e+01 3.276917040348052979e-01 1.000000000000000000e+00
1.498000000000000000e+03 2.000000000000000000e+01 3.029806518554687500e+01 3.207709193229675293e-01 1.000000000000000000e+00
1.499000000000000000e+03 2.000000000000000000e+01 3.024799156188964844e+01 3.038941919803619385e-01 1.000000000000000000e+00
1.501000000000000000e+03 2.000000000000000000e+01 2.080758571624755859e+00 4.246775627136230469e+00 0.000000000000000000e+00
1.502000000000000000e+03 2.000000000000000000e+01 1.999404788017272949e+00 4.172535419464111328e+00 0.000000000000000000e+00
1.503000000000000000e+03 2.000000000000000000e+01 1.961501717567443848e+00 4.173655033111572266e+00 0.000000000000000000e+00
1.504000000000000000e+03 2.000000000000000000e+01 1.943918228149414062e+00 4.196772575378417969e+00 0.000000000000000000e+00
1.505000000000000000e+03 2.000000000000000000e+01 1.934056997299194336e+00 4.233308792114257812e+00 0.000000000000000000e+00
1.506000000000000000e+03 2.000000000000000000e+01 1.927672147750854492e+00 4.263774871826171875e+00 0.000000000000000000e+00
1.507000000000000000e+03 2.000000000000000000e+01 1.922866106033325195e+00 4.250576019287109375e+00 0.000000000000000000e+00
1.508000000000000000e+03 2.000000000000000000e+01 1.919058322906494141e+00 4.244385719299316406e+00 0.000000000000000000e+00
1.509000000000000000e+03 2.000000000000000000e+01 1.916166067123413086e+00 4.236281394958496094e+00 0.000000000000000000e+00
1.510000000000000000e+03 2.000000000000000000e+01 3.360329055786132812e+01 4.226217269897460938e+00 1.000000000000000000e+00
1.511000000000000000e+03 2.000000000000000000e+01 3.177588272094726562e+01 2.136541128158569336e+00 1.000000000000000000e+00
1.512000000000000000e+03 2.000000000000000000e+01 3.123032188415527344e+01 1.228577136993408203e+00 1.000000000000000000e+00
1.513000000000000000e+03 2.000000000000000000e+01 3.101775360107421875e+01 8.559269309043884277e-01 1.000000000000000000e+00
1.514000000000000000e+03 2.000000000000000000e+01 6.052641601562500000e+02 6.356703042984008789e-01 1.000000000000000000e+00
1.515000000000000000e+03 2.000000000000000000e+01 2.489010742187500000e+03 5.401300191879272461e-01 1.000000000000000000e+00
1.516000000000000000e+03 2.000000000000000000e+01 3.372713134765625000e+03 4.340280890464782715e-01 1.000000000000000000e+00
1.517000000000000000e+03 2.000000000000000000e+01 2.851692138671875000e+03 3.893048167228698730e-01 1.000000000000000000e+00
1.518000000000000000e+03 2.000000000000000000e+01 1.508302978515625000e+03 3.955298662185668945e-01 1.000000000000000000e+00
1.519000000000000000e+03 2.000000000000000000e+01 2.818393249511718750e+02 3.713159263134002686e-01 1.000000000000000000e+00
1.520000000000000000e+03 2.000000000000000000e+01 1.913393616676330566e+00 3.260108828544616699e-01 0.000000000000000000e+00
1.521000000000000000e+03 2.000000000000000000e+01 1.910335779190063477e+00 3.292018473148345947e-01 0.000000000000000000e+00
1.522000000000000000e+03 2.000000000000000000e+01 1.907388448715209961e+00 3.318002223968505859e-01 0.000000000000000000e+00
1.523000000000000000e+03 2.000000000000000000e+01 1.904543757438659668e+00 3.341562151908874512e-01 0.000000000000000000e+00
1.524000000000000000e+03 2.000000000000000000e+01 1.901843309402465820e+00 3.369311094284057617e-01 0.000000000000000000e+00
1.525000000000000000e+03 2.000000000000000000e+01 1.899577975273132324e+00 3.383386731147766113e-01 0.000000000000000000e+00
1.526000000000000000e+03 2.000000000000000000e+01 1.898098468780517578e+00 3.381177783012390137e-01 0.000000000000000000e+00
1.527000000000000000e+03 2.000000000000000000e+01 1.897206664085388184e+00 3.348647952079772949e-01 0.000000000000000000e+00
1.528000000000000000e+03 2.000000000000000000e+01 1.896625161170959473e+00 3.277674913406372070e-01 0.000000000000000000e+00
1.529000000000000000e+03 2.000000000000000000e+01 1.895888090133666992e+00 3.216233551502227783e-01 0.000000000000000000e+00
1.530000000000000000e+03 2.000000000000000000e+01 2.990171432495117188e+01 3.166628181934356689e-01 1.000000000000000000e+00
1.531000000000000000e+03 2.000000000000000000e+01 2.976017951965332031e+01 2.609232366085052490e-01 1.000000000000000000e+00
1.532000000000000000e+03 2.000000000000000000e+01 2.968126869201660156e+01 2.975221872329711914e-01 1.000000000000000000e+00
1.533000000000000000e+03 2.000000000000000000e+01 2.962615966796875000e+01 3.711422681808471680e-01 1.000000000000000000e+00
1.534000000000000000e+03 2.000000000000000000e+01 2.953476524353027344e+01 4.041254818439483643e-01 1.000000000000000000e+00
1.535000000000000000e+03 2.000000000000000000e+01 2.943040084838867188e+01 3.894485533237457275e-01 1.000000000000000000e+00
1.536000000000000000e+03 2.000000000000000000e+01 2.934968376159667969e+01 3.493811190128326416e-01 1.000000000000000000e+00
1.537000000000000000e+03 2.000000000000000000e+01 2.931368637084960938e+01 3.288932144641876221e-01 1.000000000000000000e+00
1.538000000000000000e+03 2.000000000000000000e+01 2.927206802368164062e+01 3.323169052600860596e-01 1.000000000000000000e+00
1.539000000000000000e+03 2.000000000000000000e+01 2.920077705383300781e+01 3.255573511123657227e-01 1.000000000000000000e+00
1.540000000000000000e+03 2.000000000000000000e+01 1.903991222381591797e+00 3.263571560382843018e-01 0.000000000000000000e+00
1.541000000000000000e+03 2.000000000000000000e+01 1.902595520019531250e+00 3.257724344730377197e-01 0.000000000000000000e+00
1.542000000000000000e+03 2.000000000000000000e+01 1.901280045509338379e+00 3.270855247974395752e-01 0.000000000000000000e+00
1.543000000000000000e+03 2.000000000000000000e+01 1.900374889373779297e+00 3.304823637008666992e-01 0.000000000000000000e+00
1.544000000000000000e+03 2.000000000000000000e+01 1.899764418601989746e+00 3.356899619102478027e-01 0.000000000000000000e+00
1.545000000000000000e+03 2.000000000000000000e+01 1.899199604988098145e+00 3.419131338596343994e-01 0.000000000000000000e+00
1.546000000000000000e+03 2.000000000000000000e+01 1.898546457290649414e+00 3.468920290470123291e-01 0.000000000000000000e+00
1.547000000000000000e+03 2.000000000000000000e+01 1.898008346557617188e+00 3.516302704811096191e-01 0.000000000000000000e+00
1.548000000000000000e+03 2.000000000000000000e+01 1.897867679595947266e+00 3.553205728530883789e-01 0.000000000000000000e+00
1.549000000000000000e+03 2.000000000000000000e+01 1.897886753082275391e+00 3.579560220241546631e-01 0.000000000000000000e+00
1.550000000000000000e+03 2.000000000000000000e+01 2.871667861938476562e+01 3.620783090591430664e-01 1.000000000000000000e+00
1.551000000000000000e+03 2.000000000000000000e+01 2.865477371215820312e+01 3.252653479576110840e-01 1.000000000000000000e+00
1.552000000000000000e+03 2.000000000000000000e+01 2.860347747802734375e+01 2.856318652629852295e-01 1.000000000000000000e+00
1.553000000000000000e+03 2.000000000000000000e+01 2.854402542114257812e+01 2.589874863624572754e-01 1.000000000000000000e+00
1.554000000000000000e+03 2.000000000000000000e+01 2.847712516784667969e+01 2.575259208679199219e-01 1.000000000000000000e+00
1.555000000000000000e+03 2.000000000000000000e+01 2.841295433044433594e+01 2.481067925691604614e-01 1.000000000000000000e+00
1.556000000000000000e+03 2.000000000000000000e+01 2.835719490051269531e+01 2.392413467168807983e-01 1.000000000000000000e+00
1.557000000000000000e+03 2.000000000000000000e+01 2.831259536743164062e+01 2.595306336879730225e-01 1.000000000000000000e+00
1.558000000000000000e+03 2.000000000000000000e+01 2.827053260803222656e+01 2.893024086952209473e-01 1.000000000000000000e+00
1.559000000000000000e+03 2.000000000000000000e+01 2.822174644470214844e+01 2.881256043910980225e-01 1.000000000000000000e+00
1.560000000000000000e+03 2.000000000000000000e+01 1.915058612823486328e+00 2.701009511947631836e-01 0.000000000000000000e+00
1.561000000000000000e+03 2.000000000000000000e+01 1.914428949356079102e+00 2.718875706195831299e-01 0.000000000000000000e+00
1.562000000000000000e+03 2.000000000000000000e+01 1.913683891296386719e+00 2.757768929004669189e-01 0.000000000000000000e+00
1.563000000000000000e+03 2.000000000000000000e+01 1.912986516952514648e+00 2.760565578937530518e-01 0.000000000000000000e+00
1.564000000000000000e+03 2.000000000000000000e+01 1.912381649017333984e+00 2.734629213809967041e-01 0.000000000000000000e+00
1.565000000000000000e+03 2.000000000000000000e+01 1.911856651306152344e+00 2.689202129840850830e-01 0.000000000000000000e+00
1.566000000000000000e+03 2.000000000000000000e+01 1.911433100700378418e+00 2.641769945621490479e-01 0.000000000000000000e+00
1.567000000000000000e+03 2.000000000000000000e+01 1.911129713058471680e+00 2.589400410652160645e-01 0.000000000000000000e+00
1.568000000000000000e+03 2.000000000000000000e+01 1.910898923873901367e+00 2.589189112186431885e-01 0.000000000000000000e+00
1.569000000000000000e+03 2.000000000000000000e+01 1.910835623741149902e+00 2.607751488685607910e-01 0.000000000000000000e+00
1.570000000000000000e+03 2.000000000000000000e+01 2.771188545227050781e+01 2.633571326732635498e-01 1.000000000000000000e+00
1.571000000000000000e+03 2.000000000000000000e+01 2.764858627319335938e+01 2.525938153266906738e-01 1.000000000000000000e+00
1.572000000000000000e+03 2.000000000000000000e+01 2.758825492858886719e+01 2.445982098579406738e-01 1.000000000000000000e+00
1.573000000000000000e+03 2.000000000000000000e+01 2.753833580017089844e+01 2.276162058115005493e-01 1.000000000000000000e+00
1.574000000000000000e+03 2.000000000000000000e+01 2.750167655944824219e+01 2.210347354412078857e-01 1.000000000000000000e+00
1.575000000000000000e+03 2.000000000000000000e+01 2.746052932739257812e+01 2.263233661651611328e-01 1.000000000000000000e+00
1.576000000000000000e+03 2.000000000000000000e+01 2.740494346618652344e+01 2.336906194686889648e-01 1.000000000000000000e+00
1.577000000000000000e+03 2.000000000000000000e+01 2.734498596191406250e+01 2.380889058113098145e-01 1.000000000000000000e+00
1.578000000000000000e+03 2.000000000000000000e+01 2.729025650024414062e+01 2.145173549652099609e-01 1.000000000000000000e+00
1.579000000000000000e+03 2.000000000000000000e+01 2.724329376220703125e+01 2.066331207752227783e-01 1.000000000000000000e+00
1.580000000000000000e+03 2.000000000000000000e+01 1.930887460708618164e+00 2.224001288414001465e-01 0.000000000000000000e+00
1.581000000000000000e+03 2.000000000000000000e+01 1.930591940879821777e+00 2.212843596935272217e-01 0.000000000000000000e+00
1.582000000000000000e+03 2.000000000000000000e+01 1.930018663406372070e+00 2.207159847021102905e-01 0.000000000000000000e+00
1.583000000000000000e+03 2.000000000000000000e+01 1.929276466369628906e+00 2.200054824352264404e-01 0.000000000000000000e+00
1.584000000000000000e+03 2.000000000000000000e+01 1.928615331649780273e+00 2.191893458366394043e-01 0.000000000000000000e+00
1.585000000000000000e+03 2.000000000000000000e+01 1.928195357322692871e+00 2.188490331172943115e-01 0.000000000000000000e+00
1.586000000000000000e+03 2.000000000000000000e+01 1.928052902221679688e+00 2.201819270849227905e-01 0.000000000000000000e+00
1.587000000000000000e+03 2.000000000000000000e+01 1.928065061569213867e+00 2.208347022533416748e-01 0.000000000000000000e+00
1.588000000000000000e+03 2.000000000000000000e+01 1.928049802780151367e+00 2.196379005908966064e-01 0.000000000000000000e+00
1.589000000000000000e+03 2.000000000000000000e+01 1.928089857101440430e+00 2.187897264957427979e-01 0.000000000000000000e+00
1.590000000000000000e+03 2.000000000000000000e+01 2.675045585632324219e+01 2.179904580116271973e-01 1.000000000000000000e+00
1.591000000000000000e+03 2.000000000000000000e+01 2.669857788085937500e+01 2.085002511739730835e-01 1.000000000000000000e+00
1.592000000000000000e+03 2.000000000000000000e+01 2.664712142944335938e+01 1.840253770351409912e-01 1.000000000000000000e+00
1.593000000000000000e+03 2.000000000000000000e+01 2.659966850280761719e+01 1.814424842596054077e-01 1.000000000000000000e+00
1.594000000000000000e+03 2.000000000000000000e+01 2.655431938171386719e+01 2.057789415121078491e-01 1.000000000000000000e+00
1.595000000000000000e+03 2.000000000000000000e+01 2.650802230834960938e+01 2.076041400432586670e-01 1.000000000000000000e+00
1.596000000000000000e+03 2.000000000000000000e+01 2.645665550231933594e+01 2.012566924095153809e-01 1.000000000000000000e+00
1.597000000000000000e+03 2.000000000000000000e+01 1.465274047851562500e+02 1.845367103815078735e-01 1.000000000000000000e+00
1.598000000000000000e+03 2.000000000000000000e+01 3.020470275878906250e+02 1.582725942134857178e-01 1.000000000000000000e+00
1.599000000000000000e+03 2.000000000000000000e+01 1.246907272338867188e+02 1.628654897212982178e-01 1.000000000000000000e+00
1.600000000000000000e+03 2.000000000000000000e+01 2.789095458984375000e+02 1.794696748256683350e-01 0.000000000000000000e+00
1.601000000000000000e+03 2.000000000000000000e+01 2.831447448730468750e+02 1.772846430540084839e-01 0.000000000000000000e+00
1.602000000000000000e+03 2.000000000000000000e+01 2.839217834472656250e+02 1.761321127414703369e-01 0.000000000000000000e+00
1.603000000000000000e+03 2.000000000000000000e+01 2.815776367187500000e+02 1.754656285047531128e-01 0.000000000000000000e+00
1.604000000000000000e+03 2.000000000000000000e+01 2.764623413085937500e+02 1.751256287097930908e-01 0.000000000000000000e+00
1.605000000000000000e+03 2.000000000000000000e+01 2.689286804199218750e+02 1.742721349000930786e-01 0.000000000000000000e+00
1.606000000000000000e+03 2.000000000000000000e+01 2.593236389160156250e+02 1.735783368349075317e-01 0.000000000000000000e+00
1.607000000000000000e+03 2.000000000000000000e+01 2.479825134277343750e+02 1.737442314624786377e-01 0.000000000000000000e+00
1.608000000000000000e+03 2.000000000000000000e+01 2.352223052978515625e+02 1.743705570697784424e-01 0.000000000000000000e+00
1.609000000000000000e+03 2.000000000000000000e+01 2.213413085937500000e+02 1.744635701179504395e-01 0.000000000000000000e+00
1.610000000000000000e+03 2.000000000000000000e+01 2.304967803955078125e+02 1.750271618366241455e-01 1.000000000000000000e+00
1.611000000000000000e+03 2.000000000000000000e+01 3.669223327636718750e+02 1.855935454368591309e-01 1.000000000000000000e+00
1.612000000000000000e+03 2.000000000000000000e+01 3.228041381835937500e+02 1.865909695625305176e-01 1.000000000000000000e+00
1.613000000000000000e+03 2.000000000000000000e+01 1.579885864257812500e+02 1.605976819992065430e-01 1.000000000000000000e+00
1.614000000000000000e+03 2.000000000000000000e+01 2.964067268371582031e+01 1.495859622955322266e-01 1.000000000000000000e+00
1.615000000000000000e+03 2.000000000000000000e+01 2.563935279846191406e+01 1.468986421823501587e-01 1.000000000000000000e+00
1.616000000000000000e+03 2.000000000000000000e+01 2.559394645690917969e+01 1.472957283258438110e-01 1.000000000000000000e+00
1.617000000000000000e+03 2.000000000000000000e+01 2.554327011108398438e+01 1.533728539943695068e-01 1.000000000000000000e+00
1.618000000000000000e+03 2.000000000000000000e+01 2.548556137084960938e+01 1.658097803592681885e-01 1.000000000000000000e+00
1.619000000000000000e+03 2.000000000000000000e+01 2.542970657348632812e+01 1.751215904951095581e-01 1.000000000000000000e+00
1.620000000000000000e+03 2.000000000000000000e+01 1.982750415802001953e+00 1.633854508399963379e-01 0.000000000000000000e+00
1.621000000000000000e+03 2.000000000000000000e+01 1.982854127883911133e+00 1.628304123878479004e-01 0.000000000000000000e+00
1.622000000000000000e+03 2.000000000000000000e+01 1.982788562774658203e+00 1.640466600656509399e-01 0.000000000000000000e+00
1.623000000000000000e+03 2.000000000000000000e+01 1.982573151588439941e+00 1.658532768487930298e-01 0.000000000000000000e+00
1.624000000000000000e+03 2.000000000000000000e+01 1.982346057891845703e+00 1.685604751110076904e-01 0.000000000000000000e+00
1.625000000000000000e+03 2.000000000000000000e+01 1.982192993164062500e+00 1.696372926235198975e-01 0.000000000000000000e+00
1.626000000000000000e+03 2.000000000000000000e+01 1.982052922248840332e+00 1.706094145774841309e-01 0.000000000000000000e+00
1.627000000000000000e+03 2.000000000000000000e+01 1.981837153434753418e+00 1.697505116462707520e-01 0.000000000000000000e+00
1.628000000000000000e+03 2.000000000000000000e+01 1.981598019599914551e+00 1.665651053190231323e-01 0.000000000000000000e+00
1.629000000000000000e+03 2.000000000000000000e+01 1.981419682502746582e+00 1.643390208482742310e-01 0.000000000000000000e+00
1.630000000000000000e+03 2.000000000000000000e+01 2.495107650756835938e+01 1.637719869613647461e-01 1.000000000000000000e+00
1.631000000000000000e+03 2.000000000000000000e+01 1.578017578125000000e+02 1.517861187458038330e-01 1.000000000000000000e+00
1.632000000000000000e+03 2.000000000000000000e+01 1.839690399169921875e+02 1.420947760343551636e-01 1.000000000000000000e+00
1.633000000000000000e+03 2.000000000000000000e+01 3.062683868408203125e+01 1.488497257232666016e-01 1.000000000000000000e+00
1.634000000000000000e+03 2.000000000000000000e+01 2.663990974426269531e+01 1.449637413024902344e-01 1.000000000000000000e+00
1.635000000000000000e+03 2.000000000000000000e+01 2.478371047973632812e+01 1.450007259845733643e-01 1.000000000000000000e+00
1.636000000000000000e+03 2.000000000000000000e+01 2.473538398742675781e+01 1.298724412918090820e-01 1.000000000000000000e+00
1.637000000000000000e+03 2.000000000000000000e+01 2.467974662780761719e+01 1.110973134636878967e-01 1.000000000000000000e+00
1.638000000000000000e+03 2.000000000000000000e+01 2.461469078063964844e+01 1.161234378814697266e-01 1.000000000000000000e+00
1.639000000000000000e+03 2.000000000000000000e+01 2.511150360107421875e+01 1.227134540677070618e-01 1.000000000000000000e+00
1.640000000000000000e+03 2.000000000000000000e+01 1.081267452239990234e+01 1.212936490774154663e-01 0.000000000000000000e+00
1.641000000000000000e+03 2.000000000000000000e+01 1.187384605407714844e+01 1.215934753417968750e-01 0.000000000000000000e+00
1.642000000000000000e+03 2.000000000000000000e+01 5.971345901489257812e+00 1.228283196687698364e-01 0.000000000000000000e+00
1.643000000000000000e+03 2.000000000000000000e+01 2.004925251007080078e+00 1.252769827842712402e-01 0.000000000000000000e+00
1.644000000000000000e+03 2.000000000000000000e+01 2.004799365997314453e+00 1.278558969497680664e-01 0.000000000000000000e+00
1.645000000000000000e+03 2.000000000000000000e+01 2.004778861999511719e+00 1.292192041873931885e-01 0.000000000000000000e+00
1.646000000000000000e+03 2.000000000000000000e+01 2.004734516143798828e+00 1.299265474081039429e-01 0.000000000000000000e+00
1.647000000000000000e+03 2.000000000000000000e+01 2.004616737365722656e+00 1.313135325908660889e-01 0.000000000000000000e+00
1.648000000000000000e+03 2.000000000000000000e+01 7.819425582885742188e+00 1.304414272308349609e-01 0.000000000000000000e+00
1.649000000000000000e+03 2.000000000000000000e+01 1.583282661437988281e+01 1.271309554576873779e-01 0.000000000000000000e+00
1.650000000000000000e+03 2.000000000000000000e+01 3.696173477172851562e+01 1.250081360340118408e-01 1.000000000000000000e+00
1.651000000000000000e+03 2.000000000000000000e+01 2.403415679931640625e+01 1.206707581877708435e-01 1.000000000000000000e+00
1.652000000000000000e+03 2.000000000000000000e+01 2.399320411682128906e+01 1.081677451729774475e-01 1.000000000000000000e+00
1.653000000000000000e+03 2.000000000000000000e+01 2.395001602172851562e+01 1.080281659960746765e-01 1.000000000000000000e+00
1.654000000000000000e+03 2.000000000000000000e+01 2.389513015747070312e+01 1.201361417770385742e-01 1.000000000000000000e+00
1.655000000000000000e+03 2.000000000000000000e+01 2.384325790405273438e+01 1.460740119218826294e-01 1.000000000000000000e+00
1.656000000000000000e+03 2.000000000000000000e+01 2.379901313781738281e+01 1.326159536838531494e-01 1.000000000000000000e+00
1.657000000000000000e+03 2.000000000000000000e+01 2.376580429077148438e+01 9.908742457628250122e-02 1.000000000000000000e+00
1.658000000000000000e+03 2.000000000000000000e+01 2.972786331176757812e+01 8.517701923847198486e-02 1.000000000000000000e+00
1.659000000000000000e+03 2.000000000000000000e+01 1.658681488037109375e+02 9.177054464817047119e-02 1.000000000000000000e+00
1.660000000000000000e+03 2.000000000000000000e+01 1.130820388793945312e+02 1.153308972716331482e-01 0.000000000000000000e+00
1.661000000000000000e+03 2.000000000000000000e+01 1.000648803710937500e+02 1.158057004213333130e-01 0.000000000000000000e+00
1.662000000000000000e+03 2.000000000000000000e+01 8.403758239746093750e+01 1.153098717331886292e-01 0.000000000000000000e+00
1.663000000000000000e+03 2.000000000000000000e+01 6.661820220947265625e+01 1.140891909599304199e-01 0.000000000000000000e+00
1.664000000000000000e+03 2.000000000000000000e+01 4.947035217285156250e+01 1.116998195648193359e-01 0.000000000000000000e+00
1.665000000000000000e+03 2.000000000000000000e+01 3.424384307861328125e+01 1.094134151935577393e-01 0.000000000000000000e+00
1.666000000000000000e+03 2.000000000000000000e+01 2.253830718994140625e+01 1.086181998252868652e-01 0.000000000000000000e+00
1.667000000000000000e+03 2.000000000000000000e+01 1.511120414733886719e+01 1.083813607692718506e-01 0.000000000000000000e+00
1.668000000000000000e+03 2.000000000000000000e+01 9.222303390502929688e+00 1.088558807969093323e-01 0.000000000000000000e+00
1.669000000000000000e+03 2.000000000000000000e+01 4.845561981201171875e+00 1.087482348084449768e-01 0.000000000000000000e+00
1.670000000000000000e+03 2.000000000000000000e+01 2.357611846923828125e+01 1.087243109941482544e-01 1.000000000000000000e+00
1.671000000000000000e+03 2.000000000000000000e+01 2.315307807922363281e+01 1.304858326911926270e-01 1.000000000000000000e+00
1.672000000000000000e+03 2.000000000000000000e+01 2.310602951049804688e+01 1.281916797161102295e-01 1.000000000000000000e+00
1.673000000000000000e+03 2.000000000000000000e+01 2.306036949157714844e+01 1.072330027818679810e-01 1.000000000000000000e+00
1.674000000000000000e+03 2.000000000000000000e+01 2.301523780822753906e+01 1.067105680704116821e-01 1.000000000000000000e+00
1.675000000000000000e+03 2.000000000000000000e+01 2.309776496887207031e+01 1.234134361147880554e-01 1.000000000000000000e+00
1.676000000000000000e+03 2.000000000000000000e+01 6.946037292480468750e+01 1.410455554723739624e-01 1.000000000000000000e+00
1.677000000000000000e+03 2.000000000000000000e+01 2.291806221008300781e+01 1.279312223196029663e-01 1.000000000000000000e+00
1.678000000000000000e+03 2.000000000000000000e+01 2.629517745971679688e+01 1.162008196115493774e-01 1.000000000000000000e+00
1.679000000000000000e+03 2.000000000000000000e+01 2.279254341125488281e+01 1.228530853986740112e-01 1.000000000000000000e+00
1.680000000000000000e+03 2.000000000000000000e+01 2.981229782104492188e+00 1.181688755750656128e-01 0.000000000000000000e+00
1.681000000000000000e+03 2.000000000000000000e+01 2.386680841445922852e+00 1.177016496658325195e-01 0.000000000000000000e+00
1.682000000000000000e+03 2.000000000000000000e+01 2.065468072891235352e+00 1.183036416769027710e-01 0.000000000000000000e+00
1.683000000000000000e+03 2.000000000000000000e+01 2.065299034118652344e+00 1.198009848594665527e-01 0.000000000000000000e+00
1.684000000000000000e+03 2.000000000000000000e+01 2.064894914627075195e+00 1.221292093396186829e-01 0.000000000000000000e+00
1.685000000000000000e+03 2.000000000000000000e+01 2.064282417297363281e+00 1.227532252669334412e-01 0.000000000000000000e+00
1.686000000000000000e+03 2.000000000000000000e+01 2.063519716262817383e+00 1.230301335453987122e-01 0.000000000000000000e+00
1.687000000000000000e+03 2.000000000000000000e+01 2.062730789184570312e+00 1.243099197745323181e-01 0.000000000000000000e+00
1.688000000000000000e+03 2.000000000000000000e+01 2.062039375305175781e+00 1.254710406064987183e-01 0.000000000000000000e+00
1.689000000000000000e+03 2.000000000000000000e+01 2.061378955841064453e+00 1.272727400064468384e-01 0.000000000000000000e+00
1.690000000000000000e+03 2.000000000000000000e+01 2.234893417358398438e+01 1.286210268735885620e-01 1.000000000000000000e+00
1.691000000000000000e+03 2.000000000000000000e+01 2.230662155151367188e+01 1.205944120883941650e-01 1.000000000000000000e+00
1.692000000000000000e+03 2.000000000000000000e+01 1.310050964355468750e+02 1.152313575148582458e-01 1.000000000000000000e+00
1.693000000000000000e+03 2.000000000000000000e+01 1.830493011474609375e+02 9.796728193759918213e-02 1.000000000000000000e+00
1.694000000000000000e+03 2.000000000000000000e+01 2.434858512878417969e+01 8.361916989088058472e-02 1.000000000000000000e+00
1.695000000000000000e+03 2.000000000000000000e+01 2.214330291748046875e+01 9.516924619674682617e-02 1.000000000000000000e+00
1.696000000000000000e+03 2.000000000000000000e+01 2.209973526000976562e+01 9.622678160667419434e-02 1.000000000000000000e+00
1.697000000000000000e+03 2.000000000000000000e+01 2.206412315368652344e+01 1.003167182207107544e-01 1.000000000000000000e+00
1.698000000000000000e+03 2.000000000000000000e+01 2.202376174926757812e+01 1.155605539679527283e-01 1.000000000000000000e+00
1.699000000000000000e+03 2.000000000000000000e+01 4.224859008789062500e+02 1.171602606773376465e-01 1.000000000000000000e+00
1.700000000000000000e+03 2.000000000000000000e+01 4.098100891113281250e+02 1.191615238785743713e-01 0.000000000000000000e+00
1.701000000000000000e+03 2.000000000000000000e+01 3.006951293945312500e+02 1.193520426750183105e-01 0.000000000000000000e+00
1.702000000000000000e+03 2.000000000000000000e+01 1.881174926757812500e+02 1.244519278407096863e-01 0.000000000000000000e+00
1.703000000000000000e+03 2.000000000000000000e+01 8.935922241210937500e+01 1.376688778400421143e-01 0.000000000000000000e+00
1.704000000000000000e+03 2.000000000000000000e+01 2.192230415344238281e+01 1.566158831119537354e-01 0.000000000000000000e+00
1.705000000000000000e+03 2.000000000000000000e+01 2.077777862548828125e+00 1.795408874750137329e-01 0.000000000000000000e+00
1.706000000000000000e+03 2.000000000000000000e+01 2.077565670013427734e+00 1.972933411598205566e-01 0.000000000000000000e+00
1.707000000000000000e+03 2.000000000000000000e+01 2.077354431152343750e+00 2.065903842449188232e-01 0.000000000000000000e+00
1.708000000000000000e+03 2.000000000000000000e+01 2.077128648757934570e+00 2.118831127882003784e-01 0.000000000000000000e+00
1.709000000000000000e+03 2.000000000000000000e+01 2.076895713806152344e+00 2.147139310836791992e-01 0.000000000000000000e+00
1.710000000000000000e+03 2.000000000000000000e+01 2.161590385437011719e+01 2.088723331689834595e-01 1.000000000000000000e+00
1.711000000000000000e+03 2.000000000000000000e+01 5.443172836303710938e+01 1.789399236440658569e-01 1.000000000000000000e+00
1.712000000000000000e+03 2.000000000000000000e+01 3.750976867675781250e+02 1.389366388320922852e-01 1.000000000000000000e+00
1.713000000000000000e+03 2.000000000000000000e+01 4.139725341796875000e+02 1.331124305725097656e-01 1.000000000000000000e+00
1.714000000000000000e+03 2.000000000000000000e+01 1.325687103271484375e+02 1.198872178792953491e-01 1.000000000000000000e+00
1.715000000000000000e+03 2.000000000000000000e+01 2.314651298522949219e+01 1.167431771755218506e-01 1.000000000000000000e+00
1.716000000000000000e+03 2.000000000000000000e+01 6.609952545166015625e+01 1.244981735944747925e-01 1.000000000000000000e+00
1.717000000000000000e+03 2.000000000000000000e+01 5.133236694335937500e+01 1.181014180183410645e-01 1.000000000000000000e+00
1.718000000000000000e+03 2.000000000000000000e+01 2.130030632019042969e+01 1.542931795120239258e-01 1.000000000000000000e+00
1.719000000000000000e+03 2.000000000000000000e+01 2.125636482238769531e+01 1.537540256977081299e-01 1.000000000000000000e+00
1.720000000000000000e+03 2.000000000000000000e+01 2.075925588607788086e+00 1.224498003721237183e-01 0.000000000000000000e+00
1.721000000000000000e+03 2.000000000000000000e+01 2.075551033020019531e+00 1.218491122126579285e-01 0.000000000000000000e+00
1.722000000000000000e+03 2.000000000000000000e+01 2.075181961059570312e+00 1.229052916169166565e-01 0.000000000000000000e+00
1.723000000000000000e+03 2.000000000000000000e+01 3.317089796066284180e+00 1.269334256649017334e-01 0.000000000000000000e+00
1.724000000000000000e+03 2.000000000000000000e+01 1.065914630889892578e+01 1.302102357149124146e-01 0.000000000000000000e+00
1.725000000000000000e+03 2.000000000000000000e+01 1.566040802001953125e+01 1.315106451511383057e-01 0.000000000000000000e+00
1.726000000000000000e+03 2.000000000000000000e+01 1.424379158020019531e+01 1.297419667243957520e-01 0.000000000000000000e+00
1.727000000000000000e+03 2.000000000000000000e+01 7.993377685546875000e+00 1.268495321273803711e-01 0.000000000000000000e+00
1.728000000000000000e+03 2.000000000000000000e+01 2.440515041351318359e+00 1.250642091035842896e-01 0.000000000000000000e+00
1.729000000000000000e+03 2.000000000000000000e+01 2.074327468872070312e+00 1.263348311185836792e-01 0.000000000000000000e+00
1.730000000000000000e+03 2.000000000000000000e+01 2.080857658386230469e+01 1.293203830718994141e-01 1.000000000000000000e+00
1.731000000000000000e+03 2.000000000000000000e+01 2.033336334228515625e+02 1.130310297012329102e-01 1.000000000000000000e+00
1.732000000000000000e+03 2.000000000000000000e+01 1.075524902343750000e+02 8.590437471866607666e-02 1.000000000000000000e+00
1.733000000000000000e+03 2.000000000000000000e+01 2.063169479370117188e+01 8.084167540073394775e-02 1.000000000000000000e+00
1.734000000000000000e+03 2.000000000000000000e+01 2.058203697204589844e+01 8.327685296535491943e-02 1.000000000000000000e+00
1.735000000000000000e+03 2.000000000000000000e+01 2.052532958984375000e+01 6.232406944036483765e-02 1.000000000000000000e+00
1.736000000000000000e+03 2.000000000000000000e+01 2.048040199279785156e+01 5.928384140133857727e-02 1.000000000000000000e+00
1.737000000000000000e+03 2.000000000000000000e+01 2.044144439697265625e+01 6.791002303361892700e-02 1.000000000000000000e+00
1.738000000000000000e+03 2.000000000000000000e+01 2.040994262695312500e+01 8.034263551235198975e-02 1.000000000000000000e+00
1.739000000000000000e+03 2.000000000000000000e+01 2.080985641479492188e+01 8.297848701477050781e-02 1.000000000000000000e+00
1.740000000000000000e+03 2.000000000000000000e+01 4.503098011016845703e+00 7.553362101316452026e-02 0.000000000000000000e+00
1.741000000000000000e+03 2.000000000000000000e+01 2.336597681045532227e+00 7.549410313367843628e-02 0.000000000000000000e+00
1.742000000000000000e+03 2.000000000000000000e+01 2.083867073059082031e+00 7.584267854690551758e-02 0.000000000000000000e+00
1.743000000000000000e+03 2.000000000000000000e+01 2.083722829818725586e+00 7.796038687229156494e-02 0.000000000000000000e+00
1.744000000000000000e+03 2.000000000000000000e+01 2.083613872528076172e+00 7.970321178436279297e-02 0.000000000000000000e+00
1.745000000000000000e+03 2.000000000000000000e+01 2.083478927612304688e+00 8.103470504283905029e-02 0.000000000000000000e+00
1.746000000000000000e+03 2.000000000000000000e+01 2.083331823348999023e+00 8.240765333175659180e-02 0.000000000000000000e+00
1.747000000000000000e+03 2.000000000000000000e+01 4.544776439666748047e+00 8.363071084022521973e-02 0.000000000000000000e+00
1.748000000000000000e+03 2.000000000000000000e+01 2.212372970581054688e+01 8.458464592695236206e-02 0.000000000000000000e+00
1.749000000000000000e+03 2.000000000000000000e+01 4.047539901733398438e+01 8.484420180320739746e-02 0.000000000000000000e+00
1.750000000000000000e+03 2.000000000000000000e+01 6.534568786621093750e+01 8.342634886503219604e-02 1.000000000000000000e+00
1.751000000000000000e+03 2.000000000000000000e+01 1.988880920410156250e+01 7.219606637954711914e-02 1.000000000000000000e+00
1.752000000000000000e+03 2.000000000000000000e+01 1.984976005554199219e+01 6.951436400413513184e-02 1.000000000000000000e+00
1.753000000000000000e+03 2.000000000000000000e+01 1.980850219726562500e+01 6.113356351852416992e-02 1.000000000000000000e+00
1.754000000000000000e+03 2.000000000000000000e+01 1.976802825927734375e+01 6.431841105222702026e-02 1.000000000000000000e+00
1.755000000000000000e+03 2.000000000000000000e+01 1.972305488586425781e+01 7.795811444520950317e-02 1.000000000000000000e+00
1.756000000000000000e+03 2.000000000000000000e+01 1.967769813537597656e+01 9.074251353740692139e-02 1.000000000000000000e+00
1.757000000000000000e+03 2.000000000000000000e+01 3.136380004882812500e+01 8.928611874580383301e-02 1.000000000000000000e+00
1.758000000000000000e+03 2.000000000000000000e+01 4.069844436645507812e+01 8.039362728595733643e-02 1.000000000000000000e+00
1.759000000000000000e+03 2.000000000000000000e+01 1.955533218383789062e+01 8.056247234344482422e-02 1.000000000000000000e+00
1.760000000000000000e+03 2.000000000000000000e+01 6.110111618041992188e+01 8.004698157310485840e-02 0.000000000000000000e+00
1.761000000000000000e+03 2.000000000000000000e+01 5.377547836303710938e+01 8.006782829761505127e-02 0.000000000000000000e+00
1.762000000000000000e+03 2.000000000000000000e+01 4.517045593261718750e+01 8.112687617540359497e-02 0.000000000000000000e+00
1.763000000000000000e+03 2.000000000000000000e+01 3.639868164062500000e+01 8.127826452255249023e-02 0.000000000000000000e+00
1.764000000000000000e+03 2.000000000000000000e+01 2.668334960937500000e+01 8.053988963365554810e-02 0.000000000000000000e+00
1.765000000000000000e+03 2.000000000000000000e+01 1.813422012329101562e+01 8.069135993719100952e-02 0.000000000000000000e+00
1.766000000000000000e+03 2.000000000000000000e+01 1.779467773437500000e+01 8.167237043380737305e-02 0.000000000000000000e+00
1.767000000000000000e+03 2.000000000000000000e+01 1.428539276123046875e+01 8.301180601119995117e-02 0.000000000000000000e+00
1.768000000000000000e+03 2.000000000000000000e+01 2.939879894256591797e+00 8.161776512861251831e-02 0.000000000000000000e+00
1.769000000000000000e+03 2.000000000000000000e+01 2.098823070526123047e+00 7.965420186519622803e-02 0.000000000000000000e+00
1.770000000000000000e+03 2.000000000000000000e+01 1.912756347656250000e+01 7.935954630374908447e-02 1.000000000000000000e+00
1.771000000000000000e+03 2.000000000000000000e+01 3.830436401367187500e+02 7.989971339702606201e-02 1.000000000000000000e+00
1.772000000000000000e+03 2.000000000000000000e+01 4.028366699218750000e+02 9.925346821546554565e-02 1.000000000000000000e+00
1.773000000000000000e+03 2.000000000000000000e+01 2.232620239257812500e+01 1.157637983560562134e-01 1.000000000000000000e+00
1.774000000000000000e+03 2.000000000000000000e+01 1.897756385803222656e+01 1.100489497184753418e-01 1.000000000000000000e+00
1.775000000000000000e+03 2.000000000000000000e+01 1.893392944335937500e+01 9.830765426158905029e-02 1.000000000000000000e+00
1.776000000000000000e+03 2.000000000000000000e+01 1.890159034729003906e+01 9.603571891784667969e-02 1.000000000000000000e+00
1.777000000000000000e+03 2.000000000000000000e+01 1.885495567321777344e+01 9.409363567829132080e-02 1.000000000000000000e+00
1.778000000000000000e+03 2.000000000000000000e+01 2.201526260375976562e+01 1.002443730831146240e-01 1.000000000000000000e+00
1.779000000000000000e+03 2.000000000000000000e+01 3.092419433593750000e+01 9.555708616971969604e-02 1.000000000000000000e+00
1.780000000000000000e+03 2.000000000000000000e+01 1.652466964721679688e+01 7.365110516548156738e-02 0.000000000000000000e+00
1.781000000000000000e+03 2.000000000000000000e+01 1.519674587249755859e+01 7.461538165807723999e-02 0.000000000000000000e+00
1.782000000000000000e+03 2.000000000000000000e+01 1.292284870147705078e+01 7.741344720125198364e-02 0.000000000000000000e+00
1.783000000000000000e+03 2.000000000000000000e+01 1.008467674255371094e+01 8.052358031272888184e-02 0.000000000000000000e+00
1.784000000000000000e+03 2.000000000000000000e+01 7.119151592254638672e+00 8.398473262786865234e-02 0.000000000000000000e+00
1.785000000000000000e+03 2.000000000000000000e+01 4.491731166839599609e+00 8.591519296169281006e-02 0.000000000000000000e+00
1.786000000000000000e+03 2.000000000000000000e+01 2.675784349441528320e+00 8.446754515171051025e-02 0.000000000000000000e+00
1.787000000000000000e+03 2.000000000000000000e+01 2.119359970092773438e+00 8.516836166381835938e-02 0.000000000000000000e+00
1.788000000000000000e+03 2.000000000000000000e+01 2.119239807128906250e+00 8.619202673435211182e-02 0.000000000000000000e+00
1.789000000000000000e+03 2.000000000000000000e+01 2.119008541107177734e+00 8.581279963254928589e-02 0.000000000000000000e+00
1.790000000000000000e+03 2.000000000000000000e+01 1.835875320434570312e+01 8.433945477008819580e-02 1.000000000000000000e+00
1.791000000000000000e+03 2.000000000000000000e+01 1.832319259643554688e+01 8.157284557819366455e-02 1.000000000000000000e+00
1.792000000000000000e+03 2.000000000000000000e+01 1.828302574157714844e+01 8.111146092414855957e-02 1.000000000000000000e+00
1.793000000000000000e+03 2.000000000000000000e+01 1.824173927307128906e+01 7.181335985660552979e-02 1.000000000000000000e+00
1.794000000000000000e+03 2.000000000000000000e+01 1.821226882934570312e+01 8.119264245033264160e-02 1.000000000000000000e+00
1.795000000000000000e+03 2.000000000000000000e+01 1.816778755187988281e+01 8.230138570070266724e-02 1.000000000000000000e+00
1.796000000000000000e+03 2.000000000000000000e+01 3.423422622680664062e+01 8.779338747262954712e-02 1.000000000000000000e+00
1.797000000000000000e+03 2.000000000000000000e+01 2.718685340881347656e+01 8.255630731582641602e-02 1.000000000000000000e+00
1.798000000000000000e+03 2.000000000000000000e+01 1.511549377441406250e+02 7.861126214265823364e-02 1.000000000000000000e+00
1.799000000000000000e+03 2.000000000000000000e+01 4.553338317871093750e+02 8.673644065856933594e-02 1.000000000000000000e+00
1.800000000000000000e+03 2.000000000000000000e+01 3.639528198242187500e+02 1.021765023469924927e-01 0.000000000000000000e+00
1.801000000000000000e+03 2.000000000000000000e+01 4.495289306640625000e+02 1.059027761220932007e-01 0.000000000000000000e+00
1.802000000000000000e+03 2.000000000000000000e+01 4.287438049316406250e+02 1.085702180862426758e-01 0.000000000000000000e+00
1.803000000000000000e+03 2.000000000000000000e+01 3.173242492675781250e+02 1.097593754529953003e-01 0.000000000000000000e+00
1.804000000000000000e+03 2.000000000000000000e+01 1.934262237548828125e+02 1.084413230419158936e-01 0.000000000000000000e+00
1.805000000000000000e+03 2.000000000000000000e+01 1.245821151733398438e+02 1.068616509437561035e-01 0.000000000000000000e+00
1.806000000000000000e+03 2.000000000000000000e+01 6.358668136596679688e+01 1.078218966722488403e-01 0.000000000000000000e+00
1.807000000000000000e+03 2.000000000000000000e+01 1.882480621337890625e+01 1.104740425944328308e-01 0.000000000000000000e+00
1.808000000000000000e+03 2.000000000000000000e+01 2.140355110168457031e+00 1.134974658489227295e-01 0.000000000000000000e+00
1.809000000000000000e+03 2.000000000000000000e+01 2.140490055084228516e+00 1.156460419297218323e-01 0.000000000000000000e+00
1.810000000000000000e+03 2.000000000000000000e+01 1.763440322875976562e+01 1.157541871070861816e-01 1.000000000000000000e+00
1.811000000000000000e+03 2.000000000000000000e+01 1.758434104919433594e+01 9.773898124694824219e-02 1.000000000000000000e+00
1.812000000000000000e+03 2.000000000000000000e+01 1.538585815429687500e+02 8.976235985755920410e-02 1.000000000000000000e+00
1.813000000000000000e+03 2.000000000000000000e+01 2.386688995361328125e+01 9.515301883220672607e-02 1.000000000000000000e+00
1.814000000000000000e+03 2.000000000000000000e+01 1.743169403076171875e+01 9.437686204910278320e-02 1.000000000000000000e+00
1.815000000000000000e+03 2.000000000000000000e+01 1.738685798645019531e+01 8.590884506702423096e-02 1.000000000000000000e+00
1.816000000000000000e+03 2.000000000000000000e+01 1.735333633422851562e+01 8.781798183917999268e-02 1.000000000000000000e+00
1.817000000000000000e+03 2.000000000000000000e+01 1.731135177612304688e+01 8.501906692981719971e-02 1.000000000000000000e+00
1.818000000000000000e+03 2.000000000000000000e+01 1.727173042297363281e+01 8.637091517448425293e-02 1.000000000000000000e+00
1.819000000000000000e+03 2.000000000000000000e+01 1.723948097229003906e+01 9.231727570295333862e-02 1.000000000000000000e+00
1.820000000000000000e+03 2.000000000000000000e+01 2.187621593475341797e+00 8.550111949443817139e-02 0.000000000000000000e+00
1.821000000000000000e+03 2.000000000000000000e+01 2.187364101409912109e+00 8.610490709543228149e-02 0.000000000000000000e+00
1.822000000000000000e+03 2.000000000000000000e+01 2.187025785446166992e+00 8.754871040582656860e-02 0.000000000000000000e+00
1.823000000000000000e+03 2.000000000000000000e+01 2.186561822891235352e+00 8.880115300416946411e-02 0.000000000000000000e+00
1.824000000000000000e+03 2.000000000000000000e+01 2.186118602752685547e+00 8.828738331794738770e-02 0.000000000000000000e+00
1.825000000000000000e+03 2.000000000000000000e+01 2.185834884643554688e+00 8.576852083206176758e-02 0.000000000000000000e+00
1.826000000000000000e+03 2.000000000000000000e+01 2.185601949691772461e+00 8.425444364547729492e-02 0.000000000000000000e+00
1.827000000000000000e+03 2.000000000000000000e+01 2.185321331024169922e+00 8.556856215000152588e-02 0.000000000000000000e+00
1.828000000000000000e+03 2.000000000000000000e+01 2.185100555419921875e+00 9.079375863075256348e-02 0.000000000000000000e+00
1.829000000000000000e+03 2.000000000000000000e+01 2.185039043426513672e+00 9.426984190940856934e-02 0.000000000000000000e+00
1.830000000000000000e+03 2.000000000000000000e+01 1.685309600830078125e+01 9.510651230812072754e-02 1.000000000000000000e+00
1.831000000000000000e+03 2.000000000000000000e+01 1.746697807312011719e+01 7.978945970535278320e-02 1.000000000000000000e+00
1.832000000000000000e+03 2.000000000000000000e+01 1.677774238586425781e+01 8.372441679239273071e-02 1.000000000000000000e+00
1.833000000000000000e+03 2.000000000000000000e+01 1.674440002441406250e+01 9.100030362606048584e-02 1.000000000000000000e+00
1.834000000000000000e+03 2.000000000000000000e+01 8.228052520751953125e+01 9.035672992467880249e-02 1.000000000000000000e+00
1.835000000000000000e+03 2.000000000000000000e+01 5.209596633911132812e+01 8.273883163928985596e-02 1.000000000000000000e+00
1.836000000000000000e+03 2.000000000000000000e+01 9.471206665039062500e+01 7.888951897621154785e-02 1.000000000000000000e+00
1.837000000000000000e+03 2.000000000000000000e+01 3.517553329467773438e+01 7.434424757957458496e-02 1.000000000000000000e+00
1.838000000000000000e+03 2.000000000000000000e+01 1.656763076782226562e+01 7.673782110214233398e-02 1.000000000000000000e+00
1.839000000000000000e+03 2.000000000000000000e+01 1.653951072692871094e+01 8.449526131153106689e-02 1.000000000000000000e+00
1.840000000000000000e+03 2.000000000000000000e+01 2.223570585250854492e+00 8.952289074659347534e-02 0.000000000000000000e+00
1.841000000000000000e+03 2.000000000000000000e+01 2.223446369171142578e+00 8.722629398107528687e-02 0.000000000000000000e+00
1.842000000000000000e+03 2.000000000000000000e+01 2.223086833953857422e+00 8.720040321350097656e-02 0.000000000000000000e+00
1.843000000000000000e+03 2.000000000000000000e+01 2.222708940505981445e+00 8.946993201971054077e-02 0.000000000000000000e+00
1.844000000000000000e+03 2.000000000000000000e+01 2.311079025268554688e+00 9.469519555568695068e-02 0.000000000000000000e+00
1.845000000000000000e+03 2.000000000000000000e+01 3.152050018310546875e+00 1.038041412830352783e-01 0.000000000000000000e+00
1.846000000000000000e+03 2.000000000000000000e+01 3.633031845092773438e+00 1.095997169613838196e-01 0.000000000000000000e+00
1.847000000000000000e+03 2.000000000000000000e+01 3.247583866119384766e+00 1.099325865507125854e-01 0.000000000000000000e+00
1.848000000000000000e+03 2.000000000000000000e+01 2.451124668121337891e+00 1.073112934827804565e-01 0.000000000000000000e+00
1.849000000000000000e+03 2.000000000000000000e+01 2.221829175949096680e+00 1.036394238471984863e-01 0.000000000000000000e+00
1.850000000000000000e+03 2.000000000000000000e+01 1.616090393066406250e+01 9.993956238031387329e-02 1.000000000000000000e+00
1.851000000000000000e+03 2.000000000000000000e+01 1.610480308532714844e+01 8.664785325527191162e-02 1.000000000000000000e+00
1.852000000000000000e+03 2.000000000000000000e+01 1.604978179931640625e+01 7.109405100345611572e-02 1.000000000000000000e+00
1.853000000000000000e+03 2.000000000000000000e+01 3.068848800659179688e+01 5.636259168386459351e-02 1.000000000000000000e+00
1.854000000000000000e+03 2.000000000000000000e+01 7.597109985351562500e+01 5.481577664613723755e-02 1.000000000000000000e+00
1.855000000000000000e+03 2.000000000000000000e+01 1.267099990844726562e+02 5.365964025259017944e-02 1.000000000000000000e+00
1.856000000000000000e+03 2.000000000000000000e+01 6.463910675048828125e+01 5.396600812673568726e-02 1.000000000000000000e+00
1.857000000000000000e+03 2.000000000000000000e+01 1.586592769622802734e+01 6.366512179374694824e-02 1.000000000000000000e+00
1.858000000000000000e+03 2.000000000000000000e+01 5.836744308471679688e+01 7.439837604761123657e-02 1.000000000000000000e+00
1.859000000000000000e+03 2.000000000000000000e+01 2.748717117309570312e+01 7.872554659843444824e-02 1.000000000000000000e+00
1.860000000000000000e+03 2.000000000000000000e+01 1.558029079437255859e+01 6.796997040510177612e-02 0.000000000000000000e+00
1.861000000000000000e+03 2.000000000000000000e+01 1.487733650207519531e+01 6.759755313396453857e-02 0.000000000000000000e+00
1.862000000000000000e+03 2.000000000000000000e+01 1.354230690002441406e+01 6.617253273725509644e-02 0.000000000000000000e+00
1.863000000000000000e+03 2.000000000000000000e+01 1.174468326568603516e+01 6.689830869436264038e-02 0.000000000000000000e+00
1.864000000000000000e+03 2.000000000000000000e+01 9.675208091735839844e+00 7.072922587394714355e-02 0.000000000000000000e+00
1.865000000000000000e+03 2.000000000000000000e+01 7.534729003906250000e+00 7.697433978319168091e-02 0.000000000000000000e+00
1.866000000000000000e+03 2.000000000000000000e+01 5.526386260986328125e+00 8.032586425542831421e-02 0.000000000000000000e+00
1.867000000000000000e+03 2.000000000000000000e+01 3.849493503570556641e+00 7.945518940687179565e-02 0.000000000000000000e+00
1.868000000000000000e+03 2.000000000000000000e+01 2.696045875549316406e+00 7.898941636085510254e-02 0.000000000000000000e+00
1.869000000000000000e+03 2.000000000000000000e+01 2.247587442398071289e+00 8.071134984493255615e-02 0.000000000000000000e+00
1.870000000000000000e+03 2.000000000000000000e+01 1.542774009704589844e+01 8.513122051954269409e-02 1.000000000000000000e+00
1.871000000000000000e+03 2.000000000000000000e+01 1.798280181884765625e+02 7.679499685764312744e-02 1.000000000000000000e+00
1.872000000000000000e+03 2.000000000000000000e+01 9.225123596191406250e+01 7.707294076681137085e-02 1.000000000000000000e+00
1.873000000000000000e+03 2.000000000000000000e+01 1.532120132446289062e+01 8.431567251682281494e-02 1.000000000000000000e+00
1.874000000000000000e+03 2.000000000000000000e+01 1.528394412994384766e+01 1.008094474673271179e-01 1.000000000000000000e+00
1.875000000000000000e+03 2.000000000000000000e+01 1.525469970703125000e+01 1.199814602732658386e-01 1.000000000000000000e+00
1.876000000000000000e+03 2.000000000000000000e+01 1.643748283386230469e+01 1.208800747990608215e-01 1.000000000000000000e+00
1.877000000000000000e+03 2.000000000000000000e+01 1.517957687377929688e+01 9.480311721563339233e-02 1.000000000000000000e+00
1.878000000000000000e+03 2.000000000000000000e+01 1.777484893798828125e+01 7.185134291648864746e-02 1.000000000000000000e+00
1.879000000000000000e+03 2.000000000000000000e+01 1.510559749603271484e+01 6.669770926237106323e-02 1.000000000000000000e+00
1.880000000000000000e+03 2.000000000000000000e+01 2.284140586853027344e+00 6.711361557245254517e-02 0.000000000000000000e+00
1.881000000000000000e+03 2.000000000000000000e+01 2.284253597259521484e+00 7.150548696517944336e-02 0.000000000000000000e+00
1.882000000000000000e+03 2.000000000000000000e+01 2.284164905548095703e+00 7.747850567102432251e-02 0.000000000000000000e+00
1.883000000000000000e+03 2.000000000000000000e+01 2.284023523330688477e+00 8.694833517074584961e-02 0.000000000000000000e+00
1.884000000000000000e+03 2.000000000000000000e+01 2.283836364746093750e+00 9.901604056358337402e-02 0.000000000000000000e+00
1.885000000000000000e+03 2.000000000000000000e+01 2.283663272857666016e+00 1.092595905065536499e-01 0.000000000000000000e+00
1.886000000000000000e+03 2.000000000000000000e+01 2.283564090728759766e+00 1.081409230828285217e-01 0.000000000000000000e+00
1.887000000000000000e+03 2.000000000000000000e+01 2.283410549163818359e+00 9.859107434749603271e-02 0.000000000000000000e+00
1.888000000000000000e+03 2.000000000000000000e+01 2.283120632171630859e+00 8.952178806066513062e-02 0.000000000000000000e+00
1.889000000000000000e+03 2.000000000000000000e+01 2.282824039459228516e+00 8.498416841030120850e-02 0.000000000000000000e+00
1.890000000000000000e+03 2.000000000000000000e+01 1.476340293884277344e+01 8.214034885168075562e-02 1.000000000000000000e+00
1.891000000000000000e+03 2.000000000000000000e+01 1.472150230407714844e+01 6.198817864060401917e-02 1.000000000000000000e+00
1.892000000000000000e+03 2.000000000000000000e+01 1.466887569427490234e+01 4.483285918831825256e-02 1.000000000000000000e+00
1.893000000000000000e+03 2.000000000000000000e+01 1.462859630584716797e+01 4.828303679823875427e-02 1.000000000000000000e+00
1.894000000000000000e+03 2.000000000000000000e+01 1.459645080566406250e+01 5.809206515550613403e-02 1.000000000000000000e+00
1.895000000000000000e+03 2.000000000000000000e+01 1.456911182403564453e+01 7.060030847787857056e-02 1.000000000000000000e+00
1.896000000000000000e+03 2.000000000000000000e+01 1.453544807434082031e+01 6.666750460863113403e-02 1.000000000000000000e+00
1.897000000000000000e+03 2.000000000000000000e+01 1.451603031158447266e+01 7.105810940265655518e-02 1.000000000000000000e+00
1.898000000000000000e+03 2.000000000000000000e+01 1.448466873168945312e+01 7.497425377368927002e-02 1.000000000000000000e+00
1.899000000000000000e+03 2.000000000000000000e+01 1.445623207092285156e+01 9.220305085182189941e-02 1.000000000000000000e+00
1.900000000000000000e+03 2.000000000000000000e+01 2.291080951690673828e+00 9.408900141716003418e-02 0.000000000000000000e+00
1.901000000000000000e+03 2.000000000000000000e+01 2.290650367736816406e+00 9.453777223825454712e-02 0.000000000000000000e+00
1.902000000000000000e+03 2.000000000000000000e+01 2.290099143981933594e+00 9.490059316158294678e-02 0.000000000000000000e+00
1.903000000000000000e+03 2.000000000000000000e+01 2.289653062820434570e+00 9.764804691076278687e-02 0.000000000000000000e+00
1.904000000000000000e+03 2.000000000000000000e+01 2.289275884628295898e+00 1.018158420920372009e-01 0.000000000000000000e+00
1.905000000000000000e+03 2.000000000000000000e+01 2.288983106613159180e+00 1.066817939281463623e-01 0.000000000000000000e+00
1.906000000000000000e+03 2.000000000000000000e+01 2.288883686065673828e+00 1.106810569763183594e-01 0.000000000000000000e+00
1.907000000000000000e+03 2.000000000000000000e+01 2.288911104202270508e+00 1.123449131846427917e-01 0.000000000000000000e+00
1.908000000000000000e+03 2.000000000000000000e+01 2.288926601409912109e+00 1.145164743065834045e-01 0.000000000000000000e+00
1.909000000000000000e+03 2.000000000000000000e+01 2.288892745971679688e+00 1.130336895585060120e-01 0.000000000000000000e+00
1.910000000000000000e+03 2.000000000000000000e+01 1.410902118682861328e+01 1.130488142371177673e-01 1.000000000000000000e+00
1.911000000000000000e+03 2.000000000000000000e+01 1.403895664215087891e+01 8.638477325439453125e-02 1.000000000000000000e+00
1.912000000000000000e+03 2.000000000000000000e+01 2.171271705627441406e+01 1.087389960885047913e-01 1.000000000000000000e+00
1.913000000000000000e+03 2.000000000000000000e+01 1.406716251373291016e+01 1.283997595310211182e-01 1.000000000000000000e+00
1.914000000000000000e+03 2.000000000000000000e+01 1.396543598175048828e+01 9.986545890569686890e-02 1.000000000000000000e+00
1.915000000000000000e+03 2.000000000000000000e+01 1.392104816436767578e+01 7.660241425037384033e-02 1.000000000000000000e+00
1.916000000000000000e+03 2.000000000000000000e+01 1.390311527252197266e+01 8.508569002151489258e-02 1.000000000000000000e+00
1.917000000000000000e+03 2.000000000000000000e+01 1.387443733215332031e+01 8.892990648746490479e-02 1.000000000000000000e+00
1.918000000000000000e+03 2.000000000000000000e+01 1.381395626068115234e+01 6.879372894763946533e-02 1.000000000000000000e+00
1.919000000000000000e+03 2.000000000000000000e+01 1.379351043701171875e+01 9.698399901390075684e-02 1.000000000000000000e+00
1.920000000000000000e+03 2.000000000000000000e+01 9.368362426757812500e+00 1.125403493642807007e-01 0.000000000000000000e+00
1.921000000000000000e+03 2.000000000000000000e+01 1.076379585266113281e+01 1.102511584758758545e-01 0.000000000000000000e+00
1.922000000000000000e+03 2.000000000000000000e+01 6.739408493041992188e+00 1.058177053928375244e-01 0.000000000000000000e+00
1.923000000000000000e+03 2.000000000000000000e+01 2.426690578460693359e+00 1.071401610970497131e-01 0.000000000000000000e+00
1.924000000000000000e+03 2.000000000000000000e+01 2.295157909393310547e+00 1.119276508688926697e-01 0.000000000000000000e+00
1.925000000000000000e+03 2.000000000000000000e+01 2.295138835906982422e+00 1.168063282966613770e-01 0.000000000000000000e+00
1.926000000000000000e+03 2.000000000000000000e+01 2.295130729675292969e+00 1.194467395544052124e-01 0.000000000000000000e+00
1.927000000000000000e+03 2.000000000000000000e+01 2.295081138610839844e+00 1.205003112554550171e-01 0.000000000000000000e+00
1.928000000000000000e+03 2.000000000000000000e+01 2.295006036758422852e+00 1.147266402840614319e-01 0.000000000000000000e+00
1.929000000000000000e+03 2.000000000000000000e+01 5.089535713195800781e+00 1.098758429288864136e-01 0.000000000000000000e+00
1.930000000000000000e+03 2.000000000000000000e+01 2.271950149536132812e+01 1.054204255342483521e-01 1.000000000000000000e+00
1.931000000000000000e+03 2.000000000000000000e+01 9.055736541748046875e+01 9.526856988668441772e-02 1.000000000000000000e+00
1.932000000000000000e+03 2.000000000000000000e+01 2.509983634948730469e+01 8.304264396429061890e-02 1.000000000000000000e+00
1.933000000000000000e+03 2.000000000000000000e+01 1.336554527282714844e+01 1.038071960210800171e-01 1.000000000000000000e+00
1.934000000000000000e+03 2.000000000000000000e+01 1.334154796600341797e+01 1.071672737598419189e-01 1.000000000000000000e+00
1.935000000000000000e+03 2.000000000000000000e+01 1.328862857818603516e+01 8.570446819067001343e-02 1.000000000000000000e+00
1.936000000000000000e+03 2.000000000000000000e+01 1.325597000122070312e+01 9.589464217424392700e-02 1.000000000000000000e+00
1.937000000000000000e+03 2.000000000000000000e+01 2.583506011962890625e+01 1.250104159116744995e-01 1.000000000000000000e+00
1.938000000000000000e+03 2.000000000000000000e+01 1.320409774780273438e+01 1.227105557918548584e-01 1.000000000000000000e+00
1.939000000000000000e+03 2.000000000000000000e+01 1.314641761779785156e+01 8.740289509296417236e-02 1.000000000000000000e+00
1.940000000000000000e+03 2.000000000000000000e+01 2.308995246887207031e+00 9.115403890609741211e-02 0.000000000000000000e+00
1.941000000000000000e+03 2.000000000000000000e+01 2.308950901031494141e+00 9.390182793140411377e-02 0.000000000000000000e+00
1.942000000000000000e+03 2.000000000000000000e+01 2.308794975280761719e+00 9.218715131282806396e-02 0.000000000000000000e+00
1.943000000000000000e+03 2.000000000000000000e+01 2.308537721633911133e+00 8.858907967805862427e-02 0.000000000000000000e+00
1.944000000000000000e+03 2.000000000000000000e+01 2.308262348175048828e+00 8.644194155931472778e-02 0.000000000000000000e+00
1.945000000000000000e+03 2.000000000000000000e+01 2.308082103729248047e+00 8.718851208686828613e-02 0.000000000000000000e+00
1.946000000000000000e+03 2.000000000000000000e+01 2.308014869689941406e+00 8.872721344232559204e-02 0.000000000000000000e+00
1.947000000000000000e+03 2.000000000000000000e+01 2.308050155639648438e+00 8.897099643945693970e-02 0.000000000000000000e+00
1.948000000000000000e+03 2.000000000000000000e+01 2.308153152465820312e+00 8.614211529493331909e-02 0.000000000000000000e+00
1.949000000000000000e+03 2.000000000000000000e+01 2.308220624923706055e+00 8.457453548908233643e-02 0.000000000000000000e+00
1.950000000000000000e+03 2.000000000000000000e+01 1.281530284881591797e+01 8.271600306034088135e-02 1.000000000000000000e+00
1.951000000000000000e+03 2.000000000000000000e+01 1.519004669189453125e+02 7.218010723590850830e-02 1.000000000000000000e+00
1.952000000000000000e+03 2.000000000000000000e+01 2.494172973632812500e+02 7.756778597831726074e-02 1.000000000000000000e+00
1.953000000000000000e+03 2.000000000000000000e+01 8.613575744628906250e+01 6.647205352783203125e-02 1.000000000000000000e+00
1.954000000000000000e+03 2.000000000000000000e+01 3.564152526855468750e+01 8.542688190937042236e-02 1.000000000000000000e+00
1.955000000000000000e+03 2.000000000000000000e+01 1.270152759552001953e+01 9.130237996578216553e-02 1.000000000000000000e+00
1.956000000000000000e+03 2.000000000000000000e+01 2.558523178100585938e+01 8.517541736364364624e-02 1.000000000000000000e+00
1.957000000000000000e+03 2.000000000000000000e+01 7.121006011962890625e+01 9.531854838132858276e-02 1.000000000000000000e+00
1.958000000000000000e+03 2.000000000000000000e+01 1.436258239746093750e+02 6.883210688829421997e-02 1.000000000000000000e+00
1.959000000000000000e+03 2.000000000000000000e+01 6.341886520385742188e+01 7.590391486883163452e-02 1.000000000000000000e+00
1.960000000000000000e+03 2.000000000000000000e+01 1.175347328186035156e+01 6.599798053503036499e-02 0.000000000000000000e+00
1.961000000000000000e+03 2.000000000000000000e+01 8.965559005737304688e+00 6.528931856155395508e-02 0.000000000000000000e+00
1.962000000000000000e+03 2.000000000000000000e+01 3.552082061767578125e+00 6.696049124002456665e-02 0.000000000000000000e+00
1.963000000000000000e+03 2.000000000000000000e+01 2.325468540191650391e+00 6.802976876497268677e-02 0.000000000000000000e+00
1.964000000000000000e+03 2.000000000000000000e+01 2.325274467468261719e+00 7.072279602289199829e-02 0.000000000000000000e+00
1.965000000000000000e+03 2.000000000000000000e+01 2.325262069702148438e+00 7.470586895942687988e-02 0.000000000000000000e+00
1.966000000000000000e+03 2.000000000000000000e+01 2.325285673141479492e+00 7.457870990037918091e-02 0.000000000000000000e+00
1.967000000000000000e+03 2.000000000000000000e+01 2.325259208679199219e+00 7.204419374465942383e-02 0.000000000000000000e+00
1.968000000000000000e+03 2.000000000000000000e+01 2.325259923934936523e+00 6.827595829963684082e-02 0.000000000000000000e+00
1.969000000000000000e+03 2.000000000000000000e+01 2.325246334075927734e+00 6.602884083986282349e-02 0.000000000000000000e+00
1.970000000000000000e+03 2.000000000000000000e+01 1.254416179656982422e+01 6.653106957674026489e-02 1.000000000000000000e+00
1.971000000000000000e+03 2.000000000000000000e+01 1.221631908416748047e+01 8.622811734676361084e-02 1.000000000000000000e+00
1.972000000000000000e+03 2.000000000000000000e+01 1.219040489196777344e+01 9.654918313026428223e-02 1.000000000000000000e+00
1.973000000000000000e+03 2.000000000000000000e+01 5.412345504760742188e+01 6.578423827886581421e-02 1.000000000000000000e+00
1.974000000000000000e+03 2.000000000000000000e+01 1.209608688354492188e+02 5.166190862655639648e-02 1.000000000000000000e+00
1.975000000000000000e+03 2.000000000000000000e+01 4.624980545043945312e+01 3.832455351948738098e-02 1.000000000000000000e+00
1.976000000000000000e+03 2.000000000000000000e+01 1.576838874816894531e+01 3.874383494257926941e-02 1.000000000000000000e+00
1.977000000000000000e+03 2.000000000000000000e+01 3.514806365966796875e+01 3.457260131835937500e-02 1.000000000000000000e+00
1.978000000000000000e+03 2.000000000000000000e+01 2.830674552917480469e+01 4.177866503596305847e-02 1.000000000000000000e+00
1.979000000000000000e+03 2.000000000000000000e+01 4.888359832763671875e+01 3.942469507455825806e-02 1.000000000000000000e+00
1.980000000000000000e+03 2.000000000000000000e+01 9.117326354980468750e+01 3.600155562162399292e-02 0.000000000000000000e+00
1.981000000000000000e+03 2.000000000000000000e+01 8.317117309570312500e+01 3.724073618650436401e-02 0.000000000000000000e+00
1.982000000000000000e+03 2.000000000000000000e+01 7.223090362548828125e+01 3.993589803576469421e-02 0.000000000000000000e+00
1.983000000000000000e+03 2.000000000000000000e+01 5.938935089111328125e+01 4.230807721614837646e-02 0.000000000000000000e+00
1.984000000000000000e+03 2.000000000000000000e+01 4.573357772827148438e+01 4.488464072346687317e-02 0.000000000000000000e+00
1.985000000000000000e+03 2.000000000000000000e+01 3.235657501220703125e+01 4.772614687681198120e-02 0.000000000000000000e+00
1.986000000000000000e+03 2.000000000000000000e+01 2.033014297485351562e+01 4.877766221761703491e-02 0.000000000000000000e+00
1.987000000000000000e+03 2.000000000000000000e+01 1.068316364288330078e+01 4.879617691040039062e-02 0.000000000000000000e+00
1.988000000000000000e+03 2.000000000000000000e+01 4.387812614440917969e+00 5.114079266786575317e-02 0.000000000000000000e+00
1.989000000000000000e+03 2.000000000000000000e+01 2.338265180587768555e+00 5.292634665966033936e-02 0.000000000000000000e+00
1.990000000000000000e+03 2.000000000000000000e+01 1.163727092742919922e+01 5.335854738950729370e-02 1.000000000000000000e+00
1.991000000000000000e+03 2.000000000000000000e+01 1.159421157836914062e+01 3.826134279370307922e-02 1.000000000000000000e+00
1.992000000000000000e+03 2.000000000000000000e+01 1.156178379058837891e+01 4.271451383829116821e-02 1.000000000000000000e+00
1.993000000000000000e+03 2.000000000000000000e+01 1.154088020324707031e+01 5.464111268520355225e-02 1.000000000000000000e+00
1.994000000000000000e+03 2.000000000000000000e+01 2.762037467956542969e+01 4.912253096699714661e-02 1.000000000000000000e+00
1.995000000000000000e+03 2.000000000000000000e+01 7.359371185302734375e+01 4.531273990869522095e-02 1.000000000000000000e+00
1.996000000000000000e+03 2.000000000000000000e+01 1.231496620178222656e+01 4.233117774128913879e-02 1.000000000000000000e+00
1.997000000000000000e+03 2.000000000000000000e+01 1.144991588592529297e+01 5.569549649953842163e-02 1.000000000000000000e+00
1.998000000000000000e+03 2.000000000000000000e+01 1.142017078399658203e+01 5.980700999498367310e-02 1.000000000000000000e+00
1.999000000000000000e+03 2.000000000000000000e+01 1.139040565490722656e+01 6.030833348631858826e-02 1.000000000000000000e+00
2.001000000000000000e+03 2.000000000000000000e+01 2.105813980102539062e+00 2.935038089752197266e+00 0.000000000000000000e+00
2.002000000000000000e+03 2.000000000000000000e+01 2.021662950515747070e+00 2.979315519332885742e+00 0.000000000000000000e+00
2.003000000000000000e+03 2.000000000000000000e+01 1.982944726943969727e+00 2.975444793701171875e+00 0.000000000000000000e+00
2.004000000000000000e+03 2.000000000000000000e+01 1.964430332183837891e+00 3.026039361953735352e+00 0.000000000000000000e+00
2.005000000000000000e+03 2.000000000000000000e+01 1.953559160232543945e+00 3.135435342788696289e+00 0.000000000000000000e+00
2.006000000000000000e+03 2.000000000000000000e+01 1.946154594421386719e+00 3.270947933197021484e+00 0.000000000000000000e+00
2.007000000000000000e+03 2.000000000000000000e+01 1.941104769706726074e+00 3.427268981933593750e+00 0.000000000000000000e+00
2.008000000000000000e+03 2.000000000000000000e+01 1.938010931015014648e+00 3.559346675872802734e+00 0.000000000000000000e+00
2.009000000000000000e+03 2.000000000000000000e+01 1.935693621635437012e+00 3.660494804382324219e+00 0.000000000000000000e+00
2.010000000000000000e+03 2.000000000000000000e+01 1.468013000488281250e+01 3.716837882995605469e+00 1.000000000000000000e+00
2.011000000000000000e+03 2.000000000000000000e+01 1.236469554901123047e+01 1.286972045898437500e+00 1.000000000000000000e+00
2.012000000000000000e+03 2.000000000000000000e+01 1.226865768432617188e+01 1.017481446266174316e+00 1.000000000000000000e+00
2.013000000000000000e+03 2.000000000000000000e+01 1.232858753204345703e+01 1.013158082962036133e+00 1.000000000000000000e+00
2.014000000000000000e+03 2.000000000000000000e+01 1.208847141265869141e+01 7.734957337379455566e-01 1.000000000000000000e+00
2.015000000000000000e+03 2.000000000000000000e+01 1.175926017761230469e+01 4.746143519878387451e-01 1.000000000000000000e+00
2.016000000000000000e+03 2.000000000000000000e+01 1.156301593780517578e+01 3.155016303062438965e-01 1.000000000000000000e+00
2.017000000000000000e+03 2.000000000000000000e+01 1.153757095336914062e+01 3.330124020576477051e-01 1.000000000000000000e+00
2.018000000000000000e+03 2.000000000000000000e+01 1.149891948699951172e+01 3.313734531402587891e-01 1.000000000000000000e+00
2.019000000000000000e+03 2.000000000000000000e+01 1.140948390960693359e+01 2.829645872116088867e-01 1.000000000000000000e+00
2.020000000000000000e+03 2.000000000000000000e+01 2.181633710861206055e+00 2.355137467384338379e-01 0.000000000000000000e+00
2.021000000000000000e+03 2.000000000000000000e+01 2.691480636596679688e+01 2.360036820173263550e-01 0.000000000000000000e+00
2.022000000000000000e+03 2.000000000000000000e+01 5.563619995117187500e+01 2.381719648838043213e-01 0.000000000000000000e+00
2.023000000000000000e+03 2.000000000000000000e+01 6.414850616455078125e+01 2.427327632904052734e-01 0.000000000000000000e+00
2.024000000000000000e+03 2.000000000000000000e+01 5.066486740112304688e+01 2.495590597391128540e-01 0.000000000000000000e+00
2.025000000000000000e+03 2.000000000000000000e+01 2.541621208190917969e+01 2.560618817806243896e-01 0.000000000000000000e+00
2.026000000000000000e+03 2.000000000000000000e+01 4.722579002380371094e+00 2.628567516803741455e-01 0.000000000000000000e+00
2.027000000000000000e+03 2.000000000000000000e+01 1.913118124008178711e+00 2.704687714576721191e-01 0.000000000000000000e+00
2.028000000000000000e+03 2.000000000000000000e+01 1.912113904953002930e+00 2.789618372917175293e-01 0.000000000000000000e+00
2.029000000000000000e+03 2.000000000000000000e+01 1.911372065544128418e+00 2.880079150199890137e-01 0.000000000000000000e+00
2.030000000000000000e+03 2.000000000000000000e+01 1.109872341156005859e+01 2.910880148410797119e-01 1.000000000000000000e+00
2.031000000000000000e+03 2.000000000000000000e+01 5.839647216796875000e+02 2.348657548427581787e-01 1.000000000000000000e+00
2.032000000000000000e+03 2.000000000000000000e+01 7.649031982421875000e+02 1.512542665004730225e-01 1.000000000000000000e+00
2.033000000000000000e+03 2.000000000000000000e+01 5.302592849731445312e+01 1.178549602627754211e-01 1.000000000000000000e+00
2.034000000000000000e+03 2.000000000000000000e+01 1.077757740020751953e+01 1.245197951793670654e-01 1.000000000000000000e+00
2.035000000000000000e+03 2.000000000000000000e+01 1.075375080108642578e+01 1.550167649984359741e-01 1.000000000000000000e+00
2.036000000000000000e+03 2.000000000000000000e+01 1.072794818878173828e+01 1.579174697399139404e-01 1.000000000000000000e+00
2.037000000000000000e+03 2.000000000000000000e+01 1.068971538543701172e+01 1.321846097707748413e-01 1.000000000000000000e+00
2.038000000000000000e+03 2.000000000000000000e+01 1.064597606658935547e+01 1.114075332880020142e-01 1.000000000000000000e+00
2.039000000000000000e+03 2.000000000000000000e+01 1.058642387390136719e+01 8.785896748304367065e-02 1.000000000000000000e+00
2.040000000000000000e+03 2.000000000000000000e+01 1.922900438308715820e+00 7.685233652591705322e-02 0.000000000000000000e+00
2.041000000000000000e+03 2.000000000000000000e+01 1.921691179275512695e+00 7.827289402484893799e-02 0.000000000000000000e+00
2.042000000000000000e+03 2.000000000000000000e+01 1.920287966728210449e+00 8.161269873380661011e-02 0.000000000000000000e+00
2.043000000000000000e+03 2.000000000000000000e+01 1.919103860855102539e+00 8.684743195772171021e-02 0.000000000000000000e+00
2.044000000000000000e+03 2.000000000000000000e+01 1.918246388435363770e+00 9.454897791147232056e-02 0.000000000000000000e+00
2.045000000000000000e+03 2.000000000000000000e+01 1.917735338211059570e+00 1.053875237703323364e-01 0.000000000000000000e+00
2.046000000000000000e+03 2.000000000000000000e+01 1.917358398437500000e+00 1.153645589947700500e-01 0.000000000000000000e+00
2.047000000000000000e+03 2.000000000000000000e+01 1.916979789733886719e+00 1.230766028165817261e-01 0.000000000000000000e+00
2.048000000000000000e+03 2.000000000000000000e+01 1.916667938232421875e+00 1.280745565891265869e-01 0.000000000000000000e+00
2.049000000000000000e+03 2.000000000000000000e+01 1.916526317596435547e+00 1.309785842895507812e-01 0.000000000000000000e+00
2.050000000000000000e+03 2.000000000000000000e+01 1.032070446014404297e+01 1.300153583288192749e-01 1.000000000000000000e+00
2.051000000000000000e+03 2.000000000000000000e+01 1.027731990814208984e+01 1.185755357146263123e-01 1.000000000000000000e+00
2.052000000000000000e+03 2.000000000000000000e+01 1.594093475341796875e+02 1.014708578586578369e-01 1.000000000000000000e+00
2.053000000000000000e+03 2.000000000000000000e+01 5.947780609130859375e+01 8.572526276111602783e-02 1.000000000000000000e+00
2.054000000000000000e+03 2.000000000000000000e+01 1.020815467834472656e+01 8.663099259138107300e-02 1.000000000000000000e+00
2.055000000000000000e+03 2.000000000000000000e+01 1.016963386535644531e+01 8.607757091522216797e-02 1.000000000000000000e+00
2.056000000000000000e+03 2.000000000000000000e+01 1.013100528717041016e+01 8.029561489820480347e-02 1.000000000000000000e+00
2.057000000000000000e+03 2.000000000000000000e+01 1.009588623046875000e+01 6.567503511905670166e-02 1.000000000000000000e+00
2.058000000000000000e+03 2.000000000000000000e+01 1.006261539459228516e+01 6.456868350505828857e-02 1.000000000000000000e+00
2.059000000000000000e+03 2.000000000000000000e+01 1.004045486450195312e+01 8.169446885585784912e-02 1.000000000000000000e+00
2.060000000000000000e+03 2.000000000000000000e+01 1.912805199623107910e+00 9.569096565246582031e-02 0.000000000000000000e+00
2.061000000000000000e+03 2.000000000000000000e+01 1.912263989448547363e+00 9.307865798473358154e-02 0.000000000000000000e+00
2.062000000000000000e+03 2.000000000000000000e+01 1.911649227142333984e+00 8.982856571674346924e-02 0.000000000000000000e+00
2.063000000000000000e+03 2.000000000000000000e+01 1.911118268966674805e+00 8.887741714715957642e-02 0.000000000000000000e+00
2.064000000000000000e+03 2.000000000000000000e+01 1.910632014274597168e+00 8.995415270328521729e-02 0.000000000000000000e+00
2.065000000000000000e+03 2.000000000000000000e+01 1.910238027572631836e+00 8.978083729743957520e-02 0.000000000000000000e+00
2.066000000000000000e+03 2.000000000000000000e+01 1.910005927085876465e+00 8.920773118734359741e-02 0.000000000000000000e+00
2.067000000000000000e+03 2.000000000000000000e+01 1.909919977188110352e+00 8.942031860351562500e-02 0.000000000000000000e+00
2.068000000000000000e+03 2.000000000000000000e+01 1.909872889518737793e+00 8.910661935806274414e-02 0.000000000000000000e+00
2.069000000000000000e+03 2.000000000000000000e+01 1.909760117530822754e+00 8.967847377061843872e-02 0.000000000000000000e+00
2.070000000000000000e+03 2.000000000000000000e+01 9.761727333068847656e+00 8.992254734039306641e-02 1.000000000000000000e+00
2.071000000000000000e+03 2.000000000000000000e+01 9.733254432678222656e+00 9.058441966772079468e-02 1.000000000000000000e+00
2.072000000000000000e+03 2.000000000000000000e+01 9.700280189514160156e+00 8.994553983211517334e-02 1.000000000000000000e+00
2.073000000000000000e+03 2.000000000000000000e+01 9.675042152404785156e+00 9.162233769893646240e-02 1.000000000000000000e+00
2.074000000000000000e+03 2.000000000000000000e+01 9.647010803222656250e+00 7.983455061912536621e-02 1.000000000000000000e+00
2.075000000000000000e+03 2.000000000000000000e+01 9.614537239074707031e+00 6.284228712320327759e-02 1.000000000000000000e+00
2.076000000000000000e+03 2.000000000000000000e+01 9.583444595336914062e+00 5.854877829551696777e-02 1.000000000000000000e+00
2.077000000000000000e+03 2.000000000000000000e+01 9.555423736572265625e+00 6.272668391466140747e-02 1.000000000000000000e+00
2.078000000000000000e+03 2.000000000000000000e+01 9.526844978332519531e+00 6.005731225013732910e-02 1.000000000000000000e+00
2.079000000000000000e+03 2.000000000000000000e+01 9.497425079345703125e+00 5.920125171542167664e-02 1.000000000000000000e+00
2.080000000000000000e+03 2.000000000000000000e+01 1.914061665534973145e+00 5.327789485454559326e-02 0.000000000000000000e+00
2.081000000000000000e+03 2.000000000000000000e+01 1.913780450820922852e+00 5.308096110820770264e-02 0.000000000000000000e+00
2.082000000000000000e+03 2.000000000000000000e+01 1.913408279418945312e+00 5.337708070874214172e-02 0.000000000000000000e+00
2.083000000000000000e+03 2.000000000000000000e+01 1.913019180297851562e+00 5.356214195489883423e-02 0.000000000000000000e+00
2.084000000000000000e+03 2.000000000000000000e+01 1.912679553031921387e+00 5.325325578451156616e-02 0.000000000000000000e+00
2.085000000000000000e+03 2.000000000000000000e+01 1.912399053573608398e+00 5.302278324961662292e-02 0.000000000000000000e+00
2.086000000000000000e+03 2.000000000000000000e+01 1.912245988845825195e+00 5.368075519800186157e-02 0.000000000000000000e+00
2.087000000000000000e+03 2.000000000000000000e+01 1.912193059921264648e+00 5.459034815430641174e-02 0.000000000000000000e+00
2.088000000000000000e+03 2.000000000000000000e+01 1.912071585655212402e+00 5.469970405101776123e-02 0.000000000000000000e+00
2.089000000000000000e+03 2.000000000000000000e+01 1.911928296089172363e+00 5.391926318407058716e-02 0.000000000000000000e+00
2.090000000000000000e+03 2.000000000000000000e+01 9.220833778381347656e+00 5.283562466502189636e-02 1.000000000000000000e+00
2.091000000000000000e+03 2.000000000000000000e+01 9.189817428588867188e+00 4.325510933995246887e-02 1.000000000000000000e+00
2.092000000000000000e+03 2.000000000000000000e+01 9.169384956359863281e+00 5.202445387840270996e-02 1.000000000000000000e+00
2.093000000000000000e+03 2.000000000000000000e+01 9.149249076843261719e+00 5.660258233547210693e-02 1.000000000000000000e+00
2.094000000000000000e+03 2.000000000000000000e+01 9.121118545532226562e+00 4.821859672665596008e-02 1.000000000000000000e+00
2.095000000000000000e+03 2.000000000000000000e+01 9.093106269836425781e+00 4.073727503418922424e-02 1.000000000000000000e+00
2.096000000000000000e+03 2.000000000000000000e+01 9.073556900024414062e+00 5.171383917331695557e-02 1.000000000000000000e+00
2.097000000000000000e+03 2.000000000000000000e+01 9.047368049621582031e+00 5.725803226232528687e-02 1.000000000000000000e+00
2.098000000000000000e+03 2.000000000000000000e+01 9.022114753723144531e+00 5.173261463642120361e-02 1.000000000000000000e+00
2.099000000000000000e+03 2.000000000000000000e+01 8.993387222290039062e+00 4.296032339334487915e-02 1.000000000000000000e+00
2.100000000000000000e+03 2.000000000000000000e+01 1.920780181884765625e+00 5.706948041915893555e-02 0.000000000000000000e+00
2.101000000000000000e+03 2.000000000000000000e+01 1.920628309249877930e+00 5.744757130742073059e-02 0.000000000000000000e+00
2.102000000000000000e+03 2.000000000000000000e+01 1.920477151870727539e+00 5.895100161433219910e-02 0.000000000000000000e+00
2.103000000000000000e+03 2.000000000000000000e+01 1.920309066772460938e+00 6.021969765424728394e-02 0.000000000000000000e+00
2.104000000000000000e+03 2.000000000000000000e+01 1.920031905174255371e+00 6.001445651054382324e-02 0.000000000000000000e+00
2.105000000000000000e+03 2.000000000000000000e+01 1.919794559478759766e+00 5.930687859654426575e-02 0.000000000000000000e+00
2.106000000000000000e+03 2.000000000000000000e+01 1.919760346412658691e+00 5.892501026391983032e-02 0.000000000000000000e+00
2.107000000000000000e+03 2.000000000000000000e+01 1.919807195663452148e+00 6.002883613109588623e-02 0.000000000000000000e+00
2.108000000000000000e+03 2.000000000000000000e+01 1.919796943664550781e+00 6.063284352421760559e-02 0.000000000000000000e+00
2.109000000000000000e+03 2.000000000000000000e+01 1.919758319854736328e+00 6.133106350898742676e-02 0.000000000000000000e+00
2.110000000000000000e+03 2.000000000000000000e+01 8.753070831298828125e+00 6.242832168936729431e-02 1.000000000000000000e+00
2.111000000000000000e+03 2.000000000000000000e+01 8.737277984619140625e+00 6.062618643045425415e-02 1.000000000000000000e+00
2.112000000000000000e+03 2.000000000000000000e+01 8.711025238037109375e+00 4.635892808437347412e-02 1.000000000000000000e+00
2.113000000000000000e+03 2.000000000000000000e+01 8.682026863098144531e+00 3.824736922979354858e-02 1.000000000000000000e+00
2.114000000000000000e+03 2.000000000000000000e+01 8.654446601867675781e+00 4.242206364870071411e-02 1.000000000000000000e+00
2.115000000000000000e+03 2.000000000000000000e+01 8.636483192443847656e+00 5.289986729621887207e-02 1.000000000000000000e+00
2.116000000000000000e+03 2.000000000000000000e+01 8.605530738830566406e+00 3.832991793751716614e-02 1.000000000000000000e+00
2.117000000000000000e+03 2.000000000000000000e+01 8.583539009094238281e+00 3.281324729323387146e-02 1.000000000000000000e+00
2.118000000000000000e+03 2.000000000000000000e+01 8.559859275817871094e+00 3.589373454451560974e-02 1.000000000000000000e+00
2.119000000000000000e+03 2.000000000000000000e+01 8.534533500671386719e+00 4.726391285657882690e-02 1.000000000000000000e+00
2.120000000000000000e+03 2.000000000000000000e+01 1.928791880607604980e+00 4.501686990261077881e-02 0.000000000000000000e+00
2.121000000000000000e+03 2.000000000000000000e+01 1.928644180297851562e+00 4.457670822739601135e-02 0.000000000000000000e+00
2.122000000000000000e+03 2.000000000000000000e+01 1.928462505340576172e+00 4.496420919895172119e-02 0.000000000000000000e+00
2.123000000000000000e+03 2.000000000000000000e+01 1.928300619125366211e+00 4.621142894029617310e-02 0.000000000000000000e+00
2.124000000000000000e+03 2.000000000000000000e+01 1.928186535835266113e+00 4.766382277011871338e-02 0.000000000000000000e+00
2.125000000000000000e+03 2.000000000000000000e+01 1.928130388259887695e+00 4.791623353958129883e-02 0.000000000000000000e+00
2.126000000000000000e+03 2.000000000000000000e+01 1.928040742874145508e+00 4.789684712886810303e-02 0.000000000000000000e+00
2.127000000000000000e+03 2.000000000000000000e+01 1.927864909172058105e+00 4.784101247787475586e-02 0.000000000000000000e+00
2.128000000000000000e+03 2.000000000000000000e+01 1.927729010581970215e+00 4.792073741555213928e-02 0.000000000000000000e+00
2.129000000000000000e+03 2.000000000000000000e+01 1.927737355232238770e+00 4.775037989020347595e-02 0.000000000000000000e+00
2.130000000000000000e+03 2.000000000000000000e+01 8.287111282348632812e+00 4.733999073505401611e-02 1.000000000000000000e+00
2.131000000000000000e+03 2.000000000000000000e+01 8.265804290771484375e+00 4.916251078248023987e-02 1.000000000000000000e+00
2.132000000000000000e+03 2.000000000000000000e+01 8.242121696472167969e+00 4.991886019706726074e-02 1.000000000000000000e+00
2.133000000000000000e+03 2.000000000000000000e+01 8.214587211608886719e+00 3.547795116901397705e-02 1.000000000000000000e+00
2.134000000000000000e+03 2.000000000000000000e+01 8.191469192504882812e+00 2.169043570756912231e-02 1.000000000000000000e+00
2.135000000000000000e+03 2.000000000000000000e+01 8.169252395629882812e+00 2.192937768995761871e-02 1.000000000000000000e+00
2.136000000000000000e+03 2.000000000000000000e+01 8.155203819274902344e+00 3.649879992008209229e-02 1.000000000000000000e+00
2.137000000000000000e+03 2.000000000000000000e+01 8.127529144287109375e+00 2.608043327927589417e-02 1.000000000000000000e+00
2.138000000000000000e+03 2.000000000000000000e+01 8.116636276245117188e+00 2.805158123373985291e-02 1.000000000000000000e+00
2.139000000000000000e+03 2.000000000000000000e+01 8.099982261657714844e+00 3.374313190579414368e-02 1.000000000000000000e+00
2.140000000000000000e+03 2.000000000000000000e+01 1.934018850326538086e+00 5.426250025629997253e-02 0.000000000000000000e+00
2.141000000000000000e+03 2.000000000000000000e+01 1.933990955352783203e+00 5.664492025971412659e-02 0.000000000000000000e+00
2.142000000000000000e+03 2.000000000000000000e+01 1.933680057525634766e+00 6.076331436634063721e-02 0.000000000000000000e+00
2.143000000000000000e+03 2.000000000000000000e+01 1.933359622955322266e+00 6.429374963045120239e-02 0.000000000000000000e+00
2.144000000000000000e+03 2.000000000000000000e+01 1.933186054229736328e+00 6.463789939880371094e-02 0.000000000000000000e+00
2.145000000000000000e+03 2.000000000000000000e+01 1.933180451393127441e+00 6.365573406219482422e-02 0.000000000000000000e+00
2.146000000000000000e+03 2.000000000000000000e+01 1.933201313018798828e+00 6.232313811779022217e-02 0.000000000000000000e+00
2.147000000000000000e+03 2.000000000000000000e+01 1.933087348937988281e+00 6.109330803155899048e-02 0.000000000000000000e+00
2.148000000000000000e+03 2.000000000000000000e+01 1.932971954345703125e+00 6.081736087799072266e-02 0.000000000000000000e+00
2.149000000000000000e+03 2.000000000000000000e+01 1.932922005653381348e+00 6.119043380022048950e-02 0.000000000000000000e+00
2.150000000000000000e+03 2.000000000000000000e+01 7.889001369476318359e+00 6.392167508602142334e-02 1.000000000000000000e+00
2.151000000000000000e+03 2.000000000000000000e+01 7.860106945037841797e+00 5.225873738527297974e-02 1.000000000000000000e+00
2.152000000000000000e+03 2.000000000000000000e+01 7.834054946899414062e+00 3.380966931581497192e-02 1.000000000000000000e+00
2.153000000000000000e+03 2.000000000000000000e+01 7.822433948516845703e+00 3.778189420700073242e-02 1.000000000000000000e+00
2.154000000000000000e+03 2.000000000000000000e+01 7.783324718475341797e+00 2.407180331647396088e-02 1.000000000000000000e+00
2.155000000000000000e+03 2.000000000000000000e+01 7.764043807983398438e+00 3.653905913233757019e-02 1.000000000000000000e+00
2.156000000000000000e+03 2.000000000000000000e+01 7.739200592041015625e+00 3.247876092791557312e-02 1.000000000000000000e+00
2.157000000000000000e+03 2.000000000000000000e+01 7.722777843475341797e+00 2.877113409340381622e-02 1.000000000000000000e+00
2.158000000000000000e+03 2.000000000000000000e+01 7.698049545288085938e+00 2.873257733881473541e-02 1.000000000000000000e+00
2.159000000000000000e+03 2.000000000000000000e+01 7.668547630310058594e+00 3.490431234240531921e-02 1.000000000000000000e+00
2.160000000000000000e+03 2.000000000000000000e+01 1.941345691680908203e+00 4.030714929103851318e-02 0.000000000000000000e+00
2.161000000000000000e+03 2.000000000000000000e+01 1.941156983375549316e+00 4.051426798105239868e-02 0.000000000000000000e+00
2.162000000000000000e+03 2.000000000000000000e+01 1.940865397453308105e+00 4.069218412041664124e-02 0.000000000000000000e+00
2.163000000000000000e+03 2.000000000000000000e+01 1.940524816513061523e+00 4.169351980090141296e-02 0.000000000000000000e+00
2.164000000000000000e+03 2.000000000000000000e+01 1.940259695053100586e+00 4.318775609135627747e-02 0.000000000000000000e+00
2.165000000000000000e+03 2.000000000000000000e+01 1.940012454986572266e+00 4.453729465603828430e-02 0.000000000000000000e+00
2.166000000000000000e+03 2.000000000000000000e+01 1.939863443374633789e+00 4.537893459200859070e-02 0.000000000000000000e+00
2.167000000000000000e+03 2.000000000000000000e+01 1.939840674400329590e+00 4.515672102570533752e-02 0.000000000000000000e+00
2.168000000000000000e+03 2.000000000000000000e+01 1.939788103103637695e+00 4.470474645495414734e-02 0.000000000000000000e+00
2.169000000000000000e+03 2.000000000000000000e+01 1.939737915992736816e+00 4.484667629003524780e-02 0.000000000000000000e+00
2.170000000000000000e+03 2.000000000000000000e+01 7.450151443481445312e+00 4.455003142356872559e-02 1.000000000000000000e+00
2.171000000000000000e+03 2.000000000000000000e+01 7.427789211273193359e+00 4.085591435432434082e-02 1.000000000000000000e+00
2.172000000000000000e+03 2.000000000000000000e+01 7.407057285308837891e+00 4.688569158315658569e-02 1.000000000000000000e+00
2.173000000000000000e+03 2.000000000000000000e+01 7.384459972381591797e+00 4.313335195183753967e-02 1.000000000000000000e+00
2.174000000000000000e+03 2.000000000000000000e+01 3.222905349731445312e+01 3.109954297542572021e-02 1.000000000000000000e+00
2.175000000000000000e+03 2.000000000000000000e+01 1.221278762817382812e+02 2.546376734972000122e-02 1.000000000000000000e+00
2.176000000000000000e+03 2.000000000000000000e+01 6.660709381103515625e+01 2.820006571710109711e-02 1.000000000000000000e+00
2.177000000000000000e+03 2.000000000000000000e+01 7.306471824645996094e+00 2.111677080392837524e-02 1.000000000000000000e+00
2.178000000000000000e+03 2.000000000000000000e+01 7.289113998413085938e+00 1.452512852847576141e-02 1.000000000000000000e+00
2.179000000000000000e+03 2.000000000000000000e+01 7.267614364624023438e+00 1.620497554540634155e-02 1.000000000000000000e+00
2.180000000000000000e+03 2.000000000000000000e+01 1.944692254066467285e+00 2.354546450078487396e-02 0.000000000000000000e+00
2.181000000000000000e+03 2.000000000000000000e+01 1.944547891616821289e+00 2.344240993261337280e-02 0.000000000000000000e+00
2.182000000000000000e+03 2.000000000000000000e+01 1.944320201873779297e+00 2.346637472510337830e-02 0.000000000000000000e+00
2.183000000000000000e+03 2.000000000000000000e+01 1.944069623947143555e+00 2.365711145102977753e-02 0.000000000000000000e+00
2.184000000000000000e+03 2.000000000000000000e+01 1.943892717361450195e+00 2.462597377598285675e-02 0.000000000000000000e+00
2.185000000000000000e+03 2.000000000000000000e+01 1.943829536437988281e+00 2.602280862629413605e-02 0.000000000000000000e+00
2.186000000000000000e+03 2.000000000000000000e+01 1.943773984909057617e+00 2.720102667808532715e-02 0.000000000000000000e+00
2.187000000000000000e+03 2.000000000000000000e+01 1.943761825561523438e+00 2.743061631917953491e-02 0.000000000000000000e+00
2.188000000000000000e+03 2.000000000000000000e+01 1.943801641464233398e+00 2.677840180695056915e-02 0.000000000000000000e+00
2.189000000000000000e+03 2.000000000000000000e+01 1.943774223327636719e+00 2.628058940172195435e-02 0.000000000000000000e+00
2.190000000000000000e+03 2.000000000000000000e+01 7.054605007171630859e+00 2.546626143157482147e-02 1.000000000000000000e+00
2.191000000000000000e+03 2.000000000000000000e+01 7.039794445037841797e+00 3.548752889037132263e-02 1.000000000000000000e+00
2.192000000000000000e+03 2.000000000000000000e+01 7.024598121643066406e+00 4.331365972757339478e-02 1.000000000000000000e+00
2.193000000000000000e+03 2.000000000000000000e+01 7.002854347229003906e+00 3.651856631040573120e-02 1.000000000000000000e+00
2.194000000000000000e+03 2.000000000000000000e+01 6.988431930541992188e+00 3.668321296572685242e-02 1.000000000000000000e+00
2.195000000000000000e+03 2.000000000000000000e+01 6.971698284149169922e+00 3.382724523544311523e-02 1.000000000000000000e+00
2.196000000000000000e+03 2.000000000000000000e+01 6.952017784118652344e+00 3.097908757627010345e-02 1.000000000000000000e+00
2.197000000000000000e+03 2.000000000000000000e+01 6.929185867309570312e+00 2.850908413529396057e-02 1.000000000000000000e+00
2.198000000000000000e+03 2.000000000000000000e+01 6.905049800872802734e+00 2.058563753962516785e-02 1.000000000000000000e+00
2.199000000000000000e+03 2.000000000000000000e+01 6.888839721679687500e+00 1.705851219594478607e-02 1.000000000000000000e+00
2.200000000000000000e+03 2.000000000000000000e+01 1.946041822433471680e+00 2.351798489689826965e-02 0.000000000000000000e+00
